tmdb_id,title,release_date,release_year,language,genres,popularity,vote_average,vote_count,overview,cast,director,keywords
4247,Scary Movie,2000-07-07,2000,en,[35],22.256,6.388,7623,"A familiar-looking group of teenagers find themselves being stalked by a more-than-vaguely recognizable masked killer! As the victims begin to pile up and the laughs pile on, none of your favorite scary movies escape the razor-sharp satire of this outrageously funny parody!",annafaris reginahall marlonwayans shawnwayans jonabrahams,keenenivorywayans,high school psychopath garage satire parody crude humor spoof slasher horror spoof drugs aftercreditsstinger horror parody enthusiastic
98,Gladiator,2000-05-04,2000,en,"[28, 18, 12]",18.2146,8.223,20647,"After the death of Emperor Marcus Aurelius, his devious son takes power and demotes Maximus, one of Rome's most capable generals who Marcus preferred. Eventually, Maximus is forced to become a gladiator and battle to the death against other men for the amusement of paying audiences.",russellcrowe joaquinphoenix connienielsen oliverreed richardharris,ridleyscott,"gladiator rome, italy arena senate roman empire parent child relationship emperor slavery ancient rome revenge battlefield slave auction historical fiction ancient world combat chariot philosopher barbarian horde 2nd century successor commodus maximus serene defiant excited gladiador"
4234,Scream 3,2000-02-04,2000,en,"[27, 9648]",11.547,6.007,3982,"As bodies begin dropping around the Hollywood set of STAB 3, the third film based on the gruesome Woodsboro killings, Sidney and other survivors are once again terrorized by another Ghostface killer.",nevecampbell courteneycox davidarquette patrickdempsey scottfoley,wescraven,mask isolation movie business ex-cop sequel serial killer reporter slasher hollywood self-referential phone call satirical annual phone call
11688,The Emperor's New Groove,2000-12-15,2000,en,"[12, 16, 35, 10751, 14]",11.2891,7.557,7218,"Emperor Kuzco is turned into a llama by his ex-administrator Yzma, and must now regain his throne and his human form with the help of Pacha, a gentle llama herder.",davidspade johngoodman earthakitt patrickwarburton wendiemalick,markdindal,central and south america kingdom birthday peru emperor villain palace berater breaking the fourth wall incan empire assassination attempt 15th century llama
77,Memento,2000-10-11,2000,en,"[9648, 53]",11.6323,8.176,16025,"Leonard Shelby is tracking down the man who raped and murdered his wife. The difficulty of locating his wife's killer, however, is compounded by the fact that he suffers from a rare, untreatable form of short-term memory loss. Although he can recall details of life before his accident, Leonard cannot remember what happened fifteen minutes ago, where he's going, or why.",guypearce carrie-annemoss joepantoliano markboonejunior russfega,christophernolan,"drug dealer amnesia insulin tattoo waitress motel manipulation flashback confusion revenge murder memory loss memory psychological thriller whodunit los angeles, california polaroid based on short story nonlinear timeline mourning insurance agent individuality phone call disturbed paranoid neo-noir somber reverse chronology diabetes bewildered bold complicated suspense mystery"
107,Snatch,2000-09-01,2000,en,"[80, 35]",11.9698,7.817,9832,"Unscrupulous boxing promoters, violent bookies, a Russian gangster, incompetent amateur robbers, and supposedly Jewish jewellers fight to track down a priceless stolen diamond.",jasonstatham alanford stephengraham bradpitt dennisfarina,guyritchie,robbery trailer park england gypsy gambling bare knuckle boxing slang diamond antwerp pig gangster boxer underground fighting diamond heist pikey excited
1359,American Psycho,2000-04-13,2000,en,"[53, 18, 80]",11.8479,7.407,12107,"A wealthy New York investment banking executive hides his alternate psychopathic ego from his co-workers and friends as he escalates deeper into his illogical, gratuitous fantasies.",christianbale justintheroux joshlucas billsage chloësevigny,maryharron,new york city based on novel or book businessman psychopath dark comedy satire wall street serial killer chainsaw big city psychological thriller character study white collar harvard business school voice imitation 1980s american businessman bloody ambiguity psychological horror horror baffled horrified
8871,How the Grinch Stole Christmas,2000-11-17,2000,en,"[10751, 35, 14]",8.2609,6.782,8207,The Grinch decides to rob Whoville of Christmas - but a dash of kindness from little Cindy Lou Who and her family may be enough to melt his heart...,jimcarrey taylormomsen jeffreytambor christinebaranski billirwin,ronhoward,new love based on novel or book holiday christmas party village santa claus surrealism thief public humiliation christmas surreal world
8358,Cast Away,2000-12-22,2000,en,"[12, 18]",8.8856,7.66,12135,"Chuck Noland, a top international manager for FedEx, and Kelly, a Ph.D. student, are in love and heading towards marriage. Then Chuck's plane to Malaysia crashes at sea during a terrible storm. He's the only survivor, and finds himself marooned on a desolate island. With no way to escape, Chuck must find ways to survive in his new home.",tomhanks helenhunt chrisnoth paulsanchez lariwhite,robertzemeckis,exotic island suicide attempt volleyball survival remarriage loneliness castaway airplane crash presumed dead deserted island tropical island south pacific intense bold melodramatic enoch arden
9532,Final Destination,2000-03-17,2000,en,[27],7.8918,6.63,6566,"After a teenager has a terrifying vision of him and his friends dying in a plane crash, he prevents the accident only to have Death hunt them down, one by one.",devonsawa alilarter kerrsmith kristencloke danielroebuck,jameswong,airport time travel omen premonition airplane accident airplane crash corpse death macabre near-death experience desperate cheating death supernatural horror cliché deaths
4327,Charlie's Angels,2000-11-02,2000,en,"[28, 35, 12]",7.4386,5.852,4461,"The captivating crime-fighting trio who are masters of disguise, espionage and martial arts are back! When a devious mastermind embroils them in a plot to destroy individual privacy, the Angels, aided by their loyal sidekick Bosley, set out to bring down the bad guys. But when a terrible secret is revealed, it makes the Angels targets for assassination.",camerondiaz drewbarrymore lucyliu billmurray samrockwell,mcg,martial arts undercover agent spy secret agent satire female friendship millionaire agent heroine burlesque spy hero based on tv series suspenseful reminiscent admiring amused assertive audacious bold excited melodramatic sarcastic
1900,Traffic,2000-12-27,2000,en,"[53, 18, 80]",8.0909,7.082,2364,"An exploration of the United States of America's war on drugs from multiple perspectives. For the new head of the Office of National Drug Control Policy, the war becomes personal when he discovers his well-educated daughter is abusing cocaine within their comfortable suburban home. In Mexico, a flawed, but noble policeman agrees to testify against a powerful general in league with a cartel, and in San Diego, a drug kingpin's sheltered trophy wife must learn her husband's ruthless business after he is arrested, endangering her luxurious lifestyle.",michaeldouglas beniciodeltoro catherinezeta-jones erikachristensen doncheadle,stevensoderbergh,drug dealer daughter mother drug abuse drug smuggling smuggling (contraband) war on drugs drug trafficking addicted police operation father usa–mexico border addiction drug lord marriage dispute
955,Mission: Impossible II,2000-05-24,2000,en,"[12, 28, 53]",8.388,6.141,7465,"With computer genius Luther Stickell at his side and a beautiful thief on his mind, agent Ethan Hunt races across Australia and Spain to stop a former IMF agent from unleashing a genetically engineered biological weapon called Chimera. This mission, should Hunt choose to accept it, plunges him into the center of an international crisis of terrifying magnitude.",tomcruise dougrayscott thandiwenewton vingrhames richardroxburgh,johnwoo,dying and death mask island central intelligence agency (cia) helicopter computer spain undercover skyscraper secret mission spy secret identity ex-lover fake identity secret agent climbing secret government organization infiltration duel lethal virus motorcycle rescue team slow motion agent fictional government agency research laboratory motorcycle chase government agency based on tv series
1443,The Virgin Suicides,2000-04-21,2000,en,"[18, 10749]",7.1585,7.131,3563,"A group of male friends become obsessed with five mysterious sisters who are sheltered by their strict, religious parents.",kirstendunst joshhartnett jameswoods kathleenturner michaelparé,sofiacoppola,suicide based on novel or book michigan suicide attempt 1970s coming of age suburb lust family catholic overprotective parent teen suicide femininity woman director male gaze anxious cautionary sisters disheartening
2024,The Patriot,2000-06-28,2000,en,"[18, 36, 10752, 28]",6.4434,7.183,4244,"After proving himself on the field of battle in the French and Indian War, Benjamin Martin wants nothing more to do with such things, preferring the simple life of a farmer. But when his son Gabriel enlists in the army to defend their new nation, America, against the British, Benjamin reluctantly returns to his old life to protect his son.",melgibson heathledger joelyrichardson jasonisaacs chriscooper,rolandemmerich,daughter mission general southern usa loss of loved one rebel patriotism insurgence gore south carolina based on true story sword fight historical fiction soldier patriot 18th century american revolution revolutionary war
3981,What Women Want,2000-12-15,2000,en,"[35, 10749]",5.7584,6.448,4318,"Advertising executive Nick Marshall is as cocky as they come, but what happens to a chauvinistic guy when he can suddenly hear what women are thinking? Nick gets passed over for a promotion, but after an accident enables him to hear women's thoughts, he puts his newfound talent to work against Darcy, his new boss, who seems to be infatuated with him.",melgibson helenhunt marisatomei alanalda ashleyjohnson,nancymeyers,telepathy romcom womanizer single father super power teenage daughter misogyny advertising executive woman director female psyche romantic amused appreciative
2123,"Me, Myself & Irene",2000-06-22,2000,en,[35],6.8674,6.611,4184,"Rhode Island State Trooper Charlie Baileygates has a multiple personality disorder. One personality is crazy and aggressive, while the other is more friendly and laid back. Both of these personalities fall in love with the same woman named Irene after Charlie loses his medication.",jimcarrey renéezellweger anthonyanderson mongobrownlee jerodmixon,peterfarrelly,schizophrenia road trip ex-cop aftercreditsstinger duringcreditsstinger hilarious ridiculous
134,"O Brother, Where Art Thou?",2000-08-30,2000,en,"[12, 35, 80]",6.177,7.324,4530,"In the deep south during the 1930s, three escaped convicts search for hidden treasure while a relentless lawman pursues them.",georgeclooney johnturturro timblakenelson johngoodman hollyhunter,joelcoen,music record country music based on novel or book prophecy southern usa mississippi river seduction fraud philosophical reflective dramatic amused complicated enchant excited melodramatic prisão profecia
9741,Unbreakable,2000-11-22,2000,en,"[53, 18, 9648]",6.3022,7.143,9827,"An ordinary man makes an extraordinary discovery when a train accident leaves his fellow passengers dead — and him unscathed. The answer to this mystery could lie with the mysterious Elijah Price, a man who suffers from a disease that renders his bones as fragile as glass.",brucewillis samuell.jackson robinwright spencertreatclark charlaynewoodard,m.nightshyamalan,"philadelphia, pennsylvania parent child relationship marriage crisis superhero train accident invulnerability biting super power disability shocking angry hostile father son relationship frightened eastrail 177"
7443,Chicken Run,2000-06-23,2000,en,"[16, 35, 10751]",6.1791,6.838,5362,"The creators of Wallace & Gromit bring you an exciting and original story about a group of chickens determined to fly the coop–even if they can’t fly! It’s hardly poultry in motion when Rocky attempts to teach Ginger and her feathered friends to fly…but, with teamwork, determination and a little bit o’ cluck, the fearless flock plots one last attempt in a spectacular bid for freedom.",juliasawalha melgibson imeldastaunton janehorrocks lynnferguson,nickpark,farm northern england escape raf (royal air force) freedom chicken villain yorkshire stop motion explosion farmer female villain pie machine claymation plasticine whimsical
6282,Coyote Ugly,2000-07-30,2000,en,"[35, 18, 10402, 10749]",5.4863,6.264,2248,"Graced with a velvet voice, 21-year-old Violet Sanford heads to New York to pursue her dream of becoming a songwriter only to find her aspirations sidelined by the accolades and notoriety she receives at her ""day"" job as a barmaid at Coyote Ugly. The ""Coyotes"" as they are affectionately called tantalize customers and the media alike with their outrageous antics, making Coyote Ugly the watering hole for guys on the prowl.",piperperabo mariabello bridgetmoynahan tyrabanks izabellamiko,davidmcnally,beautiful woman
10501,The Road to El Dorado,2000-03-31,2000,en,"[10751, 12, 16, 35, 14]",5.8923,7.256,4005,"Stowing away after a failed con, a pair of swindlers end up on El Dorado, the fabled ""city of gold"", where they quickly get in over their heads when they are mistaken as gods by the inhabitants.",kennethbranagh kevinkline rosieperez armandassante edwardjamesolmos,bibobergeron,gold horse cartoon musical con artist sword fight adventurer 16th century conquistador el dorado age of discovery
9679,Gone in Sixty Seconds,2000-06-09,2000,en,"[28, 80, 53]",5.1546,6.448,4797,"Ex-car thief Randall Raines is forced out of retirement to save his brother Kip after a boost gone wrong. With the help of allies old and new, they race to meet the demands of notorious crime boss Raymond Calitri as the police are in hot pursuit.",nicolascage angelinajolie giovanniribisi robertduvall delroylindo,dominicsena,california sibling relationship car race brother blackmail detective car thief heist remake betrayal organized crime shootout police chase explosion lock pick stakeout illegal drugs stolen cars nostalgic action hero ford mustang blacklight intense vibrant
392,Chocolat,2000-12-22,2000,en,"[35, 18, 10749]",5.8877,7.0,3481,"In the winter of 1959, a single mother and her young daughter arrive in a rural French town, where they open an unusual chocolate shop that disrupts the moral fiber of the strictly Catholic townsfolk and mayor.",juliettebinoche judidench alfredmolina lenaolin johnnydepp,lassehallström,small town france based on novel or book chocolate parent child relationship tradition chocolaterie mayor houseboat praline romcom single morality church landlady catholic priest non conformity 1950s lent sermon gypsy camp joyous adoring amused exuberant mean spirited vibrant
7450,Titan A.E.,2000-06-16,2000,en,"[16, 878, 12, 10751, 28]",4.8764,6.613,1169,"A young man finds out that he holds the key to restoring hope and ensuring survival for the human race, while an alien species called the Drej are bent on mankind's destruction.",mattdamon billpullman drewbarrymore johnleguizamo nathanlane,donbluth,galaxy mission monster dystopia alien space
462,Erin Brockovich,2000-03-17,2000,en,[18],5.8182,7.434,3592,"A twice-divorced mother of three who sees an injustice, takes on the bad guy and wins -- with a little help from her push-up bra. Erin goes to work for an attorney and comes across medical records describing illnesses clustered in one nearby town. She starts investigating and soon exposes a monumental cover-up.",juliaroberts albertfinney aaroneckhart marghelgenberger cherryjones,stevensoderbergh,biography based on true story single mother water pollution environmental law legal drama corporate negligence
10567,Dinosaur,2000-05-19,2000,en,"[16, 10751, 12, 18]",5.2338,6.554,2712,An orphaned dinosaur raised by lemurs joins an arduous trek to a sancturary after a meteorite shower destroys his family home.,d.b.sweeney alfrewoodard ossiedavis maxcasella haydenpanettiere,ericleighton,cataclysm asteroid villain comet migration prehistory prehistoric creature dinosaur birth death nesting grounds cavern lemur wonder mesozoic comforting
9383,Hollow Man,2000-08-04,2000,en,"[28, 878, 53]",6.0067,5.954,2716,"Cocky researcher Sebastian Caine is working on a project to make living creatures invisible. Determined to achieve the ultimate breakthrough, Caine pushes his team to move to the next phase — using himself as the subject. The test is a success, but when the process can't be reversed and Caine seems doomed to future without flesh, he starts to turn increasingly dangerous.",kevinbacon elisabethshue joshbrolin kimdickens greggrunberg,paulverhoeven,experiment killing villain slasher scientist survival horror invisible person voyeurism invisibility
786,Almost Famous,2000-09-15,2000,en,"[18, 10402]",5.0488,7.496,3055,"In 1973, 15-year-old William Miller's unabashed love of music and aspiration to become a rock journalist lands him an assignment from Rolling Stone magazine to interview and tour with the up-and-coming band, Stillwater.",billycrudup francesmcdormand katehudson jasonlee patrickfugit,cameroncrowe,"hotel room concert rock 'n' roll stewardess drug addiction san diego, california overdose groupie music journalist heavy metal based on true story swimming pool coming of age promiscuity on the road domineering mother reconciliation semi autobiographical innocence lost bus trip aspiring writer mischievous cautionary teenager amused celebratory comforting frustrated cleveland, ohio"
9600,Big Momma's House,2000-05-31,2000,en,"[80, 35]",5.0053,5.818,2436,"When a street-smart FBI agent is sent to Georgia to protect a beautiful single mother and her son from an escaped convict, he is forced to impersonate a crass Southern granny known as Big Momma in order to remain incognito.",martinlawrence nialong paulgiamatti jaschawashington terrencehoward,rajagosnell,undercover fbi disguise impersonation
1907,The Beach,2000-02-03,2000,en,"[18, 12, 10749, 53]",6.1254,6.481,4660,"Twenty-something Richard travels to Thailand and finds himself in possession of a strange map. Rumours state that it leads to a solitary beach paradise, a tropical bliss - excited and intrigued, he sets out to find it.",leonardodicaprio virginieledoyen guillaumecanet tildaswinton staffankihlbom,dannyboyle,exotic island beach based on novel or book hippie map commune delusion shark attack thailand backpacker community marijuana shark extramarital affair voiceover
8584,Shanghai Noon,2000-05-26,2000,en,"[12, 28, 35, 37]",5.0605,6.414,2733,"Chon Wang, a clumsy imperial guard, trails Princess Pei Pei when she's kidnapped from the Forbidden City and transported to America. Wang follows her captors to Nevada, where he teams up with an unlikely partner, outcast outlaw Roy O'Bannon, and tries to spring the princess from her imprisonment.",jackiechan owenwilson lucyliu xanderberkeley rogeryuan,tomdey,princess rescue martial arts native american sioux travel chinese cowboy duringcreditsstinger 19th century action hero good versus evil
2133,The Perfect Storm,2000-06-29,2000,en,"[18, 12, 28]",4.7042,6.477,2519,"In October 1991, a confluence of weather conditions combined to form a killer storm in the North Atlantic. Caught in the storm was the sword-fishing boat Andrea Gail.",georgeclooney markwahlberg dianelane johnc.reilly williamfichtner,wolfgangpetersen,based on novel or book natural disaster u.s. air force biography based on true story marine disaster shark tragic event thunderstorm new england jamaican meteorologist rescue boat city hall the flemish cap male camaraderie storm at sea 1990s man vs nature
2085,Romeo Must Die,2000-03-22,2000,en,"[28, 80, 53]",4.681,6.266,1315,"Two warring gang families (one African-American, the other Chinese) maneuver for bragging rights to the Oakland, California, docks. Hang Sing and Trish O'Day uncover a trail of deceit that leaves most of the warring factions dead … or worse!",jetli aaliyah isaiahwashington russellwong delroylindo,andrzejbartkowiak,"martial arts hip-hop oakland, california east asian lead"
10559,Frequency,2000-04-28,2000,en,"[878, 53, 10751, 80]",4.803,7.3,1970,"When a rare phenomenon gives police officer John Sullivan the chance to speak to his father, 30 years in the past, he takes the opportunity to prevent his dad's tragic death.  After his actions inadvertently give rise to a series of brutal murders he and his father must find a way to fix the consequences of altering time.",dennisquaid jimcaviezel shawndoyle elizabethmitchell andrebraugher,gregoryhoblit,rescue future new york city race against time mother escape detective baseball investigation time travel radio father time family relationships paranormal flashback murder explosion criminal investigation nostalgic firefighter phenomenon amateur radio aurora borealis altering history
1493,Miss Congeniality,2000-12-22,2000,en,"[35, 80, 28]",4.7797,6.527,4188,"When the local FBI office receives a letter from a terrorist known only as 'The Citizen', it's quickly determined that he's planning his next act at the Miss America beauty pageant. Because tough-as-nails Gracie Hart is the only female Agent at the office, she's chosen to go undercover as the contestant from New Jersey.",sandrabullock benjaminbratt heatherburns michaelcaine erniehudson,donaldpetrie,"undercover agent investigation beauty contest talent show fish out of water terrorism surveillance san antonio, texas beauty standards beauty queen"
2655,What Lies Beneath,2000-07-21,2000,en,"[18, 27, 9648, 53]",5.1984,6.427,1993,Norman and Claire Spencer are a seemingly happily married couple who uncover a terrible secret… a secret so disturbing it threatens to destroy them.,michellepfeiffer harrisonford dianascarwid jamesremar mirandaotto,robertzemeckis,lake therapist haunted house haunting suspicion ouija board car accident new neighbor vermont missing child ghost séance mysterious shocking angry secret absurd admiring ambiguous appreciative approving audacious baffled sympathetic vibrant
11978,Men of Honor,2000-09-13,2000,en,[18],4.6047,7.484,2466,"Against formidable odds -- and an old-school diving instructor embittered by the U.S. Navy's new, less prejudicial policies -- Carl Brashear sets his sights on becoming the Navy's first African-American master diver in this uplifting true story. Their relationship starts out on the rocks, but fate ultimately conspires to bring the men together into a setting of mutual respect, triumph and honor.",robertdeniro cubagoodingjr. charlizetheron aunjanueellis-taylor halholbrook,georgetillmanjr.,diving u.s. navy
641,Requiem for a Dream,2000-10-06,2000,en,"[80, 18]",4.75,8.012,10822,The drug-induced utopias of four Coney Island residents are shattered when their addictions run deep.,ellenburstyn jaredleto jenniferconnelly marlonwayans christophermcdonald,darrenaronofsky,drug dealer corruption drug abuse unsociability degradation insanity heroin drug addiction junkie hallucination speed diet orderly surrealism illusion fondling drug use grief tragedy drug pusher marijuana chain gang postmodern drug trade psychiatrist drugged illegal prostitution gay parent subculture bitterness hatred industrial music force feeding decadence marijuana joint boyfriend girlfriend relationship heroin addict prescription drug abuse eating disorder heroin addiction voyeurism brunette sign languages shock narcotics hospitalization incarceration gay theme lesbian cautionary tale methamphetamine drug addict moral corruption psychological drama split screen dramatic anal play
1636,Bedazzled,2000-10-19,2000,en,"[14, 35, 10749]",4.2958,6.1,2070,"Elliot Richards, a socially awkward IT worker, is given seven wishes to get the girl of his dreams when he meets a very seductive Satan. The catch: his soul. Some of his wishes include being a 7 foot basketball star, a wealthy, powerful man, and a sensitive caring guy. But, as could be expected, the Devil puts her own little twist on each of his fantasies.",brendanfraser elizabethhurley franceso'connor miriamshor orlandojones,haroldramis,love of one's life wish sale of soul pact with the devil remake devil demon wishes come true devil woman faustian pact searching for love deal with the devil
671,Harry Potter and the Philosopher's Stone,2001-11-16,2001,en,"[12, 14]",35.6514,7.898,29306,"Harry Potter has lived under the stairs at his aunt and uncle's house his whole life. But on his 11th birthday, he learns he's a powerful wizard—with a place waiting for him at the Hogwarts School of Witchcraft and Wizardry. As he learns to harness his newfound powers with the help of the school's kindly headmaster, Harry uncovers the truth about his parents' deaths—and about the villain who's to blame.",danielradcliffe rupertgrint emmawatson richardharris tomfelton,chriscolumbus,"witch school friend friendship london, england based on novel or book magic boarding school male friendship child hero school of witchcraft chosen one bullying school ghost fantasy world wizard pre-teen children's adventure based on young adult novel found family owl male female friendship teen fantasy"
120,The Lord of the Rings: The Fellowship of the Ring,2001-12-18,2001,en,"[12, 14, 28]",32.2603,8.429,27213,"Young hobbit Frodo Baggins, after inheriting a mysterious ring from his uncle Bilbo, must leave his home in order to keep it from falling into the hands of its evil creator. Along the way, a fellowship is formed to protect the ringbearer and make sure that the ring arrives at its final destination: Mt. Doom, the only place where it can be destroyed.",elijahwood ianmckellen viggomortensen seanastin ianholm,peterjackson,based on novel or book elves dwarf magic obsession bravery fireworks mine maze mountain castle birthday party troll battle demon blizzard uncle nephew relationship fantasy world journey ring invisibility mysterious live action and animation hero's journey wraith sword and sorcery trekking good versus evil inspirational complicated optimistic
10950,I Am Sam,2001-12-28,2001,en,[18],25.3746,7.563,2462,"Sam, a neurodivergent man, has a daughter with a homeless woman who abandons them when they leave the hospital, leaving Sam to raise Lucy on his own. But as Lucy grows up, Sam's limitations as a parent start to become a problem and the authorities take her away. Sam convinces high-priced lawyer Rita to take his case pro bono and in turn teaches her the value of love and family.",seanpenn michellepfeiffer diannewiest dakotafanning richardschiff,jessienelson,mentally disabled foster parents lawyer pro bono social services coffee shop manager pizza hut children's book locked door child custody woman director father daughter relationship neurodiversity
14778,Last Orders,2001-09-10,2001,en,"[35, 18]",18.9103,6.0,79,"Jack Dodd was a London butcher who enjoyed a pint with his mates for over 50 years. When he died, he died as he lived, with a smile on his face watching a horse race on which he had bet, with borrowed money. But before he died he had a final request, 'Last Orders', that his ashes be scattered in the sea at Margate. The movie follows his mates, Ray, Lenny and Vic and his foster son Vince as they journey to the sea with the ashes. Along the way, the threads of their lives, their loves and their disappointments are woven together in their memories of Jack and his wife Amy",michaelcaine tomcourtenay davidhemmings bobhoskins helenmirren,fredschepisi,friendship based on novel or book war veteran parent child relationship loss of loved one male friendship flashback friends grief last will and testament memory death ashes missed opportunity
808,Shrek,2001-05-18,2001,en,"[16, 35, 14, 12, 10751]",21.8021,7.757,18523,"It ain't easy bein' green -- especially if you're a likable (albeit smelly) ogre named Shrek. On a mission to retrieve a gorgeous princess from the clutches of a fire-breathing dragon, Shrek teams up with an unlikely compatriot -- a wisecracking donkey.",mikemyers eddiemurphy camerondiaz johnlithgow vincentcassel,andrewadamson,princess based on novel or book magic fairy tale donkey liberation lordship prince castle villain robin hood enchantment swamp parody anthropomorphism dragon woman director ogre cartoon donkey
585,"Monsters, Inc.",2001-11-01,2001,en,"[16, 35, 10751]",18.5017,7.847,19582,"Lovable Sulley and his wisecracking sidekick Mike Wazowski are the top scare team at Monsters, Inc., the scream-processing factory in Monstropolis. When a little girl named Boo wanders into their world, it's the monsters who are scared silly, and it's up to Sulley and Mike to keep her out of sight and get her back home.",johngoodman billycrystal marygibbs stevebuscemi jamescoburn,petedocter,monster panic cheating kidnapping door infant villain portal rivalry energy supply friends hijinks best friend chameleon family parallel world conveyor belt duringcreditsstinger villain arrested invisibility energy company conspirators playful hilarious cheerful
10878,Saving Silverman,2001-02-09,2001,en,"[35, 80, 10749]",9.9821,5.7,585,"A pair of buddies conspire to save their best friend from marrying the wrong woman, a cold-hearted beauty who snatches him from them and breaks up their Neil Diamond cover band.",stevezahn jackblack jasonbiggs amandapeet amandadetmer,dennisdugan,kidnapping harassment fiancé marriage dark comedy male friendship dating group of friends tied to chair duringcreditsstinger domineering single man relationship sabotage
4248,Scary Movie 2,2001-07-04,2001,en,[35],12.3615,5.815,5057,"While the original parodied slasher flicks like Scream, Keenen Ivory Wayans's sequel to Scary Movie takes comedic aim at haunted house movies. A group of students visit a mansion called ""Hell House,"" and murderous high jinks ensue.",annafaris reginahall marlonwayans shawnwayans christophermasterson,keenenivorywayans,supernatural exorcism haunted house parody sequel spoof horror spoof secret door college student school project haunted mansion horror parody supernatural horror supernatural comedy
1734,The Mummy Returns,2001-05-04,2001,en,"[12, 28, 14]",10.4925,6.395,7564,"Rick and Evelyn O’Connell, along with their 8-year-old son Alex, discover the key to the legendary Scorpion King’s might: the fabled Bracelet of Anubis. Unfortunately, a newly resurrected Imhotep has designs on the bracelet as well, and isn’t above kidnapping its new bearer, Alex, to gain control of Anubis’s otherworldly army.",brendanfraser rachelweisz johnhannah odedfehr arnoldvosloo,stephensommers,egypt pyramid son mummy nile sequel tomb ancient egypt 1930s egyptian tomb good versus evil witty
141,Donnie Darko,2001-01-19,2001,en,"[14, 18, 9648]",10.6481,7.764,13270,"After narrowly escaping a bizarre accident, a troubled teenager is plagued by visions of a large bunny rabbit that manipulates him to commit a series of crimes.",jakegyllenhaal jenamalone jamesduval drewbarrymore bethgrant,richardkelly,high school airplane parent child relationship presidential election therapist school performance halloween time travel vandalism melancholy surrealism loss imaginary friend suburbia arson vision school psychological thriller mental illness virginia sleepwalking 1980s parallel universe
161,Ocean's Eleven,2001-12-07,2001,en,"[53, 80]",10.5773,7.455,12400,"Less than 24 hours into his parole, charismatic thief Danny Ocean is already rolling out his next plan: In one night, Danny's hand-picked crew of specialists will attempt to steal more than $150 million from three Las Vegas casinos. But to score the cash, Danny risks his chances of reconciling with ex-wife, Tess.",georgeclooney bradpitt andygarcia mattdamon juliaroberts,stevensoderbergh,casino pickpocket heist con artist remake caper las vegas inside man security guard ex-wife ex-con card dealer explosives expert security system casino owner professional thief fight night master plan computer hacker distractions museum curator casino vault contortionist
1018,Mulholland Drive,2001-06-06,2001,en,"[53, 18, 9648]",9.6712,7.801,6930,"Blonde Betty Elms has only just arrived in Hollywood to become a movie star when she meets an enigmatic brunette with amnesia. Meanwhile, as the two set off to solve the second woman's identity, filmmaker Adam Kesher runs into ominous trouble while casting his latest project.",naomiwatts lauraharring justintheroux annmiller markpellegrino,davidlynch,"amnesia loss of sense of reality schizophrenia nightmare hitman suppressed past identity key detective job interview bisexuality trauma hallucination surreal surrealism casting hollywood los angeles, california car accident audition doppelgänger neo-noir audacious awestruck"
676,Pearl Harbor,2001-05-21,2001,en,"[10752, 10749, 36, 28]",8.5136,6.937,6922,"The lifelong friendship between Rafe McCawley and Danny Walker is put to the ultimate test when the two ace fighter pilots become entangled in a love triangle with beautiful Naval nurse Evelyn Johnson. But the rivalry between the friends-turned-foes is immediately put on hold when they find themselves at the center of Japan's devastating attack on Pearl Harbor on Dec. 7, 1941.",benaffleck katebeckinsale joshhartnett cubagoodingjr. jonvoight,michaelbay,army airplane nurse patriotism hawaii world war ii pilot pearl harbor u.s. air force dyslexia pacific war love pin-up melodramatic
11065,O,2001-08-31,2001,en,"[18, 10749, 53]",8.8226,5.9,301,"Even though he's the only black student at the elite Palmetto Grove Academy, star basketball player Odin James has the adoration of all, including the team's coach and the Dean's beautiful daughter Desi. Odin's troubled friend Hugo, the coach's son, deeply resentful of his father's preference of Odin on and off the court, plots a diabolical scheme to sow the seed of mistrust between O and Desi, setting in motion a disturbing chain of events which erupts into a firestorm of breathtaking intensity.",mekhiphifer martinsheen joshhartnett andrewkeegan juliastiles,timblakenelson,high school jealousy manipulation girlfriend basketball high school sports friends drugs xenophobia basketball player preparatory school basketball coach father son relationship
1933,The Others,2001-08-02,2001,en,"[27, 9648, 53]",7.6779,7.617,7066,"Grace is a religious woman who lives in an old house kept dark because her two children, Anne and Nicholas, have a rare sensitivity to light. When the family begins to suspect the house is haunted, Grace fights to protect her children at any cost in the face of strange events and disturbing visions.",nicolekidman fionnulaflanagan christophereccleston alakinamann jamesbentley,alejandroamenábar,nightmare suicide attempt christianity shotgun servant cemetery world war ii nanny haunted house bible channel islands mansion soldier gardener photosensitivity 1940s spiritism dreary jersey island baffled supernatural thriller
8835,Legally Blonde,2001-07-13,2001,en,[35],9.8665,6.806,4469,"Fashionable sorority queen Elle Woods has it all, but, she wants nothing more than to be Mrs. Warner Huntington III. But he dumps her before heading to Harvard Law School. Elle rallies all of her resources and gets into Harvard, determined to win him back. While there, she figures out that there is more to herself than just good looks.",reesewitherspoon lukewilson selmablair matthewdavis victorgarber,robertluketic,father murder blonde superficiality beauty salon law school murder cynical girl power toy dog chihuahua dog blonde stereotype proving oneself murder confession
453,A Beautiful Mind,2001-12-14,2001,en,"[18, 10749]",8.9626,7.853,10944,"From the heights of notoriety to the depths of depravity, John Forbes Nash Jr. experiences it all. As a brilliant but socially awkward mathematician, he made a groundbreaking discovery early in his career and stands on the brink of international acclaim. But as the handsome and arrogant Nash accepts secret work in cryptography, he becomes entangled in a mysterious conspiracy. His life takes a nightmarish turn and he soon finds himself on a painful and harrowing journey of self-discovery.",russellcrowe jenniferconnelly edharris paulbettany christopherplummer,ronhoward,schizophrenia based on novel or book love of one's life self-discovery professor paranoia mathematics massachusetts mathematician economic theory princeton university nobel prize mathematical theorem delusion genius harvard university based on true story code breaking questioning paranoid cryptography math genius anxious dramatic intense tragic based on real person esquizofrenia biographical drama math professor matemática criptografia
644,A.I. Artificial Intelligence,2001-06-29,2001,en,"[18, 878, 12]",8.1499,7.054,6575,"David, a robotic boy—the first of his kind programmed to love—is adopted as a test case by a Cybertronics employee and his wife. Though he gradually becomes their child, a series of unexpected circumstances make this life impossible for David.",haleyjoelosment judelaw franceso'connor samrobards jakethomas,stevenspielberg,android prostitute artificial intelligence (a.i.) prophecy loss of loved one extraterrestrial technology fairy tale dystopia adoption ice age prosecution gigolo hologram alien robot destiny capture doppelgänger humanoid robot human android relationship robot boy advanced technology
5175,Rush Hour 2,2001-08-03,2001,en,"[28, 35, 80]",8.1602,6.754,4516,"It's vacation time for Carter as he finds himself alongside Lee in Hong Kong wishing for more excitement. While Carter wants to party and meet the ladies, Lee is out to track down a Triad gang lord who may be responsible for killing two men at the American Embassy. Things get complicated as the pair stumble onto a counterfeiting plot. The boys are soon up to their necks in fist fights and life-threatening situations. A trip back to the U.S. may provide the answers about the bombing, the counterfeiting, and the true allegiance of sexy customs agent Isabella.",jackiechan christucker johnlone roselynsánchez zhangziyi,brettratner,"martial arts los angeles, california criminal investigation interracial friendship buddy cop duringcreditsstinger action hero good versus evil"
855,Black Hawk Down,2001-12-28,2001,en,"[28, 10752, 36]",8.1154,7.392,6259,"When U.S. Rangers and an elite Delta Force team attempt to kidnap two underlings of a Somali warlord, their Black Hawk helicopters are shot down, and the Americans suffer heavy casualties, facing intense fighting from the militia on the ground.",joshhartnett ericbana ewanmcgregor tomsizemore williamfichtner,ridleyscott,based on novel or book ambush chaos militia prisoner of war wound somalia warlord famine arms dealer based on true story delta force gunfight combat us military 1990s helicopter crash mogadishu rescue operation peacekeeper soldiers street shootout
2034,Training Day,2001-10-05,2001,en,"[28, 80, 18]",7.5292,7.514,6485,"On his first day on the job as a narcotics officer, a rookie cop works with a rogue detective who isn't what he appears.",denzelwashington ethanhawke scottglenn tomberenger harrisyulin,antoinefuqua,"drug dealer california police brutality poker bratva (russian mafia) war on drugs drug trafficking police corruption los angeles, california gang member rookie cop narcotics cop mexican american cholo neo-noir admiring audacious"
9880,The Princess Diaries,2001-08-03,2001,en,"[35, 10751, 10749]",7.4982,7.0,5226,"A socially awkward but very bright 15-year-old girl being raised by a single mom discovers that she is the princess of a small European country because of the recent death of her long-absent father, who, unknown to her, was the crown prince of Genovia. She must make a choice between continuing the life of a San Francisco teen or stepping up to the throne.",annehathaway julieandrews heathermatarazzo carolinegoodall héctorelizondo,garrymarshall,princess high school based on novel or book grandparent grandchild relationship heir to the throne royalty social outcast fictitious country based on young adult novel bold joyful
9476,A Knight's Tale,2001-05-11,2001,en,"[12, 18, 10749, 28]",7.1253,6.87,3333,"William Thatcher, a knight's peasant apprentice, gets a chance at glory when the knight dies suddenly mid-tournament. Posing as a knight himself, William won't stop until he's crowned tournament champion—assuming matters of the heart don't get in the way.",heathledger rufussewell shannynsossamon paulbettany laurafraser,brianhelgeland,"london, england poetry rivalry sword fight knight tournament duel torture writer impostor church game jousting medieval aftercreditsstinger"
869,Planet of the Apes,2001-07-26,2001,en,"[53, 878, 28, 12]",7.0795,5.766,4364,"After a spectacular crash-landing on an uncharted planet, brash astronaut Leo Davidson finds himself trapped in a savage world where talking apes dominate the human race. Desperate to find a way home, Leo must evade the invincible gorilla army led by Ruthless General Thade.",markwahlberg timroth helenabonhamcarter michaelclarkeduncan paulgiamatti,timburton,space marine gorilla revolution dystopia space suit chimp slavery time travel space travel alien planet ape human subjugation
8922,Jeepers Creepers,2001-07-01,2001,en,[27],7.3123,6.473,3234,"On a desolate country highway, two homeward-bound teens are nearly run off the road by a maniac in a beat-up truck, and later spot him shoving what appears to be a body down a sewer pipe.",ginaphilips justinlong jonathanbreck patriciabelcher eileenbrennan,victorsalva,monster brother mass murder sister aftercreditsstinger cross country trip rural horrified
55547,Route 666,2001-10-30,2001,en,"[27, 28, 53]",6.3833,5.0,80,"Smith, a mob informer hiding out with the Witness Protection Program, decides to make a break for it and hide out in the Arizona desert. The Feds catch up with him and rescue him just before a group of hitmen can manage to silence him for good. In the course of getting Smith away from the mafia thugs, the pair of agents assigned to protect him turn onto an abandoned stretch of highway nicknamed 'Route 666' after the mysterious death of a prison chain gang. As the three continue on their way, they soon discover just what happened to the chain gang, and how the highway earned its name.",loudiamondphillips loripetty stevenwilliams l.q.jones dalemidkiff,williamwesley,witness protection chain gang desert ghost
59940,Zebra Lounge,2001-10-04,2001,en,[53],6.8469,4.3,44,"Alan and Wendy Barnet have been married just long enough for the excitement to have gone out of their relationship, and they're looking for a way to put some spice back in their lives. After placing a personal ad looking for another couple interested in swapping mates, the Barnets are led to the Zebra Lounge, where they meet Jack and Louise Bauer, a pair of seasoned erotic adventurers. While the Barnets find the swinging scene exciting at first, they soon decide it may be doing more harm than good to their marriage. But easing the Bauers out of their lives proves to be neither simple nor safe.",kristyswanson stephenbaldwin brandyledford camerondaddo daraperlmutter,kariskogland,swinger club obsession marriage suburbia romance anger swinger voyeurism woman director erotic movie
11469,Black Knight,2001-11-21,2001,en,"[35, 14, 12]",6.0153,5.354,1176,"Martin Lawrence plays Jamal, an employee in Medieval World amusement park. After nearly drowning in the moat, he awakens to find himself in 14th century England.",martinlawrence marshathomason tomwilkinson jeannetteweegar vincentregan,giljunger,medallion castle time travel knight impostor king middle ages (476-1453) medieval isekai 14th century
4133,Blow,2001-04-04,2001,en,"[80, 18]",6.401,7.351,4549,"A boy named George Jung grows up in a struggling family in the 1950's. His mother nags at her husband as he is trying to make a living for the family. It is finally revealed that George's father cannot make a living and the family goes bankrupt. George does not want the same thing to happen to him, and his friend Tuna, in the 1960's, suggests that he deal marijuana. He is a big hit in California in the 1960's, yet he goes to jail, where he finds out about the wonders of cocaine. As a result, when released, he gets rich by bringing cocaine to America. However, he soon pays the price.",johnnydepp penélopecruz frankapotente rachelgriffiths rayliotta,teddemme,drug smuggling war on drugs drug trafficking 1970s drug addiction rise and fall cautionary factual dramatic suspenseful intense
9778,Serendipity,2001-10-05,2001,en,"[35, 10749]",5.3592,6.954,2109,"Although strangers Sara and Jonathan are both already in relationships, they realize they have genuine chemistry after a chance encounter – but part company soon after. Years later, they each yearn to reunite, despite being destined for the altar. But to give true love a chance, they have to find one another again.",johncusack katebeckinsale jeremypiven bridgetmoynahan johncorbett,peterchelsom,new york city new love soulmates chance love at first sight department store dollar fate destiny shopping canceled wedding meet cute chance meeting true love wedding day christmas finding love wedding rehearsal imminent wedding cold feet serendipity black gloves happy ending christmas romance missed connection air travel second chance romance
2770,American Pie 2,2001-08-10,2001,en,"[35, 10749]",5.7712,6.251,5235,"After a year apart - attending different schools, meeting different people - the guys rent a beach house and vow to make this the best summer ever. As it turns out, whether that will happen or not has a lot to do with the girls. Between the wild parties, outrageous revelations and yes, a trip to band camp, they discover that times change and people change, but in the end, it's all about sticking together.",jasonbiggs thomasiannicholas chrisklein seannwilliamscott eddiekayethomas,j.b.rogers,summer beach house group of friends tantra superglue sex comedy
9378,Thir13en Ghosts,2001-10-26,2001,en,"[27, 53]",5.328,6.283,2329,"Arthur and his two children inherit his uncle's estate: a glass house that serves as a prison to twelve ghosts. When the family, accompanied by a nanny and an attorney, enter the house they find themselves trapped inside an evil machine 'designed by the Devil and powered by the dead' to open the Eye of Hell. Aided by a ghost hunter and his rival, a ghost rights activist out to set the ghosts free, the group must do what they can to get out of the house alive.",tonyshalhoub embethdavidtz matthewlillard shannonelizabeth alecroberts,stevebeck,sacrifice self sacrifice single parent chase supernatural haunted house family relationships remake money revenge betrayal inheritance last will and testament devil survival horror evil ghost curious frightened ghoulish
824,Moulin Rouge!,2001-05-18,2001,en,"[18, 10749, 10402]",5.1998,7.533,4799,"A celebration of love and creative inspiration takes place in the infamous, gaudy and glamorous Parisian nightclub, at the cusp of the 20th century. A young poet, who is plunged into the heady world of Moulin Rouge, begins a passionate affair with the club's most notorious and beautiful star.",ewanmcgregor nicolekidman johnleguizamo jimbroadbent richardroxburgh,bazluhrmann,"paris, france nightclub fairy courtesan duke musical poet terminal illness love writer prostitution death illness rouge tuberculosis bohemian dance hall 19th century 1900s belle epoque jukebox musical romantic amused moulin rouge século xx"
9398,Zoolander,2001-09-28,2001,en,[35],5.304,6.217,4841,"Clear the runway for Derek Zoolander, VH1's three-time male model of the year. His face falls when hippie-chic Hansel scooters in to steal this year's award. The evil fashion guru Mugatu seizes the opportunity to turn Derek into a killing machine. It's a well-designed conspiracy and only with the help of Hansel and a few well-chosen accessories like Matilda can Derek make the world safe for male models everywhere.",benstiller owenwilson christinetaylor willferrell millajovovich,benstiller,male model time magazine fashion show fictional awards show coal mine modeling abraham lincoln apathetic
1903,Vanilla Sky,2001-12-14,2001,en,"[9648, 10749, 878]",5.1778,6.822,4586,"David Aames has it all: wealth, good looks and gorgeous women on his arm. But just as he begins falling for the warmhearted Sofia, his face is horribly disfigured in a car accident. That's just the beginning of his troubles as the lines between illusion and reality, between life and death, are blurred.",tomcruise penélopecruz camerondiaz kurtrussell jasonlee,cameroncrowe,regret jealousy amnesia dreams love of one's life nightmare love triangle virtual reality ex-girlfriend surreal plastic surgery illusion face operation life extension time puzzle flashback confusion love remake wealth memory loss tragic love doctor car accident fear relationship heartbreak freak accident disfigured face surgery lost love individuality disfigurement wealthy man melodramatic
11397,Not Another Teen Movie,2001-12-07,2001,en,[35],5.4718,5.807,2254,"On a bet, a gridiron hero at John Hughes High School sets out to turn a bespectacled plain Jane into a beautiful and popular prom queen in this outrageous send-up of the teen movies of the 1980s and '90s.",chylerleigh chrisevans jaimepressly ericchristianolsen miakirshner,joelgallen,underdog high school cheerleader kiss satire parody school party jock crude humor teen movie spoof prom crush teenage crush sex toy prom queen aftercreditsstinger duringcreditsstinger high school american football teenager
853,Enemy at the Gates,2001-02-28,2001,en,"[10752, 36]",4.9806,7.415,3973,A Russian and a German sniper play a game of cat-and-mouse during the Battle of Stalingrad in WWII.,judelaw josephfiennes rachelweisz edharris bobhoskins,jean-jacquesannaud,sniper hero winter world war ii stalingrad based on true story nazi officer battle bombing death 1940s soldiers war earnest
10865,Atlantis: The Lost Empire,2001-06-02,2001,en,"[16, 10751, 12, 878]",5.7522,7.037,5085,A young linguist named Milo Thatch joins an intrepid group of explorers to find the mysterious lost continent of Atlantis.,michaelj.fox creesummer jamesgarner claudiachristian coreyburton,garytrousdale,sea submarine mediterranean atlantis expedition museum cartoon villain steampunk underwater sea monster adventurer ancient civilization journey 1910s in memoriam
2043,Along Came a Spider,2001-04-06,2001,en,"[80, 9648, 53, 28]",4.8604,6.344,2024,"After the harrowing death of his partner, forensic psychologist and best-selling author Alex Cross cannot forgive himself and has retreated to the peace of retirement. But when a brilliant criminal kidnaps a senator's young daughter, he is lured back into action as the kidnapper wants to deal with Alex personally. Teamed with Jezzie Flanigan, the Secret Service agent assigned to protect the missing girl, Alex follows a serpentine trail of clues that leads him to a stunning discovery - the kidnapper wants more than just ransom.",morganfreeman monicapotter michaelwincott dylanbaker mikaboorem,leetamahori,based on novel or book detective fbi teacher psychologist psychological thriller whodunit cat and mouse secret service child kidnapping u.s. senator ransom demand u.s. secret service agent retired detective young abducted girl psychological detective psychological profiling
11845,Intimacy,2001-01-20,2001,en,"[10749, 18, 14]",5.2099,6.2,547,"Failed musician Jay abandoned his family and now earns a living as head bartender in a trendy London pub. Every Wednesday afternoon, a woman comes to his house for graphic, almost wordless, sex. One day, Jay follows her and learns about her. This eventually disrupts their relationship.",markrylance kerryfox susannahharker alastairgalbraith philippecalvario,patricechéreau,hotel room bartender new french extremism sex
7451,xXx,2002-08-09,2002,en,"[28, 12, 53, 80, 18]",66.8529,5.982,4832,"Xander Cage is your standard adrenaline junkie with no fear and a lousy attitude. When the US Government ""recruits"" him to go on a mission, he's not exactly thrilled. His mission: to gather information on an organization that may just be planning the destruction of the world, led by the nihilistic Yorgi.",vindiesel asiaargento martoncsokas samuell.jackson michaelroof,robcohen,"mission biological weapon sports car cold war prague, czech republic nsa agent adrenaline junkie thrill seeker"
20616,Swimfan,2002-09-06,2002,en,"[53, 9648, 10749, 18]",46.64,5.2,287,"Ben Cronin has it all: the admiration of his many friends, a terrific girlfriend, and he's on the fast-track to an athletic scholarship. Ben's rock-solid, promising future and romance are turned upside-down with the arrival of Madison Bell. Madison, the new girl in town, quickly sets her sights on the impressionable Ben. While their first few meetings are innocent enough, the obsessive and seductive Madison wants more ... much more.",jessebradford erikachristensen shiriappleby kateburton jasonritter,johnpolson,infidelity high school coma competition obsession bathing femme fatale hospital swimmer swimming troubled teen obsessive love swimming team
672,Harry Potter and the Chamber of Secrets,2002-11-13,2002,en,"[12, 14]",33.4793,7.703,23369,"Cars fly, trees fight back, and a mysterious house-elf comes to warn Harry Potter at the start of his second year at Hogwarts. Adventure and danger await when bloody writing on a wall announces: The Chamber Of Secrets Has Been Opened. To save Hogwarts will require all of Harry, Ron and Hermione's magical abilities and courage.",danielradcliffe rupertgrint emmawatson kennethbranagh tobyjones,chriscolumbus,witch flying car elves magic sword diary child hero school of witchcraft giant spider black magic giant snake ghost child driving car wizard aftercreditsstinger christmas based on young adult novel excited hopeful teen fantasy
557,Spider-Man,2002-05-01,2002,en,"[28, 878]",26.4745,7.322,20441,"After being bitten by a genetically altered spider at Oscorp, nerdy but endearing high school student Peter Parker is endowed with amazing powers to become the superhero known as Spider-Man.",tobeymaguire willemdafoe kirstendunst jamesfranco cliffrobertson,samraimi,new york city adolescence photographer loss of loved one photography secret identity hostility superhero spider bad boss villain based on comic teenage boy teenage love evil super villain taking responsibility
121,The Lord of the Rings: The Two Towers,2002-12-18,2002,en,"[12, 14, 28]",20.1078,8.413,23609,"Frodo Baggins and the other members of the Fellowship continue on their sacred quest to destroy the One Ring--but on separate paths. Their destinies lie at two towers--Orthanc Tower in Isengard, where the corrupt wizard Saruman awaits, and Sauron's fortress at Barad-dur, deep within the dark lands of Mordor. Frodo and Sam are trekking to Mordor to destroy the One Ring of Power while Gimli, Legolas and Aragorn search for the orc-captured Merry and Pippin. All along, nefarious wizard Saruman awaits the Fellowship members at the Orthanc Tower in Isengard.",elijahwood ianmckellen viggomortensen seanastin andyserkis,peterjackson,mission army based on novel or book elves dwarf magic obsession bravery castle reincarnation sequel battle brutality guide split personality marsh fantasy world wizard journey ring live action and animation hero's journey high fantasy wraith sword and sorcery trekking evil spell good versus evil trees comforting complicated hopeful winged creatures
425,Ice Age,2002-03-14,2002,en,"[16, 35, 10751, 12]",13.3197,7.369,14146,"Manny the mammoth, Sid the loquacious sloth, and Diego the sabre-toothed tiger go on a comical quest to return a human baby back to his father, across a world on the brink of an ice age.",rayromano johnleguizamo denisleary goranvišnjić jackblack,chriswedge,dying and death human evolution parent child relationship squirrel loss of loved one mammoth sloth villain stone age prehistory prehistoric creature saber-toothed tiger cavemen road movie neanderthal prehistoric man dodo bird nut ground sloth cheerful
423,The Pianist,2002-09-17,2002,en,"[18, 10752]",13.1464,8.375,10000,"The true story of pianist Władysław Szpilman's experiences in Warsaw during the Nazi occupation. When the Jews of the city find themselves forced into a ghetto, Szpilman finds work playing in a café; and when his family is deported in 1942, he stays behind, works for a while as a laborer, and eventually goes into hiding in the ruins of the war-torn city.",adrienbrody thomaskretschmann frankfinlay maureenlipman emiliafox,romanpolanski,concert nazi resistance warsaw ghetto polish resistance homeland holocaust (shoah) hunger world war ii prisoner of war ghetto deportation jew persecution liberation biography based on true story survival based on memoir or autobiography pianist poland tearjerker angry complex compassionate fome
170,28 Days Later,2002-10-31,2002,en,"[27, 53, 878]",12.5001,7.239,8326,"Twenty-eight days after a killer virus was accidentally unleashed from a British research facility, a small group of London survivors are caught in a desperate struggle to protect themselves from the infected. Carried by animals and humans, the virus turns those it infects into homicidal maniacs -- and it's absolutely impossible to contain.",cillianmurphy naomieharris brendangleeson meganburns christophereccleston,dannyboyle,"daughter taxi london, england submachine gun gas station post-apocalyptic future infection outbreak survival laboratory hospital zombie brutality church rage epidemic military virus aggressive waking from coma animal research baffled post-apocalyptic zombies"
1430,Bowling for Columbine,2002-10-09,2002,en,"[99, 18]",13.0228,7.507,1668,"This is not a film about gun control. It is a film about the fearful heart and soul of the United States, and the 280 million Americans lucky enough to have the right to a constitutionally protected Uzi. From a look at the Columbine High School security camera tapes to the home of Oscar-winning NRA President Charlton Heston, from a young man who makes homemade napalm with The Anarchist's Cookbook to the murder of a six-year-old girl by another six-year-old. Bowling for Columbine is a journey through the US, through our past, hoping to discover why our pursuit of happiness is so riddled with violence.",michaelmoore georgeh.w.bush georgew.bush charltonheston jacoboárbenz,michaelmoore,canada gun homicide mass murder oklahoma city bombing american culture gun violence shocking satirical mass shooting witty amused commanding empathetic forceful inflammatory
640,Catch Me If You Can,2002-12-16,2002,en,"[18, 80]",11.7334,7.977,16881,"A true story about Frank Abagnale Jr. who, before his 19th birthday, successfully conned millions of dollars worth of checks as a Pan Am pilot, doctor, and legal prosecutor. An FBI agent makes it his mission to put him behind bars. But Frank not only eludes capture, he revels in the pursuit.",leonardodicaprio tomhanks christopherwalken martinsheen nathaliebaye,stevenspielberg,fbi con man biography based on true story con artist chameleon attempted jailbreak engagement party mislaid trust christmas bank fraud conman fraudster amused assertive compassionate excited
2501,The Bourne Identity,2002-06-14,2002,en,"[28, 18, 9648, 53]",10.5689,7.471,9962,"Wounded to the brink of death and suffering from amnesia, Jason Bourne is rescued at sea by a fisherman. With nothing to go on but a Swiss bank account number, he starts to reconstruct his life, but finds that many people he encounters want him dead. However, Bourne realizes that he has the combat and mental skills of a world-class spy—but who does he work for?",mattdamon frankapotente chriscooper cliveowen briancox,dougliman,"assassin amnesia paris, france based on novel or book escape barcelona, spain spy secret identity passport mission of murder lovers flashback shootout foot chase cell phone multiple identities surveillance camera hamburg, germany fishing boat langley virginia safe deposit box hand to hand combat political thriller action hero bourne jason bourne tense intense powerful globe trotter"
2251,Unfaithful,2002-05-10,2002,en,"[53, 18, 10749]",9.6174,6.7,1680,A New York suburban couple's marriage goes dangerously awry when the wife indulges in an adulterous fling.,richardgere dianelane oliviermartinez erikpersullivan željkoivanek,adrianlyne,adultery infidelity new york city literature eroticism lover erotic thriller
11013,Secretary,2002-09-20,2002,en,"[10749, 18, 35]",8.2326,6.791,1860,"A young woman, recently released from a mental hospital, gets a job as a secretary to a demanding lawyer, where their employer-employee relationship turns into a sexual, sadomasochistic one.",jamesspader maggiegyllenhaal jeremydavies lesleyannwarren stephenmchattie,stevenshainberg,suicide clerk fetish sadomasochism secretary lawyer hospital typewriter kinky cutting pantyhose bdsm workplace romance
11544,Lilo & Stitch,2002-06-21,2002,en,"[16, 10751, 35]",8.3,7.56,7016,"As Stitch, a runaway genetic experiment from a faraway planet, wreaks havoc on the Hawaiian Islands, he becomes the mischievous adopted alien ""puppy"" of an independent little girl named Lilo and learns about loyalty, friendship, and ʻohana, the Hawaiian tradition of family.",daveighchase chrissanders tiacarrere davidogdenstiers kevinmcdonald,chrissanders,sibling relationship mutation extraterrestrial technology hawaii adoption villain alien life-form alien dog dead parents duringcreditsstinger fitting in native hawaiian
36669,Die Another Day,2002-11-17,2002,en,"[12, 28, 53]",8.2142,5.999,3828,"James Bond is sent to investigate the connection between a North Korean terrorist and a diamond mogul, who is funding the development of an international space weapon.",piercebrosnan halleberry tobystephens rosamundpike rickyune,leetamahori,"post-traumatic stress disorder (ptsd) espionage spy demonstration fencing laser satellite iceland sequel hong kong torture mi6 british spy british secret service havana, cuba captured u.s. secret service agent publicist space based weapon adrenaline junkie dmz north korea spycraft james bond prisoner exchange conflict diamonds"
180,Minority Report,2002-06-20,2002,en,"[878, 28, 53]",8.2254,7.35,9484,"John Anderton is a top 'Precrime' cop in the late-21st century, when technology can predict crimes before they're committed. But Anderton becomes the quarry when another investigator targets him for a murder charge.",tomcruise samanthamorton colinfarrell maxvonsydow kathrynmorris,stevenspielberg,"washington dc, usa police chief precognition hologram futuristic murder conspiracy police chase cyberpunk drugs biting home video based on short story ex-husband ex-wife relationship mentor protégé relationship tech noir stasis paranoid prevention missing son future noir loss of child surveillance state psychic vision conspiracy thriller 2050s suspenseful critical intense dystopian sci-fi"
1894,Star Wars: Episode II - Attack of the Clones,2002-05-15,2002,en,"[12, 28, 878]",8.3287,6.59,14180,"Following an assassination attempt on Senator Padmé Amidala, Jedi Knights Anakin Skywalker and Obi-Wan Kenobi investigate a mysterious plot into the heart of the Separatist movement and the beginning of the Clone Wars.",haydenchristensen ewanmcgregor natalieportman christopherlee samuell.jackson,georgelucas,army laser gun senate investigation sequel prequel cult figure wedding kendo cynical space opera spaceport teenage rebellion good becoming evil alien race mechanical hand nostalgic romantic excited powerful star wars
565,The Ring,2002-10-18,2002,en,"[27, 9648]",8.2378,6.697,6593,Journalist Rachel Keller investigates a strange videotape that may be behind the untimely deaths of four teenagers. There is an urban legend about this tape: the viewer will die seven days after watching it. Rachel tracks down the video... and watches it. Now she has just seven days to unravel the mystery of the Ring in order to save herself and her son.,naomiwatts martinhenderson daviddorfman briancox janealexander,goreverbinski,journalist island drowning investigation supernatural horse telephone paranormal remake urban legend curse cabin in the woods ghost well videotape mysterious death terrifying intense
9023,Spirit: Stallion of the Cimarron,2002-05-24,2002,en,"[16, 12, 10751, 18, 37]",6.631,7.685,4844,A captured mustang remains determined to return to his herd no matter what.,mattdamon jamescromwell danielstudi chopperbernet jefflebeau,kellyasbury,freedom villain mustang rivalry wildlife animals cavalry indian war eyebrow wild horse pets sentimental comforting melodramatic
9637,Scooby-Doo,2002-06-14,2002,en,"[9648, 12, 35]",7.4279,6.098,4729,"When the Mystery Inc. gang is invited to Spooky Island, a popular amusement park, they soon discover that the attractions aren't the only things that are spooky. Strange things are happening, and it's up to Scooby, Shaggy, Fred, Daphne, and Velma to uncover the truth behind the mysterious happenings.",freddieprinzejr. sarahmichellegellar matthewlillard lindacardellini neilfanning,rajagosnell,voodoo detective talking dog based on cartoon resort dog criminal investigation theme park nostalgic duringcreditsstinger live action and animation
4108,The Transporter,2002-10-02,2002,en,"[28, 80, 53]",7.6565,6.717,5742,"Former Special Forces officer Frank Martin will deliver anything to anyone for the right price, and his no-questions-asked policy puts him in high demand. But when he realizes his latest cargo is alive, it sets in motion a dangerous chain of events. The bound and gagged Lai is being smuggled to France by a shady American businessman, and Frank works to save her as his own illegal activities are uncovered by a French detective.",jasonstatham shuqi françoisberléand mattschulze ricyoung,coreyyuen,martial arts transporter france human trafficking organized crime police chase gunfight explosion young woman getaway driver assassination attempt rules bmw ex special forces french police french detective nice france precision transport admiring no questions asked french inspector modified vehicle
608,Men in Black II,2002-07-03,2002,en,"[28, 35, 878]",7.3339,6.384,10544,"Kay and Jay reunite to provide our best, last and only line of defense against a sinister seductress who levels the toughest challenge yet to the MIB's untarnished mission statement – protecting Earth from the scum of the universe. It's been four years since the alien-seeking agents averted an intergalactic disaster of epic proportions. Now it's a race against the clock as Jay must convince Kay – who not only has absolutely no memory of his time spent with the MIB, but is also the only living person left with the expertise to save the galaxy – to reunite with the MIB before the earth submits to ultimate destruction.",tommyleejones willsmith riptorn laraflynnboyle johnnyknoxville,barrysonnenfeld,new york city space marine saving the world flying saucer undercover secret identity superhero deportation illegal immigration new identity firearm light based on comic sequel alien buddy cop fictional government agency
9334,The Scorpion King,2002-04-18,2002,en,"[28, 12, 14]",6.0667,5.6,3339,"In ancient Egypt, peasant Mathayus is hired to exact revenge on the powerful Memnon and the sorceress Cassandra, who are ready to overtake Balthazar's village. Amid betrayals, thieves, abductions and more, Mathayus strives to bring justice to his complicated world.",dwaynejohnson stevenbrand michaelclarkeduncan sherrihoward bernardhill,chuckrussell,egypt temple magic sword fight prequel battlefield fictional war spin off desert ancient egypt tyrant warrior action hero sword and sorcery supernatural power assertive
65,8 Mile,2002-11-08,2002,en,"[18, 10402]",6.9103,7.14,7735,"For Jimmy Smith, Jr., life is a daily fight just to keep hope alive. Feeding his dreams in Detroit's vibrant music scene, Jimmy wages an extraordinary personal struggle to find his own voice - and earn a place in a world where rhymes rule, legends are born and every moment… is another chance.",eminem kimbasinger mekhiphifer brittanymurphy evanjones,curtishanson,"individual adolescence rap music hip-hop rhyme battle trailer park street gang ethnic stereotype rapper ghetto single detroit, michigan semi autobiographical 1990s battle rap"
4547,Panic Room,2002-03-29,2002,en,"[80, 18, 53]",6.6711,6.789,5336,"Trapped in their New York brownstone's panic room, a hidden chamber built as a sanctuary in the event of break-ins, newly divorced Meg Altman and her young daughter Sarah play a deadly game of cat-and-mouse with three intruders - Burnham, Raoul and Junior - during a brutal home invasion. But the room itself is the focal point because what the intruders really want is inside it.",jodiefoster kristenstewart forestwhitaker dwightyoakam jaredleto,davidfincher,new york city hostage bravery ex husband safe burglary psychological thriller single mother home invasion divorcee teenage daughter diabetic rainstorm safecracker seizure trapped in a house bearer bonds secret room robbery crew intense brownstone
3131,Gangs of New York,2002-12-14,2002,en,"[18, 36, 80]",6.577,7.314,7125,"In early 1860s New York, Irish immigrant Amsterdam Vallon is released from prison and returns to the Five Points, seeking revenge against his father's killer, William Cutting, a powerful anti-immigrant gang leader. He knows that revenge can only be attained by infiltrating Cutting's inner circle. Vallon's journey becomes a fight for personal survival and to find a place for the Irish people.",leonardodicaprio danielday-lewis camerondiaz jimbroadbent johnc.reilly,martinscorsese,rescue immigrant ship fire army pickpocket pig gangster irish-american gang war gang of thieves butcher gang 19th century grim 1860s american history new york city history
11362,The Count of Monte Cristo,2002-01-23,2002,en,"[12, 18, 36, 28, 53]",6.8779,7.673,1981,"Edmond Dantés's life and plans to marry the beautiful Mercedes are shattered when his best friend, Fernand, deceives him. After spending 13 miserable years in prison, Dantés escapes with the help of a fellow inmate and plots his revenge, cleverly insinuating himself into the French nobility.",jimcaviezel guypearce richardharris jamesfrain dagmaradominczyk,kevinreynolds,"treasure based on novel or book loss of loved one marseille, france female lover ex-lover napoleon bonaparte prison escape sword fight torture period drama historical swashbuckler betrayal by friend 19th century awestruck prisão"
2675,Signs,2002-08-02,2002,en,"[53, 878, 27]",6.4662,6.697,6162,A family living on a farm finds mysterious crop circles in their fields which suggests something more frightening to come.,melgibson joaquinphoenix roryculkin abigailbreslin cherryjones,m.nightshyamalan,farm faith symbolism miracle family relationships alien grief rural area alien invasion crop circle alien attack death of wife loss of faith alien encounter anxious suspenseful foreboding
4147,Road to Perdition,2002-07-12,2002,en,"[80, 18, 53]",5.9108,7.348,3928,"Mike Sullivan works as a hit man for crime boss John Rooney. Sullivan views Rooney as a father figure, however after his son is witness to a killing, Mike Sullivan finds himself on the run in attempt to save the life of his son and at the same time looking for revenge on those who wronged him.",tomhanks paulnewman judelaw tylerhoechlin danielcraig,sammendes,hotel farm hitman illinois great depression road trip based on comic revenge organized crime mafia bank robbery based on graphic novel homework learning to drive spoiled son scarred face liberty half dollar lake michigan 1930s cautionary ambivalent callous
320,Insomnia,2002-05-24,2002,en,"[53, 80, 18]",6.733,6.956,5222,Two Los Angeles homicide detectives are dispatched to a northern town where the sun doesn't set to investigate the methodical murder of a local teen.,alpacino robinwilliams hilaryswank martindonovan nickykatt,christophernolan,hotel small town homicide confession blackmail detective fbi investigation hallucination insomnia flashback love remake murder alaska shootout cynical guilt phone call neo-noir midnight sun planted evidence crime writer corrupt cop distressing
9016,Treasure Planet,2002-11-26,2002,en,"[878, 12, 16, 10751, 14]",6.8966,7.563,4547,"When space galleon cabin boy Jim Hawkins discovers a map to an intergalactic ""loot of a thousand worlds,"" a cyborg cook named John Silver teaches him to battle supernovas and space storms on their journey to find treasure.",josephgordon-levitt brianmurray emmathompson davidhydepierce martinshort,johnmusker,mutiny space marine based on novel or book cyborg map pirate gang treasure hunt treasure map alien coming of age money space steampunk planet troubled teen father figure space pirate ship's crew admiring
36586,Blade II,2002-03-22,2002,en,"[14, 27, 28, 53]",6.5403,6.554,5132,"Blade forms an uneasy alliance with the vampire council in order to combat the Reapers, who are feeding on vampires.",wesleysnipes kriskristofferson ronperlman leonorvarela normanreedus,guillermodeltoro,martial arts mutation vampire lasersight superhero katana supernatural based on comic vampire hunter (slayer) revenge tragic villain super power reaper sword duel urban gothic anxious good versus evil
10771,The Tuxedo,2002-09-27,2002,en,"[53, 28, 35, 878]",6.2931,5.737,2134,"Cabbie-turned-chauffeur Jimmy Tong learns there is really only one rule when you work for playboy millionaire Clark Devlin : Never touch Devlin's prized tuxedo. But when Devlin is temporarily put out of commission in an explosive accident, Jimmy puts on the tux and soon discovers that this extraordinary suit may be more black belt than black tie. Paired with a partner as inexperienced as he is, Jimmy becomes an unwitting secret agent.",jackiechan jenniferlovehewitt jasonisaacs debimazar ritchiecoster,kevindonovan,new york city martial arts chauffeur bomb spy intelligence wound secret agent high technology fistfight parody head injury action hero tecnología
1576,Resident Evil,2002-03-15,2002,en,"[27, 28, 878]",5.3415,6.651,6825,"When a virus leaks from a top-secret facility, turning all resident researchers into ravenous zombies and their lab animals into mutated hounds from hell, the government sends in an elite military task force to contain the outbreak.",millajovovich michellerodriguez ericmabius jamespurefoy martincrewes,paulw.s.anderson,biological weapon quarantine amnesia undercover dystopia mutant hologram flashback conspiracy zombie special forces based on video game
15070,Undisputed,2002-07-17,2002,en,"[28, 18, 80]",5.4839,6.5,799,"Monroe Hutchens is the heavyweight champion of Sweetwater, a maximum security prison. He was convicted to a life sentence due to a passionate crime. Iceman Chambers is the heavyweight champion, who lost his title due to a rape conviction to ten years in Sweetwater. When these two giants collide in the same prison, they fight against each other disputing who is the real champion.",wesleysnipes vingrhames peterfalk michaelrooker jonseda,walterhill,prison martial arts showdown prisoner sports fight gangster boxer fistfight tournament fighting convict racial slur prison fight boxing action hero boxe
11529,Sweet Home Alabama,2002-09-26,2002,en,"[35, 10749]",5.1814,6.41,1671,"New York fashion designer, Melanie Carmichael suddenly finds herself engaged to the city's most eligible bachelor. But her past holds many secrets—including Jake, the redneck husband she married in high school, who refuses to divorce her. Bound and determined to end their contentious relationship once and for all, Melanie sneaks back home to Alabama to confront her past.",reesewitherspoon joshlucas patrickdempsey candicebergen marykayplace,andytennant,new york city marriage proposal alabama career woman fashion designer young love deep south social mobility upward mobility
14128,Cinderella II: Dreams Come True,2002-02-23,2002,en,"[10751, 16, 10749, 14]",5.7162,6.1,1523,"As a newly crowned princess, Cinderella quickly learns that life at the Palace - and her royal responsibilities - are more challenging than she had imagined. In three heartwarming tales, Cinderella calls on her animal friends and her Fairy Godmother to help as she brings her own grace and charm to her regal role and discovers that being true to yourself is the best way to make your dreams come true.",jenniferhale robpaulsen coreyburton andrestojka russitaylor,johnkafka,princess magic fairy cartoon musical anthology sequel anthropomorphism family cartoon mouse fairy godmother baker
4614,The Sum of All Fears,2002-05-31,2002,en,"[53, 28, 18]",4.6398,6.36,1919,"When the president of Russia suddenly dies, a man whose politics are virtually unknown succeeds him. The change in political leaders sparks paranoia among American CIA officials, so CIA director Bill Cabot recruits a young analyst to supply insight and advice on the situation. Then the unthinkable happens: a nuclear bomb explodes in a U.S. city, and America is quick to blame the Russians.",benaffleck morganfreeman jamescromwell lievschreiber bridgetmoynahan,philaldenrobinson,"central intelligence agency (cia) usa president based on novel or book atomic bomb spy cold war intelligence chechnya intelligence agency nuclear explosion terrorism jack ryan ex military russian president baltimore, maryland cia analyst arms inspection imminent threat"
7299,Equilibrium,2002-12-06,2002,en,"[28, 878, 53]",5.1281,7.043,4942,"In a dystopian future, a totalitarian regime maintains peace by subduing the populace with a drug, and displays of emotion are punishable by death. A man in charge of enforcing the law rises to overthrow the system.",christianbale tayediggs angusmacfadyen matthewharbour seanbean,kurtwimmer,martial arts resistance dystopia fascism anti hero totalitarian regime destroy phasing book burning outlaw urban setting government agent aggressive domineering nervous vibrant
11852,The Hot Chick,2002-12-13,2002,en,"[35, 14]",4.8521,6.356,2143,"Not only is Jessica Spencer the most popular girl in school -- she is also the meanest. But things change for the attractive teen when a freak accident involving a cursed pair of earrings and a chance encounter at a gas station causes her to switch bodies with Clive, a sleazy crook. Jessica, in the form of the repulsive Clive, struggles to adjust to this radical alteration and sets out to get her own body back before the upcoming prom.",robschneider annafaris matthewlawrence ericchristianolsen robertdavi,tombrady,sexual identity high school friendship jewelry identity gatekeeper shopping mall bullying human body thief crude humor prom curse best friend body-swap popular girl pathetic absurd demeaning
122,The Lord of the Rings: The Return of the King,2003-12-17,2003,en,"[12, 14, 28]",35.04,8.495,26226,"As armies mass for a final battle that will decide the fate of the world--and powerful, ancient forces of Light and Dark compete to determine the outcome--one member of the Fellowship of the Ring is revealed as the noble heir to the throne of the Kings of Men. Yet, the sole hope for triumph over evil lies with a brave hobbit, Frodo, who, accompanied by his loyal friend Sam and the hideous, wretched Gollum, ventures deep into the very dark heart of Mordor on his seemingly impossible quest to destroy the Ring of Power.​",elijahwood ianmckellen viggomortensen seanastin andyserkis,peterjackson,army based on novel or book elves dwarf magic kingdom obsession bravery castle volcano giant spider sequel honor king brutality madness split personality fantasy world wizard epic battle journey ring mysterious quest live action and animation hero's journey high fantasy wraith sword and sorcery power madness great war trekking cautionary good versus evil sword making war suspenseful complicated winged creatures armies
444796,Maximum Thrust,2003-12-26,2003,en,"[18, 28]",25.1337,3.4,7,"A down and out all girl race team, Maximum Thrust, hires a sexy newbie street racer, Bekka (Beverly Lynne), in hopes of saving a failing business and salvaging street creds and respect. The action is fast and furious on and off the track when Bekka is seduced by a rival racer, Junior Sloan. When it is discovered Junior intends on destroying Maximum Thrust, even if it means killing the driver, Bekka reunites with the team. With friends and lovers helping, the women of Maximum Thrust build an awesome street racing machine and lay it all on the line when they challenge Junior to a race at ""Street Wars."" It is a high octane battle where Bekka blows by Junior and stops him on the track. Using intimate information, Bekka and the team have Junior arrested and the team reigns as the Street Wars champions.",beverlylynne aaronbrumfield robynhyden akiralane nicoleoring,paulmiller,street race softcore interracial sex
22,Pirates of the Caribbean: The Curse of the Black Pearl,2003-07-09,2003,en,"[12, 14, 28]",18.3101,7.82,22007,"When wily Captain Barbossa steals Jack Sparrow's ship and kidnaps the governor's beautiful daughter, Elizabeth, her childhood friend Will Turner joins forces with Jack to save her and recapture Jack's ship, the Black Pearl.",johnnydepp geoffreyrush orlandobloom keiraknightley jackdavenport,goreverbinski,blacksmith gold exotic island governor skeleton jamaica british empire pirate swashbuckler 18th century caribbean sea aftercreditsstinger pirate ship british navy tortuga based on theme park ride hilarious amused brisk
12,Finding Nemo,2003-05-30,2003,en,"[16, 10751, 12]",15.8362,7.816,20377,"Nemo, an adventurous young clownfish, is unexpectedly taken from his Great Barrier Reef home to a dentist's office aquarium. It's up to his worrisome father Marlin and a friendly but forgetful fish Dory to bring Nemo home -- meeting vegetarian sharks, surfer dude turtles, hypnotic jellyfish, hungry seagulls, and more along the way.",albertbrooks ellendegeneres alexandergould willemdafoe geoffreyrush,andrewstanton,"fish sydney, australia parent child relationship anthropomorphism harbor underwater shark pelican fish tank great barrier reef sea turtle missing child aftercreditsstinger duringcreditsstinger short-term memory loss clownfish father son reunion protective father playful cheerful sympathetic"
10929,Willard,2003-03-14,2003,en,"[27, 18, 53]",12.1314,6.1,359,"Desperate for companionship, the repressed Willard befriends a group of rats that inhabit his late father's deteriorating mansion. In these furry creatures, Willard finds temporary refuge from daily abuse at the hands of his bedridden mother and his father's old partner, Frank. Soon it becomes clear that the brood of rodents is ready and willing to exact a vicious, deadly revenge on anyone who dares to bully their sensitive new master.",crispinglover r.leeermey lauraharring jackieburroughs ashlyngere,glenmorgan,psychopath human animal relationship bad boss evil mother remake sociopath revenge misfit mansion humiliation rat obedience lonely man pets
24,Kill Bill: Vol. 1,2003-10-10,2003,en,"[28, 80]",14.1984,7.972,18706,"An assassin is shot by her ruthless employer, Bill, and other members of their assassination circle – but she lives to plot her vengeance.",umathurman lucyliu vivicaa.fox darylhannah davidcarradine,quentintarantino,martial arts japan kung fu sword yakuza sword fight revenge vigilante female yakuza samurai sword retribution dreary
59210,The Mother,2003-11-14,2003,en,"[18, 10749]",12.1196,6.0,64,"A grandmother has a passionate affair with a man half her age, who is also sleeping with her daughter.",annereid danielcraig petervaughan stevenmackintosh cathrynbradshaw,rogermichell,parent child relationship love affair older woman younger man relationship
8961,Bad Boys II,2003-07-18,2003,en,"[28, 80, 35]",9.7329,6.655,5859,"Detectives Marcus Burnett and Mike Lowrey of the Miami Narcotics Task Force are tasked with stopping the flow of the drug Ecstasy into Miami. They track the drugs to the whacked-out Cuban drug lord Johnny Tapia, who is also involved in a bloody war with Russian and Haitian mobsters. If that isn't bad enough, there's tension between the two detectives when Marcus discovers that playboy Mike is secretly romancing Marcus’ sister, Syd.",martinlawrence willsmith jordimollà gabrielleunion peterstormare,michaelbay,"drug smuggling miami, florida undercover agent cuba ku klux klan kidnapping money laundering mexican standoff ecstasy male friendship guantánamo sequel shootout criminal underworld drug lord exploding house dea agent undercover operation buddy cop narcotics detective aggressive action hero buddy movie haitian gang dead bodies absurd dramatic russian mobster exhilarated"
4256,Scary Movie 3,2003-10-24,2003,en,[35],9.6314,5.964,4403,"In the third installment of the Scary Movie franchise, news anchorwoman Cindy Campbell has to investigate mysterious crop circles and killing video tapes, and help the President stop an alien invasion in the process.",annafaris reginahall simonrex anthonyanderson charliesheen,davidzucker,halloween parody sequel spoof vhs horror spoof alien invasion crop circle tv news anchor mysterious death horror parody dumb blonde hilarious amused
604,The Matrix Reloaded,2003-05-15,2003,en,"[12, 28, 53, 878]",9.7375,7.07,11804,"The Resistance builds in numbers as humans are freed from the Matrix and brought to the city of Zion. Neo discovers his superpowers, including the ability to see the code inside the Matrix. With machine sentinels digging to Zion in 72 hours, Neo, Morpheus and Trinity must find the Keymaker to ultimately reach the Source.",keanureeves laurencefishburne carrie-annemoss hugoweaving jadapinkettsmith,lanawachowski,dying and death future mission man vs machine underground world martial arts kung fu hero dreams fortune teller artificial intelligence (a.i.) computer saving the world computer virus virtual reality fight prophecy faith truth key dystopia simulation plato precognition rave car crash sequel cyberpunk action hero gnosticism oracle grand romantic defiant sardonic dystopian sci-fi
616,The Last Samurai,2003-12-05,2003,en,"[18, 28, 10752]",8.9466,7.599,7431,"Nathan Algren is an American hired to instruct the Japanese army in the ways of modern warfare, which finds him learning to respect the samurai and the honorable principles that rule them. Pressed to destroy the samurai's way of life in the name of modernization and open trade, Algren decides to become an ultimate warrior himself and to fight for their right to exist.",tomcruise kenwatanabe timothyspall tonygoldwyn hiroyukisanada,edwardzwick,japan samurai swordplay general sense of guilt war veteran sword war crimes loss of loved one self-discovery arms deal homeland katana emperor language barrier mountain village foreign legion insurgence mercenary campaign war strategy gettysburg slaughter soldier period drama alcoholic u.s. soldier japanese army warrior meditative 19th century war trauma racial harmony inspirational intense celebratory cultural pride going native
691834,The Van Halen Story - The Early Years,2003-12-09,2003,en,"[99, 10402]",6.9461,7.2,4,"Chronicles the rise of four young musicians from their formative years to their transformation into a worldwide phenomenon. Witness the group's tale told by the people who were there when it began - the childhood friends, fellow musicians, roadies, bodyguards, producers, and the band themselves. Covers all the years with David Lee Roth, and concentrates mostly on the club days and the first world tour. Includes interviews with many people who were very close to the band.",j.j.jackson,eduardoeguiadibildox,
605,The Matrix Revolutions,2003-11-05,2003,en,"[12, 28, 53, 878]",10.03,6.748,10670,The human city of Zion defends itself against the massive invasion of the machines as Neo fights to end the war at another front while also opposing the rogue Agent Smith.,keanureeves laurencefishburne carrie-annemoss hugoweaving jadapinkettsmith,lillywachowski,dying and death rescue future mission man vs machine underground world machine town martial arts kung fu hero dreams fortune teller artificial intelligence (a.i.) computer saving the world flying temple computer virus virtual reality fight faith truth philosophy key killer robot subway dystopia sun sunlight precognition super computer ying yang cyberpunk philosophical action hero gnosticism excited dystopian sci-fi
310,Bruce Almighty,2003-05-23,2003,en,"[14, 35]",9.2393,6.725,11385,"Bruce Nolan toils as a ""human interest"" television reporter in Buffalo, NY, but despite his high ratings and the love of his beautiful girlfriend, Bruce remains unfulfilled. At the end of the worst day in his life, he angrily ridicules God — and the Almighty responds, endowing Bruce with all of His divine powers.",jimcarrey morganfreeman jenniferaniston philipbakerhall catherinebell,tomshadyac,new love lovesickness moon street gang moses faith prayer christianity journalism car crash god religion relationship super power news reporter female journalist religious conflict responsibility praying almighty ambiguous
2832,Identity,2003-04-25,2003,en,"[9648, 53]",9.0682,7.175,4272,"Complete strangers stranded at a remote desert motel during a raging storm soon find themselves the target of a deranged murderer. As their numbers thin out, the travelers begin to turn on each other, as each tries to figure out who the killer is.",johncusack rayliotta amandapeet johnhawkes alfredmolina,jamesmangold,prostitute prisoner psychopath nevada detective rain motel weather ex-cop murder stranded serial killer slasher psychological thriller whodunit storm psychiatrist convict thunderstorm rainstorm split personality mental disorders murder mystery dissociative identity disorder isolated place
296,Terminator 3: Rise of the Machines,2003-07-02,2003,en,"[28, 53, 878]",8.6154,6.183,7152,"It's been 10 years since John Connor saved Earth from Judgment Day, and he's now living under the radar, steering clear of using anything Skynet can trace. That is, until he encounters T-X, a robotic assassin ordered to finish what T-1000 started. Good thing Connor's former nemesis, the Terminator, is back to aid the now-adult Connor … just like he promised.",arnoldschwarzenegger nickstahl clairedanes kristannaloken earlboen,jonathanmostow,man vs machine artificial intelligence (a.i.) saving the world leather jacket cyborg killer robot dystopia nanotechnology rocket launcher veterinarian fire engine villain time travel psychiatrist urban setting female villain firefighter action hero 2030s good versus evil
11635,Old School,2003-02-21,2003,en,[35],8.1268,6.6,2073,Three friends attempt to recapture their glory days by opening up a fraternity near their alma mater.,lukewilson willferrell vincevaughn jeremypiven ellenpompeo,toddphillips,infidelity group sex college male friendship beer fraternity dean sex doll streaking mouth to mouth resuscitation wild party
587,Big Fish,2003-12-10,2003,en,"[12, 14, 18]",9.0707,7.758,7680,"Throughout his life Edward Bloom has always been a man of big appetites, enormous passions and tall tales. In his later years, he remains a huge mystery to his son, William. Now, to get to know the real man, Will begins piecing together a true picture of his father from flashbacks of his amazing adventures.",ewanmcgregor albertfinney billycrudup jessicalange helenabonhamcarter,timburton,witch fish love of one's life parent child relationship circus fishing leech story teller fair mermaid apoplectic stroke cancer relationship gentle giant magic realism grand factual witty enchant
9902,Wrong Turn,2003-05-30,2003,en,"[27, 53]",7.5203,6.382,2948,"Chris crashes into a carload of other young people, and the group of stranded motorists is soon lost in the woods of West Virginia, where they're hunted by three cannibalistic mountain men who are grossly disfigured by generations of inbreeding.",elizadushku desmondharrington emmanuellechriqui jeremysisto kevinzegers,robschmidt,life and death loss of loved one job interview mountain gore forest west virginia slasher hillbilly cannibal car wreck survival horror duringcreditsstinger voyeur inbreed road cannibalism
153,Lost in Translation,2003-09-18,2003,en,"[18, 35, 10749]",7.7025,7.383,7968,"Two lost souls visiting Tokyo -- the young, neglected wife of a photographer and a washed-up movie star shooting a TV commercial -- find an odd solace and pensive freedom to be real in each other's company, away from their lives in America.",billmurray scarlettjohansson giovanniribisi annafaris akikotakeshita,sofiacoppola,"hotel room adultery japan unsociability upper class pop star age difference photographer commercial karaoke homesickness culture clash jet lag midlife crisis melancholy loneliness tokyo, japan older man younger woman relationship unlikely friendship aftercreditsstinger woman director lyrical wistful hopeful"
9480,Daredevil,2003-02-14,2003,en,"[14, 28]",8.5025,5.292,5406,A man blinded in a childhood accident fights crime using his superhumanly-elevated remaining senses.,benaffleck jennifergarner colinfarrell michaelclarkeduncan jonfavreau,markstevenjohnson,blindness and impaired vision narration superhero based on comic blind daredevil hazardous waste mob hit duringcreditsstinger intense bold vibrant
508,Love Actually,2003-09-07,2003,en,"[35, 10749, 18]",7.3307,7.096,7314,Eight very different couples deal with their love lives in various loosely interrelated tales all set during a frantic month before Christmas in London.,hughgrant alanrickman emmathompson liamneeson martinemccutcheon,richardcurtis,"london, england usa president rock star school performance love at first sight holiday war on terror marseille, france office christmas party language barrier prime minister press conference bars and restaurants valentine's day heathrow airport multiple storylines christmas lighthearted"
21542,Love Don't Co$t a Thing,2003-12-12,2003,en,"[35, 18, 10751, 10749]",6.8586,7.558,667,A high school outcast pays a cheerleader to pose as his girlfriend so he can be considered cool.,nickcannon christinamilian kenanthompson kalpenn steveharvey,troybyer,woman director
1278,The Dreamers,2003-10-10,2003,en,"[18, 10749]",6.8957,7.178,3054,"When Isabelle and Theo invite Matthew to stay with them, what begins as a casual friendship ripens into a sensual voyage of discovery and desire in which nothing is off limits and everything is possible.",michaelpitt evagreen louisgarrel annachancellor robinrenucci,bernardobertolucci,"hotel first time paris, france love triangle students' movement sexuality bathing flat riot crush american twins incest polyamory 1960s foreign student pretentious"
1927,Hulk,2003-06-19,2003,en,"[878, 12, 28]",7.9,5.579,6205,"Bruce Banner, a genetics researcher with a tragic past, suffers massive radiation exposure in his laboratory that causes him to transform into a raging green monster when he gets angry.",ericbana jenniferconnelly samelliott joshlucas nicknolte,anglee,"california monster general mutation san francisco, california gun superhero dna transformation psychology berkeley based on comic president golden gate bridge doctor fear scientist dog desert anger phone military super villain cell superhuman strength repressed memory repression good versus evil introspective sinister approving"
277,Underworld,2003-09-19,2003,en,"[14, 28, 53]",6.9664,6.846,6524,"Vampires and werewolves have waged a nocturnal war against each other for centuries. But all bets are off when a female vampire warrior named Selene, who's famous for her strength and werewolf-hunting prowess, becomes smitten with a peace-loving male werewolf, Michael, who wants to end the war.",katebeckinsale scottspeedman michaelsheen shanebrolly billnighy,lenwiseman,"budapest, hungary love of one's life vampire subway hostility bite descendant hybrid rivalry shootout werewolf gothic dark fantasy lycanthrope urban gothic supernatural power"
9654,The Italian Job,2003-05-30,2003,en,"[28, 80]",6.88,6.784,5928,"Charlie Croker pulled off the crime of a lifetime. The one thing that he didn't plan on was being double-crossed. Along with a drop-dead gorgeous safecracker, Croker and his team take off to re-steal the loot and end up in a pulse-pounding, pedal-to-the-metal chase that careens up, down, above and below the streets of Los Angeles.",markwahlberg charlizetheron edwardnorton sethgreen jasonstatham,f.garygray,"gold california helicopter hacker venice, italy chase subway master thief safe heist revenge murder double crossed boat chase los angeles, california explosion safecracker television repair based on movie mentor protégé relationship mini cooper vengeance father daughter relationship suspenseful gold heist defiant"
9358,Final Destination 2,2003-01-31,2003,en,"[27, 9648]",6.6423,6.303,4750,"When Kimberly has a violent premonition of a highway pileup she blocks the freeway, keeping a few others meant to die, safe...Or are they? The survivors mysteriously start dying and it's up to Kimberly to stop it before she's next.",alilarter a.j.cook michaellandes davidpaetkau jameskirk,davidr.ellis,ambulance car crash premonition vision hospital death macabre cheating death supernatural horror horror excited deaths
10009,Brother Bear,2003-10-23,2003,en,"[12, 16, 10751]",6.6845,7.272,5708,"When an impulsive boy named Kenai is magically transformed into a bear, he must literally walk in another's footsteps until he learns some valuable life lessons. His courageous and often zany journey introduces him to a forest full of wildlife, including the lovable bear cub Koda, hilarious moose Rutt and Tuke, woolly mammoths and rambunctious rams.",joaquinphoenix jeremysuarez jasonraize rickmoranis davethomas,aaronblaise,friendship sibling relationship transformation grizzly bear inuit bear sibling rivalry turns into animal unlikely friendship aftercreditsstinger duringcreditsstinger animal lead brother bear bjørne brødre
322,Mystic River,2003-10-08,2003,en,"[53, 80, 18, 9648]",6.7796,7.743,7330,The lives of three men who were childhood friends are shattered when one of them suffers a family tragedy.,seanpenn timrobbins kevinbacon laurencefishburne marciagayharden,clinteastwood,"child abuse sexual abuse workers' quarter based on novel or book loss of loved one suppressed past boston, massachusetts repayment arbitrary law loyalty massachusetts whodunit biting guilt childhood sexual abuse mysterious grim vengeance poker race sex abuse forceful"
10719,Elf,2003-11-07,2003,en,"[35, 10751, 14]",6.3728,6.666,4487,"When young Buddy falls into Santa's gift sack on Christmas Eve, he's transported back to the North Pole and raised as a toy-making elf by Santa's helpers. But as he grows into adulthood, he can't shake the nagging feeling that he doesn't belong. Buddy vows to visit Manhattan and find his real dad, a workaholic.",willferrell jamescaan bobnewhart edasner marysteenburgen,jonfavreau,elves dwarf holiday adoption santa claus sarcasm looking for  birth parents romance fish out of water orphan north pole christmas spirit christmas workshop father son relationship hilarious whimsical cheerful
1584,School of Rock,2003-10-03,2003,en,"[35, 10402, 10751]",6.4175,7.083,6091,"Fired from his band and hard up for cash, guitarist and vocalist Dewey Finn finagles his way into a job as a fifth-grade substitute teacher at a private school, where he secretly begins teaching his straight-A students the finer points of rock 'n' roll and the power of sticking it to the man. But as the school’s stern principal closes in and the Battle of the Bands looms, Dewey risks everything to prove that rock ’n’ roll can change lives.",jackblack joancusack mikewhite sarahsilverman mirandacosgrove,richardlinklater,high school rock 'n' roll musician music competition substitute teacher teacher rock music contest rock band rock concert amused arrogant comforting
153104,Wicked Minds,2003-03-01,2003,en,"[9648, 18, 10749, 53, 10770]",5.6019,6.333,51,Holden returns home from college and is surprised to find his overpowering competitive father married to a much younger woman Lana. Holden quickly falls for the beauty and charisma of his step mother. A passionate affair begins between son and stepmother.,angieeverhart andreww.walker winstonrekert amysloan frankschorpion,jasonhreno,stepmother murder love affair
9373,The Texas Chainsaw Massacre,2003-05-21,2003,en,[27],5.3601,6.302,2860,"After picking up a traumatized young hitchhiker, five friends find themselves stalked and hunted by a chainsaw-wielding killer and his family of equally psychopathic killers.",jessicabiel jonathantucker andrewbryniarski ericaleerhsen ericbalfour,marcusnispel,suicide sheriff psychopath trauma telephone gore stalker friends remake murder hitchhiker slaughterhouse slasher chainsaw torture cannibal killer family human skin mask
10028,Honey,2003-12-05,2003,en,"[10402, 18, 10749]",5.2609,6.3,1226,"Honey Daniels dreams of making a name for herself as a hip-hop choreographer. When she's not busy hitting downtown clubs with her friends, she teaches dance classes at a nearby community center in Harlem, N.Y., as a way to keep kids off the streets. Honey thinks she's hit the jackpot when she meets a hotshot director casts her in one of his music videos. But, when he starts demanding sexual favors from her, Honey makes a decision that will change her life.",jessicaalba mekhiphifer romeo joybryant davidmoscow,billewoodruff,"career new york city dancing dance dreams hip-hop blackmail harassment teacher business sabotage choreographer club harlem, new york city youth center brisk"
8273,American Wedding,2003-08-01,2003,en,"[35, 10749]",5.5706,6.219,4333,"With high school a distant memory, Jim and Michelle are getting married — and in a hurry, since Jim's grandmother is sick and wants to see him walk down the aisle — prompting Stifler to throw the ultimate bachelor party. And Jim's dad is reliable as ever, doling out advice no one wants to hear.",jasonbiggs seannwilliamscott alysonhannigan eddiekayethomas thomasiannicholas,jessedylan,marriage proposal sibling relationship wedding reception handcuffs spanner blow job stag night wedding nostalgic sex comedy best man bachelor party
9567,Tears of the Sun,2003-03-07,2003,en,"[10752, 28, 18]",5.609,6.889,2573,"Navy SEAL Lieutenant A.K. Waters and his elite squadron of tactical specialists are forced to choose between their duty and their humanity, between following orders by ignoring the conflict that surrounds them, or finding the courage to follow their conscience and protect a group of innocent refugees. When the democratic government of Nigeria collapses and the country is taken over by a ruthless military dictator, Waters, a fiercely loyal and hardened veteran is dispatched on a routine mission to retrieve a Doctors Without Borders physician.",brucewillis monicabellucci colehauser eamonnwalker johnnymessner,antoinefuqua,civil war war crimes refugee village evacuation border rescue mission us army nigeria president doctor massacre brutality military child soldier
6466,Freddy vs. Jason,2003-08-15,2003,en,[27],5.0998,6.079,2794,"Freddy Krueger and Jason Voorhees return to terrorize the teenagers of Elm Street. Only this time, they're out to get each other, too.",jessehutch robertenglund kenkirzinger monicakeena jasonritter,ronnyyu,new jersey sadism psychopath woods murder marijuana slaughter serial killer slasher series of murders bad dream supernatural horror
9341,The Core,2003-03-28,2003,en,"[878, 12, 53]",5.4433,5.8,2104,"Geophysicist Dr. Josh Keyes discovers that an unknown force has caused the earth's inner core to stop rotating. With the planet's magnetic field rapidly deteriorating, our atmosphere literally starts to come apart at the seams with catastrophic consequences. To resolve the crisis, Keyes, along with a team of the world's most gifted scientists, travel into the earth's core. Their mission: detonate a device that will reactivate the core.",aaroneckhart hilaryswank delroylindo stanleytucci tchékykaryo,jonamiel,magnetic field saving the world natural disaster survival disaster golden gate bridge scientist crash landing center of the earth disaster movie environmental disaster
8698,The League of Extraordinary Gentlemen,2003-07-11,2003,en,"[14, 28, 53, 878]",5.7816,5.974,4298,"To prevent a world war from breaking out, famous characters from Victorian literature band together to do battle against a cunning villain.",seanconnery naseeruddinshah shanewest petawilson stuarttownsend,stephennorrington,"saving the world submarine venice, italy immortality based on comic kenya steampunk super power jekyll and hyde evil plot captain nemo allan quatermain secret lair nautilus unassuming immortal victorian era moriarty invisible man vampiress (female vampire) appreciative 1800s"
673,Harry Potter and the Prisoner of Azkaban,2004-05-31,2004,en,"[12, 14]",18.6942,8.008,22947,"Year three at Hogwarts means new fun and challenges as Harry learns the delicate art of approaching a Hippogriff, transforming shape-shifting Boggarts into hilarity and even turning back time. But the term also brings danger: soul-sucking Dementors hover over the school, an ally of the accursed He-Who-Cannot-Be-Named lurks within the castle walls, and fearsome wizard Sirius Black escapes Azkaban. And Harry will confront them all.",danielradcliffe rupertgrint emmawatson robbiecoltrane michaelgambon,alfonsocuarón,witch school friend friendship flying magic bus traitor child hero school of witchcraft black magic time travel school best friend werewolf muggle ghost wizard aftercreditsstinger magical creature night bus teenage life christmas school class based on young adult novel magic spell admiring comforting enchant teen fantasy
615,The Passion of the Christ,2004-02-25,2004,en,[18],16.2503,7.524,5060,A graphic portrayal of the last twelve hours of Jesus of Nazareth's life.,jimcaviezel maiamorgenstern christojivkov francescodevito monicabellucci,melgibson,mission suffering roman empire christianity jewry roman crucifixion apostle last supper bible satan easter torture brutality shocking jesus christ complex christian film aramaic rosario provocative ancient language film sangre bold hopeful
2288,Closer,2004-12-03,2004,en,"[18, 10749]",15.5021,6.831,3703,The relationships of two couples become complicated and deceitful when the man from one couple meets the woman of the other.,judelaw natalieportman juliaroberts cliveowen colinstinton,mikenichols,infidelity secret love husband wife relationship cheating photographer loss of loved one love at first sight photography lover lie forbidden love sexchat stripper liar based on play or musical death of father times square writer falling in love photo exhibition provocative love square
11036,The Notebook,2004-06-25,2004,en,"[10749, 18]",14.1486,7.888,12406,"An epic love story centered around an older man who reads aloud to a woman with Alzheimer's. From a faded notebook, the old man's words bring to life the story about a couple who is separated by World War II, and is then passionately reunited, seven years later, after they have taken different paths.",ryangosling rachelmcadams genarowlands jamesgarner joanallen,nickcassavetes,secret love soulmates based on novel or book love of one's life fight poem river sadness class dementia tears candle mailbox valentine's day
9806,The Incredibles,2004-11-05,2004,en,"[28, 12, 16, 10751]",12.6301,7.721,18716,"Bob Parr has given up his superhero days to log in time as an insurance adjuster and raise his three children with his formerly heroic wife in suburbia. But when he receives a mysterious assignment, it's time to get back into costume.",craigt.nelson hollyhunter sarahvowell spencerfox jasonlee,bradbird,hero secret identity superhero villain family relationships super power supervillain 1950s 1960s excited hopeful
12153,White Chicks,2004-06-23,2004,en,"[35, 80]",13.9532,6.93,4435,"Two FBI agent brothers, Marcus and Kevin Copeland, accidentally foil a drug bust. To avoid being fired they accept a mission escorting a pair of socialites to the Hamptons--but when the girls are disfigured in a car accident, they refuse to go. Left without options, Marcus and Kevin decide to pose as the sisters, transforming themselves from black men into rich white women.",shawnwayans marlonwayans frankiefaison terrycrews faunechamberswatkins,keenenivorywayans,undercover kidnapping fbi auction nightclub sleepover cross dressing car accident shopping news reporter impersonation high society fashion show buddy cop basketball player socialite party dance-off hamptons jealous wife dumb blonde brothers amused runway fbi operation drug bust
38,Eternal Sunshine of the Spotless Mind,2004-03-19,2004,en,"[878, 18, 10749]",14.954,8.09,16145,"Joel Barish, heartbroken that his girlfriend underwent a procedure to erase him from her memory, decides to do the same. However, as he watches his memories of her fade away, he realises that he still loves her, and may be too late to correct his mistake.",jimcarrey katewinslet kirstendunst markruffalo elijahwood,michelgondry,new york city regret jealousy deja vu amnesia dreams operation relationship problems love memory brainwashing relationship heartbreak nonlinear timeline 2000s memory manipulation psychological drama enchant
10625,Mean Girls,2004-04-30,2004,en,"[18, 35]",13.2887,7.222,9358,"Cady Heron is a hit with The Plastics, the A-list girl clique at her new school, until she makes the mistake of falling for Aaron Samuels, the ex-boyfriend of alpha Plastic Regina George.",lindsaylohan rachelmcadams lizzycaplan laceychabert amandaseyfried,markwaters,based on novel or book illinois female friendship bullying coming of age prom teenage girl fish out of water best friend math teacher gossip clique former best friend teen comedy exploitation of friendship public humiliation high school rivalry new girl at school teenage life manipulative friend math genius female bully teenage friendship teenager amused audacious
652,Troy,2004-05-13,2004,en,"[10752, 28, 36]",13.6533,7.169,10911,"In year 1250 B.C. during the late Bronze age, two emerging nations begin to clash. Paris, the Trojan prince, convinces Helen, Queen of Sparta, to leave her husband Menelaus, and sail with him back to Troy. After Menelaus finds out that his wife was taken by the Trojans, he asks his brother Agamemnon to help him get her back. Agamemnon sees this as an opportunity for power. They set off with 1,000 ships holding 50,000 Greeks to Troy.",bradpitt orlandobloom ericbana briancox seanbean,wolfgangpetersen,"adultery sibling relationship hostility bravery mythology beauty trojan war wall fraud sword fight battlefield historical fiction ancient world based on song, poem or rhyme pyre ancient greece peplum trojan horse bronze age sparta greece grand ships sword and sandal helmet exhilarated 12th century bc achilles helen of troy"
809,Shrek 2,2004-05-19,2004,en,"[16, 10751, 35, 14, 10749]",13.4876,7.309,13292,"Happily ever after never seemed so far far away when a trip to meet the in-laws turns into a hilariously twisted adventure for Shrek and Fiona. With the help of his faithful Donkey, Shrek takes on a potion-brewing Fairy Godmother, the pompous Prince Charming, and the ogre-killer, Puss In Boots.",mikemyers eddiemurphy camerondiaz julieandrews antoniobanderas,conradvernon,prison princess magic kingdom fairy tale liberation transformation honeymoon prince villain parents-in-law enchantment sequel anthropomorphism dragon ogre fairy godmother cartoon donkey
7131,Van Helsing,2004-05-03,2004,en,"[27, 12, 28]",11.8782,6.396,6523,Famed monster slayer Gabriel Van Helsing is dispatched to Transylvania to assist the last of the Valerious bloodline in defeating Count Dracula. Anna Valerious reveals that Dracula has formed an unholy alliance with Dr. Frankenstein's monster and is hell-bent on exacting a centuries-old curse on her family.,hughjackman katebeckinsale richardroxburgh josiemaran davidwenham,stephensommers,transylvania vampire vatican (holy see) bite castle steampunk werewolf gothic horror van helsing notre dame cathedral 19th century mr. hyde frankenstein dracula fantasy amused
27,9 Songs,2004-07-16,2004,en,"[18, 10402, 10749]",10.4788,5.5,569,"Matt, a young glaciologist, soars across the vast, silent, icebound immensities of the South Pole as he recalls his love affair with Lisa. They meet at a mobbed rock concert in a vast music hall - London's Brixton Academy. They are in bed at night's end. Together, over a period of several months, they pursue a mutual sexual passion whose inevitable stages unfold in counterpoint to nine live-concert songs.",kierano'brien margostilley courtneytaylor-taylor alexkapranos guygarvey,michaelwinterbottom,"london, england concert rock 'n' roll sexuality orgasm cocaine blow job man woman relationship condom love sexual fantasy pubic hair breast ejaculation american couple desire sexual desire cunnilingus naked exchange student rock concert british man nude drug small tits woman tied to a bed sex vulva rock unsimulated sex intense erect penis"
176,Saw,2004-10-01,2004,en,"[27, 9648, 80]",10.608,7.419,9930,"Two men wake up to find themselves shackled in a grimy, abandoned bathroom. As they struggle to comprehend their predicament, they discover a disturbing tape left behind by the sadistic mastermind known as Jigsaw. With a chilling voice and cryptic instructions, Jigsaw informs them that they must partake in a gruesome game in order to secure their freedom.",tobinbell caryelwes leighwhannell dannyglover monicapotter,jameswan,sadism shotgun detective flashback hospital doctor torture sadist survival horror chained bludgeoning death match booby trap disguised voice mind game extreme violence death game
2048,"I, Robot",2004-07-15,2004,en,"[28, 878]",9.0367,6.959,12519,"In 2035, where robots are commonplace and abide by the three laws of robotics, a technophobic cop investigates an apparent suicide. Suspecting that a robot may be responsible for the death, his investigation leads him to believe that humanity may be in danger.",willsmith bridgetmoynahan alantudyk jamescromwell brucegreenwood,alexproyas,"chicago, illinois future man vs machine hero artificial intelligence (a.i.) based on novel or book grandparent grandchild relationship homicide detective dystopia hologram murder robot as menace car accident robot grandmother humanity futuristic city robotics humanoid robot talking robot self-driving car homicide investigation 2030s serious robot companion old robot new robot tense"
10591,The Girl Next Door,2004-04-09,2004,en,"[35, 10749]",11.1485,6.733,3938,"Exceptionally ambitious high schooler Matthew has aspirations for a career in politics when he falls in love with his gorgeous 19-year-old neighbor, Danielle. But Matthew's bright future is jeopardized when he finds Danielle was once a porn star. As Danielle's past catches up with her, Matthew's love for her forces him to re-evaluate his goals.",emilehirsch elishacuthbert timothyolyphant christopherrodriguezmarquette pauldano,lukegreenfield,high school porn actor pornographic video school party blonde prom sexual attraction teenage boy porn industry sex comedy girl next door sex video loving
1824,50 First Dates,2004-02-13,2004,en,"[35, 10749]",8.0847,6.87,7635,"Henry is a player skilled at seducing women. But when this veterinarian meets Lucy, a girl with a quirky problem when it comes to total recall, he realizes it's possible to fall in love all over again…and again, and again. That's because the delightful Lucy has no short-term memory, so Henry must woo her day after day until he finally sweeps her off her feet.",adamsandler drewbarrymore robschneider seanastin lusiastrus,petersegal,amnesia hawaii romcom deception womanizer love car accident screwball comedy short-term memory loss true love romantic
10555,Shark Tale,2004-09-20,2004,en,"[16, 28, 35, 10751]",8.0426,6.033,6645,"Oscar is a small fish whose big aspirations often get him into trouble. Meanwhile, Lenny is a great white shark with a surprising secret that no sea creature would guess: He's a vegetarian. When a lie turns Oscar into an improbable hero and Lenny becomes an outcast, the two form an unlikely friendship.",willsmith robertdeniro renéezellweger jackblack angelinajolie,bibobergeron,fish secret love hero mission of murder vegetarian threat of death anthropomorphism shark woman director
163,Ocean's Twelve,2004-12-09,2004,en,"[53, 80]",8.5104,6.565,7796,"Despite pulling off one of the biggest heists in Las Vegas history and splitting the $160 million take, each of the infamous Ocean's crew have tried to go straight, lay low and live a legit life... but that's proven to be a challenge. Casino owner Terry Benedict demands that Danny Ocean return the money, plus millions more in interest. Unable to come up the cash, the crew is forced to come together to pull off another series of heists, this time in Rome, Paris, and Amsterdam – but a Europol agent is hot on their heels.",georgeclooney juliaroberts bradpitt mattdamon catherinezeta-jones,stevensoderbergh,"paris, france rome, italy amsterdam, netherlands competition ex-girlfriend stolen money master thief sequel heist caper look-alike ex-con fabergé egg professional thief robbery crew europol agent assalto a museu"
11836,The SpongeBob SquarePants Movie,2004-11-19,2004,en,"[10751, 35, 12, 16, 14]",7.8504,7.074,3150,"There's trouble brewing in Bikini Bottom. Someone has stolen King Neptune's crown, and it looks like Mr. Krab, SpongeBob's boss, is the culprit. Though he's just been passed over for the promotion of his dreams, SpongeBob stands by his boss, and along with his best pal Patrick, sets out on a treacherous mission to Shell City to reclaim the crown and save Mr. Krab's life.",tomkenny clancybrown rodgerbumpass billfagerbakke mr.lawrence,stephenhillenburg,sea ocean falsely accused mermaid villain crown squid crab underwater aftercreditsstinger duringcreditsstinger starfish live action and animation based on tv series admiring adoring approving spongebob
558,Spider-Man 2,2004-06-25,2004,en,"[28, 12, 878]",8.9635,7.301,16166,"Peter Parker is going through a major identity crisis. Burned out from being Spider-Man, he decides to shelve his superhero alter ego, which leaves the city suffering in the wake of carnage left by the evil Doc Ock. In the meantime, Parker still can't act on his feelings for Mary Jane Watson, a girl he's loved since childhood. A certain anger begins to brew in his best friend Harry Osborn as well...",tobeymaguire kirstendunst jamesfranco alfredmolina rosemaryharris,samraimi,new york city dual identity love of one's life secret identity superhero pizza boy based on comic sequel romance doctor scientist tentacle death super villain young adult
435,The Day After Tomorrow,2004-05-26,2004,en,"[878, 53, 12]",7.2309,6.551,8736,"After paleoclimatologist Jack Hall is largely ignored by UN officials when presenting his environmental concerns about the beginning of a new Ice Age, his research proves true when a superstorm develops, setting off catastrophic natural disasters throughout the world. Trying to get to his son, Sam, who is trapped in New York City with his friend Laura and others, Jack and his crew must travel to get to Sam before it's too late.",dennisquaid jakegyllenhaal emmyrossum dashmihok jayo.sanders,rolandemmerich,"new york city philadelphia, pennsylvania saving the world scotland climate change greenhouse effect tornado hurricane hail temperature drop ice age polar zone barrier ice ice melting evacuation flooding rescue mission global warming tsunami end of the world disaster snow scientist united nations high school student climatologist freezing frozen alive disaster movie snowed in typhoon cataclysmic storm new york public library global catastrophe climate science climate crisis superstorm torrential rain mass casualties"
21385,"Mickey, Donald, Goofy: The Three Musketeers",2004-08-04,2004,en,"[12, 16, 35, 10751]",7.8882,6.7,980,"In Disney's take on the Alexander Dumas tale, Mickey Mouse, Donald Duck and Goofy want nothing more than to perform brave deeds on behalf of their queen (Minnie Mouse), but they're stymied by the head Musketeer, Pete. Pete secretly wants to get rid of the queen, so he appoints Mickey and his bumbling friends as guardians to Minnie, thinking such a maneuver will ensure his scheme's success. The score features songs based on familiar classical melodies.",wayneallwine tonyanselmo billfarmer russitaylor tressmacneille,donovancook,villain anthropomorphism musketeer cartoon mouse cartoon dog cartoon duck three musketeers
747,Shaun of the Dead,2004-04-09,2004,en,"[27, 35]",8.733,7.54,9213,"Shaun lives a supremely uneventful life, which revolves around his girlfriend, his mother, and, above all, his local pub. This gentle routine is threatened when the dead return to life and make strenuous attempts to snack on ordinary Londoners.",simonpegg nickfrost kateashfield lucydavis dylanmoran,edgarwright,"london, england dark comedy satire surrey parody slacker friends survival zombie survival horror british pub boyfriend girlfriend relationship zombie apocalypse bar sorvete"
2567,The Aviator,2004-12-17,2004,en,[18],8.8782,7.217,5766,"A biopic depicting the life of filmmaker and aviation pioneer Howard Hughes from 1927 to 1947, during which time he became a successful film producer and an aviation magnate, while simultaneously growing more unstable due to severe obsessive-compulsive disorder.",leonardodicaprio cateblanchett katebeckinsale johnc.reilly alecbaldwin,martinscorsese,ladykiller pilot biography based on true story womanizer phobia aviation period drama u.s. congress flying boat test flight
594,The Terminal,2004-06-17,2004,en,"[35, 18]",8.0399,7.349,8585,"An Eastern European tourist unexpectedly finds himself stranded in JFK airport, and must take up temporary residence there.",tomhanks catherinezeta-jones stanleytucci chimcbride diegoluna,stevenspielberg,new york city friendship marriage proposal airport stewardess translation illegal immigration language barrier immigration law craftsman fast food restaurant jazz singer or musician saxophonist autograph passport based on true story somber eastern european jazz history ins appreciative doubtful enthusiastic
6947,The Village,2004-07-30,2004,en,"[18, 9648, 53]",6.8331,6.48,4530,"When a willful young man tries to venture beyond his sequestered Pennsylvania hamlet, his actions set off a chain of chilling incidents that will alter the community forever.",brycedallashoward joaquinphoenix adrienbrody williamhurt sigourneyweaver,m.nightshyamalan,"pennsylvania, usa twist forest rural area blindness courtship mentally handicapped man aura village council bosque plot twist"
393,Kill Bill: Vol. 2,2004-04-16,2004,en,"[28, 80, 53]",7.8791,7.877,14897,"The Bride unwaveringly continues on her roaring rampage of revenge against the band of assassins who had tried to kill her and her unborn child. She visits each of her former associates one-by-one, checking off the victims on her Death List Five until there's nothing left to do … but kill Bill.",umathurman davidcarradine darylhannah michaelmadsen gordonliuchia-hui,quentintarantino,daughter martial arts kung fu showdown right and justice rage and hate sibling relationship swordplay katana mother role single sword fight revenge vigilante retribution aftercreditsstinger duringcreditsstinger veneno
1954,The Butterfly Effect,2004-01-17,2004,en,"[878, 53]",7.7286,7.573,8115,"A young man struggles to access sublimated childhood memories. He finds a technique that allows him to travel back into the past, to occupy his childhood body and change history. However, he soon finds that every change he makes has unexpected consequences.",ashtonkutcher amysmart melorawalters eldenhenson williamleescott,ericbress,prison mind control child abuse amnesia sacrifice chaos theory blackout trauma diary time travel flashback bully love memory loss psychiatrist therapy childhood
58978,The Erotic Diary of Misty Mundae,2004-11-11,2004,en,[18],5.6297,4.4,13,"College Coed Misty Mundae can no longer contain her surging sexual desires, and it transforms her secret diary into an ultra-erotic journal of her most intimate thoughts. With each new entry, Misty feverishly conjures up female lovers to indulge every insatiable urge and mouth-watering pleasure that her eager mouth craves and her hot young body demands. Fantasy is made flesh as Misty is seduced by her wildest lesbian creations (Darian Caine, Anoushka, AJ Khan, Julian Wells and Ruby LaRocca) who take her to heights of ecstasy never before experienced. It's 100% naughty as Misty's uninhibited lust and hunger for satisfaction at any cost set the screen on fire.",erinbrown dariancaine rubylarocca anushkagarin a.j.khan,helenblack,sexual awakening erotic movie
924,Dawn of the Dead,2004-03-19,2004,en,"[27, 28]",6.3985,7.048,4403,"A group of survivors take refuge in a shopping mall after the world is taken over by aggressive, flesh-eating zombies.",sarahpolley vingrhames jakeweber mekhiphifer tyburrell,zacksnyder,nurse department store shotgun pregnancy bite habor bus ride dark comedy lorry gore shopping mall infection basement garage remake survival zombie police officer dog death security guard gun store duringcreditsstinger zombie apocalypse anxious cautionary frightened ônibus
1677,Ray,2004-10-29,2004,en,"[18, 10402]",6.7516,7.4,2164,"Born on a sharecropping plantation in Northern Florida, Ray Charles went blind at seven. Inspired by a fiercely independent mom who insisted he make his own way, He found his calling and his gift behind a piano keyboard. Touring across the Southern musical circuit, the soulful singer gained a reputation and then exploded with worldwide fame when he pioneered coupling gospel and country together.",jamiefoxx kerrywashington reginaking harrylennix cliftonpowell,taylorhackford,blindness and impaired vision country music jazz loss of loved one overdose bus ride georgia melancholy record producer biography rags to riches childhood trauma gospel indianapolis record label recording studio pianist usa history cautionary
1538,Collateral,2004-08-04,2004,en,"[18, 80, 53]",7.4022,7.241,6176,Cab driver Max picks up a man who offers him $600 to drive him around. But the promise of easy money sours when Max realizes his fare is an assassin.,tomcruise jamiefoxx jadapinkettsmith markruffalo peterberg,michaelmann,taxi police hitman hostage self-fulfilling prophecy taxi driver fbi nightclub briefcase sociopath train professional hit one night gun violence lapd contract killer neo-noir cabbie frantic federal prosecutor dreary taxi ride car suspense thriller los angeles airport (lax) bold
2502,The Bourne Supremacy,2004-07-23,2004,en,"[28, 18, 53]",6.9812,7.326,8047,"A CIA operation to purchase classified Russian documents is blown by a rival agent, who then shows up in the sleepy seaside village where Bourne and Marie have been living. The pair run for their lives and Bourne, who promised retaliation should anyone from his former life attempt contact, is forced to once again take up his life as a trained assassin to survive.",mattdamon frankapotente briancox juliastiles karlurban,paulgreengrass,"sniper assassin berlin, germany amnesia based on novel or book espionage lie sequel on the run shootout foot chase exploding house one against many rail car dark past moscow, russia hand to hand combat action hero bourne jason bourne dramatic suspenseful"
10096,13 Going on 30,2004-04-13,2004,en,"[35, 14, 10749]",6.7147,6.768,5488,"After total humiliation at her thirteenth birthday party, Jenna Rink wants to just hide until she's thirty. Thanks to some magic wishing dust, Jenna's prayer has been answered. With a knockout body, a fabulous wardrobe, an athlete boyfriend, a dream job, and superstar friends, this can't be a better life. But soon Jenna realizes that adult life isn’t as easy as she hoped for.",jennifergarner markruffalo judygreer andyserkis kathybaker,garywinick,new york city photographer editor-in-chief time travel wish beautiful woman child as an adult friends in love age change teenager didactic time jump
9509,Man on Fire,2004-04-23,2004,en,"[28, 18, 53]",6.7716,7.457,5574,"Jaded ex-CIA operative John Creasy reluctantly accepts a job as the bodyguard for a 10-year-old girl in Mexico City. They clash at first, but eventually bond, and when she's kidnapped he's consumed by fury and will stop at nothing to save her life.",denzelwashington dakotafanning christopherwalken radhamitchell marcanthony,tonyscott,"mexico mexico city, mexico based on novel or book kidnapping bodyguard diary bible remake stuffed animal revenge gun battle cell phone alcoholic grenade launcher child kidnapping bloodshed swim meet aggressive ex-cia agent mexican federale mexican law enforcement vigilante justice corrupt cop mexican police personal security suspenseful gun death"
2059,National Treasure,2004-11-19,2004,en,"[12, 28, 53, 9648]",6.2038,6.648,6777,"Modern treasure hunters, led by archaeologist Ben Gates, search for a chest of riches rumored to have been stashed away by George Washington, Thomas Jefferson and Benjamin Franklin during the Revolutionary War. The chest's whereabouts may lie in secret clues embedded in the Constitution and the Declaration of Independence, and Gates is in a race to find the gold before his enemies do.",nicolascage dianekruger justinbartha seanbean jonvoight,jonturteltaub,"new york city treasure philadelphia, pennsylvania washington dc, usa riddle fbi translation expedition secret society family history wall street treasure hunt historical figure church archaeologist revisionist history based on myths, legends or folklore american revolution usa history revolutionary war aircraft carrier father son conflict father son relationship decipher anxious hidden history lincoln memorial history and legacy fictionalized history national archives archaeology ben franklin declaration of independence secret history arctic circle historical artifacts independence hall"
7220,The Punisher,2004-04-15,2004,en,"[28, 80, 18]",5.5619,6.36,3085,"When undercover FBI agent Frank Castle's wife and son are slaughtered, he becomes 'the Punisher' -- a ruthless vigilante willing to go to any length to avenge his family.",thomasjane johntravolta willpatton royscheider lauraharring,jonathanhensleigh,"undercover submachine gun chain superhero twin brother based on comic revenge vigilante organized crime neighbor one man army massacre family reunion pier tampa, florida fbi agent antagonistic assertive"
9472,DodgeBall: A True Underdog Story,2004-06-18,2004,en,[35],6.547,6.363,3761,"When megalomaniacal White Goodman, the owner of a trendy, high-end fitness center, makes a move to take over the struggling local gym run by happy-go-lucky Pete La Fleur, there's only one way for La Fleur to fight back: dodgeball. Aided by a dodgeball guru and Goodman's attorney, La Fleur and his rag-tag team of underdogs launch a knock-down, drag-out battle in which the winner takes all.",vincevaughn christinetaylor benstiller riptorn justinlong,rawsonmarshallthurber,underdog sports love at first sight competition gymnasium bodyguard oddball cheerleader cheerleading sexual harassment breaking the fourth wall pirate workout megalomaniac lgbt sport competition against the odds mentor protégé relationship weight loss referee aftercreditsstinger duringcreditsstinger guide book dodgeball instructional video girl scouts candid small business handicapped casual rules and regulations food addiction amused appreciative exhilarated
36648,Blade: Trinity,2004-12-08,2004,en,"[28, 27, 878]",6.0945,5.9,4250,"For years, Blade has fought against the vampires in the cover of the night. But now, after falling into the crosshairs of the FBI, he is forced out into the daylight, where he is driven to join forces with a clan of human vampire hunters he never knew existed—The Nightstalkers. Together with Abigail and Hannibal, two deftly trained Nightstalkers, Blade follows a trail of blood to the ancient creature that is also hunting him—the original vampire, Dracula.",wesleysnipes jessicabiel ryanreynolds kriskristofferson dominicpurcell,davids.goyer,martial arts loss of loved one vampire fbi superhero supernatural fistfight based on comic vampire hunter (slayer) martial arts master motorcycle katana sword blade super villain urban gothic good versus evil sarcastic
1487,Hellboy,2004-04-02,2004,en,"[14, 28]",6.0043,6.676,7344,"In the final days of World War II, the Nazis attempt to use black magic to aid their dying cause. The Allies raid the camp where the ceremony is taking place, but not before they summon a baby demon who is rescued by Allied forces and dubbed ""Hellboy"". Sixty years later, Hellboy serves the cause of good rather than evil as an agent in the Bureau of Paranormal Research & Defense, along with Abe Sapien - a merman with psychic powers, and Liz Sherman - a woman with pyrokinesis, protecting America against dark forces.",ronperlman selmablair dougjones johnhurt rupertevans,guillermodeltoro,nazi sacrifice superhero paranormal phenomena black magic adoptive father based on comic steampunk narration from grave apocalypse demon supernatural creature monolith occult super strength father figure reanimated corpse duringcreditsstinger other dimension lovecraftian psychic powers pyrokinesis occult detective
674,Harry Potter and the Goblet of Fire,2005-11-16,2005,en,"[12, 14]",19.4355,7.801,21960,"When his name emerges from the Goblet of Fire, Harry Potter becomes a competitor in a grueling battle for glory among three wizarding schools—the Triwizard Tournament. But since Harry never submitted his name for the Tournament, who did? Now Harry must confront a deadly dragon, fierce water demons, and an enchanted maze only to find himself in the cruel grasp of He Who Must Not Be Named.",danielradcliffe rupertgrint emmawatson brendangleeson michaelgambon,mikenewell,witch dying and death based on novel or book magic boarding school world cup maze mermaid school of witchcraft black magic chosen one sequel vision school tournament dragon ghost wizard teenage hero christmas based on young adult novel dramatic teen fantasy
187286,6:30,2005-10-27,2005,en,[28],14.5285,0.0,0,"SIX-THIRTY (6:30) is the story of a rich, white, ""All-American"" 17 year-old named MORGAN, who has it all and loses it all in 24 hours. Morgan hails from a wealthy background. He has the affluent home, successful parents, a new S.U.V., loyal friends, is the captain of the football team and has a gorgeous girl, BRIANNA. Morgan, along with his two friends, DILLON and B.J., decide to skip school on the last day of summer and head out to the beach for a day of carefree fun in the sun. They get more than they bargain for. A seemingly perfect day at the beach becomes a twisted day of violent altercations, lucid hallucinations and unpredictable turn of events. The insatiable thirst for drugs leads Morgan, Dillon, B.J. and a shady newfound acquaintance, CALEB, across the safety of U.S. lines into the seedy underworld of Tijuana, Mexico, as the lure of cheap liquor, cheap women and high quality ""meth"" seduce the boys into an all night experience that will change and possibly end their lives.",mikehatton robertcastaneda,christiansesma,
411,"The Chronicles of Narnia: The Lion, the Witch and the Wardrobe",2005-12-07,2005,en,"[12, 10751, 14]",17.8376,7.135,11394,"Siblings Lucy, Edmund, Susan and Peter step through a magical wardrobe and find the land of Narnia. There, they discover a charming, once peaceful kingdom that has been plunged into eternal winter by the evil White Witch, Jadis. Aided by the wise and magnificent lion, Aslan, the children lead Narnia into a spectacular, climactic battle to be free of the Witch's glacial powers forever.",williammoseley annapopplewell skandarkeynes georgiehenley liamneeson,andrewadamson,witch sibling relationship saving the world based on novel or book self sacrifice winter fairy tale cupboard beaver lion surrealism battle based on children's book fantasy world duringcreditsstinger 1940s high fantasy isekai based on young adult novel faun good versus evil
59,A History of Violence,2005-09-23,2005,en,"[18, 53, 80]",15.0279,7.162,3657,An average family is thrust into the spotlight after the father commits a seemingly self-defense murder at his diner.,viggomortensen mariabello edharris williamhurt ashtonholmes,davidcronenberg,"small town hero robbery indiana, usa distrust philadelphia, pennsylvania dual identity double life fight identity self-defense marriage diner mistaken identity family relationships irish mob revenge mobster lawyer attempted robbery based on graphic novel"
47862,Deacons for Defense,2005-04-05,2005,en,"[18, 10770]",11.7394,6.2,9,"Inspired by a true story, this drama is set in 1965, not long after passage of the Civil Rights Act. Despite the Act, the African-American citizens of Bogalusa are still treated like third-class citizens, their fundamental rights as human beings persistently trampled by the white power structure, in general, and the local branch of the KKK. The story follows the formation of local black men, particularly ex-war veterans who after the struggles become too overbearing organizes the group, ""Deacons for defense"", an all-black defense group dedicated to patrolling the black section of town and protecting its residents from the more violent aspects of ""white backlash.""",forestwhitaker jonathansilverman chrisbritton ossiedavis tyronebenskin,billduke,based on true story racist racism human rights
272,Batman Begins,2005-06-10,2005,en,"[18, 80, 28]",13.63,7.721,22380,"Driven by tragedy, billionaire Bruce Wayne dedicates his life to uncovering and defeating the corruption that plagues his home, Gotham City.  Unable to work within the system, he instead creates a new identity, a symbol of fear for the criminal underworld - The Batman.",christianbale michaelcaine liamneeson katieholmes garyoldman,christophernolan,martial arts undercover loss of loved one secret identity crime fighter superhero based on comic rivalry ninja vigilante tragic hero super power haunted by the past evil doctor master villain unfulfilled love inspirational
4348,Pride & Prejudice,2005-09-16,2005,en,"[18, 10749]",13.2532,8.048,8665,"A story of love and life among the landed English gentry during the Georgian era. Mr. Bennet is a gentleman living in Hertfordshire with his overbearing wife and five daughters, but if he dies their house will be inherited by a distant cousin whom they have never met, so the family's future happiness and security is dependent on the daughters making good marriages.",keiraknightley matthewmacfadyen brendablethyn rosamundpike careymulligan,joewright,based on novel or book england bachelor family relationships suitor prejudice period drama pride 18th century opposites attract gentleman georgian or regency era sisters
1495,Kingdom of Heaven,2005-05-03,2005,en,"[18, 28, 12, 36, 10752]",12.1295,7.019,4835,"After his wife dies, a blacksmith named Balian is thrust into royalty, political intrigue and bloody holy wars during the Crusades.",orlandobloom evagreen jeremyirons davidthewlis ghassanmassoud,ridleyscott,blacksmith muslim crusade jerusalem catapult swordsman battlefield knight religion epic battle desert battle knight templars 12th century saladin suspicious christian egotistical ambiguous antagonistic audacious authoritarian complicated derogatory dubious melodramatic sword battle
11431,Fever Pitch,2005-04-06,2005,en,"[10749, 35]",5.1841,6.2,750,"When Ben Wrightman, a young teacher, begins dating pretty businesswoman Lindsey Meeks, the two don't seem to have a lot of the same interests, but they fall in love, regardless. Their romance goes well until baseball season begins, and Lindsey soon realizes that Ben is completely obsessed with the Boston Red Sox. Though she tries to understand Ben's passionate team loyalty, eventually it threatens to end their otherwise happy relationship.",drewbarrymore jimmyfallon jasonspevack jackkehler maureenkeiller,peterfarrelly,sports workaholic baseball affectation fanatic relationship problems death of father teacher curse dating man child red sox fenway park group of friends uncle nephew relationship nostalgic boyfriend girlfriend relationship baseball stadium world series angry major league baseball (mlb) egotistical hilarious whimsical amused antagonistic empathetic sympathetic season tickets working toward job promotion
3933,Corpse Bride,2005-09-12,2005,en,"[10749, 14, 16]",11.681,7.584,10069,"In a 19th-century European village, a young man about to be married is whisked away to the underworld and wed to a mysterious corpse bride, while his real bride waits bereft in the land of the living.",johnnydepp helenabonhamcarter emilywatson traceyullman paulwhitehouse,mikejohnson,skeleton love triangle cheating wedding vows shyness arranged marriage marriage grave villain bride musical wedding ring money stop motion wedding corpse wedding ceremony playing piano parents macabre dark fantasy bride and groom ring scoundrel 19th century underworld romantic ghoulish
118,Charlie and the Chocolate Factory,2005-07-13,2005,en,"[12, 35, 10751, 14]",10.8899,7.038,15990,"A young boy wins a tour through the most magnificent chocolate factory in the world, led by the world's most unusual candy maker.",johnnydepp freddiehighmore davidkelly helenabonhamcarter noahtaylor,timburton,"factory worker london, england based on novel or book chocolate candy overweight child parent child relationship grandparent grandchild relationship teacher tragedy dark fantasy gothic romance candy bar"
953,Madagascar,2005-05-25,2005,en,"[10751, 16, 12, 35]",11.5206,6.92,11599,Four animal friends get a taste of the wild life when they break out of captivity at the Central Park Zoo and wash ashore on the island of Madagascar.,benstiller chrisrock davidschwimmer jadapinkettsmith sachabaroncohen,ericdarnell,friendship island escape africa lion zoo hippopotamus giraffe penguin cartoon villain zebra slapstick comedy madagascar animals nostalgic lemur escaped animal talking animal 3d animation witty
561,Constantine,2005-02-08,2005,en,"[14, 28, 27]",10.0988,7.119,7894,"John Constantine has literally been to Hell and back. When he teams up with a policewoman to solve the mysterious suicide of her twin sister, their investigation takes them through the world of demons and angels that exists beneath the landscape of contemporary Los Angeles.",keanureeves rachelweisz shialabeouf djimonhounsou maxbaker,francislawrence,self sacrifice angel christianity confession superhero supernatural exorcism archangel gabriel holy water redemption based on comic lucifer demon occult aftercreditsstinger mysticism supernatural power good versus evil conceited defiant occult detective dc elseworlds
10065,The Amityville Horror,2005-04-14,2005,en,[27],8.7765,6.1,2328,"George Lutz, his wife Kathy, and their three children have just moved into a beautiful, and improbably cheap, Dutch colonial mansion nestled in the sleepy coastal town of Amityville, Long Island. However, their dream home is concealing a horrific past and soon each member of the Lutz family is plagued with increasingly strange and violent visions and impulses.",ryanreynolds melissageorge jessejames jimmybennett chloëgracemoretz,andrewdouglas,"holy water haunted house based on true story long island, new york family dinner paranormal murder family death wood chopping backwards tortured to death moving in family in danger absurd horror remake cliché"
74,War of the Worlds,2005-06-28,2005,en,"[12, 53, 878]",9.5994,6.531,9048,"Ray Ferrier is a divorced dockworker and less-than-perfect father. Soon after his ex-wife and her new husband drop off his teenage son and young daughter for a rare weekend visit, a strange and powerful lightning storm touches down.",tomcruise dakotafanning justinchatwin mirandaotto timrobbins,stevenspielberg,daughter new jersey post-traumatic stress disorder (ptsd) airplane based on novel or book underground dystopia alien survival disaster apocalypse creature alien invasion human subjugation
254,King Kong,2005-12-12,2005,en,"[12, 18, 28]",9.7051,6.886,8408,"In 1933 New York, an overly ambitious movie producer coerces his cast and hired ship crew to travel to mysterious Skull Island, where they encounter Kong, a giant ape who is immediately smitten with the leading lady.",naomiwatts adrienbrody jackblack andyserkis colinhanks,peterjackson,new york city exotic island movie business show business human animal relationship great depression giant insect remake prehistoric creature dinosaur creature kaiju empire state building giant ape woman in peril 1930s giant gorilla grand king kong
787,Mr. & Mrs. Smith,2005-06-07,2005,en,"[28, 35, 18, 53]",9.7159,6.692,11096,"A husband and wife struggle to keep their marriage alive until they realize they are both secretly working as assassins. Now, their respective assignments require them to kill each other.",bradpitt angelinajolie vincevaughn adambrody kerrywashington,dougliman,assassin bomb hitman marriage crisis gun secret identity married couple assault rifle marriage decoy secret agent dysfunctional marriage gunfight bullet wound excited
9738,Fantastic Four,2005-06-29,2005,en,"[28, 14, 878]",8.2548,5.804,9898,"During a space voyage, four scientists are altered by cosmic rays: Reed Richards gains the ability to stretch his body; Sue Storm can become invisible; Johnny Storm controls fire; and Ben Grimm is turned into a super-strong … thing. Together, these ""Fantastic Four"" must now thwart the evil plans of Dr. Doom and save the world from certain destruction.",ioangruffudd jessicaalba chrisevans michaelchiklis julianmcmahon,timstory,mask friendship marriage proposal fire sibling relationship flying radiation missile superhero dna transformation based on comic space laboratory explosion scientist super power space station brooklyn bridge superhuman strength invisibility elasticity baffled
46283,The Sisters,2005-04-23,2005,en,[18],2.9244,4.8,19,"Based on Anton Chekov's ""The Three Sisters"" about siblings living in a college town who struggle with the death of their father and try to reconcile relationships in their own lives.",elizabethbanks mariabello erikachristensen stevenculp tonygoldwyn,arthurallanseidelman,adultery based on play or musical teacher
1895,Star Wars: Episode III - Revenge of the Sith,2005-05-17,2005,en,"[12, 28, 878]",9.4237,7.5,14770,"When the sinister Sith unveil a thousand-year-old plot to rule the galaxy, the Republic crumbles and from its ashes rises the evil Galactic Empire. Jedi hero Anakin Skywalker must choose a side.",haydenchristensen ewanmcgregor natalieportman ianmcdiarmid samuell.jackson,georgelucas,showdown lava fight politics volcano chosen one sequel romance prequel tragedy cult figure tragic hero vision planet hatred dream sequence expectant mother space opera chancel burn injury allegorical tragic romance fall from grace power violence suspenseful sinister bold star wars
142,Brokeback Mountain,2005-10-22,2005,en,"[18, 10749]",8.0515,7.785,7467,"In 1960s Wyoming, two men develop a strong emotional and sexual relationship that endures as a lifelong connection complicating their lives as they get married and start families of their own.",heathledger jakegyllenhaal michellewilliams annehathaway randyquaid,anglee,"secret love wyoming, usa countryside homophobia marriage crisis intolerance in the closet summer cowboy lgbt star crossed lovers 1960s thoughtful closeted homosexual gay romance gay theme gay relationship matter of fact"
8488,Hitch,2005-02-11,2005,en,"[35, 18, 10749]",7.8443,6.576,6155,"Dating coach Alex 'Hitch' Hitchens mentors a bumbling client, Albert, who hopes to win the heart of the glamorous Allegra Cole. While Albert makes progress, Hitch faces his own romantic setbacks when proven techniques fail to work on Sara Melas, a tabloid reporter digging for dirt on Allegra Cole's love life. When Sara discovers Hitch's connection to Albert – now Allegra's boyfriend – it threatens to destroy both relationships.",willsmith evamendes kevinjames ambervalletta julieannemery,andytennant,romcom speed date dating romantic
1830,Lord of War,2005-09-16,2005,en,"[80, 18, 53]",7.268,7.341,5244,"Yuri Orlov is a globetrotting arms dealer and, through some of the deadliest war zones, he struggles to stay one step ahead of a relentless Interpol agent, his business rivals and even some of his customers who include many of the world's most notorious dictators. Finally, he must also face his own conscience.",nicolascage bridgetmoynahan jaredleto ethanhawke eamonnwalker,andrewniccol,hotel new york city civil war dictator cold war drug addiction cocaine warlord car bomb arms dealer based on true story interpol prostitution liberia
1635,The Island,2005-07-21,2005,en,"[28, 53, 878, 12]",7.4078,6.69,5807,"In 2019, Lincoln Six-Echo is a resident of a seemingly ""Utopian"" but contained facility. Like all of the inhabitants of this carefully-controlled environment, Lincoln hopes to be chosen to go to The Island — reportedly the last uncontaminated location on the planet. But Lincoln soon discovers that everything about his existence is a lie.",ewanmcgregor scarlettjohansson djimonhounsou seanbean stevebuscemi,michaelbay,genetics love of one's life escape freedom dystopia transhumanism false memory plague human clone 2010s organ trafficking sympathetic
9753,Three,2005-11-16,2005,en,"[12, 18, 53]",6.4926,5.581,283,"After a yachting accident, a millionaire and his wife are shipwrecked on a desert island along with their former deckhand, Manuel.",billyzane kellybrook juanpablodipace toddcollins gabriellejourdan,stewartraffill,infidelity exotic island husband wife relationship shipwreck rivalry millionaire deserted island voodoo ritual nude swimming sharks
9928,Robots,2005-03-10,2005,en,"[16, 35, 10751, 878]",7.1124,6.482,4867,"Rodney Copperbottom is a young robot inventor who dreams of making the world a better place, until the evil Ratchet takes over Bigweld Industries. Now, Rodney's dreams – and those of his friends – are in danger of becoming obsolete.",ewanmcgregor halleberry gregkinnear melbrooks drewcarey,chriswedge,inventor businessman villain steampunk robot dishonesty amused
187,Sin City,2005-04-01,2005,en,"[80, 53]",8.501,7.462,8725,"Welcome to Sin City. This town beckons to the tough, the corrupt, the brokenhearted. Some call it dark… Hard-boiled. Then there are those who call it home — Crooked cops, sexy dames, desperate vigilantes. Some are seeking revenge, others lust after redemption, and then there are those hoping for a little of both. A universe of unlikely and reluctant heroes still trying to do the right thing in a city that refuses to care.",brucewillis jessicaalba cliveowen mickeyrourke rutgerhauer,robertrodriguez,dystopia based on comic anthology black and white held captive based on graphic novel mysterious killer doing the right thing silhouette neo-noir absurd bold
1640,Crash,2005-05-06,2005,en,[18],6.7135,7.217,3808,"In post-Sept. 11 Los Angeles, tensions erupt when the lives of a Brentwood housewife, her district attorney husband, a Persian shopkeeper, two cops, a pair of carjackers and a Korean couple converge during a 36-hour period.",doncheadle sandrabullock brendanfraser mattdillon jenniferesposito,paulhaggis,"daughter police race politics installer fall car crash racism los angeles, california bigotry social services collision interwoven stories ensemble cast"
6957,The 40 Year Old Virgin,2005-08-11,2005,en,"[35, 10749]",6.5943,6.416,7133,"Andy Stitzer has a pleasant life with a nice apartment and a job stamping invoices at an electronics store. But at age 40, there's one thing Andy hasn't done, and it's really bothering his sex-obsessed male co-workers: Andy is still a virgin. Determined to help Andy get laid, the guys make it their mission to de-virginize him. But it all seems hopeless until Andy meets small business owner Trish, a single mom.",stevecarell catherinekeener paulrudd romanymalco sethrogen,juddapatow,first time virgin male friendship co-workers relationship poker game sex comedy virginity sex
7364,Sahara,2005-04-06,2005,en,"[28, 12, 35, 18, 9648]",6.4514,5.9,1613,"Seasoned adventurer and treasure hunter Dirk Pitt, a former Navy SEAL, sets out for the African desert with his wisecracking buddy Al in search of a confederate ironclad battleship rumored to have vanished long ago, the main draw being the treasure supposedly hidden within the lost vessel. When the daring duo come across Dr. Eva Rojas, a beautiful scientist who is juggling an escape from a warlord and a mission to stop the spread of a powerful plague, their desert expedition begins to heat up.",matthewmcconaughey penélopecruz stevezahn lenniejames lambertwilson,breckeisner,dying and death civil war based on novel or book africa warlord rescue mission treasure hunt sahara desert doctor scientist desert historical event ironclad ship adventurer american civil war tuareg plague african tribe mali treasure hunter lagos river niger unexplained deaths world health organization confederate ship neurologist historical artifacts
215,Saw II,2005-10-28,2005,en,[27],5.7573,6.605,5796,"The chilling and relentless Jigsaw killer returns to terrorize the city once again. When a gruesome murder victim emerges with unmistakable traces of Jigsaw's sinister methods, Detective Eric Matthews is thrust into a high-stakes investigation. To his surprise, apprehending Jigsaw seems almost too easy, but what he doesn't realize is that being caught is merely another piece of Jigsaw's intricate puzzle.",tobinbell donniewahlberg shawneesmith erikknudsen frankyg,darrenlynnbousman,sadism riddle serial killer torture survival horror death match mind game death game
9982,Chicken Little,2005-11-04,2005,en,"[16, 10751, 35]",5.893,5.905,4116,"When the sky really is falling and sanity has flown the coop, who will rise to save the day? Together with his hysterical band of misfit friends, Chicken Little must hatch a plan to save the planet from alien invasion and prove that the world's biggest hero is a little chicken.",zachbraff garrymarshall donknotts amysedaris stevezahn,markdindal,fish small town space marine superhero chicken cartoon alien coming of age computer animation best friend alien invasion animals duringcreditsstinger spaceship talking animal 3d animation awestruck
7453,The Hitchhiker's Guide to the Galaxy,2005-04-28,2005,en,"[12, 35, 878]",5.4562,6.683,4182,"Mere seconds before the Earth is to be demolished by an alien construction crew, Arthur Dent is swept off the planet by his friend Ford Prefect, a researcher penning a new edition of ""The Hitchhiker's Guide to the Galaxy.""",martinfreeman yasiinbey zooeydeschanel samrockwell alanrickman,garthjennings,galaxy android bureaucracy based on novel or book chase space travel alien survival stop motion hitchhiker robot alien invasion space opera hyperspace meaning of life destruction of earth intergalactic travel islington england whimsical cheerful
16320,Serenity,2005-09-25,2005,en,"[878, 28, 12, 53]",6.5963,7.359,3812,"When the renegade crew of Serenity agrees to hide a fugitive on their ship, they find themselves in an action-packed battle between the relentless military might of a totalitarian regime who will destroy anything – or anyone – to get the girl back and the bloodthirsty creatures who roam the uncharted areas of space. But... the greatest danger of all may be on their ship.",nathanfillion summerglau ginatorres alantudyk morenabaccarin,josswhedon,spacecraft martial arts telepathy dystopia fugitive space western planet cannibal space opera operative ex soldier firefly browncoat awestruck
11459,Sky High,2005-07-29,2005,en,"[12, 35, 10751]",5.5931,6.256,2430,"Set in a world where superheroes are commonly known and accepted, young Will Stronghold, the son of the Commander and Jetstream, tries to find a balance between being a normal teenager and an extraordinary being.",michaelangarano maryelizabethwinstead kurtrussell kellypreston daniellepanabaker,mikemitchell,high school friendship mission superhero loyalty mockery heroism friends super power
2313,Prime,2005-09-21,2005,en,"[35, 18, 10749]",6.2759,6.0,835,"A career driven professional from Manhattan is wooed by a young painter, who also happens to be the son of her psychoanalyst.",umathurman merylstreep bryangreenberg jonabrahams zakorth,benyounger,new york city lovesickness jealousy love of one's life therapist age difference photographer date jewry jewish life nightclub artist kiss blonde older woman younger man relationship desire to have children
9392,The Descent,2005-07-08,2005,en,"[12, 27]",5.7519,6.977,4319,"After a personal tragedy, Sarah joins her friends on a caving expedition in the Appalachian Mountains. But when a rockfall traps them deep underground, their adventure turns into a nightmare. As they search for a way out, the group discovers they are not alone—lurking in the darkness are savage, cave-dwelling creatures. With rising tension and dwindling trust, the women must fight to survive against both the predators and each other.",shaunamacdonald nataliemendoza alexreid myannaburing saskiamulder,neilmarshall,panic darkness mutant expedition cave claustrophobia trauma gore female friendship rope climbing appalachia friends female protagonist best friend creature survival horror grieving speleology camcorder suspenseful ambivalent
25,Jarhead,2005-11-04,2005,en,"[18, 10752]",5.6214,6.7,3130,"Jarhead is a film about a US Marine Anthony Swofford’s experience in the Gulf War. After putting up with an arduous boot camp, Swofford and his unit are sent to the Persian Gulf where they are eager to fight, but are forced to stay back from the action. Swofford struggles with the possibility of his girlfriend cheating on him, and as his mental state deteriorates, his desire to kill increases.",jakegyllenhaal jamiefoxx petersarsgaard scottmacdonald chriscooper,sammendes,california gulf war saudi arabia petrol marine corps kuwait based on memoir or autobiography u.s. marine anti war desert storm harsh
7553,Waiting...,2005-10-07,2005,en,"[35, 10749]",5.2811,6.2,968,Young employees at Shenaniganz restaurant collectively stave off boredom and adulthood with their antics.,ryanreynolds annafaris justinlong davidkoechner luisguzmán,robmckittrick,decision waiter hostess trainee employer employee relationship glass pipe screaming
6795,Zathura: A Space Adventure,2005-11-06,2005,en,"[878, 12, 10751]",5.9615,6.43,3530,"After their father is called into work, two young boys, Walter and Danny, are left in the care of their teenage sister, Lisa, and told they must stay inside. Walter and Danny, who anticipate a boring day, are shocked when they begin playing Zathura, a space-themed board game, which they realize has mystical powers when their house is shot into space. With the help of an astronaut, the boys attempt to return home.",joshhutcherson jonahbobo daxshepard kristenstewart timrobbins,jonfavreau,fire based on novel or book killer robot house space travel wish meteor challenge giant lizard alien space board game planet astronaut game hardship little brother alternative reality trapped in space space adventure space pirate children's adventure meteor shower jealous brother brother brother relationship alien spaceship big brother brothers big sister challenges child
403604,900 Neighbours,2006-06-01,2006,en,[99],33.7334,0.0,0,"Australian headlines screamed ""Skeleton Found In Housing Commission Apartment"" ... the man had died six months earlier but no-one noticed. The Northcott building is one of Sydney's most infamous buildings - synonymous with suicides, murders and drug deals. But now, Northcott residents are working hard to turn that perception around. This is their inspirational story.",,brendanfletcher,
350,The Devil Wears Prada,2006-06-29,2006,en,"[18, 35]",27.8577,7.387,12847,"A young woman from the Midwest gets more than she bargained for when she moves to New York to become a writer and ends up as the assistant to the tyrannical, larger-than-life editor-in-chief of a major fashion magazine.",merylstreep annehathaway emilyblunt stanleytucci simonbaker,davidfrankel,"new york city journalist paris, france based on novel or book journalism fashion journal assistant job entrant job interview editor-in-chief fashion fashion magazine bullied city life fashion industry bold workplace drama"
1262,Stranger Than Fiction,2006-11-10,2006,en,"[18, 35, 10749, 14]",20.9515,7.284,2490,Harold Crick is a lonely IRS agent whose mundane existence is transformed when he hears a mysterious voice narrating his life.,willferrell maggiegyllenhaal dustinhoffman emmathompson queenlatifah,marcforster,literature professor writer's block love fate author death dying novelist publisher what if introspective book narrator assertive derisive dignified relógio ônibus
1124,The Prestige,2006-10-17,2006,en,"[18, 9648, 878]",14.9399,8.2,17357,"A mysterious story of two magicians whose intense rivalry leads them on a life-long battle for supremacy -- full of obsession, deceit and jealousy with dangerous and deadly consequences.",hughjackman christianbale michaelcaine piperperabo rebeccahall,christophernolan,"dying and death suicide class society london, england magic competition obsession hostility class diary twist tricks illusion rivalry partner steampunk cruelty hanging jail cell 19th century nikola tesla magician tesla coil bittersweet secret direct mind-blowing antagonistic embarrassed pretentious"
58,Pirates of the Caribbean: Dead Man's Chest,2006-07-06,2006,en,"[12, 14, 28]",14.3555,7.374,16982,"Jack's got a blood debt to pay: he owes his soul to the legendary Davy Jones, ghastly Ruler of the Ocean Depths.  But ever-crafty Jack isn't about to go down without a fight.",johnnydepp orlandobloom keiraknightley jackdavenport billnighy,goreverbinski,witch daughter ship exotic island bondage monster fortune teller compass sword fight pirate cannibal swashbuckler kraken aftercreditsstinger based on theme park ride witty excited
1422,The Departed,2006-10-04,2006,en,"[18, 53, 80]",13.9741,8.159,15996,"To take down South Boston's Irish Mafia, the police send in one of their own to infiltrate the underworld, not realizing the syndicate has done likewise. While an undercover cop curries favor with the mob kingpin, a career criminal rises through the police ranks. But both sides soon discover there's a mole among them.",leonardodicaprio mattdamon jacknicholson markwahlberg martinsheen,martinscorsese,"police undercover boston, massachusetts gangster irish-american crime boss friends remake mobster organized crime mafia undercover cop mole state police police training realtor angry complex dreary action packed intense authoritarian frightened"
36557,Casino Royale,2006-11-14,2006,en,"[12, 28, 53]",12.4996,7.569,11528,"Le Chiffre, a banker to the world's terrorists, is scheduled to participate in a high-stakes poker game in Montenegro, where he intends to use his winnings to establish his financial grip on the terrorist market. M sends Bond—on his maiden mission as a 00 Agent—to attend this game and prevent Le Chiffre from winning. With the help of Vesper Lynd and Felix Leiter, Bond enters the most important poker game in his already dangerous career.",danielcraig evagreen madsmikkelsen judidench jeffreywright,martincampbell,banker casino based on novel or book poker italy spy money torture terrorism mi6 british secret service montenegro james bond dramatic suspenseful thriller action adventure earnest
1579,Apocalypto,2006-12-07,2006,en,"[28, 18, 36]",11.7042,7.595,6145,"Set in the Mayan civilization, when a man's idyllic presence is brutally disrupted by a violent invading force, he is taken on a perilous journey to a world ruled by fear and oppression where a harrowing end awaits him. Through a twist of fate and spurred by the power of his love for his woman and his family he will make a desperate break to return home and to ultimately save his way of life.",rudyyoungblood raoulmaxtrujillo gerardotaracena iazualarios antoniomonroy,melgibson,loss of loved one maya civilization village solar eclipse affectation slavery tribe native american forest human sacrifice eclipse central america ancient civilization angry aggressive 16th century candid maya temple ancient language film absurd dramatic critical admiring adoring ambiguous ambivalent approving assertive audacious authoritarian awestruck baffled celebratory commanding defiant earnest empathetic enchant veneno ameríndio maias século xvi
4257,Scary Movie 4,2006-04-12,2006,en,[35],10.1604,5.49,3526,"Cindy finds out the house she lives in is haunted by a little boy and goes on a quest to find out who killed him and why. Also, Alien ""Tr-iPods"" are invading the world and she has to uncover the secret in order to stop them.",annafaris reginahall craigbierko billpullman anthonyanderson,davidzucker,haunted house haunting parody alien life-form riesen-ipod sequel crude humor spoof conflict horror spoof alien invasion family horror parody dumb blonde
588,Silent Hill,2006-04-21,2006,en,"[27, 9648]",10.0417,6.62,4789,"Rose, a desperate mother, takes her adopted daughter, Sharon, to the town of Silent Hill in an attempt to cure her of her ailment. After a violent car crash, Sharon disappears, and Rose embarks on a horrific journey to get her back and begins to uncover the truth behind the apocalyptic disaster that burned the town 30 years earlier.",radhamitchell seanbean jodelleferland laurieholden deborahkaraunger,christophegans,hotel pedophilia child abuse monster suffering nurse nun darkness sadism orphanage classroom moral ambiguity child murder mother role witch burning symbolism supernatural fog possession heroism gore barbed wire surrealism revenge survival religion school hospital another dimension torture creature massacre pedophile brutality demon religious fundamentalism child molester gothic conscience molestation based on video game missing child dismemberment persecution religious cult child molestation ghost town mist immolation evil child sleepwalking nightmare becomes reality limbo bugs sexual predator mother daughter relationship biopunk skinning supernatural power supernatural horror psychotronic film extreme violence child sexual abuse evil little girl religious fanaticism
920,Cars,2006-06-08,2006,en,"[16, 12, 35, 10751]",10.1754,7.022,14970,"Lightning McQueen, a hotshot rookie race car driven to succeed, discovers that life is about the journey, not the finish line, when he finds himself unexpectedly detoured in the sleepy Route 66 town of Radiator Springs. On route across the country to the big Piston Cup Championship in California to compete against two seasoned pros, McQueen gets to know the town's offbeat characters.",owenwilson paulnewman bonniehunt larrythecableguy cheechmarin,johnlasseter,"friendship car race sports villain success route 66 porsche retirement road trip anthropomorphism love racing rural area los angeles, california aftercreditsstinger duringcreditsstinger rookie dedication humility cars whimsical arrogant disdainful enthusiastic frustrated"
1402,The Pursuit of Happyness,2006-12-14,2006,en,[18],9.813,7.886,10471,A struggling salesman takes custody of his son as he's poised to begin a life-changing professional career.,willsmith jadensmith thandiwenewton brianhowe jameskaren,gabrielemuccino,"work worker homeless person single parent san francisco, california bus homelessness church service bad luck biography based on true story salesman stockbroker single father inspiring story poor working life happiness"
591,The Da Vinci Code,2006-05-17,2006,en,"[53, 9648]",10.8117,6.726,9959,"A murder in Paris’ Louvre Museum and cryptic clues in some of Leonardo da Vinci’s most famous paintings lead to the discovery of a religious mystery. For 2,000 years a secret society closely guards information that — should it come to light — could rock the very foundations of Christianity.",tomhanks audreytautou ianmckellen jeanreno paulbettany,ronhoward,"paris, france based on novel or book holy grail christianity monk secret society louvre museum grave heresy mona lisa (la gioconda) freemason pentagram melancholy conspiracy tomb mourning catholicism cryptologist iconography albino sect meditative vexed somber philosophical reflective wonder loving introspective serene irreverent intimate dramatic romantic appreciative commanding dignified earnest euphoric exhilarated gentle hopeful modest optimistic powerful sincere sympathetic tragic"
752,V for Vendetta,2006-02-23,2006,en,"[28, 53, 878]",9.0723,7.898,15415,"In a world in which Great Britain has become a fascist state, a masked vigilante known only as “V” conducts guerrilla warfare against the oppressive British government. When V rescues a young woman from the secret police, he finds in her an ally with whom he can continue his fight to free the people of Britain.",natalieportman hugoweaving stephenrea stephenfry johnhurt,jamesmcteigue,government detective revolution dystopia fascism fascist chancellor based on comic revenge torture hatred masked vigilante vengeful spirit activist political thriller thoughtful vengeful dystopian sci-fi
1593,Night at the Museum,2006-12-20,2006,en,"[14, 10751, 35]",9.5246,6.597,10852,"Chaos reigns at the natural history museum when night watchman Larry Daley accidentally stirs up an ancient curse, awakening Attila the Hun, an army of gladiators, a Tyrannosaurus rex and other exhibits.",benstiller carlagugino dickvandyke mickeyrooney billcobbs,shawnlevy,night shift skeleton chaos maya civilization museum genghis khan natural history dinosaur based on children's book magical object security guard duringcreditsstinger pharaoh inanimate objects come to life cheerful
1427,Perfume: The Story of a Murderer,2006-09-13,2006,en,"[80, 14, 18]",6.2572,7.368,4931,"Jean-Baptiste Grenouille, born in the stench of 18th century Paris, develops a superior olfactory sense, which he uses to create the world's finest perfumes. However, his work takes a dark turn as he tries to preserve scents in the search for the ultimate perfume.",benwhishaw alanrickman rachelhurd-wood dustinhoffman johnhurt,tomtykwer,"daughter small town bad smell prostitute paris, france based on novel or book obsession orgy genius supernatural lone wolf nose lavender child prodigy fish market murder death perfume 18th century"
950,Ice Age: The Meltdown,2006-03-29,2006,en,"[16, 10751, 35, 12]",8.1815,6.716,10263,"Diego, Manny and Sid return in this sequel to the hit animated movie Ice Age. This time around, the deep freeze is over, and the ice-covered earth is starting to melt, which will destroy the trio's cherished valley. The impending disaster prompts them to reunite and warn all the other beasts about the desperate situation.",rayromano johnleguizamo denisleary queenlatifah seannwilliamscott,carlossaldanha,mammoth sloth ice age barrier ice ice melting iceberg villain flooding deluge lovers sequel saber-toothed tiger
1372,Blood Diamond,2006-12-08,2006,en,"[18, 53, 28]",7.4004,7.553,8217,"An ex-mercenary turned smuggler. A Mende fisherman. Amid the explosive civil war overtaking 1999 Sierra Leone, these men join for two desperate missions: recovering a rare pink diamond of immense value and rescuing the fisherman's son, conscripted as a child soldier into the brutal rebel forces ripping a swath of torture and bloodshed countrywide.",leonardodicaprio djimonhounsou jenniferconnelly kagisokuypers arnoldvosloo,edwardzwick,bootlegger journalist smuggling (contraband) loss of loved one africa rwandan genocide rebel journalism slavery fisherman mercenary diamond mine sierra leone special unit oppression macabre 1990s private military company inspirational sinister set in africa
7512,Idiocracy,2006-09-01,2006,en,"[35, 878, 12]",8.3219,6.4,3461,"To test its top-secret Human Hibernation Project, the Pentagon picks the most average Americans it can find - an Army private and a prostitute - and sends them to the year 2505 after a series of freak events. But when they arrive, they find a civilization so dumbed-down that they're the smartest people around.",lukewilson mayarudolph daxshepard terrycrews anthony'citric'campos,mikejudge,future army prostitute usa president congress experiment arena capitalism dark comedy hibernation stupidity junk food social satire brainwashing surveillance masturbation u.s. congress mass media aftercreditsstinger commercialism cryonics anti-intellectualism dystopian sci-fi
7551,Déjà Vu,2006-11-22,2006,en,"[28, 53, 878]",8.9189,6.876,5203,"Called in to recover evidence in the aftermath of a horrific explosion on a New Orleans ferry, Federal agent Doug Carlin gets pulled away from the scene and taken to a top-secret government lab that uses a time-shifting surveillance device to help prevent crime.",denzelwashington paulapatton valkilmer jimcaviezel adamgoldberg,tonyscott,"deja vu technology fbi patriotism new orleans, louisiana time travel wormhole terrorism investigator alternate timeline ferry"
9072,Little Man,2006-08-31,2006,en,"[35, 80]",7.7142,5.935,1874,"After leaving prison, dwarf criminal Calvin Sims joins his moron brother Percy in stealing an expensive huge diamond from a jewelry store for the mobster Walken. They are chased by the police, and Calvin hides the stone in the purse of executive Vanessa Edwards, whose husband Darryl Edwards wants to have a baby. Percy convinces Calvin to dress like a baby and be left in front of the Edwards' house to get inside the house and retrieve the diamond. Darryl and Vanessa keep Calvin for the weekend and decide to adopt him, while Walken threatens Darryl to get the stone back.",marlonwayans shawnwayans kerrywashington johnwitherspoon tracymorgan,keenenivorywayans,baby small person married couple adoption criminal comforting
1948,Crank,2006-08-31,2006,en,"[28, 53, 80]",7.9586,6.651,4142,"Chev Chelios, a hit man wanting to go straight, lets his latest target slip away. Then he awakes the next morning to a phone call that informs him he has been poisoned and has only an hour to live unless he keeps adrenaline coursing through his body while he searches for an antidote.",jasonstatham amysmart josepablocantillo efrenramirez dwightyoakam,briantaylor,assassin helicopter hitman poison fistfight swimming pool revenge shootout motorcycle drugs cell phone pharmacy defibrillation hospital gown emergency room aftercreditsstinger sweatshop aggressive epinephrine desperate absurd forceful
9693,Children of Men,2006-09-22,2006,en,"[878, 53]",7.3523,7.61,7738,"In 2027, in a chaotic world in which humans can no longer procreate, a former activist agrees to help transport a miraculously pregnant woman to a sanctuary at sea, where her child's birth may help scientists save the future of humankind.",cliveowen clare-hopeashitey chiwetelejiofor juliannemoore michaelcaine,alfonsocuarón,future government police state based on novel or book hippie england faith chaos refugee camp rebel dystopia miracle childlessness survival psychological thriller birth alcoholic bombing dying terrorist group fertility soldiers violence dystopian sci-fi
9655,She's the Man,2006-03-17,2006,en,"[35, 10749]",6.1578,6.81,3244,"Viola Hastings is in a real jam. Complications threaten her scheme to pose as her twin brother, Sebastian, and take his place at a new boarding school. She falls in love with her handsome roommate, Duke, who loves beautiful Olivia, who has fallen for Sebastian! As if that were not enough, Viola's twin returns from London ahead of schedule but has no idea that his sister has already replaced him on campus.",amandabynes channingtatum lauraramsey vinniejones davidcross,andyfickman,high school sports boarding school roommates twin sister fake identity mistaken identity twin brother cross dressing football (soccer) teen comedy tomboy disguised voice the big game 2000s woman disguised as man gay theme
9792,The Hills Have Eyes,2006-03-10,2006,en,"[27, 53]",6.7329,6.457,3291,"Based on Wes Craven's 1977 suspenseful cult classic, The Hills Have Eyes is the story of a family road trip that goes terrifyingly awry when the travelers become stranded in a government atomic zone. Miles from nowhere, the Carter family soon realizes the seemingly uninhabited wasteland is actually the breeding ground of a blood-thirsty mutant family...and they are the prey.",aaronstanford danbyrd emiliederavin vinessashaw tedlevine,alexandreaja,van rape ambush gas station new mexico gore remake serial killer slasher brutality cannibal killer desert family holiday madness ghost town lost in the desert nuclear testing human monster
7518,Over the Hedge,2006-05-17,2006,en,"[10751, 35, 16, 12]",6.1435,6.588,4774,"A scheming raccoon fools a mismatched family of forest creatures into helping him repay a debt of food, by invading the new suburban sprawl that popped up while they were hibernating – and learns a lesson about family himself.",brucewillis garryshandling stevecarell wandasykes williamshatner,kareykirkpatrick,suburbian idyll garbage entrapment squirrel garden grizzly bear villain turtle forest suburb animals raccoon porcupine playful opossum cartoon turtle skunk
9286,Final Destination 3,2006-02-09,2006,en,"[27, 9648]",6.5368,6.148,4499,"High school senior Wendy's premonition of a deadly rollercoaster ride saves her life and a lucky few, but not from death itself — which seeks out those who escaped their fate.",maryelizabethwinstead ryanmerriman krislemche alexzjohnson sameaston,jameswong,dying and death stroke of fate beheading omen premonition burned alive fate death amusement park roller coaster / rollercoaster cheating death emo supernatural horror teenager suspenseful horror deaths supernatural slasher
9339,Click,2006-06-23,2006,en,"[35, 18, 14]",6.7399,6.302,7476,"A married workaholic, Michael Newman doesn't have time for his wife and children, not if he's to impress his ungrateful boss and earn a well-deserved promotion. So when he meets Morty, a loopy sales clerk, he gets the answer to his prayers: a magical remote that allows him to bypass life's little distractions with increasingly hysterical results.",adamsandler katebeckinsale christopherwalken davidhasselhoff henrywinkler,frankcoraci,dying and death regret workaholic heart attack architect liposuction time travel remote control obesity hospital wedding dog second chance fatherhood alternative reality time jump
9836,Happy Feet,2006-11-16,2006,en,"[16, 35, 10751]",6.8028,6.22,5411,"Into the world of the Emperor Penguins, who find their soul mates through song, a penguin is born who cannot sing. But he can tap dance something fierce!",elijahwood robinwilliams brittanymurphy hughjackman nicolekidman,georgemiller,fish ocean zoo penguin tap dancing anthropomorphism love crush snow singing antarctica family duringcreditsstinger inspirational
1246,Rocky Balboa,2006-12-20,2006,en,[18],6.3562,6.875,3753,"When he loses a highly publicized virtual boxing match to ex-champ Rocky Balboa, reigning heavyweight titleholder Mason Dixon retaliates by challenging the Italian Stallion to a 10-round exhibition bout. To the surprise of his son and friends, Rocky agrees to come out of retirement and face an opponent who's faster, stronger and thirty years his junior. Rocky takes on Dixon in what will become the greatest fight in boxing history!",sylvesterstallone burtyoung antoniotarver geraldinehughes miloventimiglia,sylvesterstallone,"philadelphia, pennsylvania transporter love of one's life fight tombstone publicity boxer comeback defeat training restaurant owner world champion challenger virtual fight victory cancer over-the-hill fighter inspiring boxing inspirational powerful"
956,Mission: Impossible III,2006-04-25,2006,en,"[12, 28, 53]",6.2796,6.8,7523,"Retired from active duty, and training recruits for the Impossible Mission Force, agent Ethan Hunt faces the toughest foe of his career: Owen Davian, an international broker of arms and information, who's as cunning as he is ruthless. Davian emerges to threaten Hunt and all that he holds dear – including the woman Hunt loves.",tomcruise philipseymourhoffman vingrhames billycrudup michellemonaghan,j.j.abrams,"mask mission berlin, germany central intelligence agency (cia) computer the white house shanghai, china funeral explosive secret mission spy vatican (holy see) secret identity traitor map honeymoon pretended murder letter fake identity covered investigation secret agent stamp hard drive e-mail decipherment suitcase secret government organization revenge murder hospital infiltration duel disguise celebration fictional government agency research laboratory government agency blast desperate anxious based on tv series suspenseful amused"
14938,The Alibi,2006-01-12,2006,en,"[10749, 35, 18]",6.2789,5.6,118,"Con man Ray Elliot decides to leave crime behind to start a company that sells fake alibis to clients who have been unfaithful to their significant others. It seems that the streetwise Ray has found his calling, until he unexpectedly becomes a murder suspect in a case involving one of his most influential customers. Now, as the police and an assassin called ""The Mormon"" track Ray, he and his attractive assistant, Lola, must clear their own names.",stevecoogan rebeccaromijn selmablair jamesbrolin samelliott,mattcheckowski,con man murder business mormon unfaithful
1249,Hollywoodland,2006-08-31,2006,en,"[80, 18, 9648]",4.2042,6.1,441,"When Hollywood superstar George Reeves dies in his home, private detective Louis Simo is hired to investigate his death and gets caught in a web of lies involving a big studio executive's wife. Based on a true story.",adrienbrody dianelane benaffleck bobhoskins robintunney,allencoulter,dying and death jealousy detective investigation observer deceived wife lovers super power whodunnit
1581,The Holiday,2006-12-05,2006,en,"[35, 10749]",5.3804,7.098,5582,"Two women, one American and one British, swap homes at Christmastime following bad breakups. Each woman finds romance with a local man but realizes that the imminent return home may end the relationship.",camerondiaz katewinslet judelaw jackblack eliwallach,nancymeyers,"london, england holiday movie business christmas party country house vacation surrey romance los angeles, california multiple storylines woman director christmas christmas romance house swapping holiday romance bold vibrant"
9907,Barnyard,2006-08-04,2006,en,"[16, 35, 10751]",4.9637,5.9,1162,"Otis is a mischievous, carefree Holstein cow who lives on a farm where, unbeknownst to humans, the animals are anthropomorphic. He prefers having fun with his best friends: Pip the mouse, Freddy the ferret, Peck the rooster, and Pig the pig - rather than following strict rules and accepting responsibility. This annoys his stern adoptive father Ben, the leader of the farm's community. One evening, Otis convinces Ben to cover his night watch so he can attend a massive party in the barn and impress Daisy, a pregnant cow who recently arrived at the farm with her best friend Bessy as a newcomer. As the animals party, Dag the coyote and his pack attempt to raid the chicken coop. Ben fends them off alone but is fatally wounded and killed. Otis must now learn the value of responsibility when he becomes the leader of his farm home's community.",kevinjames courteneycox samelliott dannyglover wandasykes,steveoedekerk,farm peasant villain family farmer dead father coyote farm animals talking animal cow
388,Inside Man,2006-03-17,2006,en,"[80, 18, 53]",6.2471,7.4,6266,"When an armed, masked gang enter a Manhattan bank, lock the doors and take hostages, the detective assigned to effect their release enters negotiations preoccupied with corruption charges he is facing.",denzelwashington cliveowen jodiefoster christopherplummer willemdafoe,spikelee,"new york city hostage ultimatum heist police detective bank robbery hostage situation nypd manhattan, new york city"
8275,American Pie Presents: The Naked Mile,2006-12-13,2006,en,[35],5.3559,5.493,2162,"When Erik Stifler realizes that he's the only Stifler family member who might graduate high school a virgin, he decides to live up to his legacy. After some well-meaning advice from Jim's dad, Erik's ready to take his chances at the annual and infamous Naked Mile race, where his devoted friends and some uninhibited sorority girls will create the most outrageous weekend ever.",johnwhite jessyschram stevetalley christophermcdonald eugenelevy,joenussbaum,virgin adolescence college road trip masturbation sex comedy
1164,Babel,2006-10-26,2006,en,[18],5.7266,7.166,4023,"Tragedy strikes a married couple vacationing in the Moroccan desert, which jumpstarts an interlocking story involving four different families.",bradpitt rinkokikuchi adrianabarraza cateblanchett satoshinikaido,alejandrogonzáleziñárritu,"daughter first time loss of loved one gun deaf-mute san diego, california ecstasy nanny illegal immigration morocco drug use tokyo, japan bullet wound multiple storylines tijuana incident non linear surdez"
9297,Monster House,2006-06-30,2006,en,"[16, 35, 10751, 14]",5.3203,6.708,4281,"Monsters under the bed are scary enough, but what happens when an entire house is out to get you? Three teens aim to find out when they go up against a decrepit neighboring home and unlock its frightening secrets.",mitchelmusso samlerner spencerlocke stevebuscemi maggiegyllenhaal,gilkenan,mission monster halloween haunted house neighbor curious kids admiring
1452,Superman Returns,2006-06-28,2006,en,"[878, 28, 12]",5.6318,5.799,4502,"Superman returns to discover his 5-year absence has allowed Lex Luthor to walk free, and that those he was closest to felt abandoned and have moved on. Luthor plots his ultimate revenge that could see millions killed and change the face of the planet forever, as well as ridding himself of the Man of Steel.",brandonrouth katebosworth kevinspacey jamesmarsden parkerposey,bryansinger,saving the world superhero invulnerability based on comic sequel super power kryptonite superhuman strength
559,Spider-Man 3,2007-05-01,2007,en,"[28, 12, 878]",22.9557,6.453,15048,"The seemingly invincible Spider-Man goes up against an all-new crop of villains—including the shape-shifting Sandman. While Spider-Man’s superpowers are altered by an alien organism, his alter ego, Peter Parker, deals with nemesis Eddie Brock and also gets caught up in a love triangle.",tobeymaguire kirstendunst jamesfranco thomashadenchurch tophergrace,samraimi,amnesia dual identity love of one's life loss of loved one forgiveness hostility superhero sandstorm spider wretch sand narcissism egomania based on comic sequel revenge symbiote amused
13483,Awake,2007-11-28,2007,en,"[53, 80, 9648]",18.7965,6.542,1495,"While undergoing heart surgery, a man experiences a phenomenon called ‘anesthetic awareness’, which leaves him awake but paralyzed throughout the operation. As various obstacles present themselves, his wife must make life-altering decisions while wrestling with her own personal drama.",haydenchristensen jessicaalba terrencehoward lenaolin christophermcdonald,jobyharold,
9898,The Killing Floor,2007-05-10,2007,en,"[80, 53, 27]",14.2369,5.3,47,"A literary agent moves into a penthouse apartment. Soon after the move, he receives crime scene photographs that seem to have taken place in his new apartment. Next he receives a series of stalker videotapes that document his every move.",marcblucas shiriappleby reikoaylesworth joelleffert jeffreycarlson,gideonraff,neighbor surveillance videotape
675,Harry Potter and the Order of the Phoenix,2007-07-08,2007,en,"[12, 14]",18.0335,7.672,20624,"Returning for his fifth year at Hogwarts, Harry is stunned to find that his warnings about the return of Lord Voldemort have been ignored. Left with no choice, Harry takes matters into his own hands, training a small group of motivated students to defend themselves against the Dark Arts.",danielradcliffe rupertgrint emmawatson imeldastaunton helenabonhamcarter,davidyates,witch dying and death court magic prophecy loss of loved one professor supernatural child hero school of witchcraft black magic sorcery occult ghost wizard christmas scholar mystical land ministry based on young adult novel excited teen fantasy coming-of-age
2062,Ratatouille,2007-06-28,2007,en,"[16, 35, 10751, 14]",16.3598,7.838,18290,"Remy, a rat living in Paris, possesses a palate far more refined than that of his fellow comrades. He dreams of becoming a chef, determined to create culinary masterpieces rather than scavenge for scraps. When fate deposits him in the sewers beneath one of Paris’s most famous restaurants, he finds himself ideally placed to fulfill his dream. Forming an unusual alliance with a bumbling young kitchen worker, Remy begins a daring culinary double life. Together, they must outwit the scheming Head Chef Skinner, evade Remy’s disapproving colony, and impress renowned food critic Anton Ego, who strikes fear in the hearts of chefs all throughout France.",pattonoswalt ianholm louromano briandennehy petersohn,bradbird,"work sibling relationship paris, france expensive restaurant river confidence cooking evacuation mouse leaving one's family restaurant villain restaurant critic spice cookbook food chef sewer unlikely friendship french restaurant rat french cuisine fine dining 3d animation inspirational romantic cheerful"
285,Pirates of the Caribbean: At World's End,2007-05-19,2007,en,"[12, 14, 28]",13.8235,7.266,15305,Captain Jack Sparrow is trapped in Davy Jones' Locker when his pirate brethren begin a desperate quest to locate and rescue him. Follow their wild seafaring adventures from exotic Singapore to World's End and beyond.,johnnydepp geoffreyrush orlandobloom keiraknightley jackdavenport,goreverbinski,exotic island strong woman love of one's life afterlife traitor singapore shipwreck sword fight pirate monkey swashbuckler flying dutchman rum sailing ship aftercreditsstinger british navy mass hanging playful whimsical celebratory joyful
6977,No Country for Old Men,2007-11-09,2007,en,"[80, 53, 37]",11.7652,7.948,13099,"Llewelyn Moss stumbles upon dead bodies, $2 million and a hoard of heroin in a Texas desert, but methodical killer Anton Chigurh comes looking for it, with local sheriff Ed Tom Bell hot on his trail. The roles of prey and predator blur as the violent pursuit of money and justice collide.",javierbardem tommyleejones joshbrolin woodyharrelson kellymacdonald,joelcoen,vietnam veteran sheriff trailer park based on novel or book hitman psychopath drug trafficking texas motel usa–mexico border drug cartel fate desert modern-day western neo-western tracking device cold blooded killer motel room cartel neo-noir frantic 1980s mexican cartel drug deal coin toss human nature captive bolt gun western noir horror western faithful adaptation doubtful tragic
7485,Shooter,2007-03-22,2007,en,"[18, 28, 53]",11.1224,7.116,5361,"A top Marine sniper, Bob Lee Swagger, leaves the military after a mission goes horribly awry and disappears, living in seclusion. He is coaxed back into service after a high-profile government official convinces him to help thwart a plot to kill the President of the United States. Ultimately double-crossed and framed for the attempt, Swagger becomes the target of a nationwide manhunt. He goes on the run to track the real killer and find out who exactly set him up, and why, eventually seeking revenge against some of the most powerful and corrupt leaders in the free world.",markwahlberg michaelpeña dannyglover katemara eliaskoteas,antoinefuqua,"philadelphia, pennsylvania assassination usa president based on novel or book widow fbi ethiopia on the run conspiracy dog ex-marine patriot u.s. marine u.s. senator framed for murder government corruption archbishop army colonel manhunt elite sniper death of friend fbi agent pipeline gunnery sergeant fugitive suspect marine sniper spotter marine veteran"
1949,Zodiac,2007-03-02,2007,en,"[80, 9648, 53]",12.2231,7.528,11419,"Over the course of a decade, editors of the San Francisco Chronicle entice themselves in the murders of the Zodiac Killer. However, as time runs its course, interest in the case dwindles in the eyes of the professionals. The Killer stops interacting with the public. However, believing he has the answers, an amateur cartoonist from the initial sightings races against time to prevent what he believes is another murder.",jakegyllenhaal markruffalo anthonyedwards robertdowneyjr. chloësevigny,davidfincher,"newspaper journalist california based on novel or book police san francisco, california killing detective 1970s investigation victim code murder serial killer crime scene reporter whodunit alcoholic young man fourth of july newspaper article curious cartoonist 1960s zodiac killer malicious clinical bar ambiguous awestruck foreboding frightened ominous"
6479,I Am Legend,2007-12-12,2007,en,"[18, 878, 53]",11.0749,7.21,16663,"Robert Neville is a scientist who was unable to stop the spread of the terrible virus that was incurable and man-made. Immune, Neville is now the last human survivor in what is left of New York City and perhaps the world. For three years, Neville has faithfully sent out daily radio messages, desperate to find any other survivors who might be out there. But he is not alone.",willsmith alicebraga charlietahan dashmihok sallirichardson-whitfield,francislawrence,new york city saving the world based on novel or book dystopia post-apocalyptic future infection matter of life and death alone helplessness end of the world survival loneliness zombie virus pandemic lost civilization pets desperate anxious admiring dystopian sci-fi
810,Shrek the Third,2007-05-17,2007,en,"[14, 12, 16, 35, 10751]",9.4601,6.305,9687,"The King of Far Far Away has died and Shrek and Fiona are to become King & Queen. However, Shrek wants to return to his cozy swamp and live in peace and quiet, so when he finds out there is another heir to the throne, they set off to bring him back to rule the kingdom.",mikemyers eddiemurphy camerondiaz antoniobanderas julieandrews,chrismiller,ship island ambush kingdom boarding school liberation of prisoners pregnancy traitor shipwreck stage sadness transformation assault prince villain theater play tricks heir to the throne conciliation sequel teacher best friend dragon cowardliness capture wizard duringcreditsstinger ogre cartoon donkey villains
1271,300,2007-03-07,2007,en,"[28, 12, 10752]",10.182,7.194,14577,"A story very loosely based the 480 B.C. Battle of Thermopylae, where the King of Sparta led his army against the advancing Persians.",gerardbutler lenaheadey dominicwest davidwenham vincentregan,zacksnyder,army narration gore based on true story based on comic sword fight massacre ancient world based on graphic novel ancient greece warrior somber ancient warfare sparta greece 5th century bc war serious bloody death stern sparta dramatic spartans battle of thermopylae god king battle axe amused audacious dignified earnest
1534,Pathfinder,2007-01-11,2007,en,"[12, 28]",9.6684,5.653,769,"A Viking boy is left behind after his clan battles a Native American tribe. Raised within the tribe, he ultimately becomes their savior in a fight against the Norsemen.",karlurban moonbloodgood nicolemuñoz clancybrown jaytavare,marcusnispel,sword mountain native american vikings (norsemen) remake murder torture massacre death ship wreck
9757,Norbit,2007-02-08,2007,en,[35],9.2378,5.673,2562,"A mild-mannered guy who is engaged to a monstrous woman meets the woman of his dreams, and schemes to find a way to be with her.",eddiemurphy thandiwenewton terrycrews cliftonpowell lesterspeight,brianrobbins,orphanage overweight woman
1562,28 Weeks Later,2007-04-26,2007,en,"[27, 53, 878]",9.2036,6.607,5431,"Twenty-eight weeks after the spread of a deadly rage virus, the inhabitants of the British Isles have lost their battle against the onslaught, as the virus has killed everyone there. Six months later, a group of Americans dare to set foot on the Isles, convinced the danger has passed. But it soon becomes all too clear that the scourge continues to live, waiting to pounce on its next victims.",robertcarlyle rosebyrne jeremyrenner haroldperrineau catherinemccormack,juancarlosfresnadillo,"dying and death london, england sibling relationship chaos loss of loved one mutant supernatural survival on the run zombie escapade virus plague female corpse deadly"
7345,There Will Be Blood,2007-12-26,2007,en,[18],9.5332,8.076,7310,"Ruthless silver miner, turned oil prospector, Daniel Plainview, moves to oil-rich California. Using his son to project a trustworthy, family-man image, Plainview cons local landowners into selling him their valuable properties for a pittance. However, local preacher Eli Sunday suspects Plainview's motives and intentions, starting a slow-burning feud that threatens both their lives.",danielday-lewis pauldano kevinj.o'connor ciaránhinds dillonfreasier,paulthomasanderson,california petrol sibling relationship based on novel or book capitalism pastor deaf-mute greed american dream narcissism fanatic father baptism misanthrophy money oil religion impostor church alcoholic oil industry child abandonment character study zealot bowling alley sign languages oil field shocking turn of the century 19th century adopted son 1900s complex personality change pipeline 20th century 1890s commanding surdez século xx século xix
35,The Simpsons Movie,2007-07-25,2007,en,"[16, 35, 10751]",8.1481,7.021,8471,"After Homer accidentally pollutes the town's water supply, Springfield is encased in a gigantic dome by the EPA and the Simpsons are declared fugitives.",dancastellaneta juliekavner nancycartwright yeardleysmith hankazaria,davidsilverman,garbage pollution quarantine environmental protection agency parent child relationship villain dysfunctional family dysfunctional marriage alaska fugitive ecology first love angry mob duringcreditsstinger dome wanted based on tv series lighthearted
8363,Superbad,2007-08-17,2007,en,[35],9.486,7.259,7958,Two co-dependent high school seniors are forced to deal with separation anxiety after their plan to stage a booze-soaked party goes awry.,jonahhill michaelcera christophermintz-plasse billhader sethrogen,gregmottola,"high school police alcohol chaos nerd coming of age school los angeles, california drugs buddy one night fake id serene"
4982,American Gangster,2007-11-02,2007,en,"[18, 80]",8.3318,7.587,5935,"Loosely based on the criminal career of Frank Lucas, a gangster from La Grange, North Carolina, who smuggled heroin into the United States on American service planes returning from the Vietnam War, before being detained by a task force led by Newark Detective Richie Roberts.",denzelwashington russellcrowe joshbrolin chiwetelejiofor cubagoodingjr.,ridleyscott,new york city vietnam drug smuggling society gangster drug trafficking heroin junkie ghetto nightclub ambition rise and fall cop organized crime drug dealing police corruption wedding police detective family surveillance bribery law enforcement aftercreditsstinger dishonesty 1960s provocative violence suspenseful intense brisk
1265,Bridge to Terabithia,2007-02-15,2007,en,"[12, 18, 10751]",7.9906,7.306,5159,"Jesse Aarons trained all summer to become the fastest runner in school. So he's very upset when newcomer Leslie Burke outruns him and everyone else. Despite this and other differences including that she's rich, he's poor, she's a city girl, and he's a country boy the two become fast friends. Together they create Terabithia, a land of monsters, trolls, ogres, and giants where they rule as king and queen.",joshhutcherson annasophiarobb zooeydeschanel robertpatrick baileemadison,gáborcsupó,friendship sibling relationship bullying neighbor school drawing based on children's book nostalgic school bus creek clubhouse reality vs fantasy outsider fantasy world overflowing with imagination depressing tragic
14223,Wind Chill,2007-05-18,2007,en,"[18, 27, 53]",3.4017,5.8,517,"Two college students share a ride home for the holidays. When they break down on a deserted stretch of road, they're preyed upon by the ghosts of people who have died there.",emilyblunt ashtonholmes martindonovan nedbellamy iana.wallace,gregoryjacobs,cold winter holiday paranoia supernatural snow crash trapped in car
14324,Virgin Territory,2007-12-17,2007,en,"[12, 28, 35, 10749]",7.2735,4.9,364,"In Black Death era Tuscany, as in the Decameron, ten young Florentines take refuge from the plague. But instead of telling stories, they have lusty adventures, bawdy exchanges, romance, swordplay, randy nuns, Saracen pirates, and a sexy cow.",haydenchristensen mischabarton kategroombridge rosalindhalstead timroth,davidleland,"tuscany, italy sex comedy black death plague 14th century"
6477,Alvin and the Chipmunks,2007-12-13,2007,en,"[35, 10751, 14, 16]",7.1083,5.831,4705,"A struggling songwriter named Dave Seville finds success when he comes across a trio of singing chipmunks: mischievous leader Alvin, brainy Simon, and chubby, impressionable Theodore.",jasonlee davidcross cameronrichardson janelynch justinlong,timhill,friendship concert pop star approach pop record producer surprise forest anthropomorphism chipmunk songwriter talking to animals duringcreditsstinger live action and animation cgi-live action hybrid
1250,Ghost Rider,2007-01-15,2007,en,"[53, 28, 14]",8.4334,5.591,6375,"In order to save his dying father, young stunt cyclist Johnny Blaze sells his soul to Mephistopheles and sadly parts from the pure-hearted Roxanne Simpson, the love of his life. Years later, Johnny's path crosses again with Roxanne, now a go-getting reporter, and also with Mephistopheles, who offers to release Johnny's soul if Johnny becomes the fabled, fiery 'Ghost Rider'.",nicolascage evamendes samelliott wesbentley peterfonda,markstevenjohnson,dying and death religion and supernatural superhero possession devil's son stunt flame stuntman based on comic soul selling fallen angel motorcycle devil person on fire demon first love news reporter stunt riding supernatural horror tortured soul lost souls deal with the devil
5876,The Mist,2007-11-21,2007,en,"[27, 878, 53]",7.788,6.939,5746,"After a violent storm, a dense cloud of mist envelops a small Maine town, trapping David Drayton and his five-year-old son in a local grocery store with other local residents. They soon discover that the mist conceals deadly horrors that threaten their lives, and worse, their sanity.",thomasjane laurieholden tobyjones marciagayharden andrebraugher,frankdarabont,monster based on novel or book supermarket fight faith prayer spider fog giant monster giant spider giant insect survival disaster angry mob mass hysteria trapped in building giant octopus giant crab father son relationship experiment gone awry lovecraftian religious fanaticism bible thumper
4347,Atonement,2007-02-27,2007,en,"[18, 10749]",7.1338,7.634,4636,A young girl irrevocably changes the course of several lives when she accuses her older sister's lover of a crime he did not commit.,jamesmcavoy keiraknightley saoirseronan romolagarai vanessaredgrave,joewright,new love sibling relationship based on novel or book wind nurse loss of loved one flirt world war ii innocence lie letter twist redemption mistake author summer mourning dunkirk london blitz sepsis sentimental
1571,Live Free or Die Hard,2007-06-20,2007,en,"[28, 53]",7.8961,6.639,6264,"John McClane is back and badder than ever, and this time he calls on the services of a young hacker in his bid to stop a ring of Internet terrorists intent on taking control of America's computer infrastructure.",brucewillis timothyolyphant justinlong cliffcurtis maryelizabethwinstead,lenwiseman,"helicopter washington dc, usa hostage detective fbi genius sarcasm parkour traffic chaos sequel hacking power outage police detective nypd federal agent fourth of july media manipulation nsa agent cyber terrorism police escort homeland security assassination team electric power station based on magazine, newspaper or article father daughter relationship algorithm computer hacker excited"
5915,Into the Wild,2007-09-21,2007,en,"[12, 18]",7.217,7.8,10043,"After graduating from Emory University in 1992, top student and athlete Christopher McCandless abandons his possessions, gives his entire $24,000 savings account to charity, and hitchhikes to Alaska to live in the wilderness.",emilehirsch marciagayharden williamhurt jenamalone brianh.dierker,seanpenn,parent child relationship self-discovery camping wilderness biography based on true story road trip alaska questioning starvation journey thoughtful
2270,Stardust,2007-08-10,2007,en,"[12, 14, 10749, 10751]",7.0436,7.286,4370,"In a countryside town bordering on a magical land, a young man makes a promise to his beloved that he'll retrieve a fallen star by venturing into the magical realm. His journey takes him into a world beyond his wildest dreams and reveals his true identity.",charliecox clairedanes michellepfeiffer markstrong jasonflemyng,matthewvaughn,witch new love based on novel or book kingdom transformation prince beauty wall falling star goat royalty unrequited love pirate fratricide air pirate turned into animal
13957,Closing the Ring,2007-09-14,2007,en,"[18, 10749]",6.2542,6.1,105,"During the 1940s, a group of young men go off to war, leaving behind Ethel Ann, who is in love with one of them, Teddy. In modern-day Belfast, a man named Jimmy endeavors to return a ring found in the wreckage of a crashed plane. He travels to Michigan, where the grown Ethel Ann, who married another man after Teddy was killed in battle, now lives. Ethel Ann must decide whether to go with Jimmy to meet the soldier who last saw Teddy alive.",shirleymaclaine christopherplummer mischabarton stephenamell nevecampbell,richardattenborough,"airplane world war ii bomber love soldier battle belfast, north ireland ring"
4638,Hot Fuzz,2007-02-14,2007,en,"[80, 28, 35]",7.6954,7.56,8200,"Former London constable Nicholas Angel finds it difficult to adapt to his new assignment in the sleepy British village of Sandford. Not only does he miss the excitement of the big city, but he also has a well-meaning oaf for a partner. However, when a series of grisly accidents rocks Sandford, Angel smells something rotten in the idyllic village.",simonpegg nickfrost jimbroadbent paddyconsidine rafespall,edgarwright,countryside police village arrest parody partner murder rural area conspiracy serial killer gunfight police force buddy cop buddy comedy accident sorvete
440,Aliens vs Predator: Requiem,2007-12-25,2007,en,"[28, 878, 53, 27]",6.4785,5.177,3267,"After a horrifying PredAlien crash-lands near a small Colorado town, killing everyone it encounters and producing countless Alien offspring, a lone Predator arrives to ""clean up"" the infestation.",davidpaetkau samtrammell stevenpasquale reikoaylesworth johnortiz,colinstrause,predator hybrid colorado national guard morgue alien creature alien possession triangle infestation dubious ridiculous
13186,Wrong Turn 2: Dead End,2007-08-25,2007,en,"[27, 53]",6.5228,6.142,1515,Retired military commander Colonel Dale Murphy hosts the simulated post-apocalyptic reality show where participants are challenged to survive a remote West Virginia wasteland. But the show turns into a nightmarish showdown when each realizes they are being hunted by an inbred family of cannibals determined to make them all dinner!,ericaleerhsen henryrollins texasbattle aleksapalladino daniellaalonso,joelynch,competition dynamite forest west virginia sequel woods road accident slasher cannibal incest survival horror ex soldier voyeur genetic mutation
2503,The Bourne Ultimatum,2007-08-03,2007,en,"[28, 18, 9648, 53]",6.6307,7.435,8256,"Bourne is brought out of hiding once again by reporter Simon Ross who is trying to unveil Operation Blackbriar, an upgrade to Project Treadstone, in a series of newspaper columns. Information from the reporter stirs a new set of memories, and Bourne must finally uncover his dark past while dodging The Company's best efforts to eradicate him.",mattdamon juliastiles davidstrathairn scottglenn paddyconsidine,paulgreengrass,"assassin central intelligence agency (cia) corruption paris, france based on novel or book madrid, spain espionage prosecution fake identity revelation europe interpol sequel flashback on the run conspiracy shootout motorcycle foot chase dark past langley virginia moscow, russia frantic action hero security leak investigative reporter jason bourne furious intense"
5559,Bee Movie,2007-10-28,2007,en,"[10751, 16, 12, 35]",6.4461,6.031,5188,"Barry B. Benson, a recent college graduate who wants more out of his life than making honey, decides to sue the human race after learning about the exploitation of bees at the hands of mankind. What will happen next?",jerryseinfeld renéezellweger matthewbroderick patrickwarburton johngoodman,simonj.smith,factory worker airplane court tennis florist flower shop college pilot beehive lawsuit bee sting aftercreditsstinger implied bestiality cartoon bee
15356,The Girl Next Door,2007-07-19,2007,en,"[53, 80, 18, 27]",6.3933,6.642,770,"In a quiet suburban town in the summer of 1958, two recently orphaned sisters are placed in the care of their mentally unstable Aunt Ruth. But Ruth's depraved sense of discipline will soon lead to unspeakable acts of abuse and torture that involve her young sons, the neighborhood children, and one 12-year-old boy whose life will be changed forever.",blytheauffarth danielmanche michaelzegen catherinemarystewart grantshow,gregorywilson,rape suffering pain victim controversy sister aunt helplessness torture sadist cruelty humiliation evil abuse 1950s dramatic horrified
7326,Juno,2007-12-05,2007,en,"[35, 18, 10749]",6.3604,7.057,7564,"Faced with an unplanned pregnancy, sixteen year old high-schooler, Juno MacGuff, makes an unusual decision regarding her unborn child.",elliotpage michaelcera jennifergarner jasonbateman j.k.simmons,jasonreitman,puberty first time becoming an adult sexuality pregnancy adoption precocity partnership pregnant minor coming of age teenage pregnancy hopeful
1991,Death Proof,2007-05-22,2007,en,"[28, 53]",6.6879,6.84,5551,"Austin's hottest DJ, Jungle Julia, sets out into the night to unwind with her two friends Shanna and Arlene. Covertly tracking their moves is Stuntman Mike, a scarred rebel leering from behind the wheel of his muscle car, revving just feet away.",kurtrussell zoëbell rosariodawson vanessaferlito sydneytamiiapoitier,quentintarantino,sports car sadism psychopath disc jockey ladykiller exploitation gore stunt female friendship women's prison stalker stuntman grindhouse beaten to death slasher sadist cynical killer car macabre duringcreditsstinger angry aggressive domineering frantic malicious mischievous bloody april march hilarious intense sinister apathetic audacious cruel enraged harsh mean spirited powerful
10431,War,2007-08-24,2007,en,"[28, 80, 53]",6.7676,6.387,2014,"FBI agent Jack Crawford is out for revenge when his partner is killed and all clues point to the mysterious assassin Rogue. But when Rogue turns up years later to take care of some unfinished business, he triggers a violent clash of rival gangs. Will the truth come out before it's too late? And when the dust settles, who will remain standing?",jetli jasonstatham johnlone ryoishibashi devonaoki,philipg.atwell,fbi revenge
2268,The Golden Compass,2007-12-04,2007,en,"[12, 14]",6.2148,6.081,4789,"In a parallel universe, after overhearing a shocking secret, precocious orphan Lyra Belacqua trades her carefree existence roaming the halls of Jordan College for an otherworldly adventure in the far North, unaware that it's part of her destiny.",nicolekidman danielcraig dakotabluerichards benwalker freddiehighmore,chrisweitz,compass experiment england polar bear airship steampunk animals alternate universe based on young adult novel
13012,Felon,2008-07-17,2008,en,"[80, 18, 53, 28]",58.2898,7.145,958,A family man convicted of killing an intruder must cope with life afterward in the violent penal system.,stephendorff valkilmer haroldperrineau marisolnichols johnnylewis,ricromanwaugh,prison neo-nazism tattoo court fight murder inmate break in prison riot tear gas san quentin aryan
155,The Dark Knight,2008-07-16,2008,en,"[28, 80, 53]",41.0006,8.527,35382,"Batman raises the stakes in his war on crime. With the help of Lt. Jim Gordon and District Attorney Harvey Dent, Batman sets out to dismantle the remaining criminal organizations that plague the streets. The partnership proves to be effective, but they soon find themselves prey to a reign of chaos unleashed by a rising criminal mastermind known to the terrified citizens of Gotham as the Joker.",christianbale heathledger aaroneckhart michaelcaine maggiegyllenhaal,christophernolan,sadism chaos secret identity crime fighter superhero anti hero scarecrow based on comic vigilante organized crime tragic hero anti villain criminal mastermind district attorney super power super villain neo-noir bold
12405,Slumdog Millionaire,2008-11-12,2008,en,"[18, 10749]",19.935,7.729,11205,"A teenager reflects on his life after being accused of cheating on the Indian version of ""Who Wants to be a Millionaire?"".",devpatel freidapinto madhurmittal anilkapoor maheshmanjrekar,dannyboyle,"based on novel or book slum cheating suspicion mumbai (bombay), india game show quiz orphan duringcreditsstinger taj mahal, india defiant"
1726,Iron Man,2008-04-30,2008,en,"[28, 878, 12]",20.6362,7.656,27881,"After being held captive in an Afghan cave, billionaire engineer Tony Stark creates a unique weaponized suit of armor to fight evil.",robertdowneyjr. terrencehoward jeffbridges gwynethpaltrow lesliebibb,jonfavreau,middle east superhero arms dealer malibu based on comic aftercreditsstinger marvel cinematic universe (mcu) counterterrorism exhilarated
8966,Twilight,2008-11-20,2008,en,"[14, 18, 10749]",17.153,6.279,14290,"When Bella Swan moves to a small town in the Pacific Northwest, she falls in love with Edward Cullen, a mysterious classmate who reveals himself to be a 108-year-old vampire. Despite Edward's repeated cautions, Bella can't stay away from him, a fatal move that endangers her own life.",kristenstewart robertpattinson billyburke peterfacinelli ashleygreene,catherinehardwicke,high school soulmates based on novel or book immortality vampire forbidden love teen movie trust desire washington state duringcreditsstinger woman director interspecies romance based on young adult novel supernatural power good versus evil high school romance vampire human love enthusiastic teen fantasy
23683,The Poker Club,2008-10-16,2008,en,"[80, 18, 53]",16.4089,4.2,10,Four friends discover and accidentally kill a burglar -- who may not be alone -- in the kitchen during their weekly poker night.,lorendean loriheuring johnnymessner judyreyes johnathonschaech,timmccann,husband wife relationship chase gambling parent child relationship burglar cocaine stripper beating flashback basement beaten to death pole dancer poker game home invasion disposing of a dead body shot
102039,Mock Up on Mu,2008-01-14,2008,en,"[35, 878]",15.2476,5.8,9,"A radical hybrid of spy, sci-fi, Western, and even horror genres, Craig Baldwin's Mock Up On Mu cobbles together a feature-length ""collage-narrative"" based on (mostly) true stories of California's post-War sub-cultures of rocket pioneers, alternative religions, and Beat lifestyles. Pulp-serial snippets, industrial-film imagery, and B- (and Z-) fiction clips are intercut with newly shot live-action material, powering a playful, allegorical trajectory through the now-mythic occult matrix of Jack Parsons (Crowleyite founder of the Jet Propulsion Lab), L.Ron Hubbard (sci-fi author turned cult-leader), and Marjorie Cameron (bohemian artist and ""mother of the New Age movement""). Their intertwined tales spin out into a speculative farce on the militarization of space, and the corporate take-over of spiritual fulfillment and leisure-time.",damonpackard michellesilva kalmanspelletich stoneyburke jerilynncohen,craigbaldwin,thelema thelemite occultist
10681,WALL·E,2008-06-22,2008,en,"[16, 10751, 878]",15.4568,8.108,20041,"After hundreds of years doing what he was built for, WALL•E— a robot designed to clean up the earth—discovers a new purpose in life when he meets a sleek search robot named EVE. EVE comes to realize that WALL•E has inadvertently stumbled upon the key to the planet's future, and races back to space to report to the humans. Meanwhile, WALL•E chases EVE across the galaxy and sets into motion one of the most imaginative adventures ever brought to the big screen.",benburtt elissaknight jeffgarlin fredwillard johnratzenberger,andrewstanton,garbage dystopia space travel distant future loneliness robot aftercreditsstinger duringcreditsstinger inspirational romantic cheerful dystopian sci-fi
9502,Kung Fu Panda,2008-06-04,2008,en,"[16, 10751, 35, 28]",12.1984,7.317,12475,"Chosen by prophecy but doubted by all, Po is an unlikely Dragon Warrior—a clumsy panda thrust into the world of kung fu as a deadly enemy threatens the Valley of Peace. Under reluctant guidance by Master Shifu and the Furious Five, Po must embrace who he is to unlock the power that no scroll can teach.",jackblack angelinajolie dustinhoffman ianmcshane jackiechan,markosborne,martial arts kung fu strong woman china tiger bravery restaurant villain chosen one shop panda sensei anthropomorphism fighting master destiny crane rope bridge aftercreditsstinger wuxia monkey warrior viper inspirational lighthearted excited
1724,The Incredible Hulk,2008-06-12,2008,en,"[878, 28, 12]",12.3203,6.233,12561,"Scientist Bruce Banner scours the planet for an antidote to the unbridled force of rage within him: the Hulk. But when the military masterminds who dream of exploiting his powers force him back to civilization, he finds himself coming face to face with a new, deadly foe.",edwardnorton livtyler timroth williamhurt timblakenelson,louisleterrier,new york city rio de janeiro superhero based on comic fugitive on the run super soldier scientist virginia military super villain marvel cinematic universe (mcu) angry radical transformation good versus evil intimate
8681,Taken,2008-02-18,2008,en,"[28, 53]",13.8259,7.401,11971,"Bryan Mills, a former government operative, is trying to reconnect with his teenage daughter Kim. After reluctantly agreeing with his ex-wife to let Kim go to Paris on vacation with a friend, his worst nightmare comes true. While on the phone with his daughter shortly after she arrives in Paris, she and her friend are abducted by a gang of human traffickers. Working against the clock, Bryan relies on his extensive training and skills to track down the ruthless gang that abducted her and launch a one-man war to rescue his daughter.",liamneeson maggiegrace famkejanssen olivierrabourdin lelandorser,pierremorel,"rescue paris, france kidnapping prostitution sex trafficking albanian missing daughter ex special forces ex-cia agent abduction search for daughter army veteran"
10529,Outlander,2008-04-24,2008,en,"[878, 28]",10.4264,6.449,1387,"During the reign of the Vikings, a man from another world crash-lands on Earth, bringing with him an alien predator. The man must fuse his advanced technology with the weaponry of the vikings to fight the monster.",jimcaviezel sophiamyles jackhuston ronperlman johnhurt,howardmccain,monster flying saucer predator vikings (norsemen) norway alien alien invasion
225143,Gap,2008-02-22,2008,en,[],4.4459,1.0,1,"There are many GAPS. These gaps cause divides and arguments and hatred. And because there are so many gaps, there must be a many lessons taught. Gap the movie, tells us that there is a man out there who is teaching this lesson by taking the blood of the ignorant. The rich, who distain and distance themselves from the poor, the ""skater dudes"" slamming in to the aging hippie, the attacks on color and culture, the media's mockery of the overweight. The left and the right are both Americans, but from different worlds. The pretty, pretty pressed against the ugly in disgust. Short and tall, thin and wide, all we can see are the differences. These differences are chips that fall away from our core. We need to open up. We need to stitch the gaps together. Slice the gaps open and then stitch them back together.",paulo'callaghan paulfield melissafinley ryangilbert shellygray,paulo'callaghan,
8960,Hancock,2008-07-01,2008,en,"[14, 28]",10.1029,6.352,10143,"Hancock is a down-and-out superhero who's forced to employ a PR expert to help repair his image when the public grows weary of all the damage he's inflicted during his lifesaving heroics. The agent's idea of imprisoning the antihero to make the world miss him proves successful, but will Hancock stick to his new sense of purpose or slip back into old habits?",willsmith charlizetheron jasonbateman jaehead eddiemarsan,peterberg,"love of one's life flying alcohol advertising expert superhero pokies forbidden love lovers invulnerability affection alcoholism los angeles, california duringcreditsstinger desperate"
8909,Wanted,2008-06-19,2008,en,"[28, 53, 80]",8.9779,6.526,7507,"Doormat Wesley Gibson is an office worker whose life is going nowhere. He meets an attractive woman named Fox and discovers that his recently murdered father - whom Wesley never knew - belonged to the Fraternity, a secret society of assassins which takes its orders from Fate itself. Fox and Sloan, the Fraternity's leader, teach Wesley, through intense training, to tap into dormant powers and hone his innate killing skills. Though he enjoys his newfound abilities, he begins to suspect that there is more to the Fraternity than meets the eye.",jamesmcavoy angelinajolie morganfreeman terencestamp thomaskretschmann,timurbekmambetov,mission of murder secret base secret organization instinct train crash revenge betrayal fate based on graphic novel healing process hidden powers legacy secret code trainsurfing weapons training office worker physical training intense assassins extraordinary powers vibrant murder of father
10764,Quantum of Solace,2008-10-29,2008,en,"[12, 28, 53]",9.1151,6.335,8430,"Betrayed by Vesper, the woman he loved, 007 fights the urge to make his latest mission personal. Pursuing his determination to uncover the truth, Bond and M interrogate Mr. White, who reveals that the organization that blackmailed Vesper is far more complex and dangerous than anyone had imagined.",danielcraig olgakurylenko mathieuamalric judidench giancarlogiannini,marcforster,undercover spy killing secret agent mi6 british secret service james bond intense powerful vibrant
7555,Rambo,2008-01-24,2008,en,"[28, 53, 10752]",8.9662,6.69,4211,"In Thailand, ex-Green Beret John James Rambo joins a group of mercenaries to venture into war-torn neighboring Myanmar to rescue a group of Christian aid workers who have been kidnapped by a ruthless local infantry unit.",sylvesterstallone juliebenz matthewmarsden grahammctavish reynaldogallegos,sylvesterstallone,snake fight missionary boat river pastor border mercenary thailand burma sequel hard disturbed
14574,The Boy in the Striped Pyjamas,2008-05-07,2008,en,"[18, 10752, 36]",9.3421,7.816,7582,"When his family moves from their home in Berlin to a strange new house in Poland, young Bruno befriends Shmuel, a boy who lives on the other side of the fence where everyone seems to be wearing striped pajamas. Unaware of Shmuel's fate as a Jewish prisoner or the role his own Nazi father plays in his imprisonment, Bruno embarks on a dangerous journey inside the camp's walls.",asabutterfield verafarmiga davidthewlis jackscanlon amberbeattie,markherman,based on novel or book nazi nationalism concentration camp world war ii gas chamber concentration camp prisoner children in wartime anxious
11631,Mamma Mia!,2008-07-03,2008,en,"[35, 10749]",7.8183,6.974,6930,A spirited young bride-to-be living with her single mother on a small Greek island secretly invites three of her mother's ex-boyfriends in hope of finding her biological father to walk her down the aisle.,merylstreep amandaseyfried piercebrosnan colinfirth stellanskarsgård,phyllidalloyd,"single parent parent child relationship greece musical romcom based on play or musical unknown father single mother based on song, poem or rhyme hotel manager young love greek island duringcreditsstinger woman director imminent wedding mother daughter relationship jukebox musical past history daughter's wedding abba comforting enthusiastic"
7446,Tropic Thunder,2008-08-09,2008,en,"[28, 35, 12, 10752]",9.0247,6.706,6837,"A group of self-absorbed actors set out to make the most expensive war film ever. After ballooning costs force the studio to cancel the movie, the frustrated director refuses to stop shooting, leading his cast into the jungles of Southeast Asia, where they encounter real bad guys.",benstiller robertdowneyjr. jackblack jaybaruchel brandont.jackson,benstiller,vietnam movie business satire parody jungle movie star southeast asia land mine shackles taunting duringcreditsstinger blackface method acting playful provocative critical amused audacious bold exuberant inflammatory sardonic
6557,27 Dresses,2008-01-10,2008,en,"[35, 10749]",7.7481,6.451,3361,Altruistic Jane finds herself facing her worst nightmare as her younger sister announces her engagement to the man Jane secretly adores.,katherineheigl jamesmarsden malinåkerman judygreer edwardburns,annefletcher,newspaper new love lovesickness sibling relationship wedding planner witness bride bridesmaid romcom sister sibling rivalry reporter wedding woman director hilarious cheerful familiar
12162,The Hurt Locker,2008-10-10,2008,en,"[18, 53, 10752]",7.0627,7.3,6083,"During the Iraq War, a Sergeant recently assigned to an army bomb squad is put at odds with his squad mates due to his maverick way of handling his work.",jeremyrenner anthonymackie briangeraghty davidmorse guypearce,kathrynbigelow,rescue sniper explosive loyalty us army car bomb iraq tension disaster terrorism soldier iraq war booby trap anti war bomb squad body armor woman director army sergeant unexploded bomb weapons of war dramatic violence bomb disposal unit disarming a bomb
4922,The Curious Case of Benjamin Button,2008-12-25,2008,en,"[18, 14, 10749]",7.8179,7.598,13577,"Born under unusual circumstances, Benjamin Button springs into being as an elderly man in a New Orleans nursing home and ages in reverse. Twelve years after his birth, he meets Daisy, a child who flits in and out of his life as she grows up to be a dancer. Though he has all sorts of unusual adventures over the course of his life, it is his relationship with Daisy, and the hope that they will come together at the right time, that drives Benjamin forward.",bradpitt cateblanchett tarajip.henson juliaormond jasonflemyng,davidfincher,new york city navy funeral boat diary tea great depression travel hospital historical fiction period drama magic realism based on short story fictional biography 1940s 1930s reverse aging father son relationship war
217,Indiana Jones and the Kingdom of the Crystal Skull,2008-05-21,2008,en,"[12, 28]",7.8011,6.02,8932,"Set during the Cold War, the Soviets—led by sword-wielding Irina Spalko—are in search of a crystal skull which has supernatural powers related to a mystical Lost City of Gold. Indy is coerced to head to Peru at the behest of a young man whose friend—and Indy's colleague—Professor Oxley has been captured for his knowledge of the skull's whereabouts.",harrisonford cateblanchett karenallen shialabeouf raywinstone,stevenspielberg,"treasure mexico city, mexico saving the world whip leather jacket riddle maya civilization peru machinegun treasure hunt alien nuclear explosion refrigerator archaeologist adventurer area 51 archeology 1950s father son relationship excited vibrant formiga"
10527,Madagascar: Escape 2 Africa,2008-10-30,2008,en,"[12, 16, 35, 10751]",7.7785,6.524,7360,"Alex, Marty, and other zoo animals find a way to escape from Madagascar when the penguins reassemble a wrecked airplane. The precariously repaired craft stays airborne just long enough to make it to the African continent. There the New Yorkers encounter members of their own species for the first time. Africa proves to be a wild place, but Alex and company wonder if it is better than their Central Park home.",benstiller chrisrock davidschwimmer jadapinkettsmith sachabaroncohen,ericdarnell,dance friendship jealousy airplane africa hunger lion zoo hippopotamus giraffe chimp penguin cartoon villain volcano zebra sequel slapstick comedy madagascar friends shark animals duringcreditsstinger lemur talking animal
13053,Bolt,2008-11-21,2008,en,"[16, 10751, 12, 35]",6.6733,6.537,6436,"Bolt is the star of the biggest show in Hollywood. The only problem is, he thinks it's real. After he's accidentally shipped to New York City and separated from Penny, his beloved co-star and owner, Bolt must harness all his ""super powers"" to find a way home.",johntravolta mileycyrus susieessman markwalton malcolmmcdowell,chriswilliams,hamster human animal relationship talking dog animals cat vs dog duringcreditsstinger talking cat pets dog cat friendship animal lead joyful
10358,Zack and Miri Make a Porno,2008-09-18,2008,en,"[35, 10749]",7.6172,6.342,2632,"Lifelong platonic friends Zack and Miri look to solve their respective cash-flow problems by making an adult film together. As the cameras roll, however, the duo begin to sense that they may have more feelings for each other than they previously thought.",sethrogen elizabethbanks craigrobinson gerrybednob edwardjanda,kevinsmith,pornography love of one's life platonic love pornographic video best friend sex comedy friends in love duringcreditsstinger porno
8456,Never Back Down,2008-03-04,2008,en,"[18, 28]",5.4168,6.77,2462,"Jake, full of anger after his father's death, is just starting to find a place for himself at his new Orlando high school - until Ryan, head of an underground MMA fight club, picks Jake out as a prime opponent. After being trounced by Ryan in front of the entire school, Jake begins training under the firm, moral guidance of a MMA master, where he learns how to fight... and how to avoid a fight. But it becomes obvious that a rematch will be inevitable if Jake wants to stop Ryan and his bullying, once and for all.",seanfaris amberheard camgigandet djimonhounsou evanpeters,jeffwadlow,high school martial arts sports fight underground rebel training champion revenge nemesis club brawl aggressive vibrant
8247,Jumper,2008-02-13,2008,en,"[28, 12, 878]",6.8554,6.155,6153,"David Rice is a man who knows no boundaries, a Jumper, born with the uncanny ability to teleport instantly to anywhere on Earth. When he discovers others like himself, David is thrust into a dangerous and bloodthirsty war while being hunted by a sinister and determined group of zealots who have sworn to destroy all Jumpers. Now, David’s extraordinary gift may be his only hope for survival!",haydenchristensen jamiebell samuell.jackson rachelbilson michaelrooker,dougliman,adolescence based on novel or book teleportation chase fight loss of loved one motherly love super power
7191,Cloverfield,2008-01-15,2008,en,"[28, 53, 878]",6.6798,6.705,7678,"Five young New Yorkers throw their friend a going-away party the night that a monster the size of a skyscraper descends upon the city. Told from the point of view of their video camera, the film is a document of their attempt to survive the most surreal, horrifying event of their lives.",lizzycaplan jessicalucas t.j.miller michaelstahl-david mikevogel,mattreeves,quarantine monster chaos skyscraper supernatural giant monster alien disaster break-up destruction survival horror kaiju military found footage aftercreditsstinger desperate pseudo-documentary ominous pov faux documentary
4564,Sex and the City,2008-05-12,2008,en,"[35, 18, 10749]",5.7124,6.558,2246,A New York writer on sex and love is finally getting married to her Mr. Big. But her three best girlfriends must console her after one of them inadvertently leads Mr. Big to jilt her.,sarahjessicaparker kimcattrall kristindavis cynthianixon chrisnoth,michaelpatrickking,"hotel new year's eve new york city forgiveness city portrait fashion journal saint louis female friendship romcom fashion designer malibu loss of libido botox couples therapy best friend wedding break-up fashion manhattan, new york city desire to have children female sexuality"
8065,21,2008-03-27,2008,en,"[18, 80]",7.0949,6.69,4980,"Ben Campbell is a young, highly intelligent student at M.I.T. who strives to succeed. Wanting a scholarship to transfer to Harvard School of Medicine to become a doctor, Ben learns that he cannot afford the $300,000 tuition as he comes from a poor, working-class background. But one evening, Ben is introduced by his unorthodox math professor to a small but secretive club of five students, Jill, Choi, Kianna, and Fisher, who are being trained by Professor Rosa to count cards at blackjack.",jimsturgess kevinspacey katebosworth aaronyoo lizalapira,robertluketic,friendship card game casino gambling professor harvard university cohabitant college girlfriend studies dormitory blackjack las vegas furious ghoulish
1735,The Mummy: Tomb of the Dragon Emperor,2008-07-01,2008,en,"[12, 28, 14]",6.3382,5.511,4751,"Archaeologist Rick O'Connell travels to China, pitting him against an emperor from the 2,000-year-old Han dynasty who's returned from the dead to pursue a quest for world domination. This time, O'Connell enlists the help of his wife and son to quash the so-called 'Dragon Emperor' and his abuse of supernatural power.",brendanfraser mariabello johnhannah lukeford isabellaleonglok-sze,robcohen,china sword pyramid mummy yeti chinese emperor tomb great wall of china terracotta army 1940s 3rd century bc
12572,"New York, I Love You",2008-09-06,2008,en,"[35, 18, 10749]",6.2203,5.9,589,"New York, I Love You delves into the intimate lives of New Yorkers as they grapple with, delight in and search for love. Journey from the Diamond District in the heart of Manhattan, through Chinatown and the Upper East Side, towards the Village, into Tribeca, and Brooklyn as lovers of all ages try to find romance in the Big Apple.",natalieportman haydenchristensen bradleycooper ethanhawke shialabeouf,yvanattal,new york city city portrait romcom anthology woman director cities of love
4148,Revolutionary Road,2008-12-19,2008,en,"[18, 10749]",6.4638,6.983,4073,A young couple living in a Connecticut suburb during the mid-1950s struggle to come to terms with their personal problems while trying to raise their two children. Based on a novel by Richard Yates.,leonardodicaprio katewinslet kathybates michaelshannon kathrynhahn,sammendes,adultery infidelity career jealousy husband wife relationship based on novel or book marriage crisis american dream housewife connecticut suburbia free spirit unhappiness getaway aspiring actor 1950s unhappy marriage feeling trapped bleak psychological drama
10483,Death Race,2008-08-22,2008,en,"[28, 53, 878]",7.3462,6.292,4075,"Terminal Island, New York: 2020. Overcrowding in the US penal system has reached a breaking point. Prisons have been turned over to a monolithic Weyland Corporation, which sees jails full of thugs as an opportunity for televised sport. Adrenalized inmates, a global audience hungry for violence and a spectacular, enclosed arena come together to form the 'Death Race', the biggest, most brutal event.",jasonstatham joanallen ianmcshane tyresegibson nataliemartinez,paulw.s.anderson,prison martial arts car race dystopia matter of life and death car crash prison guard prison escape exploding building vehicle combat street race remake car fire action hero death game
13387,Transporter 3,2008-11-26,2008,en,"[28, 53, 80]",6.6371,6.161,3617,"Frank Martin puts the driving gloves on to deliver Valentina, the kidnapped daughter of a Ukrainian government official, from Marseilles to Odessa on the Black Sea. En route, he has to contend with thugs who want to intercept Valentina's safe delivery and not let his personal feelings get in the way of his dangerous objective.",jasonstatham natalyarudakova françoisberléand robertknepper jeroenkrabbé,oliviermegaton,martial arts police killing detective love police chase gunfight getaway driver taken action hero
13223,Gran Torino,2008-12-12,2008,en,[18],6.1118,7.988,11427,"Disgruntled Korean War veteran Walt Kowalski sets out to reform his neighbor, Thao Lor, a Hmong teenager who tried to steal Kowalski's prized possession: a 1972 Gran Torino.",clinteastwood christophercarley beevang ahneyher brianhaley,clinteastwood,"rape war veteran gangster immigration old man priest gang detroit, michigan widower hmong inspirational excited"
2454,The Chronicles of Narnia: Prince Caspian,2008-05-15,2008,en,"[12, 10751, 14]",6.9775,6.63,6710,"One year after their incredible adventures in the Lion, the Witch and the Wardrobe, Peter, Edmund, Lucy and Susan Pevensie return to Narnia to aid a young prince whose life has been threatened by the evil King Miraz. Now, with the help of a colorful cast of new characters, including Trufflehunter the badger and Nikabrik the dwarf, the Pevensie clan embarks on an incredible quest to ensure that Narnia is returned to its rightful heir.",williammoseley annapopplewell skandarkeynes georgiehenley benbarnes,andrewadamson,witch sibling relationship based on novel or book faith lion wretch prince matter of life and death uncle family relationships sequel battle based on children's book fantasy world 1940s high fantasy isekai based on young adult novel good versus evil
11253,Hellboy II: The Golden Army,2008-07-11,2008,en,"[14, 28]",6.0363,6.767,5548,"Hellboy, his pyrokinetic girlfriend, Liz, and aquatic empath, Abe Sapien, face their biggest battle when an underworld elven prince plans to reclaim Earth for his magical kindred. Tired of living in the shadow of humans, Prince Nuada tries to awaken an ancient force of killing machines, the all-powerful Golden Army, to clear the way for fantasy creatures to roam free. Only Hellboy can stop the dark prince and prevent humanity's annihilation.",ronperlman selmablair dougjones johnalexander sethmacfarlane,guillermodeltoro,rebellion superhero auction northern ireland based on comic resignation spear superhero team super villain remorse self exile citizen action war zone robot fighting father son conflict dramatic witty excited
10528,Sherlock Holmes,2009-12-23,2009,en,"[12, 80, 9648]",44.4532,7.218,14648,Eccentric consulting detective Sherlock Holmes and Doctor John Watson battle to bring down a new nemesis and unravel a deadly plot that could destroy England.,robertdowneyjr. judelaw rachelmcadams markstrong eddiemarsan,guyritchie,"london, england based on novel or book detective scotland yard coffin pentagram black magic arrest partner murder serial killer steampunk whodunit buddy clue observation 19th century victorian era mischievous sherlock holmes suspenseful mystery amused"
1488684,The Robbers,2009-12-27,2009,en,[35],19.3454,0.0,0,"It's Boxing Day and already Karen is making New Year resolutions - chiefly for others - and the family have been burgled,though selectively,causing Sue to cheat on the insurance claim. Sue and Jake go to collect Grandad from the retirement home where he now lives,only to find he has sloped off to the pub again with Scots mate Mac. Sue ends up asking Mac back for dinner though his thick accent creates a language barrier for Karen. Sue's divorced friend Jane is also invited and though the children fail to appreciate her present for them,a goat donated to Oxfam,Pete feels sorry for her and is glad that the Brockmans have given a Christmas to lonely strangers - until a W.P.C. turns up with another old boy who has gone walkabout.",hughdennis claireskinner tygerdrew-honey danielroche ramonamarquez,andyhamilton,
19995,Avatar,2009-12-16,2009,en,"[28, 12, 878]",29.7083,7.6,33659,"In the 22nd century, a paraplegic Marine is dispatched to the moon Pandora on a unique mission, but becomes torn between following orders and protecting an alien civilization.",samworthington zoesaldaña sigourneyweaver stephenlang michellerodriguez,jamescameron,paraplegic attachment to nature culture clash indigenous space travel space colony tribe alien planet distant future marine battle love affair scientist nature native peoples power relations tribal customs tribal people tribal chief cryonics spiritual community 22nd century save the planet racial discrimination soldiers awestruck bold exhilarated
14836,Coraline,2009-02-05,2009,en,"[16, 10751, 14]",22.1651,7.9,8832,"Wandering her rambling old house in her boring new town, 11-year-old Coraline discovers a hidden door to a strangely idealized version of her life. In order to stay in the fantasy, she must make a frighteningly real sacrifice.",dakotafanning terihatcher jennifersaunders dawnfrench keithdavid,henryselick,friendship dreams based on novel or book villain eye stuffed animal stop motion parallel world button new home secret door female villain aftercreditsstinger duringcreditsstinger horror for children talking cat somber parallel universe callous
767,Harry Potter and the Half-Blood Prince,2009-07-15,2009,en,"[12, 14]",17.9708,7.681,20597,"As Lord Voldemort tightens his grip on both the Muggle and wizarding worlds, Hogwarts is no longer a safe haven. Harry suspects perils may even lie within the castle, but Dumbledore is more intent upon preparing him for the final battle fast approaching. Together they work to find the key to unlock Voldemorts defenses and to this end, Dumbledore recruits his old friend and colleague Horace Slughorn, whom he believes holds crucial information. Even as the decisive showdown looms, romance blossoms for Harry, Ron, Hermione and their classmates. Love is in the air, but danger lies ahead and Hogwarts may never be the same again.",danielradcliffe rupertgrint emmawatson jimbroadbent michaelgambon,davidyates,"witch dying and death london, england magic school of witchcraft sequel apparition curse teenage crush school werewolf teenage love luck ghost wizard secret past christmas based on young adult novel inspirational dramatic excited teen fantasy"
14160,Up,2009-05-28,2009,en,"[16, 35, 10751, 12]",17.6267,7.959,21460,"Carl Fredricksen spent his entire life dreaming of exploring the globe and experiencing life to its fullest. But at age 78, life seems to have passed him by, until a twist of fate (and a persistent 8-year old Wilderness Explorer named Russell) gives him a new lease on life.",edasner christopherplummer jordannagai bobpeterson delroylindo,petedocter,central and south america age difference villain balloon travel dog nostalgic duringcreditsstinger pets exploring senior inspirational cheerful
14435,My Bloody Valentine,2009-01-16,2009,en,"[27, 53]",12.613,5.573,1298,"Ten years after a Valentine's Day tragedy claimed the lives of five miners, Harry Warden returns for a vengeful massacre among teen sweethearts gearing up for another party.",jensenackles jaimeking kerrsmith betsyrue edigathegi,patricklussier,sheriff delusion head injury miner remake slaughter slasher gas mask pickaxe aftercreditsstinger human heart mine disaster nudity holiday horror
16869,Inglourious Basterds,2009-08-02,2009,en,"[18, 53, 10752]",17.3332,8.216,23920,"In Nazi-occupied France during World War II, a group of Jewish-American soldiers known as ""The Basterds"" are chosen specifically to spread fear throughout the Third Reich by scalping and brutally killing Nazis. The Basterds, lead by Lt. Aldo Raine soon cross paths with a French-Jewish teenage girl who runs a movie theater in Paris which is targeted by the soldiers.",bradpitt mélanielaurent christophwaltz eliroth michaelfassbender,quentintarantino,"guerrilla warfare paris, france self sacrifice world war ii jew persecution german occupation of france resistance fighter nazism anti-fascism excited"
22949,Old Dogs,2009-11-24,2009,en,"[35, 10751]",12.5176,5.6,776,"Charlie and Dan have been best friends and business partners for thirty years; their Manhattan public relations firm is on the verge of a huge business deal with a Japanese company. With two weeks to sew up the contract, Dan gets a surprise: a woman he married on a drunken impulse nearly nine years before (annulled the next day) shows up to tell him he's the father of her twins, now seven, and she'll be in jail for 14 days for a political protest. Dan volunteers to keep the tykes, although he's uptight and clueless. With Charlie's help is there any way they can be dad and uncle, meet the kids' expectations, and still land the account?",johntravolta robinwilliams kellypreston connerrayburn ellableutravolta,waltbecker,camp best friend co-workers relationship duringcreditsstinger sports marketing firm
18785,The Hangover,2009-06-02,2009,en,[35],14.2705,7.329,17921,"When three friends finally come to after a raucous night of bachelor-party revelry, they find a baby in the closet and a tiger in the bathroom. But they can't seem to locate their best friend, Doug – who's supposed to be tying the knot. Launching a frantic search for Doug, the trio perseveres through a nasty hangover to try to make it to the church on time.",bradleycooper edhelms zachgalifianakis justinbartha heathergraham,toddphillips,amnesia blackjack stag night lost weekend chapel hit with tire iron memory loss las vegas drugs irreverent absurd dramatic hilarious amused assertive awestruck celebratory dignified farcical shaggy dog story
138858,Dire Wolf,2009-09-25,2009,en,[27],6.559,5.2,13,"A vicious genetically modified creature that's half human and half dire wolf escapes from a research facility so it can go on a murderous rampage in a quiet rural community. It's up to the easygoing Sheriff Parker, eager game warden Jim, and a couple of government agents to stop the beast before things get too out of hand.",maxwellcaulfield stevenleeallen dawnannbillings vincecefalu johnl.curtis,fredolenray,
14161,2012,2009-10-10,2009,en,"[28, 12, 878]",12.8161,5.87,12614,"Dr. Adrian Helmsley, part of a worldwide geophysical team investigating the effect on the earth of radiation from unprecedented solar storms, learns that the earth's core is heating up. He warns U.S. President Thomas Wilson that the crust of the earth is becoming unstable and that without proper preparations for saving a fraction of the world's population, the entire race is doomed. Meanwhile, writer Jackson Curtis stumbles on the same information. While the world's leaders race to build ""arks"" to escape the impending cataclysm, Curtis struggles to find a way to save his family. Meanwhile, volcanic eruptions and earthquakes of unprecedented strength wreak havoc around the world.",johncusack amandapeet chiwetelejiofor thandiwenewton oliverplatt,rolandemmerich,race against time maya civilization civilization natural disaster earthquake end of the world disaster apocalypse destruction volcanic eruption flood disaster movie ark solar anxious 2010s cautionary dramatic tense
12403,A Perfect Getaway,2009-06-08,2009,en,"[53, 9648, 12]",9.3778,6.3,1366,"For their honeymoon, newlyweds Cliff and Cydney head to the tropical islands of Hawaii. While journeying through the paradisaical countryside the couple encounters Kale and Cleo, two disgruntled hitchhikers and Nick and Gina, two wild but well-meaning spirits who help guide them through the lush jungles. The picturesque waterfalls and scenic mountainsides quickly give way to terror when Cliff and Cydney learn of a grisly murder that occurred nearby and realize that they're being followed by chance acquaintances that suspiciously fit the description of the killers.",stevezahn millajovovich timothyolyphant kielesanchez chrishemsworth,davidtwohy,hawaii honeymoon double murder murder whodunit aggressive tense
115724,Do You Know Me,2009-05-17,2009,en,"[80, 9648, 53]",16.2413,4.7,15,"Ellie Carter is recently graduated and has it all. While celebrating with friend and boyfriend, she comes across a milk carton with a picture of a missing child that looks a lot like her. As a prank, they call the toll free number and she realizes that this person could be her. The more she finds out, the closer she gets to getting herself and beloved ones killed.",rachellelefevre jeremylondon tedwhittall lyndaboyd victoriaduffield,penelopebuitenhuis,
18239,The Twilight Saga: New Moon,2009-11-18,2009,en,"[12, 14, 18, 10749]",8.5923,5.989,9671,"Forks, Washington resident Bella Swan is reeling from the departure of her vampire love, Edward Cullen, and finds comfort in her friendship with Jacob Black, a werewolf. But before she knows it, she's thrust into a centuries-old conflict, and her desire to be with Edward at any cost leads her to take greater and greater risks.",kristenstewart robertpattinson taylorlautner dakotafanning michaelsheen,chrisweitz,moon based on novel or book vampire teen movie werewolf interspecies romance based on young adult novel supernatural power good versus evil vampire human love
10198,The Princess and the Frog,2009-12-08,2009,en,"[16, 10749, 14, 10751]",9.8379,7.213,6040,"A waitress, desperate to fulfill her dreams as a restaurant owner, is set on a journey to turn a frog prince back into a human being, but she has to face the same problem after she kisses him.",anikanonirose brunocampos jimcummings michael-leonwooley keithdavid,ronclements,"princess voodoo new orleans, louisiana restaurant villain kiss musical turns into animal cajun firefly based on fairy tale duringcreditsstinger big dreams frog prince charlatan 1920s magic spell loving whimsical cheerful"
18405,The Last House on the Left,2009-03-13,2009,en,"[80, 53, 27, 18]",9.3363,6.493,1926,"When athletic teen Mari Collingwood opts to hang out with her friend Paige in town rather than spend an evening in with her parents vacationing at the family's remote lake house, it marks the beginning of a night no one is going to forget.",tonygoldwyn monicapotter sarapaxton garretdillahunt aaronpaul,dennisiliadis,lake rape kidnapping psychopath sadistic forest dysfunctional family remake revenge murder swimmer family rape and revenge sexual predator brutal violence
13475,Star Trek,2009-05-06,2009,en,"[878, 28, 12]",8.8863,7.429,10383,"The fate of the galaxy rests in the hands of bitter rivals. One, James Kirk, is a delinquent, thrill-seeking Iowa farm boy. The other, Spock, a Vulcan, was raised in a logic-based society that rejects all emotion. As fiery instinct clashes with calm reason, their unlikely but powerful partnership is the only thing capable of leading their crew through unimaginable danger, boldly going where no one has gone before. The human adventure has begun again.",chrispine zacharyquinto leonardnimoy ericbana brucegreenwood,j.j.abrams,"spacecraft teleportation san francisco, california time travel space mission parachute black hole supernova prequel futuristic warp speed warp engine space romulans space opera reboot unlikely friendship child driving car alternative reality 23rd century based on tv series 24th century suspenseful excited exhilarated"
534,Terminator Salvation,2009-05-20,2009,en,"[28, 878, 53]",8.305,6.082,6951,"All grown up in post-apocalyptic 2018, John Connor must lead the resistance of humans against the increasingly dominating militaristic robots. But when Marcus Wright appears, his existence confuses the mission as Connor tries to determine whether Wright has come from the future or the past -- and whether he's friend or foe.",christianbale samworthington moonbloodgood helenabonhamcarter antonyelchin,mcg,"army artificial intelligence (a.i.) saving the world prophecy san francisco, california gas station cyborg killer robot dystopia firearm post-apocalyptic future wartime los angeles, california"
19913,(500) Days of Summer,2009-07-17,2009,en,"[35, 18, 10749]",8.6157,7.298,10913,"Tom, greeting-card writer and hopeless romantic, is caught completely off-guard when his girlfriend, Summer, suddenly dumps him. He reflects on their 500 days together to try to figure out where their love affair went sour, and in doing so, Tom rediscovers his true passions in life.",josephgordon-levitt zooeydeschanel geoffreyarend chloëgracemoretz matthewgraygubler,marcwebb,"jealousy gallery fight date architect interview romcom sister love friends fate los angeles, california summer cynical year heartache"
19994,Jennifer's Body,2009-09-18,2009,en,"[27, 35]",7.7121,5.987,4166,"Jennifer, a gorgeous, seductive cheerleader takes evil to a whole new level after she's possessed by a sinister demon. Now it's up to her best friend to stop Jennifer's reign of terror before it's too late.",meganfox amandaseyfried johnnysimmons adambrody salcortez,karynkusama,high school minnesota halloween possession slumber party gore sexual murder teenage girl demon rock band succubus satanic ritual candlelight vigil duringcreditsstinger woman director virgin sacrifice frenemies bloodthirsty
8355,Ice Age: Dawn of the Dinosaurs,2009-06-26,2009,en,"[16, 35, 10751, 12]",8.8849,6.763,8792,"Times are changing for Manny the moody mammoth, Sid the motor mouthed sloth and Diego the crafty saber-toothed tiger. Life heats up for our heroes when they meet some new and none-too-friendly neighbors – the mighty dinosaurs.",rayromano johnleguizamo denisleary queenlatifah simonpegg,carlossaldanha,insanity ice age villain bridge sequel jungle prehistory dinosaur creature birth duringcreditsstinger
22832,Ninja Assassin,2009-09-29,2009,en,"[28, 12, 53]",7.5053,6.674,1735,"Ninja Assassin follows Raizo, one of the deadliest assassins in the world. Taken from the streets as a child, he was transformed into a trained killer by the Ozunu Clan, a secret society whose very existence is considered a myth. But haunted by the merciless execution of his friend by the Clan, Raizo breaks free from them and vanishes. Now he waits, preparing to exact his revenge.",rain naomieharris benmiles rickyune shokosugi,jamesmcteigue,martial arts assassin assassination ninja fighter gore stick fighting sensei revenge ninja bloody fight chop socky ninjutsu kusarigama
18240,The Proposal,2009-06-02,2009,en,"[35, 10749, 18]",7.3536,7.148,7363,"When she learns she's in danger of losing her visa status and being deported, overbearing book editor Margaret Tate forces her put-upon assistant, Andrew Paxton, to marry her.",sandrabullock ryanreynolds malinåkerman craigt.nelson marysteenburgen,annefletcher,new york city marriage proposal blackmail ex-girlfriend assistant deportation immigration law romcom alaska fish out of water humiliation book editor green card employer employee relationship duringcreditsstinger woman director publishing house pretend relationship rich family father son conflict tyrannical boss enemies to lovers hilarious fake fiancé romantic amused grandmother's birthday
13183,Watchmen,2009-03-04,2009,en,"[9648, 28, 878]",8.3056,7.35,9865,"In a gritty and alternate 1985, the glory days of costumed vigilantes have been brought to a close by a government crackdown. But after one of the masked veterans is brutally murdered, an investigation into the killer is initiated. The reunited heroes set out to prevent their own destruction, but in doing so they uncover a sinister plot that puts all of humanity in grave danger.",malinåkerman patrickwilson billycrudup matthewgoode jackieearlehaley,zacksnyder,usa president nuclear war mass murder secret identity narration soviet union melancholy retirement based on comic conspiracy animated scene cynical doomsday masked vigilante doomsday clock red square 1980s ironic critical intense ambiguous
7445,Brothers,2009-12-02,2009,en,"[18, 53, 10752]",7.7063,7.315,3885,"When his helicopter goes down during his fourth tour of duty in Afghanistan, Marine Sam Cahill is presumed dead. Back home, brother Tommy steps in to look over Sam’s wife, Grace, and two children. Sam’s surprise homecoming triggers domestic mayhem.",tobeymaguire jakegyllenhaal natalieportman samshepard marewinningham,jimsheridan,sibling relationship loss of loved one brother-in-law afghanistan war (2001-2021) remake sister-in-law wistful guerra do afeganistão
22881,The Blind Side,2009-11-20,2009,en,[18],7.563,7.666,6754,"The story of Michael Oher, a homeless and traumatized boy who became an All American football player and first round NFL draft pick with the help of a caring woman and her family.",sandrabullock timmcgraw quintonaaron jaehead lilycollins,johnleehancock,"sports american football adoption private school education based on true story memphis, tennessee duringcreditsstinger christian high school american football inspirational dramatic hopeful"
11322,Public Enemies,2009-07-01,2009,en,"[80, 36, 18]",7.3064,6.685,4774,"Depression-era bank robber John Dillinger's charm and audacity endear him to much of America's downtrodden public, but he's also a thorn in the side of J. Edgar Hoover and the fledgling FBI. Desperate to capture the elusive outlaw, Hoover makes Dillinger his first Public Enemy Number One and assigns his top agent, Melvin Purvis, the task of bringing him in dead or alive.",johnnydepp christianbale marioncotillard jasonclarke rorycochrane,michaelmann,escape gun gangster machinegun horse race biography prison guard prison escape bank robbery surveillance tied up cops and robbers  handgun pocket watch escape from jail 1930s manhunt vicious killings 1900s sex fbi agent tied to a tree tied semi-automatic rifle
18126,Hannah Montana: The Movie,2009-04-10,2009,en,"[35, 18, 10751, 10402, 10749]",7.2519,6.589,2090,"When Miley Stewart (aka pop-star Hannah Montana) gets too caught up in the superstar celebrity lifestyle, her dad decides it's time for a total change of scenery. But sweet niblets! Miley must trade in all the glitz and glamour of Hollywood for some ol' blue jeans on the family farm in Tennessee, and question if she can be both Miley Stewart and Hannah Montana.",mileycyrus billyraycyrus emilyosment margomartindale jasonearles,peterchelsom,"double life countryside pop star musical malibu celebrity tennessee singer teen movie teenage girl los angeles, california hometown nostalgic teenage romance based on tv series"
10315,Fantastic Mr. Fox,2009-10-14,2009,en,"[12, 16, 35, 10751]",7.1613,7.818,5999,"The Fantastic Mr. Fox, bored with his current life, plans a heist against the three local farmers. The farmers, tired of sharing their chickens with the sly fox, seek revenge against him and his family.",georgeclooney robinhurlstone merylstreep jasonschwartzman ericchaseanderson,wesanderson,based on novel or book tree peasant fox affectation villain cider tale farm life anthropomorphism caper revenge stop motion candid philosophical reflective inspirational dramatic intense admiring adoring ambiguous euphoric optimistic
38842,Middle Men,2009-05-17,2009,en,"[18, 35, 80]",4.7442,6.5,338,"Chronicles Jack Harris, one of the pioneers of internet commerce, as he wrestles with his morals and struggles not to drown in a sea of conmen, mobsters, drug addicts, and pornstars.",lukewilson giovanniribisi gabrielmacht jamescaan jacindabarrett,georgegallo,pornography corruption texas nightclub stripper deception website money wealth murder mobster mafia internet explosion drugs addict fired
28178,Hachi: A Dog's Tale,2009-06-08,2009,en,"[18, 10751]",9.0615,8.006,7100,"Professor Wilson discovers a lost Akita puppy on his way home. Despite objections from his wife, Hachi endears himself to the family and grows to be Parker's loyal companion. As their bond grows deeper, a beautiful relationship unfolds.",richardgere joanallen sarahroemer cary-hiroyukitagawa erickavari,lassehallström,friendship loyalty pet human animal relationship family relationships friends dog newspaper reporter family dog waiting pets dramatic hopeful
13448,Angels & Demons,2009-04-20,2009,en,"[53, 9648]",7.0094,6.716,7242,"Harvard symbologist Robert Langdon is recruited by the Vatican to investigate the apparent return of the Illuminati – a secret, underground organization – after four cardinals are kidnapped on the night of the papal conclave.",tomhanks ewanmcgregor ayeletzurer stellanskarsgård pierfrancescofavino,ronhoward,"based on novel or book rome, italy vatican (holy see) symbolism illuminati quantum mechanics prequel anti matter conspiracy investigator catholicism cern conspiracy thriller suspense mystery"
7980,The Lovely Bones,2009-12-26,2009,en,"[14, 18]",6.5146,7.058,4890,"After being brutally murdered, 14-year-old Susie Salmon watches from heaven over her grief-stricken family -- and her killer. As she observes their daily lives, she must balance her thirst for revenge with her desire for her family to heal.",saoirseronan markwahlberg rachelweisz susansarandon stanleytucci,peterjackson,rape based on novel or book afterlife loss of loved one tree 1970s serial killer corpse pedophile teenage love grieving childhood sexual abuse based on young adult novel
19908,Zombieland,2009-10-02,2009,en,"[35, 27]",7.0088,7.26,13034,"Columbus has made a habit of running from what scares him. Tallahassee doesn't have fears. If he did, he'd kick their ever-living ass. In a world overrun by zombies, these two are perfectly evolved survivors. But now, they're about to stare down the most terrifying prospect of all: each other.",jesseeisenberg woodyharrelson emmastone abigailbreslin amberheard,rubenfleischer,"washington dc, usa sibling relationship saving the world circus post-apocalyptic future gore parody road trip zombie survival horror amusement park twinkie body count zombification disposing of a dead body loner aftercreditsstinger zombie apocalypse satirical fear of clowns absurd dramatic hilarious enthusiastic exhilarated foreboding frightened sarcastic"
22803,Law Abiding Citizen,2009-10-15,2009,en,"[18, 80, 53]",6.8187,7.386,5594,A frustrated man decides to take justice into his own hands after a plea bargain sets one of his family's killers free. He targets not only the killer but also the district attorney and others involved in the deal.,jamiefoxx gerardbutler colmmeaney brucemcgill lesliebibb,f.garygray,"prison assassin philadelphia, pennsylvania bomb secret passage deal investigation gore torture explosion justice criminal mastermind district attorney courtroom rape and revenge vigilantism vigilante justice"
15512,Monsters vs Aliens,2009-03-19,2009,en,"[16, 10751, 12, 878]",6.7708,6.239,4906,"When Susan Murphy is unwittingly clobbered by a meteor full of outer space gunk on her wedding day, she mysteriously grows to 49-feet-11-inches. The military jumps into action and captures Susan, secreting her away to a covert government compound. She is renamed Ginormica and placed in confinement with a ragtag group of Monsters...",reesewitherspoon sethrogen hughlaurie rainnwilson willarnett,conradvernon,monster villain alien giant robot duringcreditsstinger 3d
12244,9,2009-08-19,2009,en,"[28, 12, 16, 878, 53]",7.2549,6.946,3829,"When 9 first comes to life, he finds himself in a post-apocalyptic world. All humans are gone, and it is only by chance that he discovers a small community of others like him taking refuge from fearsome machines that roam the earth intent on their extinction. Despite being the neophyte of the group, 9 convinces the others that hiding will do them no good.",elijahwood christopherplummer martinlandau johnc.reilly crispinglover,shaneacker,friendship man vs machine hope dystopia post-apocalyptic future steampunk coward end of world rag doll
16871,Drag Me to Hell,2009-05-27,2009,en,"[27, 53]",6.344,6.475,4024,"After denying a woman the extension she needs to keep her home, loan officer Christine Brown sees her once-promising life take a startling turn for the worse. Christine is convinced she's been cursed by a Gypsy, but her boyfriend is skeptical. Her only hope seems to lie in a psychic who claims he can help her lift the curse and keep her soul from being dragged straight to hell.",alisonlohman justinlong lornaraver dileeprao davidpaymer,samraimi,work gypsy gore curse psychologist psychic evil loan officer obituary engagement ring
17654,District 9,2009-08-05,2009,en,[878],6.5665,7.462,10206,"Thirty years ago, aliens arrive on Earth. Not to conquer or give aid, but to find refuge from their dying planet. Separated from humans in a South African area called District 9, the aliens are managed by Multi-National United, which is unconcerned with the aliens' welfare but will do anything to master their advanced technology. When a company field agent contracts a mysterious virus that begins to alter his DNA, there is only one place he can hide: District 9.",sharltocopley jasoncope nathalieboltt sylvainestrike elizabethmkandawie,neillblomkamp,"street gang government genetics slum mutation dystopia transformation south africa johannesburg, south africa satire alien prawn alternate history racism metamorphosis xenophobia weapons dealer internment camp alien technology segregation medical experiment private military company based on short film grand provocative critical intense dystopian sci-fi found footage adjacent"
27205,Inception,2010-07-15,2010,en,"[28, 878, 12]",31.2307,8.371,38892,"Cobb, a skilled thief who commits corporate espionage by infiltrating the subconscious of his targets is offered a chance to regain his old life as payment for a task considered to be impossible: ""inception"", the implantation of another person's idea into a target's subconscious.",leonardodicaprio josephgordon-levitt kenwatanabe tomhardy elliotpage,christophernolan,mission dreams kidnapping spy allegory intellectual manipulation heist memory dream world subconscious complex dramatic complicated excited high concept dream
10138,Iron Man 2,2010-04-28,2010,en,"[12, 28, 878]",21.8095,6.85,22176,"With the world now aware of his dual life as the armored superhero Iron Man, billionaire inventor Tony Stark faces pressure from the government, the press and the public to share his technology with the military. Unwilling to let go of his invention, Stark, with Pepper Potts and James 'Rhodey' Rhodes at his side, must forge new alliances – and confront powerful enemies.",robertdowneyjr. gwynethpaltrow doncheadle scarlettjohansson samrockwell,jonfavreau,technology superhero malibu based on comic sequel revenge aftercreditsstinger marvel cinematic universe (mcu) break out irreverent
12444,Harry Potter and the Deathly Hallows: Part 1,2010-11-17,2010,en,"[12, 14]",17.6871,7.734,20200,"Harry, Ron and Hermione walk away from their last year at Hogwarts to find and destroy the remaining Horcruxes, putting an end to Voldemort's bid for immortality. But with Harry's beloved Dumbledore dead and Voldemort's unscrupulous Death Eaters on the loose, the world is more dangerous than ever.",danielradcliffe emmawatson rupertgrint tobyjones helenabonhamcarter,davidyates,"witch friendship london, england corruption escape teleportation isolation magic bravery radio road trip shelter tension attack werewolf ghost road movie wizard christmas based on young adult novel dramatic teen fantasy"
38757,Tangled,2010-11-24,2010,en,"[16, 10751, 12]",15.5374,7.609,12262,"Feisty teenager Rapunzel, who has long and magical hair, wants to go and see sky lanterns on her eighteenth birthday, but she's bound to a tower by her overprotective mother. She strikes a deal with Flynn Rider, a charming wanted thief, and the duo set off on an action-packed escapade.",mandymoore zacharylevi donnamurphy ronperlman m.c.gainey,byronhoward,princess magic hostage fairy tale horse villain musical blonde coming of age tower selfishness healing power female villain adventurer based on fairy tale duringcreditsstinger healing gift animal sidekick magic land 3d animation amused hopeful
10193,Toy Story 3,2010-06-16,2010,en,"[16, 10751, 35]",14.5782,7.805,15572,"Woody, Buzz, and the rest of Andy's toys haven't been played with in years. With Andy about to go to college, the gang find themselves accidentally left at a nefarious day care center. The toys must band together to escape and return home to Andy.",tomhanks timallen joancusack donrickles wallaceshawn,leeunkrich,escape hostage college villain sequel buddy daycare teddy bear duringcreditsstinger toy comes to life personification inanimate objects come to life dramatic
11324,Shutter Island,2010-02-14,2010,en,"[18, 53, 9648]",15.4028,8.198,25577,"World War II soldier-turned-U.S. Marshal Teddy Daniels investigates the disappearance of a patient from a hospital for the criminally insane, but his efforts are compromised by troubling visions and a mysterious doctor.",leonardodicaprio markruffalo benkingsley maxvonsydow michellewilliams,martinscorsese,island based on novel or book hurricane investigation u.s. marshal conspiracy theory psychiatric hospital psychological thriller whodunit neo-noir 1950s clinical suspenseful depressing cruel suspense mystery
1026527,Rick Stein's Taste of Italian Opera,2010-06-01,2010,en,[99],11.7669,0.0,0,"Chef Rick Stein takes a light-hearted look at the role that food played in the creation of Italian opera and shows how music and food are intrinsically linked in Italy. He draws parallels between cooking and composing, noting how both involve the skilful combination of ingredients and how they share the common purpose of bringing pleasure to many. Rick also explains why he thinks the music of Verdi, Rossini and Puccini are linked to the food of the regions where they lived and worked.",rickstein,,
12155,Alice in Wonderland,2010-03-03,2010,en,"[10751, 14, 12]",12.706,6.638,14690,"Alice, now 19 years old, returns to the whimsical world she first entered as a child and embarks on a journey to discover her true destiny.",miawasikowska johnnydepp annehathaway helenabonhamcarter crispinglover,timburton,based on novel or book queen based on children's book psychotic fantasy world taunting mad hatter lewis carroll live action remake based on young adult novel mischievous adaptation incredulous amused euphoric wonderland march hare queen of hearts
20352,Despicable Me,2010-07-08,2010,en,"[10751, 35, 16, 878, 80]",13.2332,7.257,15925,"Gru is a supervillain determined to prove he’s the greatest by stealing the Moon. To pull off his plan, he adopts three orphaned girls—Margo, Edith, and Agnes—intending to use them as part of his scheme. However, as Gru bonds with the girls, his cold, villainous exterior begins to melt.",stevecarell jasonsegel mirandacosgrove danagaier elsiefisher,pierrecoffin,moon parent child relationship orphanage villain adoptive father life's dream rivalry ballet stealing little girl orphan tomboy intelligent evil doctor duringcreditsstinger supervillain joyful
27578,The Expendables,2010-08-07,2010,en,"[53, 12, 28]",12.4778,6.25,8199,"Barney Ross leads a band of highly skilled mercenaries including knife enthusiast Lee Christmas, a martial arts expert Yin Yang, heavy weapons specialist Hale Caesar, demolitionist Toll Road, and a loose-cannon sniper Gunner Jensen. When the group is commissioned by the mysterious Mr. Church to assassinate the dictator of a small South American island, Barney and Lee visit the remote locale to scout out their opposition and discover the true nature of the conflict engulfing the city.",sylvesterstallone jasonstatham jetli dolphlundgren ericroberts,sylvesterstallone,rescue sniper island martial arts tattoo escape mercenary bridge church drugs blade duringcreditsstinger exhilarated
10191,How to Train Your Dragon,2010-03-18,2010,en,"[14, 12, 16, 10751]",12.3308,7.856,14206,"As the son of a Viking leader on the cusp of manhood, shy Hiccup Horrendous Haddock III faces a rite of passage: he must kill a dragon to prove his warrior mettle. But after downing a feared dragon, he realizes that he no longer wants to destroy it, and instead befriends the beast – which he names Toothless – much to the chagrin of his warrior father.",jaybaruchel gerardbutler craigferguson americaferrera jonahhill,chrissanders,friendship ship blacksmith island based on novel or book flying arena village villain training ignorance vikings (norsemen) forest flight nest dragon battle combat well warrior pets reflective wonder loving playful serene lighthearted intimate sentimental witty hilarious romantic whimsical admiring adoring amused awestruck celebratory cheerful comforting compassionate euphoric excited gentle hopeful optimistic powerful sincere sympathetic vibrant
10192,Shrek Forever After,2010-05-20,2010,en,"[35, 12, 14, 16, 10751]",10.8644,6.393,7867,"A midlife-crisis burdened Shrek, longing for the days when he felt like a real ogre, makes a pact with magic deal-maker Rumpelstiltskin. But when he's duped and sent to a twisted version of Far Far Away—where Rumpelstiltskin is king, ogres are hunted, and he and Fiona have never met—he sets out to restore his world and reclaim his true love.",mikemyers eddiemurphy camerondiaz antoniobanderas waltdohrn,mikemitchell,witch villain sequel ogre
38365,Grown Ups,2010-06-24,2010,en,[35],11.7638,6.4,6590,"After their high school basketball coach passes away, five good friends and former teammates reunite for a Fourth of July holiday weekend.",adamsandler kevinjames chrisrock davidspade robschneider,dennisdugan,friendship overweight affectation convertible swing foot friends arrow buddy comedy buddies playful absurd amused
37799,The Social Network,2010-10-01,2010,en,[18],10.6758,7.371,13007,"In 2003, Harvard undergrad and computer programmer Mark Zuckerberg begins work on a new concept that eventually turns into the global social network known as Facebook. Six years later, Mark is one of the youngest billionaires ever, but his unprecedented success leads to both personal and legal complications when he ends up on the receiving end of two lawsuits, one involving his former friend.",jesseeisenberg andrewgarfield armiehammer joshpence justintimberlake,davidfincher,"hacker based on novel or book boston, massachusetts ex-girlfriend harvard university narcissism based on true story hacking historical fiction twins double cross creator frat party social network deposition intellectual property entrepreneur arrogance social media questioning meditative young entrepreneur facebook legal drama antagonistic callous defiant frustrated wry"
38575,The Karate Kid,2010-06-10,2010,en,"[28, 12, 18, 10751]",8.9671,6.566,6483,"12-year-old Dre Parker could've been the most popular kid in Detroit, but his mother's latest career move has landed him in China. Dre immediately falls for his classmate Mei Ying but the cultural differences make such a friendship impossible. Even worse, Dre's feelings make him an enemy of the class bully, Cheng. With no friends in a strange land, Dre has nowhere to turn but maintenance man Mr. Han, who is a kung fu master. As Han teaches Dre that kung fu is not about punches and parries, but maturity and calm, Dre realizes that facing down the bullies will be the fight of his life.",jadensmith jackiechan tarajip.henson wenwenhan zacwang,haraldzwart,martial arts duringcreditsstinger karate kid intense pretentious straightforward tragic
24021,The Twilight Saga: Eclipse,2010-06-23,2010,en,"[12, 14, 18, 10749]",8.2716,6.194,9183,"Bella once again finds herself surrounded by danger as Seattle is ravaged by a string of mysterious killings and a malicious vampire continues her quest for revenge. In the midst of it all, she is forced to choose between her love for Edward and her friendship with Jacob, knowing that her decision has the potential to ignite the ageless struggle between vampire and werewolf. With her graduation quickly approaching, Bella is confronted with the most important decision of her life.",kristenstewart robertpattinson taylorlautner brycedallashoward dakotafanning,davidslade,based on novel or book immortality vampire bite graduation teen movie werewolf based on young adult novel supernatural power vampire human love
44214,Black Swan,2010-12-03,2010,en,"[18, 53, 27]",9.9073,7.685,15410,"A committed dancer struggles to maintain her sanity after winning the lead role in a production of Tchaikovsky's ""Swan Lake"".",natalieportman milakunis vincentcassel barbarahershey winonaryder,darrenaronofsky,new york city nightmare obsession insanity paranoia hallucination ballet dancer ballet female protagonist psychological thriller fear heartbreak mental illness madness reality vs fantasy swan lake ballerina stage performance self-harm mother daughter relationship self destructiveness theater pointe shoes perfectionism
34563,Our Family Wedding,2010-03-12,2010,en,[35],6.448,5.6,139,"The weeks leading up to a young couple's wedding is comic and stressful, especially as their respective fathers try to lay to rest their feud.",forestwhitaker americaferrera carlosmencia reginaking lancegross,rickfamuyiwa,interracial marriage wedding duringcreditsstinger
20526,TRON: Legacy,2010-12-14,2010,en,"[12, 28, 878]",7.5544,6.538,7824,"Sam Flynn, the tech-savvy and daring son of Kevin Flynn, investigates his father's disappearance and is pulled into The Grid. With the help of a mysterious program named Quorra, Sam quests to stop evil dictator Clu from crossing into the real world.",garretthedlund oliviawilde jeffbridges bruceboxleitner jamesfrain,josephkosinski,artificial intelligence (a.i.) computer program secret identity dystopia simulation super computer utopia deception computer simulation sequel computer game based on video game 80s style autocracy adoring awestruck
26389,From Paris with Love,2010-02-04,2010,en,"[28, 80, 53]",9.0014,6.359,2266,"James Reese has a good job as an ambassador's aid in France, but his real passion is a side gig—working in a minor role in the CIA. He would love to be a full-fledged agent and can't believe his luck when he lands an assignment with Charlie Wax. Trigger-happy Charlie soon has James crying for his desk job, but when he learns that the same guys they're trying to catch are after him, James realises that Charlie may be his only hope of survival.",johntravolta jonathanrhysmeyers kasiasmutniak richarddurden bingyin,pierremorel,"central intelligence agency (cia) ambassador paris, france undercover explosive anti hero pimp firearm revelation politician deception car crash gang"
34851,Predators,2010-07-07,2010,en,"[878, 28, 53]",8.3274,6.295,4543,A group of cold-blooded killers find themselves trapped on an alien planet to be hunted by extraterrestrial Predators.,adrienbrody tophergrace alicebraga waltongoggins olegtaktarov,nimródantal,hunter predator yakuza alien life-form sequel alien alien planet jungle creature soldier warrior
23483,Kick-Ass,2010-03-26,2010,en,"[28, 80]",8.073,7.123,12275,"Dave Lizewski is an unnoticed high school student and comic book fan who one day decides to become a super-hero, even though he has no powers, training or meaningful reason to do so.",aarontaylor-johnson chloëgracemoretz nicolascage lyndsyfonseca markstrong,matthewvaughn,hero secret identity crime fighter superhero dark comedy comic book based on comic murder mafia family realism mist adventurer rookie young heroes aggressive young adult criminal heroes pretending to be gay intense powerful
43347,Love & Other Drugs,2010-11-22,2010,en,"[18, 35, 10749]",8.2913,7.037,5523,"Maggie is an alluring free spirit who won't let anyone – or anything – tie her down. But she meets her match in Jamie, whose relentless and nearly infallible charm serves him well with the ladies and the cutthroat world of pharmaceutical sales. Maggie and Jamie's evolving relationship takes them both by surprise, as they find themselves under the influence of the ultimate drug: love.",jakegyllenhaal annehathaway oliverplatt hankazaria joshgad,edwardzwick,letter sexual freedom love viagra free spirit parkinson's disease pills
20504,The Book of Eli,2010-01-14,2010,en,"[28, 53, 878]",7.1534,6.792,6593,"A post-apocalyptic tale, in which a lone man fights his way across America in order to protect a sacred book that holds the secrets to saving humankind.",denzelwashington garyoldman milakunis raystevenson jenniferbeals,alberthughes,faith chaos dystopia post-apocalyptic future bible survival gunfight blind brutality cannibal combat 2040s carnage
44264,True Grit,2010-12-22,2010,en,"[18, 12, 37]",7.5103,7.305,5678,"Following the murder of her father by a hired hand, a 14-year-old farm girl sets out to capture the killer. To aid her, she hires the toughest U.S. Marshal she can find—a man with 'true grit'—Reuben J. 'Rooster' Cogburn.",jeffbridges haileesteinfeld mattdamon joshbrolin barrypepper,joelcoen,bounty hunter based on novel or book father murder loss of loved one texas ranger arkansas alcoholism remake betrayal eye patch
39514,RED,2010-10-13,2010,en,"[28, 12, 35, 80, 53]",7.5951,6.708,7083,"After surviving an assault from a squad of hit men, retired CIA black ops agent Frank Moses reassembles his old team for an all-out war. Frank reunites with old Joe, crazy Marvin and wily Victoria to uncover a massive conspiracy that threatens their lives. Only their expert training will allow them to survive a near-impossible mission -- breaking into CIA headquarters.",brucewillis johnmalkovich morganfreeman helenmirren mary-louiseparker,robertschwentke,assassin central intelligence agency (cia) undercover agent kidnapping assault rifle affectation based on comic shootout sniper rifle explosion retired female spy government agent undercover operation black ops first date paranoid aggressive playful dramatic amused audacious exhilarated vibrant
38055,Megamind,2010-10-28,2010,en,"[16, 28, 35, 10751, 878]",7.4503,7.02,7383,"After Megamind, a highly intelligent alien supervillain, defeats his long-time nemesis Metro Man, Megamind creates a new hero to fight, but must act to save the city when his ""creation"" becomes an even worse villain than he was.",willferrell bradpitt tinafey jonahhill davidcross,tommcgrath,prison fish saving the world date gun secret identity superhero anti hero dna mayor museum rain villain one-sided love anthropomorphism reporter super villain duringcreditsstinger mysterious alien baby stronger villain malicious invincible
18823,Clash of the Titans,2010-03-26,2010,en,"[12, 14, 28]",6.4445,5.917,6620,"Born of a god but raised as a man, Perseus is helpless to save his family from Hades, vengeful god of the underworld. With nothing to lose, Perseus volunteers to lead a dangerous mission to defeat Hades before he can seize power from Zeus and unleash hell on earth. Battling unholy demons and fearsome beasts, Perseus and his warriors will only survive if Perseus accepts his power as a god, defies fate and creates his own destiny.",samworthington gemmaarterton madsmikkelsen alexadavalos jasonflemyng,louisleterrier,"hades mythology greek mythology zeus god mythological beast medusa sea monster perseus kraken ancient greece based on myths, legends or folklore"
43949,Flipped,2010-08-06,2010,en,"[10749, 18]",7.0289,8.003,3278,"When Juli meets Bryce in the second grade, she knows it's true love. After spending six years trying to convince Bryce the same, she's ready to give up - until he starts to reconsider.",madelinecarroll callanmcauliffe rebeccademornay anthonyedwards johnmahoney,robreiner,based on novel or book shyness family relationships unrequited love neighbor teenage boy first crush nostalgic young love opposites attract multiple perspectives 1950s 1960s based on young adult novel
35019,Nanny McPhee and the Big Bang,2010-03-26,2010,en,"[35, 14, 10751]",7.6822,6.3,1931,"Nanny McPhee appears at the door of a harried young mother who is trying to run the family farm while her husband is away at war. But once she’s arrived, Nanny discovers that the children are fighting a war of their own against two spoiled city cousins who have just moved in. Relying on everything from a flying motorcycle and a statue that comes to life to a tree-climbing piglet and a baby elephant, Nanny uses her magic to teach her mischievous charges five new lessons.",emmathompson asabutterfield lilwoods oscarsteer rosietaylor-ritson,susannawhite,nanny nostalgic aftercreditsstinger duringcreditsstinger woman director based on young adult novel
43947,I Spit on Your Grave,2010-06-17,2010,en,"[53, 80, 27]",7.8087,6.5,2513,"A beautiful woman from the city, Jennifer Hills, rents an isolated cabin in the country to write her latest novel. Soon, a group of local lowlifes subject her to a nightmare of degradation, rape, and violence.",sarahbutler jeffbranson traceywalter andrewhoward chadlindberg,stevenr.monroe,rape fondling remake revenge writer garden shears rape and revenge emasculation
23168,The Town,2010-09-15,2010,en,"[80, 18, 53]",7.1733,7.217,5550,"Doug MacRay is a longtime thief, who, smarter than the rest of his crew, is looking for his chance to exit the game. When a bank job leads to the group kidnapping an attractive branch manager, he takes on the role of monitoring her – but their burgeoning relationship threatens to unveil the identities of Doug and his crew to the FBI Agent who is on their case.",benaffleck jeremyrenner rebeccahall jonhamm blakelively,benaffleck,"drug dealer based on novel or book ambulance boston, massachusetts money laundering irish-american bank manager massachusetts florist flower shop stolen money hold-up robbery volunteer heist friends boston garden shootout police chase best friend bank robbery car fire fenway park criminal gang desperate fbi agent violence"
32657,Percy Jackson & the Olympians: The Lightning Thief,2010-02-01,2010,en,"[12, 14, 10751]",7.0503,6.211,7767,"Accident prone teenager, Percy discovers he's actually a demi-God, the son of Poseidon, and he is needed when Zeus' lightning is stolen. Percy must master his new found skills in order to prevent a war between the Gods that could devastate the entire world.",loganlerman brandont.jackson alexandradaddario jakeabel piercebrosnan,chriscolumbus,monster based on novel or book greek mythology dyslexia god poseidon lightning bolt fantasy world demigod based on young adult novel derisive percy jackson and the olympians
27576,Salt,2010-07-21,2010,en,"[28, 9648, 53]",6.2669,6.414,5854,"As a CIA officer, Evelyn Salt swore an oath to duty, honor, and country. Her loyalty will be tested when a Russian defector accuses her of being a Russian sleeper spy. She goes on the run, using all her skills and years of experience as a covert operative to elude capture, protect her husband, and stay one step ahead of her colleagues at the CIA. Her efforts to prove her innocence only serve to cast doubt on her motives, as the hunt to uncover the truth behind her identity continues and the question remains: ""Who is Salt?""",angelinajolie lievschreiber chiwetelejiofor danielolbrychski augustdiehl,phillipnoyce,"new york city race against time central intelligence agency (cia) washington dc, usa kidnapping hostage spy married woman assassination plan secret past russian spy sleeper agent spy thriller north korea intense cia agent russian defector"
45269,The King's Speech,2010-11-26,2010,en,"[18, 36]",7.1054,7.733,9212,"The King's Speech tells the story of the man who became King George VI, the father of Queen Elizabeth II. After his brother abdicates, George ('Bertie') reluctantly assumes the throne. Plagued by a dreaded stutter and considered unfit to be king, Bertie engages the help of an unorthodox speech therapist named Lionel Logue. Through a set of unexpected techniques, and as a result of an unlikely friendship, Bertie is able to find his voice and boldly lead the country into war.",colinfirth geoffreyrush helenabonhamcarter guypearce timothyspall,tomhooper,great britain marriage stutter monarchy palace radio radio transmission royal family biography based on true story death of father speech royalty historical fiction period drama king of england 1930s british royal family british monarchy winston churchill stammering speech therapy corgi relaxed witty
22538,Scott Pilgrim vs. the World,2010-08-12,2010,en,"[28, 35, 10749]",6.2812,7.485,8461,"As bass guitarist for a garage-rock band, Scott Pilgrim has never had trouble getting a girlfriend; usually, the problem is getting rid of them. But when Ramona Flowers skates into his heart, he finds she has the most troublesome baggage of all: an army of ex-boyfriends who will stop at nothing to eliminate him from her list of suitors.",michaelcera maryelizabethwinstead ellenwong kieranculkin alisonpill,edgarwright,"video game skateboarding ex-boyfriend ex-girlfriend toronto, canada animated scene dating guitar player break-up based on graphic novel group of friends whipping hipster underage girlfriend unconsciousness vegan aftercreditsstinger reflective garage band band competition exuberant"
23631,Machete,2010-09-01,2010,en,"[28, 35, 53]",6.537,6.34,3510,"After being set-up and betrayed by the man who hired him to assassinate a Texas Senator, an ex-Federale launches a brutal rampage of revenge against his former boss.",dannytrejo michellerodriguez jessicaalba robertdeniro stevenseagal,robertrodriguez,loss of loved one illegal immigration border patrol immigration law machete politician patrol sniper rifle hard to kill brutal death
32856,Valentine's Day,2010-02-10,2010,en,"[35, 10749]",5.4012,5.9,3144,Intertwining couples and singles in Los Angeles break-up and make-up based on the pressures and expectations of Valentine's Day.,ashtonkutcher jamiefoxx jennifergarner bradleycooper juliaroberts,garrymarshall,"holiday married couple florist kiss romcom single los angeles, california valentine's day multiple storylines duringcreditsstinger interlinked stories a single day"
10140,The Chronicles of Narnia: The Voyage of the Dawn Treader,2010-12-02,2010,en,"[12, 10751, 14]",8.4014,6.442,5849,"This time around Edmund and Lucy Pevensie, along with their pesky cousin Eustace Scrubb find themselves swallowed into a painting and on to a fantastic Narnian ship headed for the very edges of the world.",georgiehenley skandarkeynes benbarnes willpoulter annapopplewell,michaelapted,based on novel or book magic lion anthropomorphism dragon king turns into animal fantasy world snowing sea voyage quest high fantasy isekai father son relationship brother sister relationship based on young adult novel anxious good versus evil adoring
37834,Knight and Day,2010-06-15,2010,en,"[28, 35]",5.2863,6.228,4837,"A fugitive couple goes on a glamorous and sometimes deadly adventure where nothing and no one – even themselves – are what they seem. Amid shifting alliances and unexpected betrayals, they race across the globe, with their survival ultimately hinging on the battle of truth vs. trust.",tomcruise camerondiaz petersarsgaard violadavis jordimollà,jamesmangold,"central intelligence agency (cia) airport inventor kidnapping boston, massachusetts spy traitor invention protection betrayal on the run fish out of water train attraction boy genius drugged tropical island crash landing airplane trip duringcreditsstinger motorcycle chase seville, spain unassuming action comedy lighthearted rogue spy salzburg, austria"
1482474,Talker,2011-08-07,2011,en,[35],23.9713,0.0,0,"JJ Justice is a man in transition. A once successful right-wing radio broadcaster, who's lost his edge, his wife and any hope of airing in a real market... until a fan tells him that if, on a full moon, he takes off all his clothes and drives up to Rancho De Cielo, he can meet the only person who can set a man right: Ronald Reagan.",jaythomas timmatheson sharonlawrence rodneyleeconover jamesread,perrylang,
65892,My Future Boyfriend,2011-04-10,2011,en,"[35, 10749, 10770]",14.298,5.3,53,"P-A-X-497/341, aka “Pax” , a curious young man from the well-ordered but loveless future, travels to present day New Orleans in search of romance novelist Elizabeth Barrett – whose book he has come upon during an archeological dig in the year 3127. Hoping Elizabeth can explain the concept of love to him, which is now nonexistent in his time, Pax embarks on an adventure filled with new discoveries. Elizabeth introduces Pax to life in the year 2011, filled with love, music and of course, destiny. When Pax doesn’t return to the future by the given deadline, Bob, his fellow scientist, travels back in time to find him. Meanwhile, as Elizabeth helps Pax learn about love, she ends up confiding in her colleague, played by Valerie Harper, about her own upcoming “surprise” engagement.",sararue barrywatson valerieharper jordanwall enishabrewster,michaellange,
12445,Harry Potter and the Deathly Hallows: Part 2,2011-07-12,2011,en,"[12, 14]",16.3489,8.08,21792,"Harry, Ron and Hermione continue their quest to vanquish the evil Voldemort once and for all. Just as things begin to look hopeless for the young wizards, Harry discovers a trio of magical objects that endow him with powers to rival Voldemort's formidable skills.",danielradcliffe emmawatson rupertgrint ralphfiennes alanrickman,davidyates,witch dying and death saving the world self sacrifice magic school of witchcraft sorcerer school battle ghost wizard teenage hero christmas based on young adult novel good versus evil dramatic appreciative excited teen fantasy
1865,Pirates of the Caribbean: On Stranger Tides,2011-05-15,2011,en,"[12, 28, 14]",13.1246,6.565,14825,"When Jack crosses paths with a woman from his past, he's not sure if it's love...or if she's a ruthless con artist using him to find the fabled Fountain of Youth.",johnnydepp penélopecruz geoffreyrush ianmcshane kevinmcnally,robmarshall,sea ship mutiny spain england sword prime minister sailing mermaid duke silver pirate soldier battle swashbuckler 18th century aftercreditsstinger blackbeard whimsical
41446,Scream 4,2011-04-13,2011,en,"[27, 9648]",13.6455,6.478,4112,"Fifteen years after the original Woodsboro murders, Sidney Prescott returns home to promote her new book about surviving trauma, only for a new Ghostface killer to emerge, targeting a new group of teens.",nevecampbell courteneycox davidarquette emmaroberts haydenpanettiere,wescraven,rescue mask sheriff jealousy dark comedy victim knife self-inflicted injury sequel sociopath murder house party teen movie serial killer author hospital slasher home invasion self-referential cousin relationship phone call satirical millennials publicist fame-seeking new generation return to hometown masked killer absurd remakes amused
10195,Thor,2011-04-21,2011,en,"[12, 14, 28]",13.1049,6.768,22171,"Against his father Odin's will, The Mighty Thor - a powerful but arrogant warrior god - recklessly reignites an ancient war. Thor is cast down to Earth and forced to live among humans as punishment. Once here, Thor learns what it takes to be a true hero when the most dangerous villain of his world sends the darkest forces of Asgard to invade Earth.",chrishemsworth natalieportman tomhiddleston anthonyhopkins stellanskarsgård,kennethbranagh,new mexico superhero redemption banishment based on comic brother against brother norse mythology aftercreditsstinger marvel cinematic universe (mcu) worlds collide god of thunder lighthearted fantasy egotistical melodramatic
39254,Real Steel,2011-09-28,2011,en,"[28, 878, 18]",11.7178,7.068,8978,"Charlie Kenton is a washed-up fighter who retired from the ring when robots took over the sport. After his robot is trashed, he reluctantly teams up with his estranged son to rebuild and train an unlikely contender.",hughjackman dakotagoyo evangelinelilly kevindurand anthonymackie,shawnlevy,future sports parent child relationship fight robot prizefight father son reunion robot fighting vibrant 2020s
46195,Rio,2011-04-03,2011,en,"[16, 12, 35, 10751]",11.5739,6.76,7106,"Captured by smugglers when he was just a hatchling, a macaw named Blu never learned to fly and lives a happily domesticated life in Minnesota with his human friend, Linda. Blu is thought to be the last of his kind, but when word comes that Jewel, a lone female, lives in Rio de Janeiro, Blu and Linda go to meet her. Animal smugglers kidnap Blu and Jewel, but the pair soon escape and begin a perilous adventure back to freedom -- and Linda.",jesseeisenberg annehathaway lesliemann janelynch will.i.am,carlossaldanha,rio de janeiro pet villain carnival parrot musical canary jungle samba animals duringcreditsstinger pets cartoon bird brazil smugglers
49013,Cars 2,2011-06-11,2011,en,"[16, 10751, 12, 35]",11.0086,6.173,8392,Star race car Lightning McQueen and his pal Mater head overseas to compete in the World Grand Prix race. But the road to the championship becomes rocky as Mater gets caught up in an intriguing adventure of his own: international espionage.,larrythecableguy owenwilson michaelcaine emilymortimer eddieizzard,johnlasseter,car race sports spy villain sequel anthropomorphism best friend british spy duringcreditsstinger grand prix loving cars
44896,Rango,2011-03-02,2011,en,"[16, 35, 10751, 37, 12]",9.8449,6.891,7000,"When Rango, a lost family pet, accidentally winds up in the gritty, gun-slinging town of Dirt, the less-than-courageous lizard suddenly finds he stands out. Welcomed as the last hope the town has been waiting for, new Sheriff Rango is forced to play his new role to the hilt.",johnnydepp islafisher nedbeatty billnighy abigailbreslin,goreverbinski,hero gunslinger sheriff nevada mayor pet native american water supply outlaw water shortage spirit chameleon mariachi disillusionment desert construction frontier town small western town animal life animal protagonist old west high noon
50646,"Crazy, Stupid, Love.",2011-07-29,2011,en,"[35, 18, 10749]",12.6561,7.27,9154,"Cal Weaver is living the American dream. He has a good job, a beautiful house, great children and a beautiful wife, named Emily. Cal's seemingly perfect life unravels, however, when he learns that Emily has been unfaithful and wants a divorce. Over 40 and suddenly single, Cal is adrift in the fickle world of dating. Enter, Jacob Palmer, a self-styled player who takes Cal under his wing and teaches him how to be a hit with the ladies.",stevecarell ryangosling juliannemoore emmastone liotipton,glennficarra,"friendship soulmates marriage crisis midlife crisis babysitter womanizer law school los angeles, california middle school relationship love affair divorcee teenage love playful hilarious"
50014,The Help,2011-08-09,2011,en,[18],9.7393,8.198,8919,"Aibileen Clark is a middle-aged African-American maid who has spent her life raising white children and has recently lost her only son; Minny Jackson is an African-American maid who has often offended her employers despite her family's struggles with money and her desperate need for jobs; and Eugenia ""Skeeter"" Phelan is a young white woman who has recently moved back home after graduating college to find out her childhood maid has mysteriously disappeared. These three stories intertwine to explain how life in Jackson, Mississippi revolves around ""the help""; yet they are always kept at a certain distance because of racial lines.",emmastone violadavis brycedallashoward octaviaspencer jessicachastain,tatetaylor,based on novel or book mississippi river exploitation racial segregation racism writer maid moral courage ressentiment southern belle racial issues 1960s newspaper columnist desperate cautionary dramatic
50619,The Twilight Saga: Breaking Dawn - Part 1,2011-11-16,2011,en,"[12, 14, 10749]",9.2923,6.188,9199,Bella Swan and Edward Cullen's honeymoon phase is abruptly disrupted by betrayals and unforeseen tragedies that endanger their world.,kristenstewart robertpattinson taylorlautner billyburke peterfacinelli,billcondon,based on novel or book vampire hybrid teen movie werewolf supernatural creature dead duringcreditsstinger based on young adult novel
49444,Kung Fu Panda 2,2011-05-25,2011,en,"[16, 10751, 35]",8.2359,7.06,7785,"Po is finally living the dream as the Dragon Warrior—until a dark presence from his past comes roaring back. When the ruthless peacock lord Shen unleashes a devastating new weapon used to wipe out kung fu masters across the land, Po and the Furious Five race across China to put an end to his plans. But if Po is to have any hope of stopping him, he must first confront the truth of his origins—and find inner peace before his past tears him apart.",jackblack angelinajolie dustinhoffman garyoldman jackiechan,jenniferyuhnelson,mission martial arts kung fu fortune teller post-traumatic stress disorder (ptsd) prophecy hope villain chosen one fleet sequel panda friends genocide woman director henchmen awestruck
64690,Drive,2011-09-15,2011,en,"[18, 53, 80]",11.3577,7.583,13448,"Driver is a skilled Hollywood stuntman who moonlights as a getaway driver for criminals. Though he projects an icy exterior, lately he's been warming up to a pretty neighbor named Irene and her young son, Benicio. When Irene's husband gets out of jail, he enlists Driver's help in a million-dollar heist. The job goes horribly wrong, and Driver must risk his life to protect Irene and Benicio from the vengeful masterminds behind the robbery.",ryangosling careymulligan bryancranston albertbrooks oscarisaac,nicolaswindingrefn,"robbery car mechanic stuntman beaten to death revenge organized crime neighbor police chase los angeles, california brutality jacket scorpion toothpick getaway driver crime lord stunt driver existentialism neo-noir vindictive hammer bold"
414419,Kill Bill: The Whole Bloody Affair,2011-03-27,2011,en,"[28, 80]",9.1008,8.0,1180,"Quentin Tarantino's complete cut combining Kill Bill: Vol. 1 and Vol. 2 follows The Bride, a former assassin who awakens from a four-year coma after being shot by her mentor and lover, Bill. She embarks on a vengeful quest to eliminate Bill and the Deadly Viper Assassination Squad who betrayed her.",umathurman lucyliu vivicaa.fox michaelmadsen darylhannah,quentintarantino,martial arts kung fu revenge aggressive absurd audacious
1771,Captain America: The First Avenger,2011-07-22,2011,en,"[28, 12, 878]",10.0117,7.005,22558,"During World War II, Steve Rogers is a sickly man from Brooklyn who's transformed into super-soldier Captain America to aid in the war effort. Rogers must stop the Red Skull – Adolf Hitler's ruthless head of weaponry, and the leader of an organization that intends to use a mysterious device of untold powers for world domination.",chrisevans hayleyatwell sebastianstan tommyleejones hugoweaving,joejohnston,"new york city nazi superhero world war ii heroism based on comic super soldier brooklyn, new york city nostalgic aftercreditsstinger marvel cinematic universe (mcu) origin story soldiers war admiring celebratory earnest excited aspirational"
49530,In Time,2011-10-27,2011,en,"[28, 53, 878]",10.0315,6.969,12033,"In the not-too-distant future, the aging gene has been switched off. To avoid overpopulation, time has become the currency and the way people pay for luxuries and necessities. The rich can live forever, while the rest struggle to negotiate for their immortality. A poor young man who suddenly comes into a fortune of time finds himself on the run from a corrupt police force known as the ""time keepers"".",amandaseyfried justintimberlake cillianmurphy vincentkartheiser oliviawilde,andrewniccol,future race against time immortality bank dystopia time love on the run class differences biting cops and robbers  aggressive rich vs poor in time antagonistic defiant urgent
56292,Mission: Impossible - Ghost Protocol,2011-12-07,2011,en,"[28, 53, 12]",9.0046,7.11,10660,"Ethan Hunt and his team are racing against time to track down a dangerous terrorist named Hendricks, who has gained access to Russian nuclear launch codes and is planning a strike on the United States. An attempt to stop him ends in an explosion causing severe destruction to the Kremlin and the IMF to be implicated in the bombing, forcing the President to disavow them. No longer being aided by the government, Ethan and his team chase Hendricks around the globe, although they might still be too late to stop a disaster.",tomcruise paulapatton simonpegg jeremyrenner michaelnyqvist,bradbird,"mask assassin budapest, hungary skyscraper secret intelligence service sandstorm seattle, washington satellite fake identity mumbai (bombay), india car crash sequel prison escape dubai secret government organization infiltration billionaire terrorism disguise bombing nuclear threat undercover operation fictional government agency moscow, russia clandestine analyst government agency nuclear submarine based on tv series suspenseful amused"
62835,Colombiana,2011-07-27,2011,en,"[28, 53, 80, 18]",8.3953,6.636,2816,"After witnessing her parents’ murder as a child in Bogota, Cataleya Restrepo grows up to be a stone-cold assassin. She works for her uncle as a hitman by day, but her personal time is spent engaging in vigilante murders that she hopes will lead her to her ultimate target: the mobster responsible for her parents' death.",zoesaldaña cliffcurtis callumblue michaelvartan lenniejames,oliviermegaton,street gang uncle female assassin witness to murder
45612,Source Code,2011-03-30,2011,en,"[53, 878, 9648]",7.5637,7.308,8987,"When decorated soldier Captain Colter Stevens wakes up in the body of an unknown man, he discovers he's part of a mission to find the bomber of a Chicago commuter train.",jakegyllenhaal michellemonaghan verafarmiga jeffreywright michaelarden,duncanjones,race against time bomb virtual reality identity investigation bomber suspicion surrealism time loop soldier helicopter pilot augmented reality action
61791,Rise of the Planet of the Apes,2011-08-03,2011,en,"[53, 28, 18, 878]",8.2383,7.34,12627,"A highly intelligent chimpanzee named Caesar has been living a peaceful suburban life ever since he was born. But when he gets taken to a cruel primate facility, Caesar decides to revolt against those who have harmed him.",andyserkis jamesfranco freidapinto johnlithgow briancox,rupertwyatt,"san francisco, california solidarity gorilla intelligence dystopia zoo alzheimer's disease death of father cage anthropomorphism golden gate bridge disease ape orangutan chimpanzee medical research primate duringcreditsstinger sign languages virus animal testing contagion father son relationship animal human friendship cgi-live action hybrid violence against animals meddling neighbor medical trials amused exhilarated"
51876,Limitless,2011-03-17,2011,en,"[53, 9648, 878]",7.8186,7.196,11335,The life of an unsuccessful writer is transformed by a top-secret 'smart drug' that allows him to use 100% of his brain and become a perfect version of himself. His enhanced abilities soon attract shadowy forces that threaten his new life.,bradleycooper robertdeniro abbiecornish andrewhoward annafriel,neilburger,new york city medicine politician iq pill stalking superhuman transhumanism writer drugs threat knowledge nootropics mind booster inspirational
826062,Surrendered,2011-11-05,2011,en,"[18, 10751]",3.4541,0.0,0,"A hardworking husband and father, Jay Harding views himself as a generous, loving and selfless man giving all to make a great life for his family. But, he quickly discovers he's missed the mark and everyone around him views him as greedy, manipulative and selfish. On the brink of a destroyed marriage, a failed business and losing life as he knows it, Jay goes on a quest to prove that he loves and can provide for his family. On his journey, he learns that there is a result to every experience - right or wrong, good or bad. Jay Harding learns what happens if you're willing to let go of everything and choose to live a life Surrendered.",davidmcintyre kimberlynelson-howard grantcollins maseymclain,brettdivine,
44912,Green Lantern,2011-06-14,2011,en,"[12, 28, 53, 878]",6.5436,5.18,7590,"For centuries, a small but powerful force of warriors called the Green Lantern Corps has sworn to keep intergalactic order. Each Green Lantern wears a ring that grants him superpowers. But when a new enemy called Parallax threatens to destroy the balance of power in the Universe, their fate and the fate of Earth lie in the hands of the first human ever recruited.",ryanreynolds blakelively petersarsgaard markstrong timrobbins,martincampbell,superhero transformation based on comic alien alien infection magical object protector based on graphic novel super power
55721,Bridesmaids,2011-05-13,2011,en,"[35, 10749]",7.7514,6.505,4629,"Annie's life is a mess. But when she finds out her lifetime best friend is engaged, she simply must serve as Lillian's maid of honor. Though lovelorn and broke, Annie bluffs her way through the expensive and bizarre rituals. With one chance to get it perfect, she’ll show Lillian and her bridesmaids just how far you’ll go for someone you love.",kristenwiig mayarudolph rosebyrne chriso'dowd melissamccarthy,paulfeig,jealousy parent child relationship fight competition materialism bridesmaid female friendship sexual humor wealth fear of commitment wedding party best friend maid of honor drunk wedding dress group of friends missing person casual sex vanity duringcreditsstinger out of control intimate amused awestruck
50546,Just Go with It,2011-02-10,2011,en,"[35, 10749]",7.265,6.705,6058,"While romancing Palmer, a much younger schoolteacher, plastic surgeon Danny Maccabee enlists his loyal assistant Katherine to pretend to be his soon to be ex-wife, in order to cover up a careless lie. When more lies backfire, Katherine's kids become involved, and everyone heads off for a weekend in Hawaii that will change all their lives.",adamsandler jenniferaniston brooklyndecker nicolekidman nickswardson,dennisdugan,friendship hawaii assistant plastic surgery romcom waterfall falling in love older man younger woman relationship young woman family vacation single mother plastic surgeon divorced schoolteacher rich man favor elaborate ruse pretending to be wife pretend marriage pretend family sorority sister
58574,Sherlock Holmes: A Game of Shadows,2011-11-22,2011,en,"[12, 80, 9648]",6.4151,7.143,10854,"There is a new criminal mastermind at large (Professor Moriarty) and not only is he Holmes’ intellectual equal, but his capacity for evil and lack of conscience may give him an advantage over the  detective.",robertdowneyjr. judelaw noomirapace jaredharris rachelmcadams,guyritchie,"london, england paris, france detective detective inspector steampunk buddy criminal mastermind 19th century sherlock holmes"
65754,The Girl with the Dragon Tattoo,2011-12-14,2011,en,"[53, 80, 9648]",6.1594,7.382,7511,"Disgraced journalist Mikael Blomkvist investigates the disappearance of a weary patriarch's niece from 40 years ago. He is aided by the pierced, tattooed, punk computer hacker named Lisbeth Salander. As they work together in the investigation, Blomkvist and Salander uncover immense corruption beyond anything they have ever imagined.",danielcraig rooneymara christopherplummer stellanskarsgård robinwright,davidfincher,"journalist island rape hacker based on novel or book nazi journalism sweden investigation punk rock scandinavia stockholm, sweden remake antisocial personality disorder disappearance serial killer hacking sadist biting bible quote dead cat millennium based on movie aggressive abuse cold case locked room mystery dreary missing girl tense cruel"
49018,Insidious,2011-03-31,2011,en,"[27, 53]",6.5545,6.942,7231,"A family discovers that dark spirits have invaded their home after their son inexplicably falls into an endless sleep. When they reach out to a professional for help, they learn things are a lot more personal than they thought.",patrickwilson rosebyrne linshaye tysimpkins barbarahershey,jameswan,supernatural medium haunted house evil spirit house warming demon new home aftercreditsstinger other dimension insidious supernatural power supernatural horror horror distressing horrified possessed child
73454,X,2011-11-23,2011,en,"[28, 53, 10749]",6.1747,6.4,315,A veteran call girl and a runaway prostitute witness a murder which sends them on an out-of-control roller coaster ride through the twilight zone of sex-for-sale.,vivabianca hannamanganlawrence peterdocker stephenphillips eamonfarren,jonhewitt,eroticism prostitution
27582,The Mechanic,2011-01-13,2011,en,"[28, 53, 80]",6.43,6.525,3536,"Arthur Bishop is a 'mechanic' - an elite assassin with a strict code requiring professional perfection and total detachment. One of an elite group of assassins, Bishop may be the best in the business - with a unique talent for cleanly eliminating targets. When Harry McKenna, his close friend and mentor, is murdered, Harry's son comes to him with vengeance in his heart and a desire to learn Bishop's trade, signaling the birth of a deadly partnership.",jasonstatham benfoster donaldsutherland minianden tonygoldwyn,simonwest,"chicago, illinois research martial arts assassin prostitute airport mentor new orleans, louisiana training car crash elite remake security set up mentor protégé relationship contractor aggressive vengeance avenging son colombia suspenseful ominous"
51540,Horrible Bosses,2011-07-08,2011,en,"[35, 80]",5.8244,6.574,6724,"For Nick, Kurt and Dale, the only thing that would make the daily grind more tolerable would be to grind their intolerable bosses into dust. Quitting is not an option, so, with the benefit of a few-too-many drinks and some dubious advice from a hustling ex-con, the three friends devise a convoluted and seemingly foolproof plan to rid themselves of their respective employers... permanently.",jasonbateman charlieday jasonsudeikis kevinspacey jenniferaniston,sethgordon,bad boss employee death of father stakeout duringcreditsstinger derogatory
39513,Paul,2011-02-14,2011,en,"[12, 35, 878]",6.6359,6.733,6188,"For the past 60 years, a space-traveling smart-ass named Paul has been locked up in a top-secret military base, advising world leaders about his kind. But when he worries he’s outlived his usefulness and the dissection table is drawing uncomfortably close, Paul escapes on the first RV that passes by his compound in Area 51. Fortunately, it contains the two earthlings who are most likely to rescue and harbor an alien on the run.",simonpegg nickfrost sethrogen jasonbateman kristenwiig,gregmottola,"san diego, california alien burlesque area 51 alien space craft duringcreditsstinger 1980s ambivalent dignified"
48138,Unknown,2011-02-16,2011,en,"[28, 9648, 53]",6.1422,6.688,4124,"A man awakens from a coma, only to discover that someone has taken on his identity and that no one, (not even his wife), believes him. With the help of a young woman, he sets out to prove who he is.",liamneeson dianekruger januaryjones aidanquinn brunoganz,jaumecollet-serra,hotel taxi coma taxi driver prince briefcase hospital stolen identity amused
39538,Contagion,2011-09-08,2011,en,"[18, 53, 878]",5.6869,6.644,6459,"As an epidemic of a lethal airborne virus - that kills within days - rapidly grows, the worldwide medical community races to find a cure and control the panic that spreads faster than the virus itself.",marioncotillard mattdamon laurencefishburne judelaw katewinslet,stevensoderbergh,quarantine saving the world mutation infection terminal illness outbreak disease vaccine lethal virus scientist epidemic prophetic virus pandemic medical drama
63197,Megan Is Missing,2011-05-01,2011,en,"[18, 27, 53]",6.2523,6.166,818,"Fourteen-year–old Megan and her best friend Amy spend a lot of time on the internet, posting videos of themselves and chatting with guys online. One night Megan chats with a guy named Josh who convinces her to meet him for a date. The next day, Megan is missing—forever. Based on actual cases of child abduction.",amberperkins rachelquinn deanwaite jaelelizabethsteinmeyer karawang,michaelgoi,rape predator based on true story murder teenage girl internet torture high school friends missing person found footage abduction screenlife pseudo-documentary faux documentary
45243,The Hangover Part II,2011-05-25,2011,en,[35],6.8712,6.5,11159,"The Hangover crew heads to Thailand for Stu's wedding. After the disaster of a bachelor party in Las Vegas last year, Stu is playing it safe with a mellow pre-wedding brunch. However, nothing goes as planned and Bangkok is the perfect setting for another adventure with the rowdy group.",bradleycooper edhelms zachgalifianakis justinbartha masonlee,toddphillips,stag night memory loss undercover cop drugs
50359,Hop,2011-03-30,2011,en,"[16, 35, 10751]",6.3005,5.8,1370,"E.B., the Easter Bunny's teenage son, heads to Hollywood, determined to become a drummer in a rock 'n' roll band. In L.A., he's taken in by Fred after the out-of-work slacker hits E.B. with his car.",russellbrand jamesmarsden kaleycuoco hankazaria elizabethperkins,timhill,bunny coup d'etat villain slacker easter easter bunny rabbit aftercreditsstinger live action and animation chick
57212,War Horse,2011-12-25,2011,en,"[10752, 36, 12]",6.2074,7.3,3637,"On the brink of the First World War, Albert's beloved horse Joey is sold to the Cavalry by his father. Against the backdrop of the Great War, Joey begins an odyssey full of danger, joy, and sorrow, and he transforms everyone he meets along the way. Meanwhile, Albert, unable to forget his equine friend, searches the battlefields of France to find Joey and bring him home.",jeremyirvine petermullan emilywatson nielsarestrup davidthewlis,stevenspielberg,world war i horse farm life execution trapped alcoholic cavalry plowing artillery depressing
24428,The Avengers,2012-04-25,2012,en,"[878, 28, 12]",56.9412,7.979,36746,"When an unexpected enemy emerges and threatens global safety and security, Nick Fury, director of the international peacekeeping agency known as S.H.I.E.L.D., finds himself in need of a team to pull the world back from the brink of disaster. Spanning the globe, a daring recruitment effort begins!",robertdowneyjr. chrisevans markruffalo chrishemsworth scarlettjohansson,josswhedon,new york city superhero shield based on comic alien invasion superhero team aftercreditsstinger duringcreditsstinger marvel cinematic universe (mcu)
57214,Project X,2012-03-01,2012,en,[35],44.9263,6.884,6724,"Three high school seniors throw a party to make a name for themselves. As the night progresses, things spiral out of control as word of the party spreads.",thomasmann olivercooper jonathandanielbrown daxflame kirbyblissblanton,nimanourizadeh,high school birthday birthday party house party teen movie high school student fake documentary
84577,7 Below,2012-04-16,2012,en,[27],40.4425,3.559,93,A group of strangers is trapped in a time warp house where a terrible event transpired exactly 100 years prior.,valkilmer vingrhames lukegoss bonniesomerville mattbarr,kevincarraway,time warp haunted house
149218,Come Dance with Me,2012-12-08,2012,en,"[10751, 10749, 10770]",25.9494,5.5,24,"Jack is an executive in a financial brokerage firm trying to impress the firm’s president, Drew Clayton, in hopes of a promotion. However, Jack is dating the fabulously rich and elegant Demi Clayton, who happens to be Drew’s daughter. Although Demi’s mother Clarisse doesn’t necessarily approve of Jack and would prefer her daughter to date a man within their social circle, Jack still plans on proposing. Trying to create the perfect proposal, Jack signs up for dance lessons in preparation for his proposal to Demi at her father’s lavish annual Christmas Dance. But when sparks start to fly between Jack and his dance instructor, Christine, Jack will have to make some important decisions before it is too late.",andrewmccarthy michellenolden stephaniemills kylemac marylong,johnbradshaw,romance christmas
117878,Kiss at Pine Lake,2012-05-19,2012,en,"[10770, 10749]",22.0411,5.9,47,"A boy and a girl fall in love during summer camp and promise to stay in touch, but they don't. Fifteen years later they meet again in the same camp under very different circumstances. What will happen to the camp and will they try again?",dianabang victoriabidewell sarahdesjardins miakirshner barrywatson,michaelm.scott,summer camp investor financial problem childhood sweethearts hallmark business manager property developer
262267,Darkest Night,2012-10-20,2012,en,"[27, 18]",19.981,2.8,8,"A family gathers for a happy reunion and marriage announcement on Christmas Day at an isolated mansion in the Philippine mountains only to encounter a series of bizarre, demonic, and tragic events.",djperry annegauthier issalitton niccampos jillpalencia,noeltan,asia black magic gothic horror religious cult found footage
1930,The Amazing Spider-Man,2012-06-23,2012,en,"[28, 12, 878]",22.7024,6.73,18329,"Peter Parker is an outcast high schooler abandoned by his parents as a boy, leaving him to be raised by his Uncle Ben and Aunt May. Like most teenagers, Peter is trying to figure out who he is and how he got to be the person he is today. As Peter discovers a mysterious briefcase that belonged to his father, he begins a quest to understand his parents' disappearance – leading him directly to Oscorp and the lab of Dr. Curt Connors, his father's former partner. As Spider-Man is set on a collision course with Connors' alter ego, The Lizard, Peter will make life-altering choices to use his powers and shape his destiny to become a hero.",andrewgarfield emmastone rhysifans denisleary martinsheen,marcwebb,experiment loss of loved one superhero based on comic vigilante teenage girl teenage boy super power spider bite masked vigilante reboot genetic engineering social outcast death of husband duringcreditsstinger virus teen superhero teenage angst vigilante justice
225278,Run,2012-10-18,2012,en,"[18, 27]",13.73,5.3,6,"A backpacker on the run from home writes a letter home, but there may be more to him than appears.",josephstacey gabiherrett johngrey,matjohns,narration backpacker
1495634,The Mechanical Grave,2012-05-05,2012,en,[],14.6139,0.0,0,"The year is 1895. Steam-powered ships fly through the air. Clockwork robots have replaced servants. And a grisly murder has taken place in the dark night of New York City. Called to the scene of the ritualistic murder of a young woman, newly appointed police commissioner Teddy Roosevelt discovers Detective Wayne and his police officers power usurped by two special investigators appointed by the White House: Occultist Edgar Allan Poe, a clockwork automaton housing the soul of the literary legend, and Mrs. Emma Entwistle, a dangerous assassin with a unique connection to the otherworld. When they illicit information from the demon Neshrew, a much darker and more dangerous plot of world domination is uncovered.",nicoleleigh jonathanr.freeman matthewtompkins michaelcrabtree johnwalpole,jonkeeyes,
49026,The Dark Knight Rises,2012-07-17,2012,en,"[28, 80, 18, 53]",17.6681,7.792,24124,"Following the death of District Attorney Harvey Dent, Batman assumes responsibility for Dent's crimes to protect the late attorney's reputation and is subsequently hunted by the Gotham City Police Department. Eight years later, Batman encounters the mysterious Selina Kyle and the villainous Bane, a new terrorist leader who overwhelms Gotham's finest. The Dark Knight resurfaces to protect a city that has branded him an enemy.",christianbale garyoldman tomhardy josephgordon-levitt annehathaway,christophernolan,airplane fight burglar hostage secret identity crime fighter superhero villainess time bomb based on comic cover-up vigilante tragic hero mobile terrorism destruction fighting criminal underworld cat burglar flood
107257,A Perfect Ending,2012-06-01,2012,en,"[18, 10749]",15.0998,6.2,133,"This intimate drama follows Rebecca, a woman who has kept her sexuality a secret from her friends but chooses to reveal it to a stranger. While Rebecca's revelations may not yield the results she expects, a perfect ending is still in reach.",barbaraniven jessicaclark johnheard morganfairchild kerryknuppe,nicoleconn,female homosexuality lgbt woman director lesbian
68718,Django Unchained,2012-12-25,2012,en,"[18, 37]",13.5053,8.189,27747,"With the help of a German bounty hunter, a freed slave sets out to rescue his wife from a brutal Mississippi plantation owner.",jamiefoxx christophwaltz leonardodicaprio kerrywashington samuell.jackson,quentintarantino,rescue friendship bounty hunter texas slavery plantation revenge racism slave trade black slave angry 19th century white supremacy anxious old west mississippi
72105,Ted,2012-06-29,2012,en,"[35, 14]",13.5921,6.449,13043,"John Bennett, a man whose childhood wish of bringing his teddy bear to life came true, now must decide between keeping the relationship with the bear or his girlfriend, Lori.",markwahlberg milakunis sethmacfarlane joelmchale giovanniribisi,sethmacfarlane,friendship dreams love buddy teddy bear toy comes to life wishes come true
49051,The Hobbit: An Unexpected Journey,2012-12-12,2012,en,"[12, 14, 28]",13.4809,7.369,19452,"Bilbo Baggins, a hobbit enjoying his quiet life, is swept into an epic quest by Gandalf the Grey and thirteen dwarves who seek to reclaim their mountain home from Smaug, the dragon.",martinfreeman ianmckellen richardarmitage jamesnesbitt kenstott,peterjackson,based on novel or book elves dwarf magic horseback riding sword burglar legend riddle mountain contract travel troll creature thunderstorm fantasy world wizard epic battle lost ring journey ring tunnel underground lake buried treasure invisibility quest live action and animation high fantasy sword and sorcery trekking goblins good versus evil fantasy creature amused
82690,Wreck-It Ralph,2012-11-01,2012,en,"[10751, 16, 35, 12]",23.581,7.355,12967,"Wreck-It Ralph is the 9-foot-tall, 643-pound villain of an arcade video game named Fix-It Felix Jr., in which the game's titular hero fixes buildings that Ralph destroys. Wanting to prove he can be a good guy and not just a villain, Ralph escapes his game and lands in Hero's Duty, a first-person shooter where he helps the game's hero battle against alien invaders. He later enters Sugar Rush, a kart racing game set on tracks made of candies, cookies and other sweets. There, Ralph meets Vanellope von Schweetz who has learned that her game is faced with a dire threat that could affect the entire arcade, and one that Ralph may have inadvertently started.",johnc.reilly sarahsilverman jackmcbrayer janelynch alantudyk,richmoore,video game support group villain bullying medal product placement jail racing arcade self esteem curiosity precocious child aftercreditsstinger duringcreditsstinger first person shooter glitch carefree interrupted wedding social reject escape from jail hoverboard 3d animation inspirational admiring joyful
76493,The Dictator,2012-05-15,2012,en,[35],11.1579,6.223,6350,The heroic story of a dictator who risks his life to ensure that democracy would never come to the country he so lovingly oppressed.,sachabaroncohen benkingsley annafaris jasonmantzoukas sayedbadreya,larrycharles,petrol culture clash dictator coup d'etat satire parody uncle conspiracy female soldier united nations weapon of mass destruction dissident grocery store identity swap
76163,The Expendables 2,2012-08-08,2012,en,"[28, 12, 53]",10.6139,6.35,7094,"Mr. Church reunites the Expendables for what should be an easy paycheck, but when one of their men is murdered on the job, their quest for revenge puts them deep in enemy territory and up against an unexpected threat.",sylvesterstallone jasonstatham jetli dolphlundgren chucknorris,simonwest,airplane loss of loved one mercenary airplane crash beard airport lounge asian woman
62177,Brave,2012-06-21,2012,en,"[16, 12, 10751, 14]",11.7277,7.021,14042,"In the mystical Scottish Highlands, Merida is the princess of a kingdom ruled by King Fergus and Queen Elinor. An unruly daughter and an accomplished archer, Merida one day defies a sacred custom of the land and inadvertently brings turmoil to the kingdom. In an attempt to set things right, Merida seeks out an eccentric old Wise Woman and is granted an ill-fated wish. Also figuring into Merida's quest — and serving as comic relief — are the kingdom's three lords: the enormous Lord MacGuffin, the surly Lord Macintosh, and the disagreeable Lord Dingwall.",kellymacdonald emmathompson billyconnolly juliewalters robbiecoltrane,brendachapman,witch kingdom scotland rebel bravery villain wish archer bear scot rebellious daughter turns into animal archery ruins aftercreditsstinger peace offering woman director insecure quest grim irreverent absurd whimsical derogatory disdainful disgusted disheartening disrespectful frustrated ridiculous
70981,Prometheus,2012-05-30,2012,en,"[878, 9648]",9.9387,6.593,13116,"A team of explorers discover a clue to the origins of mankind on Earth, leading them on a journey to the darkest corners of the universe. There, they must fight a terrifying battle to save the future of the human race.",noomirapace michaelfassbender charlizetheron idriselba guypearce,ridleyscott,android alien space creature spin off creation emergency surgery archaeological dig stasis god complex cave drawing prometheus cosmic horror genetic mutation origins of life lovecraftian 2090s sci-fi horror objective space sci-fi
57800,Ice Age: Continental Drift,2012-06-27,2012,en,"[16, 35, 12, 10751]",10.0582,6.382,8037,"Manny, Diego, and Sid embark upon another adventure after their continent is set adrift. Using an iceberg as a ship, they encounter sea creatures and battle pirates as they explore a new world.",rayromano johnleguizamo denisleary seannwilliamscott joshpeck,stevemartino,villain sequel prehistory seal (animal) aftercreditsstinger duringcreditsstinger melting ice floating ice land bridge glaciale
37724,Skyfall,2012-10-24,2012,en,"[28, 12, 53]",9.7578,7.259,15989,"When Bond's latest assignment goes gravely wrong, agents around the world are exposed and MI6 headquarters is attacked. While M faces challenges to her authority and position from Gareth Mallory, the new Chairman of the Intelligence and Security Committee, it's up to Bond, aided only by field agent Eve, to locate the mastermind behind the attack.",danielcraig judidench javierbardem ralphfiennes naomieharris,sammendes,spy aston martin secret agent sociopath police impersonator hacking mi6 killer art gallery british secret service uzi booby trap macao komodo dragon globetrotting helicopter crash scottish highlands james bond intense vibrant
82507,Sinister,2012-03-29,2012,en,"[27, 53, 9648]",9.1866,6.874,5959,"True-crime writer Ellison Oswalt is in a slump; he hasn't had a best seller in more than 10 years and is becoming increasingly desperate for a hit. So, when he discovers the existence of a snuff film showing the deaths of a family, he vows to solve the mystery. He moves his own family into the victims' home and gets to work. However, when old film footage and other clues hint at the presence of a supernatural force, Ellison learns that living in the house may be fatal.",ethanhawke julietrylance vincentd'onofrio jamesransone fredthompson,scottderrickson,"drowning pennsylvania, usa writing child murder snuff tape home movie footage murder massacre power outage held captive hanging death car fire novelist attic occult super 8mm footage moving in book writing supernatural horror sinister ominous"
41154,Men in Black 3,2012-05-23,2012,en,"[28, 35, 878]",8.5964,6.54,10879,"Agents J and K are back...in time. J has seen some inexplicable things in his 15 years with the Men in Black, but nothing, not even aliens, perplexes him as much as his wry, reticent partner. But when K's life and the fate of the planet are put at stake, Agent J will have to travel back in time to put things right. J discovers that there are secrets to the universe that K never told him - secrets that will reveal themselves as he teams up with the young Agent K to save his partner, the agency, and the future of humankind.",willsmith tommyleejones joshbrolin jemaineclement emmathompson,barrysonnenfeld,time travel time machine based on comic alien buddy cop fictional government agency seeing the future changing history
75780,Jack Reacher,2012-12-20,2012,en,"[80, 18, 53, 28]",9.112,6.656,7540,"One morning in an ordinary town, five people are shot dead in a seemingly random attack. All evidence points to a single suspect: an ex-military sniper who is quickly brought into custody. The interrogation yields one written note: 'Get Jack Reacher!'. Reacher, an enigmatic ex-Army investigator, believes the authorities have the right man but agrees to help the sniper's defense attorney. However, the more Reacher delves into the case, the less clear-cut it appears. So begins an extraordinary chase for the truth, pitting Jack Reacher against an unexpected enemy, with a skill for violence and a secret to keep.",tomcruise rosamundpike richardjenkins davidoyelowo wernerherzog,christophermcquarrie,sniper coma based on novel or book detective investigation police chase investigator district attorney defense attorney military police murder investigation loner off the grid mass shooting ex army father daughter relationship army veteran physical evidence intense fist fight forensic evidence gun range random act of violence
76492,Hotel Transylvania,2012-09-20,2012,en,"[16, 35, 10751, 14]",9.8006,6.963,9098,"Welcome to Hotel Transylvania, Dracula's lavish five-stake resort, where monsters and their families can live it up and no humans are allowed. One special weekend, Dracula has invited all his best friends to celebrate his beloved daughter Mavis's 118th birthday. For Dracula catering to all of these legendary monsters is no problem but the party really starts when one ordinary guy stumbles into the hotel and changes everything!",adamsandler andysamberg selenagomez kevinjames frandrescher,genndytartakovsky,hotel witch vampire romance love zombie invisible person duringcreditsstinger nosferatu protective father magical creature philosophical father daughter relationship 3d animation joyful
87827,Life of Pi,2012-11-20,2012,en,"[12, 18]",8.8437,7.408,13664,"The story of an Indian boy named Pi, a zookeeper's son who finds himself in the company of a hyena, zebra, orangutan, and a Bengal tiger after a shipwreck sets them adrift in the Pacific Ocean.",surajsharma irrfankhan ayushtandon gautambelur adilhussain,anglee,sea faith loss of loved one 1970s zebra survival young boy zookeeper orangutan teenage boy hyena meerkat magic realism cargo ship lifeboat injured animal storm at sea told in flashback wreckage loss of family teenage protagonist family loss flying fish exhilarated vibrant teen fantasy
64688,21 Jump Street,2012-03-14,2012,en,"[28, 35, 80]",8.7305,6.884,10908,"When cops Schmidt and Jenko join the secret Jump Street unit, they use their youthful appearances to go undercover as high school students. They trade in their guns and badges for backpacks, and set out to shut down a dangerous drug ring. But, as time goes on, Schmidt and Jenko discover that high school is nothing like it was just a few years earlier -- and, what's more, they must again confront the teenage terror and anxiety they thought they had left behind.",jonahhill channingtatum brielarson davefranco robriggle,phillord,drug dealer high school investigation nerd male friendship parody jock crude humor undercover cop high school student police academy buddy cop buddy comedy duringcreditsstinger high school rivalry bicycle cop based on tv series cops party drugs high school classmates bold dignified horrified
50620,The Twilight Saga: Breaking Dawn - Part 2,2012-11-13,2012,en,"[12, 14, 18, 10749]",8.6749,6.456,9313,"After the birth of Renesmee, the Cullens gather other vampire clans in order to protect the child from a false allegation that puts the family in front of the Volturi.",kristenstewart robertpattinson taylorlautner peterfacinelli elizabethreaser,billcondon,based on novel or book vampire villainess affectation romance teen movie werewolf supernatural creature super strength imprinting cross breed bloodsucker grudge chief of police wolf pack misinformation seeing the future based on young adult novel
101519,A Fantastic Fear of Everything,2012-06-07,2012,en,"[35, 53, 27]",4.5052,5.7,313,"Jack is a children's author turned crime novelist whose detailed research into the lives of Victorian serial killers has turned him into a paranoid wreck, persecuted by the irrational fear of being murdered. When Jack is thrown a life-line by his long-suffering agent and a mysterious Hollywood executive takes a sudden and inexplicable interest in his script, what should be his big break rapidly turns into his big breakdown, as Jack is forced to confront his worst demons; among them his love life, his laundry and the origin of all fear.",simonpegg paulfreeman clarehiggins amarakaran alandrake,crispianmills,paranoia holiday season personal demons
49049,Dredd,2012-09-07,2012,en,"[28, 878]",8.1558,6.858,5449,"In the future, America is a dystopian wasteland. The latest scourge is Ma-Ma, a prostitute-turned-drug pusher with a dangerous new drug and aims to take over the city. The only possibility of stopping her is an elite group of urban police called Judges, who combine the duties of judge, jury and executioner to deliver a brutal brand of swift justice. But even the top-ranking Judge, Dredd, discovers that taking down Ma-Ma isn’t as easy as it seems in this explosive adaptation of the hugely popular comic series.",karlurban oliviathirlby lenaheadey woodharris langleykirkwood,petetravis,metropolis corruption police judge gangster crime fighter dystopia post-apocalyptic future executive case based on comic futuristic survival cyberpunk criminal justice drug lord based on graphic novel female villain
44833,Battleship,2012-04-11,2012,en,"[53, 28, 12, 878]",8.0302,5.881,5874,"When mankind beams a radio signal into space, a reply comes from ‘Planet G’, in the form of several alien crafts that splash down in the waters off Hawaii. Lieutenant Alex Hopper is a weapons officer assigned to the USS John Paul Jones, part of an international naval coalition which becomes the world's last hope for survival as they engage the hostile alien force of unimaginable strength. While taking on the invaders, Hopper must also try to live up to the potential that his brother, and his fiancée's father—an Admiral—expect of him.",taylorkitsch alexanderskarsgård rihanna brooklyndecker tadanobuasano,peterberg,fight u.s. navy mind reading hong kong football (soccer) scientist fictional war armada battleship naval combat jds myoko lost communication taser buoy communications expert joint chiefs of staff crash landing jet fighter pilot navy lieutenant permission to marry aftercreditsstinger naval warfare uss missouri based on board game
22970,The Cabin in the Woods,2012-04-12,2012,en,"[27, 9648, 35]",7.9728,6.645,8434,"Five friends set out for a weekend at a remote cabin in the woods, expecting nothing more than fun and relaxation. As night falls, they discover that something far more unsettling is at work and that nothing about their getaway is what it seems.",kristenconnolly frankranz chrishemsworth jessewilliams annahutchison,drewgoddard,giant snake school party motorcycle crash abandoned house woods marijuana cabin apocalypse zombie werewolf creature cabin in the woods video wall speaker phone young adult college student lovecraftian everyone dies
87428,That's My Boy,2012-06-14,2012,en,[35],7.4693,5.8,2127,"While in his teens, Donny fathered a son, Todd, and raised him as a single parent up until Todd's 18th birthday. Now, after not seeing each other for years, Todd's world comes crashing down when Donny resurfaces just before Todd's wedding.",adamsandler andysamberg leightonmeester vanillaice tonyorlando,seananders,talk show older woman seduces younger guy women's prison strip club drinking prison sentence single father incest teacher student relationship troubled childhood sex comedy tax evasion estranged son 1980s unplanned pregnancy father son conflict imminent wedding cliché disrespectful brother sister incest
82695,Les Misérables,2012-12-18,2012,en,"[36, 18]",6.6547,7.3,5533,"An adaptation of the successful stage musical based on Victor Hugo's classic novel set in 19th-century France. Jean Valjean, a man imprisoned for stealing bread, must flee a relentless policeman named Javert. The pursuit consumes both men's lives, and soon Valjean finds himself in the midst of the student revolutions in France.",hughjackman russellcrowe amandaseyfried annehathaway eddieredmayne,tomhooper,rebellion army robbery france based on novel or book love triangle love at first sight brothel mayor french revolution musical arrest based on play or musical barricade wedding prostitution falling in love corpse parole convict forced prostitution police inspector girl disguised as boy historical drama 19th century out of wedlock child historical romance death of a child abusive family inspirational corrupt businessman indifferent powerful triangulo amoroso prisão
61012,Silent Hill: Revelation 3D,2012-10-10,2012,en,"[53, 27, 9648]",6.9719,5.546,1834,"Heather Mason and her father have been on the run, always one step ahead of dangerous forces that she doesn't fully understand. Now on the eve of her 18th birthday, plagued by horrific nightmares and the disappearance of her father, Heather discovers she's not who she thinks she is. The revelation leads her deeper into a demonic world that threatens to trap her forever.",adelaideclemens seanbean radhamitchell carrie-annemoss malcolmmcdowell,mjbassett,sequel female protagonist another dimension based on video game occult mall evil child dark carnival occult torture aftercreditsstinger evil little girl frustrated
68734,Argo,2012-10-11,2012,en,"[18, 53]",7.9851,7.283,8852,"As the Iranian revolution reaches a boiling point, a CIA 'exfiltration' specialist concocts a risky plan to free six Americans who have found shelter at the home of the Canadian ambassador.",benaffleck bryancranston alanarkin johngoodman victorgarber,benaffleck,central intelligence agency (cia) husband wife relationship revolution press conference biography american abroad extraction iran hostage crisis intelligence agent langley virginia 1980s political thriller factual
80321,Madagascar 3: Europe's Most Wanted,2012-06-06,2012,en,"[16, 10751, 35, 12]",7.3237,6.628,6500,"Animal pals Alex, Marty, Melman, and Gloria are still trying to make it back to New York's Central Park Zoo. They are forced to take a detour to Europe to find the penguins and chimps who broke the bank at a Monte Carlo casino. When French animal-control officer Capitaine Chantel DuBois picks up their scent, Alex and company are forced to hide out in a traveling circus.",benstiller chrisrock davidschwimmer jadapinkettsmith francesmcdormand,ericdarnell,friendship circus lion zoo hippopotamus giraffe penguin cartoon villain zebra slapstick comedy madagascar animals lemur talking animal 3d animation
114150,Pitch Perfect,2012-09-28,2012,en,"[35, 10402, 10749]",6.8045,7.274,6817,"College student Beca knows she does not want to be part of a clique, but that's exactly where she finds herself after arriving at her new school. Thrust in among mean gals, nice gals and just plain weird gals, Beca finds that the only thing they have in common is how well they sing together. She takes the women of the group out of their comfort zone of traditional arrangements and into a world of amazing harmonic combinations in a fight to the top of college music competitions.",annakendrick annacamp brittanysnow skylarastin rebelwilson,jasonmoore,competition roommates college female friendship misfit hazing university audition group of friends dorm room bickering dj singing competition film score young adult acapella
57165,Wrath of the Titans,2012-03-28,2012,en,"[14, 12, 28]",6.051,5.758,4463,"Perseus tries to live a quieter life as a village fisherman while – dangerously weakened by humanity's lack of devotion – the gods are losing control of the long-imprisoned Titans and their ferocious leader, Kronos.",samworthington liamneeson ralphfiennes rosamundpike billnighy,jonathanliebesman,"hades mythology greek mythology zeus god perseus ancient greece ares based on myths, legends or folklore"
70160,The Hunger Games,2012-03-12,2012,en,"[878, 12, 28, 53]",7.4566,7.222,23112,"In a dystopian society where the Capitol forces each district to send two young tributes to fight to the death in a televised spectacle, a girl volunteers to take her sister’s place, setting the stage for a struggle of survival and defiance.",jenniferlawrence joshhutcherson liamhemsworth woodyharrelson elizabethbanks,garyross,based on novel or book revolution dystopia monarchy female protagonist fashion bow and arrow game hunting archery death match futuristic city survival competition forced to kill world hunger based on young adult novel futuristic architecture battle royale futuristic world
171776,Sparks,2013-03-01,2013,en,"[28, 53]",78.2326,4.8,101,A masked vigilante who discovers the dark side to heroism. Going after the nation's most notorious super criminal leaves Sparks' life and reputation in ruins.,chasewilliamson ashleybell clancybrown jakebusey williamkatt,toddburrows,superhero based on comic based on graphic novel pulp neo-noir
934468,Mrs Sen,2013-07-11,2013,en,[18],53.4721,0.0,0,"On the wee hours of a December morning, the ring of a telephone shatters the quietness of the Sen household. Anuradha, Who answers the call, is stunned to hear the caller on the other side of the line. Her husband had met with a fatal accident in Thailand and had sunk into coma and she needed to take the next available flight and reach the hospital. Both Anuradha and Sohini's world are shattered. Both the Mrs. Sen did not know how to address this crisis that they had never imagined in their wildest dreams. Somnath's body is cremated and Anuradha wants to carry the ashes to India, to Somnath's father for the last rights. Sohini does not object, as she is about to set for the Airport, Sohini faints. The doctor is called and he asks Anuradha to admit Sohini to the Hospital once more. In the Hospital, Sohini is diagnosed as having her internal organs damaged and internal bleeding happening. Doctor's however clearly mention that it was only days before Sohini would actually die.",rituparnasengupta hrishitaabhatt rohitroy biplabchatterjee subhasishmukherjee,agnidevchatterjee,
109445,Frozen,2013-11-20,2013,en,"[16, 10751, 12, 14]",20.0648,7.249,17435,"Young princess Anna of Arendelle dreams about finding true love at her sister Elsa’s coronation. Fate takes her on a dangerous journey in an attempt to end the eternal winter that has fallen over the kingdom. She's accompanied by ice delivery man Kristoff, his reindeer Sven, and snowman Olaf. On an adventure where she will find out what friendship, courage, family, and true love really means.",idinamenzel kristenbell jonathangroff joshgad livvystubenrauch,chrisbuck,princess magic mistake in person queen cartoon villain melancholy musical betrayal snowman reindeer curse snow troll based on children's book mountain climbing evil prince based on fairy tale aftercreditsstinger frozen woman director sister sister relationship magic land whimsical hopeful
106646,The Wolf of Wall Street,2013-12-25,2013,en,"[80, 18, 35]",24.1307,8.027,25647,"A New York stockbroker refuses to cooperate in a large securities fraud case involving corruption on Wall Street, corporate banking world and mob infiltration. Based on Jordan Belfort's autobiography.",leonardodicaprio jonahhill margotrobbie matthewmcconaughey kylechandler,martinscorsese,corruption based on novel or book drug addiction anti hero con man fraud wall street biography based on true story rise and fall con artist money stockbroker wealthy drugs cynical stripping hedonism decadence corrupt 1980s sharemarket fraud desire for fame financial market fame-seeking black monday hilarious intense based on real person financial drama
1019361,Hamdan,2013-06-04,2013,en,[],15.4575,0.0,0,"Hamdan is a former Palestinian leader who spent 15 years locked up in the old Israeli prisons. In 1973, while living in Syria, he was given a mission to smuggle explosives across the border and train a person he trusted. The chosen one was Omar, a neighbor of his town. After two months, Omar went ahead without respecting the original objective of the mission and detonated a bomb in a bus. The investigation reached Hamdan who was imprisoned. Through his memories, the film reconstructs the preparations for the mission and the years in prison.",,martínsolá,
68721,Iron Man 3,2013-04-18,2013,en,"[28, 12, 878]",17.015,6.931,23241,"When Tony Stark's world is torn apart by a formidable terrorist called the Mandarin, he starts an odyssey of rebuilding and retribution.",robertdowneyjr. gwynethpaltrow doncheadle guypearce rebeccahall,shaneblack,california war on terror superhero malibu based on comic tennessee billionaire aftercreditsstinger marvel cinematic universe (mcu) christmas america
72190,World War Z,2013-06-19,2013,en,"[28, 27, 878, 53]",13.7371,6.824,16345,"Life for former United Nations investigator Gerry Lane and his family seems content. Suddenly, the world is plagued by a mysterious infection turning whole human populations into rampaging mindless zombies. After barely escaping the chaos, Lane is persuaded to go on a mission to investigate this disease. What follows is a perilous trek around the world where Lane must brave horrific dangers and long odds to find answers before human civilization falls.",bradpitt mireilleenos daniellakertesz jamesbadgedale ludiboeken,marcforster,"philadelphia, pennsylvania new jersey based on novel or book dystopia jerusalem end of the world apocalypse zombie epidemic nuclear weapons multiple perspectives zombie apocalypse virus"
138843,The Conjuring,2013-07-18,2013,en,"[27, 53]",15.0013,7.536,12574,"Paranormal investigators Ed and Lorraine Warren work to help a family terrorized by a dark presence in their farmhouse. Forced to confront a powerful entity, the Warrens find themselves caught in the most terrifying case of their lives.",verafarmiga patrickwilson lilitaylor ronlivingston hayleymcfarland,jameswan,sibling relationship 1970s cellar exorcism haunted house possession rhode island based on true story paranormal investigation crucifix ghost demonic demonic spirit demonology psychic vision malevolent spirit frightened horrified
146233,Prisoners,2013-09-19,2013,en,"[18, 53, 80]",12.679,8.103,12869,"Keller Dover is facing every parent’s worst nightmare. His six-year-old daughter, Anna, is missing, together with her young friend, Joy, and as minutes turn to hours, panic sets in. The only lead is a dilapidated RV that had earlier been parked on their street.",hughjackman jakegyllenhaal violadavis mariabello terrencehoward,denisvilleneuve,"pennsylvania, usa kidnapping hostage detective maze symbolism investigation georgia beating god revenge vigilante rural area crime scene brutality candlelight vigil angry animal cruelty neo-noir sex offender child abduction baffled suspense mystery"
68726,Pacific Rim,2013-07-11,2013,en,"[28, 878, 12]",12.377,6.917,13207,"Using massive piloted robots to combat the alien threat, earth's survivors take the fight to the invading alien force lurking in the depths of the Pacific Ocean. Nearly defenseless in the face of the relentless enemy, the forces of mankind have no choice but to turn to two unlikely heroes who now stand as earth's final hope against the mounting apocalypse.",charliehunnam rinkokikuchi idriselba maxmartini cliftoncollinsjr.,guillermodeltoro,monster dystopia giant monster pacific alaska giant robot apocalypse hong kong robot alien invasion kaiju duringcreditsstinger monster movie
152601,Her,2013-12-18,2013,en,"[10749, 878, 18]",12.9406,7.841,15150,"In the not so distant future, Theodore, a lonely writer, purchases a newly developed operating system designed to meet the user's every need. To Theodore's surprise, a romantic relationship develops between him and his operating system. This unconventional love story blends science fiction and romance in a sweet tale that explores the nature of love and the ways that technology isolates and connects us all.",joaquinphoenix scarlettjohansson lynnadrianna lisareneepitts gabegomez,spikejonze,"future artificial intelligence (a.i.) computer satire love loneliness transhumanism los angeles, california heartbreak semi autobiographical speculative singularity near future serene intimate provocative dramatic comforting melodramatic operating system"
4258,Scary Movie 5,2013-04-11,2013,en,[35],11.1895,4.791,2986,"Home with their newly-formed family, happy parents Dan and Jody are haunted by sinister, paranormal activities. Determined to expel the insidious force, they install security cameras and discover their family is being stalked by an evil dead demon.",ashleyfrench simonrex charliesheen graciewhitton avakolker,malcolmd.lee,supernatural ballet dancer parody sequel spoof horror spoof demonic possession paranormal activity aftercreditsstinger duringcreditsstinger horror parody
101299,The Hunger Games: Catching Fire,2013-11-15,2013,en,"[12, 28, 878]",9.9608,7.428,18281,"After surviving the Hunger Games, Katniss and Peeta struggle with the consequences of their victory as unrest spreads across Panem. Forced back into the spotlight, they become symbols of hope and resistance while the Capitol prepares a new and deadly challenge that will change the future of the nation forever.",jenniferlawrence joshhutcherson liamhemsworth woodyharrelson elizabethbanks,francislawrence,rebellion based on novel or book propaganda dystopia uprising sequel president survival murder conspiracy female protagonist tournament game survival competition based on young adult novel
249397,Nymphomaniac: Vol. II,2013-12-25,2013,en,"[18, 9648]",10.8299,6.7,3106,The continuation of Joe's sexually dictated life delves into the darker aspects of her adult life and what led to her being in Seligman's care.,charlottegainsbourg stellanskarsgård stacymartin shialabeouf willemdafoe,larsvontrier,bondage whip sexuality masochism sex therapy chapter sadomasochism sequel sexual violence love nymphomaniac tragedy loneliness masturbation therapy softcore bdsm addict sexual pleasure sexually aggressive woman pleasure virginity abortion sex cruel
75656,Now You See Me,2013-05-29,2013,en,"[53, 80]",11.1473,7.332,16603,An FBI agent and an Interpol detective track a team of illusionists who pull off bank heists during their performances and reward their audiences with the money.,jesseeisenberg woodyharrelson islafisher davefranco markruffalo,louisleterrier,"new york city paris, france escape magic bank fbi vault new orleans, louisiana investigation heist money conspiracy las vegas shocking magician mischievous suspenseful awestruck excited elaborate deception"
49521,Man of Steel,2013-06-12,2013,en,"[28, 12, 878]",10.3802,6.64,16024,"A young boy learns that he has extraordinary powers and is not of this earth. As a young man, he journeys to discover where he came from and what he was sent here to do. But the hero in him must emerge if he is to save the world from annihilation and become the symbol of hope for all mankind.",henrycavill amyadams russellcrowe michaelshannon kevincostner,zacksnyder,saving the world flying hope superhero based on comic alien planet superhuman alien invasion super power mysterious force reboot save the day dc extended universe (dceu) save the planet origin story alien spaceship bold defiant vibrant
76338,Thor: The Dark World,2013-10-30,2013,en,"[28, 12, 14]",12.137,6.51,18184,"Thor fights to restore order across the cosmos… but an ancient race led by the vengeful Malekith returns to plunge the universe back into darkness. Faced with an enemy that even Odin and Asgard cannot withstand, Thor must embark on his most perilous and personal journey yet, one that will reunite him with Jane Foster and force him to sacrifice everything to save us all.",chrishemsworth natalieportman tomhiddleston christophereccleston anthonyhopkins,alantaylor,superhero based on comic hostile takeover norse mythology aftercreditsstinger duringcreditsstinger marvel cinematic universe (mcu) mythological place
57158,The Hobbit: The Desolation of Smaug,2013-12-11,2013,en,"[14, 12, 28]",10.8241,7.576,14047,"The Dwarves, Bilbo and Gandalf have successfully escaped the Misty Mountains, and Bilbo has gained the One Ring. They all continue their journey to get their gold back from the Dragon, Smaug.",ianmckellen martinfreeman richardarmitage benedictcumberbatch orlandobloom,peterjackson,gold lake based on novel or book elves dwarf shapeshifting mountain giant spider melancholy sequel bear troll dragon turns into animal barrel fantasy world wizard journey ring invisibility captured live action and animation high fantasy sword and sorcery trekking good versus evil earnest sincere
109418,Grown Ups 2,2013-07-11,2013,en,[35],9.4519,6.1,4612,"Lenny has relocated his family back to the small town where he and his friends grew up. This time around, the grown ups are the ones learning lessons from their kids on a day notoriously full of surprises—the last day of school.",adamsandler kevinjames chrisrock davidspade salmahayekpinault,dennisdugan,friendship journey in the past cliff past sequel friends ridiculous burpsnart
193756,Lone Survivor,2013-12-24,2013,en,"[10752, 28, 18]",10.2455,7.4,4673,"Four Navy SEALs on a covert mission to neutralize a high-level Taliban operative must make an impossible moral decision in the mountains of Afghanistan that leads them into an enemy ambush. As they confront unthinkable odds, the SEALs must find reserves of strength and resilience to fight to the finish.",markwahlberg taylorkitsch emilehirsch benfoster ericbana,peterberg,based on novel or book fight afghanistan biography based on true story taliban survival u.s. navy seal military dangerous mission soldiers bold
195757,The Ultimate Life,2013-09-06,2013,en,"[18, 10749]",6.6766,6.9,92,"Despite his best intentions, billionaire Jason Stevens can’t find enough time to keep his beloved Alexia a priority. But when he discovers his late grandfather’s journal, he is transported back to Red Stevens’ incredible world. With everything he loves hanging in the balance, Jason Stevens hopes the past will prepare him well for the future.",peterfonda billcobbs alihillis leemeriwether loganbartholomew,michaellandonjr.,hope inspiration inspiring
96721,Rush,2013-09-02,2013,en,"[18, 28]",9.4811,7.733,7720,"In the 1970s, a rivalry propels race car drivers Niki Lauda and James Hunt to fame and glory — until a horrible accident threatens to end it all.",chrishemsworth danielbrühl oliviawilde alexandramarialara pierfrancescofavino,ronhoward,car race sports world champion based on true story racing adventurer formula one (f1) serious ambivalent compassionate exhilarated
68724,Elysium,2013-08-07,2013,en,"[878, 28, 18, 53]",8.497,6.515,9473,"In the year 2159, two classes of people exist: the very wealthy who live on a pristine man-made space station called Elysium, and the rest, who live on an overpopulated, ruined Earth. Secretary Rhodes, a hard line government official, will stop at nothing to enforce anti-immigration laws and preserve the luxurious lifestyle of the citizens of Elysium. That doesn’t stop the people of Earth from trying to get in, by any means they can. When unlucky Max is backed into a corner, he agrees to take on a daunting mission that, if successful, will not only save his life, but could bring equality to these polarized worlds.",mattdamon jodiefoster sharltocopley diegoluna wagnermoura,neillblomkamp,future capitalism dystopia space station class conflict late stage capitalism health inequality social inequality wealth inequality
75612,Oblivion,2013-04-10,2013,en,"[28, 878, 12, 9648]",9.2807,6.671,11366,"Jack Harper is one of the last few drone repairmen stationed on Earth. Part of a massive operation to extract vital resources after decades of war with a terrifying threat known as the Scavs, Jack’s mission is nearly complete. His existence is brought crashing down when he rescues a beautiful  stranger from a downed spacecraft. Her arrival triggers a chain of events that  forces him to question everything he knows and puts the fate of humanity in his hands.",tomcruise morganfreeman olgakurylenko andreariseborough nikolajcoster-waldau,josephkosinski,spacecraft dystopia post-apocalyptic future based on comic space drone surveillance human vs alien 2070s
138832,We're the Millers,2013-08-07,2013,en,"[35, 80]",7.985,6.84,9374,A veteran pot dealer creates a fake family as part of his plan to move a huge shipment of weed into the U.S. from Mexico.,jenniferaniston jasonsudeikis emmaroberts willpoulter edhelms,rawsonmarshallthurber,"drug dealer mexico drug smuggling fireworks camping denver, colorado carnival witness protection stripper road trip breaking the fourth wall marijuana drug stealing man child drugs drug lord first kiss strip tease dea homeless girl drug syndicate drug gang 4th of july drug money pretend family rv"
122906,About Time,2013-09-04,2013,en,"[18, 10749, 14]",8.952,7.905,9151,"The night after another unsatisfactory New Year's party, Tim's father tells his son that the men in his family have always had the ability to travel through time. They can't change history, but they can change what happens and has happened in their own lives. Thus begins the start of a lesson in learning to appreciate life itself as it is, as it comes, and most importantly, the people living alongside us.",domhnallgleeson rachelmcadams billnighy tomhollander margotrobbie,richardcurtis,"london, england soulmates parent child relationship time travel family secrets cornwall, england family second chance thoughtful time-manipulation reflective playful introspective inspirational intimate sentimental whimsical admiring adoring amused appreciative celebratory comforting compassionate exuberant hopeful viajes en el tiempo viaje en el tiempo"
116745,The Secret Life of Walter Mitty,2013-12-18,2013,en,"[12, 35, 18, 14]",7.703,7.215,8145,A timid magazine photo manager who lives life vicariously through daydreams embarks on a true-life adventure when a negative goes missing.,benstiller kristenwiig seanpenn shirleymaclaine adamscott,benstiller,himalaya mountain range photographer iceland daydream magazine photograph shark fired from the job dreamer online dating daydreaming frantic excited joyful
93456,Despicable Me 2,2013-06-26,2013,en,"[16, 35, 10751]",8.2584,6.943,11903,Gru is recruited by the Anti-Villain League to help deal with a powerful new super criminal.,stevecarell kristenwiig benjaminbratt mirandacosgrove danagaier,pierrecoffin,parent child relationship villain adoptive father secret agent bakery sequel falling in love family single father audition female agent duringcreditsstinger first date supervillain masked supervillain absurd hilarious amused brisk
64682,The Great Gatsby,2013-05-09,2013,en,"[18, 10749]",8.7257,7.353,12857,"An adaptation of F. Scott Fitzgerald's Long Island-set novel, where Midwesterner Nick Carraway is lured into the lavish world of his neighbor, Jay Gatsby. Soon enough, however, Carraway will see through the cracks of Gatsby's nouveau riche existence, where obsession, madness, and tragedy await.",leonardodicaprio tobeymaguire careymulligan joeledgerton elizabethdebicki,bazluhrmann,"infidelity based on novel or book obsession hope long island, new york 1920s voiceover"
62211,Monsters University,2013-06-19,2013,en,"[16, 10751]",8.7728,7.046,11221,A look at the relationship between Mike and Sulley during their days at Monsters University — when they weren't necessarily the best of friends.,billycrystal johngoodman stevebuscemi helenmirren petersohn,danscanlon,friendship monster door training camp dormitory feud bully prequel best friend university game fraternity aftercreditsstinger college student personification
204082,Homefront,2013-11-12,2013,en,"[28, 53]",8.2347,6.933,3775,"Phil Broker, a retired DEA agent, leads a quiet life with his daughter Maddy, until a school bullying incident draws them into a conflict with Morgan “Gator” Bodine, a local crime boss.",jasonstatham jamesfranco izabelavidovic katebosworth marcushester,garyfleder,drug dealer daughter based on novel or book police parent child relationship police operation ex-cop bayou rural area undercover cop drug dealing motorcycle gang drugs revenge motive father and daughter
132232,Mama,2013-01-17,2013,en,[27],7.3735,6.288,4375,"Guillermo del Toro presents Mama, a supernatural thriller that tells the haunting tale of two little girls who disappeared into the woods the day that their parents were killed. When they are rescued years later and begin a new life, they find that someone or something still wants to come tuck them in at night.",jessicachastain nikolajcoster-waldau megancharpentier isabellenélisse danielkash,andymuschietti,"musician supernatural haunted house feral child car crash woods tragedy cabin ghost mother daughter relationship richmond, virginia"
49047,Gravity,2013-10-03,2013,en,"[878, 53, 18]",8.1847,7.168,16181,"Dr. Ryan Stone, a brilliant medical engineer, is on her first Shuttle mission, with veteran astronaut Matt Kowalski in command of his last flight before retiring. But on a seemingly routine spacewalk, disaster strikes. The Shuttle is destroyed, leaving Stone and Kowalski completely alone-tethered to nothing but each other and spiraling out into the blackness of space. The deafening silence tells them they have lost any link to Earth and any chance for rescue. As fear turns to panic, every gulp of air eats away at what little oxygen is left. But the only way home may be to go further out into the terrifying expanse of space.",sandrabullock georgeclooney edharris ortoignatiussen phaldutsharma,alfonsocuarón,space mission loss space astronaut space station trapped in space reflective hopeful
158015,The Purge,2013-05-31,2013,en,"[878, 27, 53]",7.0718,6.251,8768,"Given the country's overcrowded prisons, the U.S. government begins to allow 12-hour periods of time in which all illegal activity is legal. During one of these free-for-alls, a family must protect themselves from a home invasion.",ethanhawke lenaheadey maxburkholder adelaidekane edwinhodge,jamesdemonaco,california dystopia barricade bloody fight home invasion survival horror blood lust rich vs poor constitutional convention legalized murder social allegory purge bloody bloody death family's house
81005,Jack the Giant Slayer,2013-02-27,2013,en,"[14, 28, 12, 18]",7.32,5.869,5161,"The story of an ancient war that is reignited when a young farmhand unwittingly opens a gateway between our world and a fearsome race of giants. Unleashed on the Earth for the first time in centuries, the giants strive to reclaim the land they once lost, forcing the young man, Jack into the battle of his life to stop them. Fighting for a kingdom, its people, and the love of a brave princess, he comes face to face with the unstoppable warriors he thought only existed in legend–and gets the chance to become a legend himself.",nicholashoult eleanortomlinson ewanmcgregor stanleytucci ianmcshane,bryansinger,nostalgic based on fairy tale giant
54138,Star Trek Into Darkness,2013-05-05,2013,en,"[28, 12, 878]",7.0469,7.318,9559,"When the crew of the Enterprise is called back home, they find an unstoppable force of terror from within their own organization has detonated the fleet and everything it stands for, leaving our world in a state of crisis.  With a personal score to settle, Captain Kirk leads a manhunt to a war-zone world to capture a one man weapon of mass destruction. As our heroes are propelled into an epic chess game of life and death, love will be challenged, friendships will be torn apart, and sacrifices must be made for the only family Kirk has left: his crew.",chrispine zacharyquinto zoesaldaña benedictcumberbatch karlurban,j.j.abrams,spacecraft friendship sequel alien futuristic space mysterious force space opera terrorist bombing new beginning amused excited
49519,The Croods,2013-03-15,2013,en,"[16, 12, 10751, 35]",6.9104,6.932,7468,"The prehistoric Croods family live in a particularly dangerous moment in time. Patriarch Grug, his mate Ugga, teenage daughter Eep, son Thunk, and feisty Gran gather food by day and huddle together in a cave at night. When a more evolved caveman named Guy arrives on the scene, Grug is distrustful, but it soon becomes apparent that Guy is correct about the impending destruction of their world.",nicolascage emmastone ryanreynolds catherinekeener clorisleachman,kirkdemicco,daughter parent child relationship stone age father prehistory ancient world family cavemen aftercreditsstinger duringcreditsstinger pets
117251,White House Down,2013-06-27,2013,en,"[28, 18, 53]",6.6099,6.464,5045,"Capitol Policeman John Cale has just been denied his dream job with the Secret Service protecting President James Sawyer. Not wanting to let down his little girl with the news, he takes her on a tour of the White House, when the complex is overtaken by a heavily armed paramilitary group. Now, with the nation's government falling into chaos and time running out, it's up to Cale to save the president, his daughter, and the country.",channingtatum jamiefoxx maggiegyllenhaal jasonclarke richardjenkins,rolandemmerich,usa president the white house job interview betrayal conspiracy explosion hostage situation secret service terrorist plot hostile takeover terrorist group us military ex military lockdown vice president special agent u.s. secret service agent young daughter hostages speaker of the house capitol police white house tour
76203,12 Years a Slave,2013-10-18,2013,en,"[18, 36]",7.0975,7.933,11884,"In the pre-Civil War United States, Solomon Northup, a free black man from upstate New York, is abducted and sold into slavery. Facing cruelty as well as unexpected kindnesses Solomon struggles not only to stay alive, but to retain his dignity. In the twelfth year of his unforgettable odyssey, Solomon’s chance meeting with a Canadian abolitionist will forever alter his life.",chiwetelejiofor michaelfassbender lupitanyong'o benedictcumberbatch pauldano,stevemcqueen,slavery plantation based on memoir or autobiography violin player physical abuse black slave usa history slave owner shocking 19th century sold into slavery abolitionist landowner abuse of power african american history harsh
117263,Olympus Has Fallen,2013-03-20,2013,en,"[28, 53]",5.6507,6.414,7001,"When the White House (Secret Service Code: ""Olympus"") is captured by a terrorist mastermind and the President is kidnapped, disgraced former Presidential guard Mike Banning finds himself trapped within the building. As the national security team scrambles to respond, they are forced to rely on Banning's inside knowledge to help retake the White House, save the President and avert an even bigger disaster.",gerardbutler aaroneckhart finleyjacobsen dylanmcdermott rickyune,antoinefuqua,"usa president washington dc, usa the white house secret service terrorist attack anxious north korea suspenseful"
226857,Endless Love,2014-02-12,2014,en,"[18, 10749]",45.8168,6.9,1743,A privileged girl and a charismatic boy's instant desire sparks a love affair made only more reckless by parents trying to keep them apart.,alexpettyfer gabriellawilde brucegreenwood rhyswakefield joelyrichardson,shanafeste,based on novel or book forbidden love love remake teenage romance
157336,Interstellar,2014-11-05,2014,en,"[12, 18, 878]",48.8409,8.5,39210,The adventures of a group of explorers who make use of a newly discovered wormhole to surpass the limitations on human space travel and conquer the vast distances involved in an interstellar voyage.,matthewmcconaughey annehathaway michaelcaine jessicachastain caseyaffleck,christophernolan,rescue future spacecraft race against time artificial intelligence (a.i.) nasa time warp dystopia expedition space travel wormhole famine hibernation black hole quantum mechanics family relationships space robot astronaut scientist single father farmer space station space adventure time paradox time-manipulation cryonics father daughter relationship 2060s cornfield bold
254023,The Humbling,2014-12-31,2014,en,"[18, 35]",35.2864,5.1,154,"Following a breakdown and suicide attempt, an aging actor becomes involved with a much younger woman but soon finds that it's difficult to keep pace with her.",alpacino gretagerwig dylanbaker charlesgrodin ninaarianda,barrylevinson,extramarital affair
227156,The Giver,2014-08-13,2014,en,"[18, 878]",12.8864,6.556,4604,"In a seemingly perfect community, without war, pain, suffering, differences or choice, a young boy is chosen to learn from an elderly man about the true pain and pleasure of the ""real"" world.",jeffbridges merylstreep brentonthwaites alexanderskarsgård katieholmes,phillipnoyce,new love based on novel or book dystopia anti conformity memory alternative reality color 2040s based on young adult novel
102382,The Amazing Spider-Man 2,2014-04-16,2014,en,"[28, 12, 878]",22.3999,6.528,14071,"For Peter Parker, life is busy. Between taking out the bad guys as Spider-Man and spending time with the person he loves, Gwen Stacy, high school graduation cannot come quickly enough. Peter has not forgotten about the promise he made to Gwen’s father to protect her by staying away, but that is a promise he cannot keep. Things will change for Peter when a new villain, Electro, emerges, an old friend, Harry Osborn, returns, and Peter uncovers new clues about his past.",andrewgarfield emmastone jamiefoxx danedehaan colmfeore,marcwebb,experiment obsession secret identity superhero based on comic sequel electrocution super power masked superhero teen superhero
244458,The Voices,2014-01-19,2014,en,"[35, 80, 27, 14]",10.5093,6.25,1882,"A mentally unhinged factory worker must decide whether to listen to his talking cat and become a killer, or follow his dog's advice to keep striving for normalcy.",ryanreynolds gemmaarterton annakendrick jackiweaver ellasmith,marjanesatrapi,serial killer psychiatrist killer evil woman director
252178,'71,2014-10-10,2014,en,"[53, 28, 18, 10752]",15.4803,6.81,1196,A young British soldier must find his way back to safety after his unit accidentally abandons him during a riot in the streets of Belfast.,jacko'connell seanharris paulanderson samreid samhazeldine,yanndemange,"1970s riot northern ireland survival soldier ira (irish republican army) explosion combat belfast, north ireland abandoned"
122917,The Hobbit: The Battle of the Five Armies,2014-12-10,2014,en,"[28, 12, 14]",18.2435,7.332,15205,"Following Smaug's attack on Laketown, Bilbo and the dwarves try to defend Erebor's mountain of treasure from others who claim it: the men of the ruined Laketown and the elves of Mirkwood. Meanwhile an army of Orcs led by Azog the Defiler is marching on Erebor, fueled by the rise of the dark lord Sauron. Dwarves, elves and men must unite, and the hope for Middle-Earth falls into Bilbo's hands.",ianmckellen martinfreeman richardarmitage orlandobloom evangelinelilly,peterjackson,gold corruption based on novel or book elves dwarf mine mountain sequel troll dragon battle unlikely friendship fantasy world wizard epic battle ring invisibility live action and animation high fantasy sword and sorcery dreary good versus evil armies
228150,Fury,2014-10-15,2014,en,"[10752, 18, 28]",16.5975,7.542,12796,"April, 1945. As the Allies make their final push in the European Theatre, a battle-hardened army sergeant named Wardaddy commands a Sherman tank and her five-man crew on a deadly mission behind enemy lines. Outnumbered and outgunned, and with a rookie soldier thrust into their platoon, Wardaddy and his men face overwhelming odds in their heroic attempts to strike at the heart of Nazi Germany.",bradpitt shialabeouf loganlerman michaelpeña jonbernthal,davidayer,hero nazi ambush bravery world war ii heroism tank europe execution battle brutality hatred tank battle 1940s enclosed space beating the odds european theatre tanks
244786,Whiplash,2014-10-10,2014,en,"[18, 10402, 53]",19.0035,8.4,16422,"Under the direction of a ruthless instructor, a talented young drummer begins to pursue perfection at any cost, even his humanity.",milesteller j.k.simmons paulreiser melissabenoist austinstowell,damienchazelle,new york city jazz musician obsession music teacher conservatory drums montage perfectionist perfection public humiliation jazz band angry aggressive young adult music school verbal abuse emotional abuse anxious based on short film inspirational psychological drama dramatic suspenseful powerful drummer
284276,Cake,2014-09-07,2014,en,[18],14.8714,6.269,930,"After having visions of a member of her support group who killed herself, a woman who also suffers with chronic pain seeks out the widower of the suicide.",jenniferaniston adrianabarraza annakendrick samworthington mamiegummer,danielbarnz,depression suicide support group widower grieving chronic pain
156022,The Equalizer,2014-09-24,2014,en,"[53, 28, 80]",13.8486,7.282,9812,"McCall believes he has put his mysterious past behind him and dedicated himself to beginning a new, quiet life. But when he meets Teri, a young girl under the control of ultra-violent Russian gangsters, he can’t stand idly by – he has to help her. Armed with hidden skills that allow him to serve vengeance against anyone who would brutalize the helpless, McCall comes out of his self-imposed retirement and finds his desire for justice reawakened. If someone has a problem, if the odds are stacked against them, if they have nowhere else to turn, McCall will help. He is The Equalizer.",denzelwashington martoncsokas chloëgracemoretz davidharbour haleybennett,antoinefuqua,assassin corruption hitman call girl sadism hostage gangster fbi gore remake sociopath revenge vigilante organized crime teenage prostitute commando interrogation surveillance fake death ex soldier loner black ops hand to hand combat mysterious past vigilante justice
210577,Gone Girl,2014-10-01,2014,en,"[9648, 53, 18]",12.4291,7.889,19760,"With his wife's disappearance having become the focus of an intense media circus, a man sees the spotlight turned on him when it's suspected that he may not be innocent.",benaffleck rosamundpike neilpatrickharris tylerperry carriecoon,davidfincher,infidelity based on novel or book wife marriage crisis investigation disappearance psychological thriller whodunit cynical missing person search party criminal lawyer murder suspect missing wife perspective manipulative woman toxic relationship revenge thriller killed during sex hate intense controlling wife
177572,Big Hero 6,2014-10-24,2014,en,"[12, 10751, 16, 28, 35]",15.3564,7.723,16426,"A special bond develops between plus-sized inflatable robot Baymax, and prodigy Hiro Hamada, who team up with a group of friends to form a band of high-tech heroes.",scottadsit ryanpotter danielhenney t.j.miller jamiechung,chriswilliams,"friendship martial arts hero sibling relationship san francisco, california superhero talent cartoon villain based on comic coming of age revenge tokyo, japan best friend another dimension robot east asian lead boy genius super villain aftercreditsstinger villain arrested supervillain moral dilemma teen superhero dead brother loving 3d animation depressing hopeful"
198663,The Maze Runner,2014-09-10,2014,en,"[28, 9648, 878, 53]",14.3884,7.189,17946,"A teenager with no memory of his past finds himself among a group of boys living in a walled enclosure surrounded by a massive, ever-changing maze. As he struggles to adapt to their rules and society, he begins to uncover clues that may lead to escape and the truth behind their confinement.",dylano'brien kayascodelario thomasbrodie-sangster kihonglee willpoulter,wesball,based on novel or book escape dystopia maze post-apocalyptic future memory loss trapped based on young adult novel
205596,The Imitation Game,2014-11-14,2014,en,"[36, 18, 53, 10752]",14.2597,7.986,17907,"Based on the real life story of legendary cryptanalyst Alan Turing, the film portrays the nail-biting race against time by Turing and his brilliant team of code-breakers at Britain's top-secret Government Code and Cypher School at Bletchley Park, during the darkest days of World War II.",benedictcumberbatch keiraknightley matthewgoode rorykinnear allenleech,mortentyldum,england homophobia world war ii mathematician genius biography based on true story male homosexuality code breaking lgbt logician cryptography somber math genius gay theme codes suspenseful tragic criptografia
240832,Lucy,2014-07-25,2014,en,"[28, 878]",11.2696,6.472,16910,"A woman, accidentally caught in a dark deal, turns the tables on her captors and transforms into a merciless warrior evolved beyond human logic.",scarlettjohansson morganfreeman choimin-sik amrwaked julianrhind-tutt,lucbesson,artificial intelligence (a.i.) telepathy intelligence drug mule time travel telekinesis futuristic drugs super power tough girl surgery brain capacity synthetic drug human brain absurd suspenseful cliché melodramatic pretentious
296246,Disruption: Climate. Change.,2014-09-07,2014,en,[99],10.1624,0.0,0,"‘When it comes to climate change, why do we do so little when we know so much?’  Through a relentless investigation to find the answer, Disruption takes an unflinching look at the devastating consequences of our inaction.  The exploration lays bare the terrifying science, the shattered political process, the unrelenting industry special interests and the civic stasis that have brought us to this social, moral and ecological crossroads.The film also takes us behind-the-scenes of the efforts to organize the largest climate rally in the history of the planet during the UN world climate summit.",,kellynyks,climate change
157350,Divergent,2014-03-14,2014,en,"[28, 12, 878]",11.1846,6.906,13366,"In a world divided into factions based on personality types, Tris learns that she's been classified as Divergent and won't fit in. When she discovers a plot to destroy Divergents, Tris and the mysterious Four must find out what makes Divergents dangerous before it's too late.",shailenewoodley theojames zoëkravitz milesteller jaicourtney,neilburger,mind control future based on novel or book dystopia injection futuristic transhumanism individuality alternative reality caste system vaccination based on young adult novel
102651,Maleficent,2014-05-28,2014,en,"[14, 12, 28, 10751, 10749]",10.7001,7.086,13629,"A beautiful, pure-hearted young woman, Maleficent has an idyllic life growing up in a peaceable forest kingdom, until one day when an invading army threatens the harmony of the land. She rises to be the land's fiercest protector, but she ultimately suffers a ruthless betrayal – an act that begins to turn her heart into stone. Bent on revenge, Maleficent faces an epic battle with the invading King's successor and, as a result, places a curse upon his newborn infant Aurora. As the child grows, Maleficent realizes that Aurora holds the key to peace in the kingdom – and to Maleficent's true happiness as well.",angelinajolie ellefanning imeldastaunton sharltocopley lesleymanville,robertstromberg,friendship magic kingdom fairy tale fairy prince enchantment betrayal curse kindness protector childhood friends good becoming evil raven dark fantasy based on fairy tale retelling literary adaptation true love dark forest live action remake cursed princess fairies antagonistic
120467,The Grand Budapest Hotel,2014-02-26,2014,en,"[35, 18]",10.0401,8.032,15890,"The Grand Budapest Hotel tells of a legendary concierge at a famous European hotel between the wars and his friendship with a young employee who becomes his trusted protégé. The story involves the theft and recovery of a priceless Renaissance painting, the battle for an enormous family fortune and the slow and then sudden upheavals that transformed Europe during the first half of the 20th century.",ralphfiennes f.murrayabraham mathieuamalric adrienbrody willemdafoe,wesanderson,hotel painting wartime eastern europe author gunfight theft period drama bellhop   nostalgic mentor protégé relationship european hotel lobby curious renaissance painting 1960s 1930s absurd witty hilarious
137113,Edge of Tomorrow,2014-05-27,2014,en,"[28, 878]",9.7046,7.635,14871,"Major Bill Cage is an officer who has never seen a day of combat when he is unceremoniously demoted and dropped into combat. Cage is killed within minutes, managing to take an alpha alien down with him. He awakens back at the beginning of the same day and is forced to fight and die again... and again - as physical contact with the alien has thrown him into a time loop.",tomcruise emilyblunt brendangleeson billpaxton jonasarmstrong,dougliman,deja vu based on novel or book restart military officer dystopia affectation training alien time loop soldier alien invasion war hero exoskeleton somber anxious soldiers war sentimental romantic admiring adoring commanding defiant dignified earnest empathetic 2020s
127585,X-Men: Days of Future Past,2014-05-15,2014,en,"[28, 12, 878]",10.8417,7.53,16114,The ultimate X-Men ensemble fights a war for the survival of the species across two time periods as they join forces with their younger selves in an epic battle that must change the past – to save our future.,hughjackman jamesmcavoy michaelfassbender patrickstewart ianmckellen,bryansinger,1970s superhero mutant time travel based on comic superhuman storm political intrigue  extinction beast claws aftercreditsstinger duringcreditsstinger changing the past or future dramatic
98566,Teenage Mutant Ninja Turtles,2014-08-07,2014,en,"[878, 28, 12, 35]",8.8962,5.927,7128,"When a kingpin threatens New York City, a group of mutated turtle warriors must emerge from the shadows to protect their home.",peteploszek alanritchson jeremyhoward noelfisher meganfox,jonathanliebesman,new york city van martial arts hero experiment mutation superhero turtle based on comic ninja vigilante terrorism sewer reboot
190859,American Sniper,2014-12-25,2014,en,"[10752, 28]",10.0678,7.413,13534,"U.S. Navy SEAL Chris Kyle takes his sole mission—protect his comrades—to heart and becomes one of the most lethal snipers in American history. His pinpoint accuracy not only saves countless lives but also makes him a prime target of insurgents. Despite grave danger and his struggle to be a good husband and father to his family back in the States, Kyle serves four tours of duty in Iraq. However, when he finally returns home, he finds that he cannot leave the war behind.",bradleycooper siennamiller kylegallner colekonis benreed,clinteastwood,sniper based on novel or book affectation grave biography iraq based on true story u.s. navy seal iraq war u.s. soldier u.s. marine mourning 9/11 hard meditative shocking vexed somber pack guns inspirational provocative dramatic suspenseful tense sentimental appreciative disheartening modest powerful tragic
131631,The Hunger Games: Mockingjay - Part 1,2014-11-19,2014,en,"[878, 12, 53]",9.6338,6.817,16607,"After surviving the Quarter Quell, Katniss finds herself in the hidden stronghold of District 13, where the rebellion against the Capitol is gaining momentum. Struggling with the weight of becoming the symbol of resistance, she must navigate fragile alliances while trying to protect those she loves. As propaganda battles rage and Panem moves closer to full-scale war, Katniss is forced to confront the true cost of revolution.",jenniferlawrence joshhutcherson liamhemsworth woodyharrelson elizabethbanks,francislawrence,based on novel or book resistance dystopia post-apocalyptic future sequel female protagonist bow and arrow game future war revolt class prejudice human subjugation based on young adult novel
245891,John Wick,2014-10-22,2014,en,"[28, 53]",9.8888,7.455,20599,Ex-hitman John Wick comes out of retirement to track down the gangsters that took everything from him.,keanureeves michaelnyqvist alfieallen willemdafoe deanwinters,chadstahelski,hitman bratva (russian mafia) gangster secret organization revenge murder dog retired widower
82702,How to Train Your Dragon 2,2014-06-05,2014,en,"[14, 28, 12, 16, 10751]",9.685,7.68,10316,"Five years after uniting the dragons and Vikings of Berk, Hiccup and Toothless soar beyond their homeland, charting the vast unknown. During one of their adventures, the pair discover a secret cave that houses hundreds of wild dragons -- and a mysterious dragon rider with a startling connection to Hiccup. And as the ruthless dragon conqueror Drago Bludvist rises to seize control of both dragons and people alike, Hiccup must step into his role as a true leader and, alongside his friends and Toothless, protect Berk from a devastating war.",jaybaruchel cateblanchett gerardbutler craigferguson americaferrera,deandeblois,rescue husband wife relationship sacrifice parent child relationship loss of loved one villain melancholy vikings (norsemen) sequel dragon nostalgic warrior mysterious philosophical reflective mother son relationship loving inspirational wistful intimate dramatic sentimental intense romantic whimsical adoring amused appreciative awestruck bewildered celebratory comforting commanding compassionate enthusiastic euphoric excited exhilarated optimistic sincere tragic vibrant
138103,The Expendables 3,2014-08-07,2014,en,"[28, 12, 53]",10.3732,6.204,5279,"Barney, Christmas and the rest of the team comes face-to-face with Conrad Stonebanks, who years ago co-founded The Expendables with Barney. Stonebanks subsequently became a ruthless arms trader and someone who Barney was forced to kill… or so he thought. Stonebanks, who eluded death once before, now is making it his mission to end The Expendables -- but Barney has other plans. Barney decides that he has to fight old blood with new blood, and brings in a new era of Expendables team members, recruiting individuals who are younger, faster and more tech-savvy. The latest mission becomes a clash of classic old-school style versus high-tech expertise in the Expendables’ most personal battle yet.",sylvesterstallone jasonstatham harrisonford arnoldschwarzenegger melgibson,patrickhughes,central intelligence agency (cia) mercenary rescue mission arms dealer sequel hospital battle sledgehammer revolver prisoner transport fist fight
242582,Nightcrawler,2014-10-23,2014,en,"[80, 18, 53]",10.5758,7.709,11580,"When Lou Bloom, desperate for work, muscles into the world of L.A. crime journalism, he blurs the line between observer and participant to become the star of his own story. Aiding him in his effort is Nina, a TV-news veteran.",jakegyllenhaal rizahmed renerusso billpaxton kevinrahm,dangilroy,"underground psychopath journalism job interview cynicism sociopath murder serial killer crime scene psychological thriller los angeles, california home invasion stakeout newsreel footage character study neo-noir frantic ethics stringer police scanner news business"
118340,Guardians of the Galaxy,2014-07-30,2014,en,"[28, 878, 12]",9.5679,7.905,29462,"Light years from Earth, 26 years after being abducted, Peter Quill finds himself the prime target of a manhunt after discovering an orb wanted by Ronan the Accuser.",chrispratt zoesaldaña davebautista vindiesel bradleycooper,jamesgunn,spacecraft based on comic space orphan adventurer aftercreditsstinger duringcreditsstinger marvel cinematic universe (mcu)
91314,Transformers: Age of Extinction,2014-06-25,2014,en,"[878, 28, 12]",8.6008,5.956,8665,"As humanity picks up the pieces after the battle of Chicago, a shadowy group reveals itself in an attempt to control the direction of history…while an ancient, powerful new menace sets Earth in its crosshairs. With help from Cade Yeager, Optimus Prime and the Autobots rise to meet their most fearsome challenge yet.",markwahlberg petercullen stanleytucci kelseygrammer nicolapeltzbeckham,michaelbay,bounty hunter texas sequel alien on the run based on toy giant robot robot metal
270946,Penguins of Madagascar,2014-11-22,2014,en,"[10751, 16, 12, 35]",9.4368,6.5,4427,"Skipper, Kowalski, Rico and Private join forces with undercover organization The North Wind to stop the villainous Dr. Octavius Brine from destroying the world as we know it.",tommcgrath chrismiller christopherknights conradvernon johnmalkovich,simonj.smith,rescue wolf octopus spy zoo penguin cartoon villain madagascar anthropomorphism revenge spin off animals talking animal
181533,Night at the Museum: Secret of the Tomb,2014-12-17,2014,en,"[12, 35, 14, 10751]",7.4843,6.221,6182,"When the magic powers of The Tablet of Ahkmenrah begin to die out, Larry Daley spans the globe, uniting favorite and new characters while embarking on an epic quest to save the magic before it is gone forever.",benstiller robinwilliams owenwilson stevecoogan rickygervais,shawnlevy,night watchman museum natural history smithsonian
260346,Taken 3,2014-12-16,2014,en,"[53, 28]",9.8566,6.258,6083,"Ex-government operative Bryan Mills finds his life is shattered when he's falsely accused of a murder that hits close to home. As he's pursued by a savvy police inspector, Mills employs his particular set of skills to track the real killer and exact his unique brand of justice.",liamneeson forestwhitaker maggiegrace dougrayscott famkejanssen,oliviermegaton,california escape funeral gas station detective bodyguard suspicion of murder golf penthouse apartment morgue car crash sequel confusion murder fugitive on the run shootout police chase explosion foot chase anger group of friends death of mother surveillance camera murder investigation failing marriage ex-husband ex-wife relationship police surveillance wanted man police inspector framed for murder protective father gps money problems elevator prime suspect curious college student rich husband thoughtful ex special forces ex-cia agent unhappy marriage unplanned pregnancy spetsnaz secret hideout innocent suspect lost money father daughter relationship army veteran associates secret investigation homicide investigation russian deep sadness enemy evasion understated mystery honorable stepfather stepdaughter relationship death of ex spy tech outsmart special skills owe money to criminals amused awestruck enthusiastic one person army venganza
119450,Dawn of the Planet of the Apes,2014-07-08,2014,en,"[878, 28, 18, 53]",9.498,7.337,12116,"A group of scientists in San Francisco struggle to stay alive in the aftermath of a plague that is wiping out humanity, while Caesar tries to maintain dominance over his community of intelligent apes.",andyserkis jasonclarke tobykebbell garyoldman kerirussell,mattreeves,"san francisco, california peace solidarity gorilla intelligence dystopia horse post-apocalyptic future pacifism animal attack colony tank forest sequel woods anthropomorphism dam revenge betrayal golden gate bridge explosion ape scientist orangutan death chimpanzee medical research primate dead horse allegorical sign languages virus plague assassination attempt shocking aggressive murder by gunshot contagion guns soldiers 2030s animal human friendship war cgi-live action hybrid violence against animals war horse intense depressing bitter bold powerful horse riding"
124905,Godzilla,2014-05-14,2014,en,"[28, 18, 878]",8.5622,6.352,9669,"Ford Brody, a Navy bomb expert, has just reunited with his family in San Francisco when he is forced to go to Japan to help his estranged father, Joe. Soon, both men are swept up in an escalating crisis when an ancient alpha predator arises from the sea to combat malevolent adversaries that threaten the survival of humanity. The creatures leave colossal destruction in their wake, as they make their way toward their final battleground: San Francisco.",aarontaylor-johnson elizabetholsen juliettebinoche bryancranston kenwatanabe,garethedwards,"japan monster san francisco, california hawaii giant monster tsunami remake prehistoric creature golden gate bridge dinosaur kaiju honolulu, hawaii disaster movie global threat animal horror godzilla"
225886,Sex Tape,2014-07-17,2014,en,[35],8.155,5.408,4198,"When Jay and Annie first got together, their romantic connection was intense – but ten years and two kids later, the flame of their love needs a spark.  To kick things up a notch, they decide – why not? – to make a video of themselves trying out every position in The Joy of Sex in one marathon three-hour session.  It seems like a great idea – until they discover that their most private video is no longer private.  With their reputations on the line, they know they’re just one click away from being laid bare to the world... but as their race to reclaim their video leads to a night they'll never forget, they'll find that their video will expose even more than they bargained for.",camerondiaz jasonsegel robcorddry elliekemper roblowe,jakekasdan,marriage internet relationship family sex tape
292795,Yellowbird,2014-10-17,2014,en,"[16, 10751, 35]",7.0905,5.0,67,"Yellowbird lives in the ruins of an old house. He lacks the confidence to leave his home, no matter how much Bug, his labybird friend, tries to convince him to go out into the world. Attempts to toughen him up have had little success, so Bug seizes an opportunity that leaves Yellowbird unexpectedly finding himself the new leader of the flock that is migrating to Africa. Still, lacking faith in his own abilities and with danger and imminent failure lurking around every corner, our feathered hero is forced to either find the strength required to work with the team or bow out and stay hidden away forever.",sethgreen dakotafanning christinebaranski dannyglover elliottgould,christiandevita,hero confidence orphan environment herd personal growth bird migration underestimated
154400,The Drop,2014-09-12,2014,en,"[18, 80]",7.2614,6.829,2387,"Bob Saginowski finds himself at the center of a robbery gone awry and entwined in an investigation that digs deep into the neighborhood's past where friends, families, and foes all work together to make a living - no matter the cost.",tomhardy noomirapace jamesgandolfini matthiasschoenaerts johnortiz,michaëlr.roskam,"robbery hitman winter blackmail crime boss bartender mobster organized crime pitbull church catholic brooklyn, new york city ex-con psychotic taunting questioning super bowl unassuming satirical reflective abandoned puppy vindictive wistful sentimental witty whimsical sarcastic sympathetic tragic vibrant"
254472,Stung,2015-07-03,2015,en,"[27, 35, 878]",35.969,5.3,209,A fancy garden party turns into upper class prey when a colony of killer wasps mutates into seven foot tall predators.,matto'leary jessicacook lancehenriksen cliftoncollinsjr. davidmasterson,bennidiez,giant insect creature wasp creature feature
366232,ErOddity(s) 2,2015-11-24,2015,en,"[18, 27, 878]",25.9692,3.9,13,"ErOddity(s) 2 follows the lives of several gay youths and adults as they discover a world of the odd, the erotic and the supernatural, all of it in three short films. First, a Texas teen and wanna be actor knocks them dead at ""The Audition"". Second, two soldiers are on a secret mission in the jungles of South America. Once captured, their last night together will reveal dark secrets and create sexual tensions that will cause wide spread collateral damage in ""The Private War of Joseph Sargent"". And finally, in ""The Caretaker of Cook County"", a cemetery worker hides his recent disfigurement under the cloak of a sinister hood. But it doesn't hide his twisted attempt to recapture the one that got away. An attempt that includes the help from young male bodies fresh from the mortuary!",addisongraham graysonlange corytyndall clayyearwood walterdelmar,stevenvasquez,sibling relationship poison necrophilia flashback male homosexuality audition softcore lgbt nude modeling gay erotica gay theme
328595,Parallels,2015-03-01,2015,en,[878],12.0755,6.0,389,An underground MMA fighter must confront his sister and his past in an adventure through parallel universes,markhapka jessicarothe ericjungmann constancewu yorgoconstantine,christopherleone,
216015,Fifty Shades of Grey,2015-02-11,2015,en,"[18, 10749, 53]",21.8561,5.871,12311,"When college senior Anastasia Steele steps in for her sick roommate to interview prominent businessman Christian Grey for their campus paper, little does she realize the path her life will take. Christian, as enigmatic as he is rich and powerful, finds himself strangely drawn to Ana, and she to him. Though sexually inexperienced, Ana plunges headlong into an affair -- and learns that Christian's true sexual proclivities push the boundaries of pain and pleasure.",dakotajohnson jamiedornan jenniferehle eloisemumford victorrasuk,samtaylor-johnson,bad smell based on novel or book eroticism perversion spanking billionaire rich bdsm woman director baffled
150540,Inside Out,2015-06-17,2015,en,"[16, 10751, 12, 18, 35]",19.7312,7.91,23273,"When 11-year-old Riley moves to a new city, her Emotions team up to help her through the transition. Joy, Fear, Anger, Disgust and Sadness work together, but when Joy and Sadness get lost, they must journey through unfamiliar places to get back home.",amypoehler phyllissmith richardkind billhader lewisblack,petedocter,"dreams san francisco, california minnesota sadness cartoon disgust ice hockey imaginary friend elementary school family relationships memory fear family anger unicorn running away duringcreditsstinger emotions emotion joy compassionate empathetic hopeful"
397805,Brothers,2015-09-12,2015,en,[18],8.4959,6.6,40,"The story of two brothers, Tom and Jake, and their problematic relationship.",ethansailor griffinfoxsmith bethbrown,roberteggers,brothers short film
99861,Avengers: Age of Ultron,2015-04-22,2015,en,"[28, 12, 878]",16.9329,7.27,24219,"When Tony Stark tries to jumpstart a dormant peacekeeping program, things go awry and Earth’s Mightiest Heroes are put to the ultimate test as the fate of the planet hangs in the balance. As the villainous Ultron emerges, it is up to The Avengers to stop him from enacting his terrible plans, and soon uneasy alliances and unexpected action pave the way for an epic and unique global adventure.",robertdowneyjr. chrishemsworth markruffalo chrisevans scarlettjohansson,josswhedon,artificial intelligence (a.i.) saving the world superhero based on comic sequel vision robot superhero team creator super villain duringcreditsstinger marvel cinematic universe (mcu) fictitious country good versus evil hilarious comforting excited
214756,Ted 2,2015-06-25,2015,en,"[35, 14]",16.9332,6.315,7904,"Newlywed couple Ted and Tami-Lynn want to have a baby, but in order to qualify to be a parent, Ted will have to prove he's a person in a court of law.",markwahlberg sethmacfarlane amandaseyfried jessicabarth giovanniribisi,sethmacfarlane,sperm bank sequel buddy courthouse teddy bear aftercreditsstinger toy comes to life provocative
286217,The Martian,2015-09-30,2015,en,"[878, 18, 12]",16.6872,7.692,20960,"During a manned mission to Mars, Astronaut Mark Watney is presumed dead after a fierce storm and left behind by his crew. But Watney has survived and finds himself stranded and alone on the hostile planet. With only meager supplies, he must draw upon his ingenuity, wit and spirit to subsist and find a way to signal to Earth that he is alive.",mattdamon jessicachastain kristenwiig jeffdaniels michaelpeña,ridleyscott,spacecraft planet mars based on novel or book nasa isolation botanist alone survival space engineering stranded astronaut struggle for survival duringcreditsstinger curious deep space philosophical potatoes 2030s faithful adaptation hilarious optimistic
316822,The Martial Arts Kid,2015-04-11,2015,en,"[28, 18, 10751]",12.2296,6.8,12,"When a troubled teen from Cleveland experiences bullying in Cocoa Beach, he soon learns Martial Arts to gain confidence and self-defense skills.",donwilson cynthiarothrock jansenpanettiere matthewziff t.j.storm,michaelbaumgarten,martial arts self-defense bullying coming of age
87101,Terminator Genisys,2015-06-23,2015,en,"[878, 28, 53]",14.1463,5.949,8887,"The year is 2029. John Connor, leader of the resistance continues the war against the machines. At the Los Angeles offensive, John's fears of the unknown future begin to emerge when TECOM spies reveal a new plot by SkyNet that will attack him from both fronts; past and future, and will ultimately change warfare forever.",emiliaclarke jaicourtney arnoldschwarzenegger jasonclarke mattsmith,alantaylor,future artificial intelligence (a.i.) saving the world cyborg killer robot dystopia time travel sequel robot duringcreditsstinger aggressive intense amused
281957,The Revenant,2015-12-25,2015,en,"[37, 18, 12]",13.5925,7.5,19135,"In the 1820s, a frontiersman, Hugh Glass, sets out on a path of vengeance against those who left him for dead after a bear mauling.",leonardodicaprio tomhardy domhnallgleeson willpoulter forrestgoodluck,alejandrogonzáleziñárritu,rape based on novel or book parent child relationship winter child murder mountain grizzly bear animal attack wilderness gore native american forest based on true story liar fur trapping frontier remake revenge survival murder bear snow scalping animals nature wild west bear attack indian attack dead horse starvation shocking 19th century wolves ice tense antagonistic tragic
257344,Pixels,2015-07-16,2015,en,"[28, 35, 878]",13.4071,5.767,7972,Video game experts are recruited by the military to fight 1980s-era video game characters who've attacked New York.,adamsandler kevinjames michellemonaghan peterdinklage joshgad,chriscolumbus,"new york city london, england usa president washington dc, usa video game nerd alien gamer single mother alien invasion divorcee centipede childhood friends military gaming divorced man alien attack 1980s cable guy live action and animation donkey kong darpa taj mahal, india guam arcade game world war alternative world old school based on short film pattern best friends pixelation video arcade space invaders galaga pac-man"
76341,Mad Max: Fury Road,2015-05-13,2015,en,"[28, 12, 878]",14.3336,7.6,23867,"An apocalyptic story set in the furthest reaches of our planet, in a stark desert landscape where humanity is broken, and most everyone is crazed fighting for the necessities of life. Within this world exist two rebels on the run who just might be able to restore order.",tomhardy charlizetheron nicholashoult hughkeays-byrne joshhelman,georgemiller,rescue future australia chase dystopia post-apocalyptic future survival on the run on the road desert convoy peak oil dark future car intense excited
140607,Star Wars: The Force Awakens,2015-12-15,2015,en,"[12, 28, 878]",14.7366,7.25,20379,"Thirty years after defeating the Galactic Empire, Han Solo and his allies face a new threat from the evil Kylo Ren and his army of Stormtroopers.",daisyridley johnboyega oscarisaac adamdriver carriefisher,j.j.abrams,android spacecraft space opera brisk disrespectful star wars
318256,Hot Girls Wanted,2015-01-24,2015,en,[99],11.4855,6.1,698,A first-ever look at the realities of the professional “amateur” porn world and the steady stream of 18-to-19-year old girls entering into it.,stellamay brianomally avataylor johnanthony kellysilguero,ronnagradus,porn star softcore craigslist woman director adult filmmaking sex trade
135397,Jurassic World,2015-06-06,2015,en,"[28, 12, 878, 53]",12.0222,6.699,21412,"Twenty-two years after the events of Jurassic Park, Isla Nublar now features a fully functioning dinosaur theme park, Jurassic World, as originally envisioned by John Hammond.",chrispratt brycedallashoward irrfankhan vincentd'onofrio tysimpkins,colintrevorrow,island primal fear escape velociraptor dna tyrannosaurus rex animal attack sequel dinosaur creature park amusement park theme park genetic engineering nostalgic raptor animal horror playful mosasaurus excited
150689,Cinderella,2015-03-06,2015,en,"[10749, 14, 10751, 18]",12.639,6.823,7351,"When her father unexpectedly passes away, young Ella finds herself at the mercy of her cruel stepmother and her daughters. Never one to give up hope, Ella's fortunes begin to change after meeting a dashing stranger in the woods.",lilyjames cateblanchett richardmadden stellanskarsgård hollidaygrainger,kennethbranagh,magic kingdom fairy tale prince royalty orphan cruelty lost shoe evil stepmother based on fairy tale retelling live action and animation live action remake cinderella whimsical
168259,Furious 7,2015-04-01,2015,en,"[28, 80, 53]",11.6363,7.218,11193,Deckard Shaw seeks revenge against Dominic Toretto and his family for his comatose brother.,vindiesel paulwalker dwaynejohnson michellerodriguez tyresegibson,jameswan,car race speed street race revenge race cars suspenseful admiring excited
273477,Scouts Guide to the Zombie Apocalypse,2015-10-23,2015,en,"[35, 27]",11.5621,6.571,2096,"Three scouts and lifelong friends join forces with one badass cocktail waitress to become the world’s most unlikely team of heroes.  When their peaceful town is ravaged by a zombie invasion, they’ll fight for the badge of a lifetime and put their scouting skills to the test to save mankind from the undead.",tyesheridan sarahdumont loganmiller joeymorgan patrickschwarzenegger,christopherlandon,shotgun camping campsite gore strip club zombie dripping blood flesh eating boy scouts aftercreditsstinger zombie apocalypse
102899,Ant-Man,2015-07-14,2015,en,"[878, 12, 28]",12.2212,7.066,20713,"Armed with the astonishing ability to shrink in scale but increase in strength, master thief Scott Lang must embrace his inner-hero and help his mentor, Doctor Hank Pym, protect the secret behind his spectacular Ant-Man suit from a new generation of towering threats. Against seemingly insurmountable obstacles, Pym and Lang must plan and pull off a heist that will save the world.",paulrudd michaeldouglas evangelinelilly coreystoll bobbycannavale,peytonreed,superhero ant master thief shrinking based on comic heist miniaturization mentor protégé relationship aftercreditsstinger duringcreditsstinger marvel cinematic universe (mcu) overprotective father father daughter relationship good versus evil robbery gang supersize formiga
207703,Kingsman: The Secret Service,2015-01-24,2015,en,"[80, 35, 28, 12]",10.8053,7.619,17670,The story of a super-secret spy organization that recruits an unrefined but promising street kid into the agency's ultra-competitive training program just as a global threat emerges from a twisted tech genius.,taronegerton colinfirth samuell.jackson markstrong sophiecookson,matthewvaughn,great britain spy secret organization microchip secret agent training based on comic implant united kingdom duringcreditsstinger global threat abusive stepfather
198184,Chappie,2015-03-04,2015,en,"[80, 28, 878]",10.7493,6.788,8390,"Every child comes into the world full of promise, and none more so than Chappie: he is gifted, special, a prodigy. Like any child, Chappie will come under the influence of his surroundings—some good, some bad—and he will rely on his heart and soul to find his way in the world and become his own man. But there's one thing that makes Chappie different from any one else: he is a robot.",sharltocopley devpatel hughjackman ninja yo-landivisser,neillblomkamp,"future android artificial intelligence (a.i.) dystopia johannesburg, south africa robot robot cop"
273481,Sicario,2015-09-17,2015,en,"[28, 80, 53]",12.3502,7.418,9405,An idealistic FBI agent is enlisted by a government task force to aid in the escalating war against drugs at the border area between the U.S. and Mexico.,emilyblunt beniciodeltoro joshbrolin victorgarber jonbernthal,denisvilleneuve,"mission assassin central intelligence agency (cia) mexico corruption bomb fbi smoking texas border manipulation cynicism revenge murder dirty cop brutality drugs special forces interrogation desert surveillance blunt night vision death of daughter moral dilemma neo-noir death of wife mexican cartel serious secret tunnel violence juárez, mexico"
274854,The Last Witch Hunter,2015-10-21,2015,en,"[28, 12, 14]",9.4615,6.0,3814,"The modern world holds many secrets, but by far the most astounding is that witches still live among us; vicious supernatural creatures intent on unleashing the Black Death upon the world and putting an end to the human race once and for all. Armies of witch hunters have battled this unnatural enemy for centuries, including Kaulder, a valiant warrior who many years ago slayed the all-powerful Witch Queen, decimating her followers in the process. In the moments right before her death, the Queen cursed Kaulder with immortality, forever separating him from his beloved wife and daughter. Today, Kaulder is the last living hunter who has spent his immortal life tracking down rogue witches, all the while yearning for his long-lost family.",vindiesel elijahwood roseleslie ólafurdarriólafsson julieengelbrecht,breckeisner,witch new york city magic superstition black magic man aircraft inspirational woman murder grand witch hunter witty joyful sympathetic
177677,Mission: Impossible - Rogue Nation,2015-07-28,2015,en,"[28, 12]",9.7108,7.2,9605,"Ethan and team take on their most impossible mission yet—eradicating 'The Syndicate', an International and highly-skilled rogue organization committed to destroying the IMF.",tomcruise jeremyrenner simonpegg rebeccaferguson vingrhames,christophermcquarrie,"mask mission assassin london, england spy morocco villain fake identity austria europe double agent sequel secret government organization conspiracy infiltration mi6 mole vienna, austria british prime minister vienna opera fictional government agency british intelligence government agency based on tv series"
206647,Spectre,2015-10-26,2015,en,"[28, 12, 53]",11.1473,6.568,11134,"A cryptic message from Bond’s past sends him on a trail to uncover a sinister organization. While M battles political forces to keep the secret service alive, Bond peels back the layers of deceit to reveal the terrible truth behind SPECTRE.",danielcraig christophwaltz léaseydoux ralphfiennes monicabellucci,sammendes,based on novel or book spy secret society secret agent sequel boat chase mi6 british secret service united kingdom day of the dead james bond
76757,Jupiter Ascending,2015-02-04,2015,en,"[878, 14, 28]",9.3647,5.457,7044,"In a universe where human genetic material is the most precious commodity, an impoverished young Earth woman becomes the key to strategic maneuvers and internal strife within a powerful dynasty…",channingtatum milakunis seanbean eddieredmayne douglasbooth,lanawachowski,jupiter space space opera woman director interspecies romance
273248,The Hateful Eight,2015-12-25,2015,en,"[18, 9648, 37]",9.5799,7.756,15129,Bounty hunters seek shelter from a raging blizzard and get caught up in a plot of betrayal and deception.,samuell.jackson kurtrussell jenniferjasonleigh waltongoggins demiánbichir,quentintarantino,"bounty hunter wyoming, usa narration mountain hangman whodunit stagecoach blizzard post civil war 19th century huis clos absurd male rape caçador de recompensa veneno everyone dies nevasca diligência enforcamento"
312221,Creed,2015-11-25,2015,en,[18],10.2546,7.4,7874,"The former World Heavyweight Champion Rocky Balboa serves as a trainer and mentor to Adonis Johnson, the son of his late friend and former rival Apollo Creed.",michaelb.jordan sylvesterstallone tessathompson phyliciarashād andreward,ryancoogler,"underdog mexico philadelphia, pennsylvania sports mentor trainer cancer spin off underground fighting boxing trainer motivational speaker boxing legacy boxing manager boxing champion"
270303,It Follows,2015-02-04,2015,en,"[27, 9648]",9.4867,6.583,6842,A young woman is followed by an unknown supernatural force after a sexual encounter.,maikamonroe keirgilchrist danielzovatto jakeweary olivialuccardi,davidrobertmitchell,"beach chase supernatural friends vision teenage girl school detroit, michigan entity evil voyeurism sexually transmitted disease young adult followed nudity ambiguity psychological horror pastiche suspenseful horrified"
351906,Paul McCartney - Out There at Budokan,2015-04-28,2015,en,[10402],7.6335,9.0,1,"On April 28 2015 Paul McCartney returned to the Budokan for a special performance as part of his “Out There Japan” tour. The tour marked almost a half a century since the Beatles performed for the first time at the Budokan in 1966.  Tracklisting:  [01]. Can’t Buy Me Love  [02]. Save Us  [03]. All My Loving  [04]. One After 909  [05]. Let Me Roll It  [06]. Paperback Writer  [07]. My Valentine  [08]. Nineteen Hundred and Eighty-Five  [09]. Maybe I’m Amazed  [10]. I’ve Just Seen a Face  [11]. Another Day  [12]. Dance Tonight  [13]. We Can Work It Out  [14]. And I Love Her  [15]. Blackbird  [16]. New  [17]. Lady Madonna  [18]. Another Girl  [19]. Got to Get You into My Life  [20]. Being for the Benefit of Mr. Kite!  [21]. Ob-La-Di, Ob-La-Da  [22]. Back in the U.S.S.R.  [23]. Let It Be  [24]. Live and Let Die  [25]. Hey Jude  Encore:  [26]. Yesterday  [27]. Birthday  [28]. Golden Slumbers  [29]. Carry That Weight  [30]. The End",paulmccartney paulwickens rustyanderson abrahamlaborieljr. brianray,,live
264660,Ex Machina,2015-01-21,2015,en,"[18, 878]",8.7824,7.573,14114,"Caleb, a coder at the world's largest internet company, wins a competition to spend a week at a private mountain retreat belonging to Nathan, the reclusive CEO of the company. But when Caleb arrives at the remote location he finds that he will have to participate in a strange and fascinating experiment in which he must interact with the world's first true artificial intelligence, housed in the body of a beautiful robot girl.",domhnallgleeson aliciavikander oscarisaac sonoyamizuno coreyjohnson,alexgarland,android dancing friendship man vs machine distrust artificial intelligence (a.i.) isolation technology manipulation high technology treason deception norway laboratory robot power outage surveillance rich surveillance camera consciousness employer employee relationship isolated house wealthy man existentialism lockdown emotional intelligence female cyborg human android relationship tech company critical intense big tech
318846,The Big Short,2015-12-11,2015,en,"[35, 18]",9.1161,7.363,9731,The men who made millions from a global economic meltdown.,stevecarell christianbale ryangosling bradpitt marisatomei,adammckay,based on novel or book bank fraud wall street biography based on true story finances animated scene historical fiction loan financial crisis real estate mortgage factual
375846,Bad Sister,2015-08-24,2015,en,"[53, 10770]",8.2692,6.6,242,"As a top student at St. Adeline's Catholic Boarding School, Zoe senses that something is not quite right about the school's new nun-- a sense proven to be true when it is revealed the ""good' nun is an imposter with a fatal attraction to Zoe's brother.",alyshiaochse devonwerkheiser ryanwhitney heleneigenberg robertleeshock,dougcampbell,erotic thriller
265208,Wild Card,2015-01-14,2015,en,"[53, 80, 28]",8.4028,5.691,1907,"When a Las Vegas bodyguard with lethal skills and a gambling problem gets in trouble with the mob, he has one last play… and it's all or nothing.",jasonstatham michaelangarano dominikgarcia miloventimiglia hopedavis,simonwest,gambling bodyguard remake las vegas
257211,The Intern,2015-09-23,2015,en,[35],8.7413,7.226,7228,"70-year-old widower Ben Whittaker has discovered that retirement isn't all it's cracked up to be. Seizing an opportunity to get back in the game, he becomes a senior intern at an online fashion site, founded and run by Jules Ostin.",robertdeniro annehathaway renerusso andersholm jojokushner,nancymeyers,"new york city friendship san francisco, california office masseuse website tai chi internet fish out of water brooklyn, new york city business start-up driver senior citizen ceo father figure intern social media gentleman woman director meditative city life chivalry retired life professional woman inspirational internship e-comm witty appreciative enthusiastic hopeful optimistic sincere sympathetic vibrant elderly widower online store"
105864,The Good Dinosaur,2015-11-14,2015,en,"[12, 16, 10751]",7.6577,6.738,5928,An epic journey into the world of dinosaurs where an Apatosaurus named Arlo makes an unlikely human friend.,francesmcdormand raymondochoa jeffreywright stevezahn samelliott,petersohn,friendship tyrannosaurus rex cartoon villain friends alternate history dinosaur fear storm nature journey
228161,Home,2015-03-18,2015,en,"[14, 35, 16, 878, 10751]",7.8344,6.787,4186,"When Earth is taken over by the overly-confident Boov, an alien race in search of a new place to call home, all humans are promptly relocated, while all Boov get busy reorganizing the planet. But when one resourceful girl, Tip, manages to avoid capture, she finds herself the accidental accomplice of a banished Boov named Oh. The two fugitives realize there’s a lot more at stake than intergalactic relations as they embark on the road trip of a lifetime.",jimparsons rihanna stevemartin jenniferlopez mattjones,timjohnson,spacecraft villain alien space alien invasion alien friendship awful leader taking resposibility approving vibrant
238713,Spy,2015-05-06,2015,en,"[28, 35, 80]",7.987,6.833,6343,"A desk-bound CIA analyst volunteers to go undercover to infiltrate the world of a deadly arms dealer, and prevent diabolical global disaster.",melissamccarthy rosebyrne jasonstatham judelaw mirandahart,paulfeig,"central intelligence agency (cia) budapest, hungary paris, france undercover agent rome, italy spy arms dealer bulgaria nuclear bomb female spy heiress bumbling aftercreditsstinger duringcreditsstinger analyst ironic suspicious spycraft handler special assignment mocking modest ridiculous"
329833,Zoolander 2,2016-02-06,2016,en,"[35, 12, 28]",44.228,4.9,2360,Derek and Hansel are modelling again when an opposing company attempts to take them out from the business.,benstiller owenwilson willferrell penélopecruz kristenwiig,benstiller,fashion designer sequel fashion male model fashion show modeling fashion model fashionista runway model ridiculous
269149,Zootopia,2016-02-11,2016,en,"[16, 12, 10751, 35]",27.3223,7.76,17866,"Determined to prove herself, Officer Judy Hopps, the first bunny on Zootopia's police force, jumps at the chance to crack her first case - even if it means partnering with scam-artist fox Nick Wilde to solve the mystery.",ginnifergoodwin jasonbateman idriselba jennyslate natetorrence,byronhoward,sheep allegory lion hippopotamus cartoon villain bullying polar bear con artist anthropomorphism revenge conspiracy urban female protagonist rookie cop missing person fable racial prejudice injustice reconciliation female villain buddy cop stereotype cartoon rabbit villain arrested discrimination cartoon bear thoughtful cartoon animal cartoon fox cartoon elephant amused cheerful
278154,Ice Age: Collision Course,2016-06-23,2016,en,"[12, 16, 10751, 35, 878]",21.9545,6.113,4836,"Set after the events of Continental Drift, Scrat's epic pursuit of his elusive acorn catapults him outside of Earth, where he accidentally sets off a series of cosmic events that transform and threaten the planet. To save themselves from peril, Manny, Sid, Diego, and the rest of the herd leave their home and embark on a quest full of thrills and spills, highs and lows, laughter and adventure while traveling to exotic new lands and locations.",rayromano johnleguizamo denisleary queenlatifah seannwilliamscott,mikethurmeier,fire fireworks mammoth sequel prehistory singing critically bashed cavemen meteor crash
582793,Cradle,2016-07-23,2016,en,[878],16.3268,0.0,0,"Eade is a fourteen year old girl who has spent her entire life on the spaceship Cradle. Eade and her dad are on the return journey to Earth when an explosion cripples the craft and seriously injures her father. As the clock counts down to self-destruction Cradle’s computer, System, assumes control of the ship and refuses to perform the life saving medical procedure that her father desperately needs. Whilst trying to outwit System to save her dad, Eade discovers the shocking truth of her existence and must face her uncertain future armed with the knowledge that her life in space is not as it seems.",jacquelinejoe matthewsunderland rachelhouse sonyawilson j.j.fong,damonduncan,teenage girl cradle short film
313369,La La Land,2016-12-01,2016,en,"[35, 18, 10749]",18.1791,7.897,17939,"Mia, an aspiring actress, serves lattes to movie stars in between auditions and Sebastian, a jazz musician, scrapes by playing cocktail party gigs in dingy bars, but as success mounts they are faced with decisions that begin to fray the fragile fabric of their love affair, and the dreams they worked so hard to maintain in each other threaten to rip them apart.",ryangosling emmastone johnlegend rosemariedewitt finnwittrock,damienchazelle,"dancing dance jazz musical ambition casting coffee shop jazz club traffic jam hollywood los angeles, california pianist pier audition valentine's day planetarium aspiring actor movie set sunset one-woman show pool party white savior complex griffith observatory bold exuberant"
271110,Captain America: Civil War,2016-04-27,2016,en,"[12, 28, 878]",19.295,7.447,23842,"Following the events of Age of Ultron, the collective governments of the world pass an act designed to regulate all superhuman activity. This polarizes opinion amongst the Avengers, causing two factions to side with Iron Man or Captain America, which causes an epic battle between former allies.",chrisevans robertdowneyjr. scarlettjohansson sebastianstan anthonymackie,joerusso,superhero based on comic sequel super soldier aftercreditsstinger duringcreditsstinger marvel cinematic universe (mcu) superhero teamup
329865,Arrival,2016-11-10,2016,en,"[18, 878, 9648]",17.7263,7.624,19107,"Taking place after alien crafts land around the world, an expert linguist is recruited by the military to determine whether they come in peace or are a threat.",amyadams jeremyrenner forestwhitaker michaelstuhlbarg marko'brien,denisvilleneuve,spacecraft extraterrestrial technology loss time alien language female protagonist scientist heartbreak based on short story alien contact military alien language linguist first contact communication linguistics time-manipulation determinism wistful incredulous hopeful
209112,Batman v Superman: Dawn of Justice,2016-03-23,2016,en,"[28, 12, 14]",16.9049,5.991,18831,"Fearing the actions of a god-like Super Hero left unchecked, Gotham City’s own formidable, forceful vigilante takes on Metropolis’s most revered, modern-day savior, while the world wrestles with what sort of hero it really needs. And with Batman and Superman at war with one another, a new threat quickly arises, putting mankind in greater danger than it’s ever known before.",benaffleck henrycavill jesseeisenberg galgadot amyadams,zacksnyder,superhero based on comic revenge vigilante super power dc extended universe (dceu) antagonistic
324786,Hacksaw Ridge,2016-10-07,2016,en,"[18, 36, 10752]",16.4537,8.2,14688,"WWII American Army Medic Desmond T. Doss, who served during the Battle of Okinawa, refuses to kill people and becomes the first Conscientious Objector in American history to receive the Congressional Medal of Honor.",andrewgarfield samworthington vincevaughn teresapalmer lukebracey,melgibson,japan hero world war ii abusive father pacifism grave bible gore vegetarian biography based on true story okinawa conscientious objector religion soldier alcoholic war hero pacifist medic us military battle of okinawa congressional medal of honor admiring powerful combat medic weaponless seventh-day adventists
293660,Deadpool,2016-02-09,2016,en,"[28, 12, 35]",16.7257,7.622,32484,"The origin story of former Special Forces operative turned mercenary Wade Wilson, who, after being subjected to a rogue experiment that leaves him with accelerated healing powers, adopts the alter ego Deadpool. Armed with his new abilities and a dark, twisted sense of humor, Deadpool hunts down the man who nearly destroyed his life.",ryanreynolds morenabaccarin edskrein t.j.miller ginacarano,timmiller,superhero anti hero mercenary based on comic aftercreditsstinger duringcreditsstinger
376867,Moonlight,2016-10-21,2016,en,[18],12.2266,7.357,7460,"The tender, heartbreaking story of a young man’s struggle to find himself, told across three defining chapters in his life as he experiences the ecstasy, pain, and beauty of falling in love, while grappling with his own sexuality.",trevanterhodes andréholland janellemonáe ashtonsanders jharreljerome,barryjenkins,drug dealer high school florida drug abuse parent child relationship fight drug addiction ghetto restaurant melancholy coming of age male homosexuality lgbt addict masculinity black lgbt gay theme boys' love (bl) melodramatic
284052,Doctor Strange,2016-10-25,2016,en,"[14, 12, 28]",14.474,7.418,23250,"After his career is destroyed, a brilliant but arrogant surgeon gets a new lease on life when a sorcerer takes him under her wing and trains him to defend the world against evil.",benedictcumberbatch chiwetelejiofor rachelmcadams benedictwong madsmikkelsen,scottderrickson,magic superhero training time based on comic sorcerer doctor neurosurgeon injury wizard aftercreditsstinger duringcreditsstinger marvel cinematic universe (mcu) interdimensional travel ambiguous ambivalent
296096,Me Before You,2016-06-01,2016,en,"[18, 10749]",12.9191,7.918,13122,"Lou Clark, a directionless 26-year-old from the English countryside, takes a job at the local castle as a caregiver and companion to a wealthy young banker, Will Traynor. Wheelchair-bound from an accident two years prior, the once adventurous Will has all but given up — that is until Lou determines to show him that life is worth living.",emiliaclarke samclaflin janetmcteer charlesdance brendancoyle,theasharrock,depression small town based on novel or book england artist wheelchair romance love caretaker caregiver disabled valentine's day twenty something woman director accident
330459,Rogue One: A Star Wars Story,2016-12-14,2016,en,"[28, 12, 878]",9.8379,7.505,16241,A rogue band of resistance fighters unite for a mission to steal the Death Star plans and bring a new hope to the galaxy.,felicityjones diegoluna alantudyk donnieyen jiangwen,garethedwards,rebellion spacecraft rebel space battle space travel prequel female protagonist space western suicide mission robot spin off space opera alien language against the odds blind man
381284,Hidden Figures,2016-12-10,2016,en,"[18, 36]",9.9558,8.042,10312,"The untold story of Katherine G. Johnson, Dorothy Vaughan and Mary Jackson – brilliant African-American women working at NASA and serving as the brains behind one of the greatest operations in history – the launch of astronaut John Glenn into orbit. The visionary trio crossed all gender and race lines to inspire generations to dream big.",tarajip.henson octaviaspencer janellemonáe kevincostner kirstendunst,theodoremelfi,nasa mathematics sexism biography racial segregation racism historical fiction scientist space race discrimination 1960s space program african american history apologetic arrogant authoritarian callous condescending disrespectful frustrated
259693,The Conjuring 2,2016-06-08,2016,en,[27],9.6311,7.292,9083,Lorraine and Ed Warren travel to north London to help a single mother raising four children alone in a house plagued by malicious spirits.,verafarmiga patrickwilson madisonwolfe franceso'connor laurenesposito,jameswan,"london, england england 1970s spirit single mother demon paranormal investigation demonic possession ghost christmas grim valak horrified"
140300,Kung Fu Panda 3,2016-01-23,2016,en,"[16, 28, 12, 35, 10751]",8.149,6.922,6507,"While Po and his father are visiting a secret panda village, an evil spirit threatens all of China, forcing Po to form a ragtag army to fight back.",jackblack bryancranston dustinhoffman angelinajolie j.k.simmons,jenniferyuhnelson,martial arts kung fu china fighter village villain sequel panda anthropomorphism dragon wuxia woman director talking animal 3d animation enthusiastic
246655,X-Men: Apocalypse,2016-05-18,2016,en,"[28, 12, 878, 14]",9.6444,6.521,13646,"After the re-emergence of the world's first mutant, world-destroyer Apocalypse, the X-Men must unite to defeat his extinction level plan.",jamesmcavoy michaelfassbender jenniferlawrence nicholashoult oscarisaac,bryansinger,hero superhero mutant based on comic superhuman super power superhero team world domination aftercreditsstinger 1980s appreciative
348893,Boyka: Undisputed IV,2016-08-01,2016,en,"[28, 18, 53, 80]",9.3565,7.2,1429,"In the fourth installment of the fighting franchise, Boyka is shooting for the big leagues when an accidental death in the ring makes him question everything he stands for. When he finds out the wife of the man he accidentally killed is in trouble, Boyka offers to fight in a series of impossible battles to free her from a life of servitude.",scottadkins teodoraduhovnikova alonaboutboul julianvergov martynford,todorchapkanov,prison sports wife affectation sequel accidental death fighting hostile critical intense ambivalent antagonistic appreciative assertive authoritarian complicated conceited defiant disheartening earnest empathetic excited gentle
291805,Now You See Me 2,2016-06-02,2016,en,"[53, 80]",10.4304,6.828,11449,"One year after outwitting the FBI and winning the public’s adulation with their mind-bending spectacles, the Four Horsemen resurface only to find themselves face to face with a new enemy who enlists them to pull off their most dangerous heist yet.",jesseeisenberg markruffalo woodyharrelson davefranco danielradcliffe,jonm.chu,prison new york city magic kidnapping fbi card trick secret society hypnosis illusion twin brother heist revenge vigilante on the run fake death macau perception illusionist secrecy illusionism debunker sleight of hand fbi agent intense cheerful
259316,Fantastic Beasts and Where to Find Them,2016-11-16,2016,en,"[14, 12]",10.1073,7.307,19585,"In 1926, Newt Scamander arrives at the Magical Congress of the United States of America with a magically expanded briefcase, which houses a number of dangerous creatures and their habitats. When the creatures escape from the briefcase, it sends the American wizarding authorities after Newt, and threatens to strain even further the state of magical and non-magical relations.",eddieredmayne katherinewaterston danfogler alisonsudol colinfarrell,davidyates,witch new york city robbery escape teleportation magic suitcase mistake spin off subway station wizard goblin magical creature 1920s based on young adult novel جانوران شگفت‌انگیز و زیستگاه آنها fantastic beasts and where to find them
153518,The Angry Birds Movie,2016-05-11,2016,en,"[16, 12, 35, 10751]",8.2872,6.256,3935,"An island populated entirely by happy, flightless birds or almost entirely. In this paradise, Red, a bird with a temper problem, speedy Chuck, and the volatile Bomb have always been outsiders. But when the island is visited by mysterious green piggies, it’s up to these unlikely outcasts to figure out what the pigs are up to.",jasonsudeikis joshgad dannymcbride mayarudolph billhader,claykaytis,island pig villain eagle rivalry based on video game creature feature duringcreditsstinger anger management animal kingdom talking animal bird 3d animation creature comedy action
335797,Sing,2016-11-23,2016,en,"[10751, 35, 10402, 16]",9.0733,7.122,8373,A koala named Buster recruits his best friend to help him drum up business for his theater by hosting a singing competition.,matthewmcconaughey reesewitherspoon sethmacfarlane scarlettjohansson johnc.reilly,garthjennings,anthropomorphism singing animals flood singing competition talking animal 3d animation brisk
283366,Miss Peregrine's Home for Peculiar Children,2016-09-28,2016,en,"[14, 12, 18, 10751]",9.3578,6.837,10416,A teenager finds himself transported to an island where he must help protect a group of orphans with special powers from creatures intent on destroying them.,evagreen asabutterfield samuell.jackson judidench ruperteverett,timburton,wales children's home shapeshifting falcon time travel orphan super power nostalgic 1940s based on young adult novel peregrine
334543,Lion,2016-11-24,2016,en,[18],20.3934,8.04,6907,"A five-year-old Indian boy gets lost on the streets of Calcutta, thousands of kilometers from home. He survives many challenges before being adopted by a couple in Australia; 25 years later, he sets out to find his lost family.",devpatel rooneymara davidwenham nicolekidman abhishekbharate,garthdavis,australia based on novel or book adoption affectation biography based on true story india missing child long lost relative tasmania street child dramatic familiar
343611,Jack Reacher: Never Go Back,2016-10-19,2016,en,"[28, 53, 18, 80]",8.2646,6.006,5264,"Years after resigning command of an elite military police unit, the nomadic, righter-of-wrongs Reacher is drawn back into the life he left behind when his friend and successor, Major Susan Turner is framed for espionage. Reacher will stop at nothing to prove her innocence and to expose the real perpetrators behind the killings of his former soldiers.",tomcruise cobiesmulders danikayarosh aldishodge patrickheusinger,edwardzwick,"based on novel or book espionage military officer homicide falsely accused new orleans, louisiana investigation afghanistan sequel on the run false accusations military police court martial ex military army officer ex army military cover-up intense army cid - criminal investigation division murders u.s. army military contractor jag - judge advocate general classified information"
333484,The Magnificent Seven,2016-09-14,2016,en,"[12, 28, 37]",7.3814,6.483,6324,"Looking to mine for gold, greedy industrialist Bartholomew Bogue seizes control of the Old West town of Rose Creek. With their lives in jeopardy, Emma Cullen and other desperate residents turn to bounty hunter Sam Chisolm for help. Chisolm recruits an eclectic group of gunslingers to take on Bogue and his ruthless henchmen. With a deadly showdown on the horizon, the seven mercenaries soon find themselves fighting for more than just money once the bullets start to fly.",denzelwashington chrispratt ethanhawke vincentd'onofrio leebyung-hun,antoinefuqua,remake angry
290250,The Nice Guys,2016-05-15,2016,en,"[35, 80, 28]",8.8481,7.127,8516,A private eye investigates the apparent suicide of a fading porn star in 1970s Los Angeles and uncovers a conspiracy.,russellcrowe ryangosling angourierice mattbomer margaretqualley,shaneblack,daughter pornography detective 1970s investigation alcoholism private investigator conspiracy whodunit alcoholic buddy cop private eye neo-noir father daughter relationship lighthearted hilarious amused earnest vibrant
311324,The Great Wall,2016-12-16,2016,en,"[28, 12, 14]",6.4546,6.025,5487,European mercenaries searching for black powder become embroiled in the defense of the Great Wall of China against a horde of monstrous creatures.,mattdamon jingtian willemdafoe andylau pedropascal,zhangyimou,monster china archer female soldier historical fiction explosion period drama british soldier great wall of china 15th century female general war appreciative bold
363676,Sully,2016-09-07,2016,en,"[18, 36]",7.0431,7.201,7636,"On 15 January 2009, the world witnessed the 'Miracle on the Hudson' when Captain 'Sully' Sullenberger glided his disabled plane onto the Hudson River, saving the lives of all 155 souls aboard. However, even as Sully was being heralded by the public and the media for his unprecedented feat of aviation skill, an investigation was unfolding that threatened to destroy his reputation and career.",tomhanks aaroneckhart annagunn holtmccallany mikeo'malley,clinteastwood,rescue new york city airplane investigation pilot based on true story emergency landing flight aviation airplane accident based on memoir or autobiography bird attack hudson river duringcreditsstinger powerful piloto de avião
278927,The Jungle Book,2016-04-07,2016,en,"[10751, 12, 14]",7.8674,6.87,8436,"After a threat from the tiger Shere Khan, Mowgli, a man-cub fostered by wolves, is forced to flee the jungle, and he embarks on a journey of self-discovery with the help of the panther, Bagheera, and the free-spirited bear, Baloo.",neelsethi billmurray benkingsley idriselba scarlettjohansson,jonfavreau,based on novel or book snake elephant wolf tiger feral child anthropomorphism remake jungle bear orphan ape monkey animals talking to animals live action and animation live action remake clinical
300671,13 Hours: The Secret Soldiers of Benghazi,2016-01-14,2016,en,"[10752, 28, 36, 18, 53]",6.7132,7.27,3888,An American Ambassador is killed during an attack at a U.S. compound in Libya as a security team struggles to make sense out of the chaos.,johnkrasinski jamesbadgedale dominicfumusa maxmartini pabloschreiber,michaelbay,central intelligence agency (cia) based on novel or book libya assault rifle grave mercenary melancholy heroism biography based on true story explosion biting american abroad death blunt mourning questioning angry aggressive frantic grim reflective u.s. ambassador complex anxious cautionary provocative factual critical incredulous tense bitter appreciative baffled bewildered bold commanding defiant dignified disapproving disdainful disheartening enraged foreboding frustrated harsh informative scathing sincere sympathetic tragic wry
274870,Passengers,2016-12-21,2016,en,"[18, 10749, 878]",6.8248,6.952,14094,"A spacecraft traveling to a distant colony planet and transporting thousands of people has a malfunction in its sleep chambers. As a result, two passengers are awakened 90 years early.",jenniferlawrence chrispratt michaelsheen laurencefishburne andygarcia,mortentyldum,android spacecraft asteroid isolation shower hibernation swimming pool automation space robot space station lying gravity trapped in space shocking malfunction cryonics proprietary fusion reactor
43074,Ghostbusters,2016-07-14,2016,en,"[28, 14, 35]",6.8987,5.345,6737,"Following a ghost invasion of Manhattan, paranormal enthusiasts Erin Gilbert and Abby Yates, nuclear engineer Jillian Holtzmann, and subway worker Patty Tolan band together to stop the otherworldly threat.",kristenwiig melissamccarthy katemckinnon lesliejones chrishemsworth,paulfeig,female friendship ghost hunting reboot ghost aftercreditsstinger duringcreditsstinger
710832,Peaky Blinders: The True Story,2016-04-02,2016,en,[99],6.463,8.6,25,"The story of the real Peaky Blinders and how they became a TV sensation. Hear of the actual gangsters who became leading characters in the series and the real events behind many of the main story lines, learn the identity of the crime family that inspired the Shelbys, then take a tour of the film locations where the dark and violent world of the Peaky Blinders was recreated.",rogervernon,davidglover,
310131,The Witch,2016-02-19,2016,en,"[27, 14, 18]",7.4167,6.997,7561,"In 1630, a farmer relocates his family to a remote plot of land on the edge of a forest where strange, unsettling things happen. With suspicion and paranoia mounting, each family member's faith, loyalty and love are tested in shocking ways.",anyataylor-joy ralphineson katedickie harveyscrimshaw elliegrainger,roberteggers,witch isolation magic possession black magic older woman seduces younger guy new hampshire woods goat puritan religion crying false accusations witchcraft new england praying 17th century folk horror evil force english colony callous foreboding
297761,Suicide Squad,2016-08-03,2016,en,"[28, 12, 14]",7.6499,5.917,21958,"From DC Comics comes the Suicide Squad, an antihero team of incarcerated supervillains who act as deniable assets for the United States government, undertaking high-risk black ops missions in exchange for commuted prison sentences.",willsmith jaredleto margotrobbie joelkinnaman violadavis,davidayer,secret mission superhero anti hero villain supervillain dc extended universe (dceu)
379170,Sherlock: The Abominable Bride,2016-01-01,2016,en,"[80, 18, 9648, 53, 10770]",6.2712,7.8,2326,Sherlock Holmes and Dr. Watson find themselves in 1890s London in this holiday special.,benedictcumberbatch martinfreeman unastubbs rupertgraves markgatiss,douglasmackinnon,bride police detective crime investigation tv episode homicide investigation sherlock holmes
136799,Trolls,2016-10-13,2016,en,"[10751, 16, 14, 12, 35, 10402]",7.1769,6.628,3782,"After the monstrous Bergens invade Troll Village, Princess Poppy, the happiest Troll ever born, and overly-cautious, curmudgeonly outcast Branch set off on a journey to rescue her friends. Their mission is full of adventure and mishaps, as this mismatched duo try to tolerate each other long enough to get the job done.",annakendrick justintimberlake zooeydeschanel christophermintz-plasse christinebaranski,mikemitchell,friendship hunger villain musical based on toy troll kids jukebox musical
223702,Sausage Party,2016-07-11,2016,en,"[12, 16, 35, 14]",6.3249,5.753,7667,Hot dog Frank leads a group of supermarket products on a quest to discover the truth about their existence and what really happens when they become chosen to leave the grocery store.,sethrogen kristenwiig jonahhill billhader michaelcera,gregtiernan,supermarket parody anthropomorphism sausage food adult animation grocery store sex party gum
400928,Gifted,2017-04-07,2017,en,"[18, 35]",44.7413,7.997,5879,"Frank, a single man raising his child prodigy niece Mary, is drawn into a custody battle with his mother.",chrisevans mckennagrace lindsayduncan jennyslate octaviaspencer,marcwebb,cat mathematics intellectually gifted child prodigy teacher school prize child custody legal drama gifted children custody hearing
315635,Spider-Man: Homecoming,2017-07-05,2017,en,"[28, 12, 878]",35.5133,7.3,22965,"Following the events of Captain America: Civil War, Peter Parker, with the help of his mentor Tony Stark, tries to balance his life as an ordinary high school student in Queens, New York City, with fighting crime as his superhero alter ego Spider-Man as a new threat, the Vulture, emerges.",tomholland michaelkeaton robertdowneyjr. marisatomei jonfavreau,jonwatts,"high school new york city washington dc, usa secret identity superhero based on comic reboot aftercreditsstinger duringcreditsstinger marvel cinematic universe (mcu) masked superhero teen superhero"
181808,Star Wars: The Last Jedi,2017-12-13,2017,en,"[12, 28, 878]",32.8258,6.756,16178,"Rey develops her newly discovered abilities with the guidance of Luke Skywalker, who is unsettled by the strength of her powers. Meanwhile, the Resistance prepares to do battle with the First Order.",markhamill carriefisher adamdriver daisyridley johnboyega,rianjohnson,bunker space battle defeat failure sequel blunt space opera military operation star wars
374720,Dunkirk,2017-07-19,2017,en,"[10752, 28, 18]",54.986,7.5,17407,"The story of the miraculous evacuation of Allied soldiers from Belgium, Britain, Canada and France, who were cut off and surrounded by the German army from the beaches and harbour of Dunkirk between May 26th and June 4th 1940 during World War II.",fionnwhitehead tomhardy markrylance kennethbranagh cillianmurphy,christophernolan,army beach france allies raf (royal air force) military officer world war ii evacuation pilot british army rescue mission europe based on true story royal navy survival historical fiction soldier private military dunkirk 1940s dreary suspenseful tense intense depressing awestruck compassionate foreboding
321612,Beauty and the Beast,2017-03-16,2017,en,"[10751, 14, 10749]",19.743,6.968,15948,A live-action adaptation of Disney's version of the classic tale of a cursed prince and a beautiful young woman who helps him break the spell.,emmawatson danstevens lukeevans kevinkline emmathompson,billcondon,france magic fairy tale transformation cartoon castle musical remake curse creature 18th century beast live action and animation live action remake fairy-tale adaptation
381283,mother!,2017-09-13,2017,en,"[27, 18]",12.6347,6.961,7036,"A couple's relationship is tested when uninvited guests arrive at their home, disrupting their tranquil existence.",jenniferlawrence javierbardem edharris michellepfeiffer briangleeson,darrenaronofsky,husband wife relationship nightmare nihilism chaos pregnancy bible house vandalism cult surrealism writer nature death madness stranger chaotic forbidden fruit mother nature uninvited guest intense audacious
335984,Blade Runner 2049,2017-10-04,2017,en,"[878, 18]",37.9278,7.6,14914,"Thirty years after the events of the first film, a new blade runner, LAPD Officer K, unearths a long-buried secret that has the potential to plunge what's left of society into chaos. K's discovery leads him on a quest to find Rick Deckard, a former LAPD blade runner who has been missing for 30 years.",ryangosling harrisonford anadearmas davebautista robinwright,denisvilleneuve,"future android bounty hunter artificial intelligence (a.i.) genetics dystopia sequel cyberpunk transhumanism los angeles, california las vegas tech noir human clone humanoid robot blade runner 2040s dreary understated pretentious dystopian sci-fi"
315837,Ghost in the Shell,2017-03-29,2017,en,"[878, 18, 28]",14.0874,6.107,8484,"In the near future, Major is the first of her kind: a human saved from a terrible crash, then cyber-enhanced to be a perfect soldier devoted to stopping the world's most dangerous criminals.",scarlettjohansson takeshikitano pilouasbæk michaelpitt chinhan,rupertsanders,strong woman hacker philosophy cyborg dystopia investigation based on comic female protagonist cyberpunk transhumanism terrorism evolution intelligence officer network whitewashing prosthesis live action remake public security
354912,Coco,2017-10-27,2017,en,"[10751, 16, 10402, 12]",20.7898,8.198,20770,"Despite his family’s baffling generations-old ban on music, Miguel dreams of becoming an accomplished musician like his idol, Ernesto de la Cruz. Desperate to prove his talent, Miguel finds himself in the stunning and colorful Land of the Dead following a mysterious chain of events. Along the way, he meets charming trickster Hector, and together, they set off on an extraordinary journey to unlock the real story behind Miguel's family history.",anthonygonzalez gaelgarcíabernal benjaminbratt alannaubach renéevictor,leeunkrich,skeleton mexico guitar afterlife musician holiday villain singer murderer life after death kids day of the dead music boy hilarious hopeful
392044,Murder on the Orient Express,2017-11-03,2017,en,"[9648, 18, 80]",12.6961,6.706,10455,Genius Belgian detective Hercule Poirot investigates the murder of an American tycoon aboard the Orient Express train.,kennethbranagh tombateman michellepfeiffer johnnydepp joshgad,kennethbranagh,"princess based on novel or book venice, italy professor detective investigation orient express knife europe remake murder snow whodunit train stabbing alps mountains murder mystery 1930s steam train istanbul"
283995,Guardians of the Galaxy Vol. 2,2017-04-19,2017,en,"[878, 12, 28]",18.6909,7.609,22744,The Guardians must fight to keep their newfound family together as they unravel the mysteries of Peter Quill's true parentage.,chrispratt zoesaldaña davebautista vindiesel bradleycooper,jamesgunn,superhero based on comic sequel misfit space aftercreditsstinger duringcreditsstinger marvel cinematic universe (mcu) egotistical
346364,It,2017-09-06,2017,en,"[27, 53, 18]",15.8924,7.2,20163,"In a small town in Maine, seven children known as The Losers Club come face to face with life problems, bullies and a monster that takes the shape of a clown called Pennywise.",jaedenmartell jeremyraytaylor sophialillis finnwolfhard chosenjacobs,andymuschietti,small town based on novel or book clown bullying abandoned house coming of age flashback murder balloon maine school creature fear summer killer missing person death of brother well shocking kids grim demonic town history frightened ghoulish gloomy
1276171,Unveiling the Horror of Get Out,2017-05-23,2017,en,[99],15.2576,0.0,0,"A quick look at the movie's structure, similar films, crafting a thriller/horror film in Peele's voice, issues of race in the film, Peele's work as director, themes, and more.",jordanpeele danielkaluuya jasonblum allisonwilliams bradleywhitford,,making of documentary jordan peele
284053,Thor: Ragnarok,2017-10-02,2017,en,"[28, 12, 878, 35]",16.2759,7.581,21829,"Thor is imprisoned on the other side of the universe and finds himself in a race against time to get back to Asgard to stop Ragnarok, the destruction of his home-world and the end of Asgardian civilization, at the hands of a powerful new threat, the ruthless Hela.",chrishemsworth markruffalo tomhiddleston cateblanchett idriselba,taikawaititi,superhero based on comic sequel alien planet female villain norse mythology aftercreditsstinger duringcreditsstinger marvel cinematic universe (mcu) mysterious norse god familiar ominous
297762,Wonder Woman,2017-05-30,2017,en,"[28, 12, 14]",15.3472,7.209,20773,An Amazon princess comes to the world of Man in the grips of the First World War to confront the forces of evil and bring an end to human conflict.,galgadot chrispine connienielsen robinwright dannyhuston,pattyjenkins,island hero strong woman world war i empowerment superhero feminism greek mythology based on comic female protagonist period drama super power heroine woman director female empowerment 1910s dc extended universe (dceu)
419430,Get Out,2017-02-24,2017,en,"[9648, 53, 27]",14.9355,7.621,18680,"Chris and his girlfriend Rose go upstate to visit her parents for the weekend. At first, Chris reads the family's overly accommodating behavior as nervous attempts to deal with their daughter's interracial relationship, but as the weekend progresses, a series of increasingly disturbing discoveries lead him to a truth that he never could have imagined.",danielkaluuya allisonwilliams catherinekeener bradleywhitford caleblandryjones,jordanpeele,kidnapping externally controlled action manipulation dark comedy hypnosis parents-in-law satire racist revenge interracial relationship disappearance racism psychological thriller neurosurgeon missing person stereotype brain surgery satirical race-conscious anxious pathetic authoritarian awestruck hipnotismo
441168,From Straight A's to XXX,2017-02-11,2017,en,"[18, 10770]",12.9324,5.8,158,"When a change of circumstances leaves Miriam unable to pay her college tuition, she makes a surprising decision: to start performing in adult films, using the pseudonym Belle Knox. Miriam lies to her family and her friends at school, keeping her double life a secret. But soon rumours spread and Miriam becomes the subject of vicious online attacks and unwanted attention. Miriam fights back: she talks to the media, saying her new line of work empowers her as a feminist. But her confident stand has unintended consequences. Miriam is shunned by her conservative family and her colleagues in the adult film world. One impulsive decision has quickly spiralled out of control - and Miriam's problems are just beginning.",haleypullos sashaclements juddnelson alysonbath jackylai,vanessaparise,adult filmmaking
337170,American Made,2017-08-18,2017,en,"[28, 35, 80, 18]",7.4032,6.901,4914,"The true story of pilot Barry Seal, who transported contraband for the CIA and the Medellin cartel in the 1980s.",tomcruise domhnallgleeson sarahwright jesseplemons caleblandryjones,dougliman,central intelligence agency (cia) drug smuggling money laundering pilot based on true story drug cartel illegal drugs dea agent 1980s pablo escobar
126889,Alien: Covenant,2017-05-09,2017,en,"[27, 878]",12.3205,6.172,9305,"The crew of the colony ship Covenant, bound for a remote planet on the far side of the galaxy, discovers what they think is an uncharted paradise but is actually a dark, dangerous world.",michaelfassbender katherinewaterston billycrudup dannymcbride demiánbichir,ridleyscott,android spacecraft experiment space travel infection engineer alien life-form sequel alien space creature robot scientist genocide creation paranoid acid alien technology genetic mutation suspenseful sci-fi horror
316029,The Greatest Showman,2017-12-20,2017,en,[18],12.3563,7.863,9968,"The story of American showman P.T. Barnum, founder of the circus that became the famous traveling Ringling Bros. and Barnum & Bailey Circus.",hughjackman zacefron michellewilliams rebeccaferguson zendaya,michaelgracey,adultery circus musical biography rags to riches based on true story outcast singing dreamer freak show absurd amused cliché complicated
293167,Kong: Skull Island,2017-03-08,2017,en,"[28, 12, 14]",12.3856,6.551,11033,"Explore the mysterious and dangerous home of the king of the apes as a team of explorers ventures deep inside the treacherous, primordial island.",tomhiddleston samuell.jackson johngoodman brielarson jingtian,jordanvogt-roberts,vietnam veteran island monster 1970s expedition giant monster giant spider creature spin off u.s. soldier giant animal kaiju aftercreditsstinger giant ape monster island uncharted king kong
398818,Call Me by Your Name,2017-10-01,2017,en,"[10749, 18]",12.385,8.094,12651,"In the summer of 1983, a 17-year-old Elio spends his days in his family's villa in Italy. One day Oliver, a graduate student, arrives to assist Elio's father, a professor of Greco-Roman culture. Soon, Elio and Oliver discover a summer that will alter their lives forever.",armiehammer timothéechalamet michaelstuhlbarg amiracasar esthergarrel,lucaguadagnino,based on novel or book upper class italy swimming pool coming of age love breaking the fourth wall summer teenage boy masturbation first love lgbt jewish family 1980s gay theme
47971,xXx: Return of Xander Cage,2017-01-13,2017,en,"[28, 12, 80]",12.1164,6.1,9189,"Xander Cage is left for dead after an incident, though he secretly returns to action for a new, tough assignment with his handler Augustus Gibbons.",vindiesel donnieyen rubyrose deepikapadukone tonicollette,d.j.caruso,airplane tattoo spy extreme sports parachute secret agent swimming pool sequel back from the dead dominican republic frantic free fall intense
324552,John Wick: Chapter 2,2017-02-08,2017,en,"[28, 53, 80]",12.055,7.337,14084,"John Wick is forced out of retirement by a former associate looking to seize control of a shadowy international assassins’ guild. Bound by a blood oath to aid him, Wick travels to Rome and does battle against some of the world’s most dangerous killers.",keanureeves common laurencefishburne riccardoscamarcio rubyrose,chadstahelski,martial arts assassin hitman italy roof secret organization sequel revenge shootout dog handshake neo-noir guns dark roof-top
399055,The Shape of Water,2017-12-01,2017,en,"[18, 14, 10749]",11.9287,7.237,12754,"An other-worldly story, set against the backdrop of Cold War era America circa 1962, where a mute janitor working at a lab falls in love with an amphibious man being held captive there and devises a plan to help him escape.",sallyhawkins michaelshannon richardjenkins octaviaspencer michaelstuhlbarg,guillermodeltoro,"government fairy tale cold war supernatural baltimore, usa laboratory orphan scientist magic realism capture sign languages 1960s calm interspecies romance complex fishman amphibious creature dramatic romantic informative interspecies sex"
263115,Logan,2017-02-28,2017,en,"[28, 18, 878]",11.8835,7.819,20233,"In the near future, a weary Logan cares for an ailing Professor X in a hideout on the Mexican border. But Logan's attempts to hide from the world and his legacy are upended when a young mutant arrives, pursued by dark forces.",hughjackman dafnekeen patrickstewart elizabethrodriguez boydholbrook,jamesmangold,future experiment immortality self-destruction cyborg dystopia superhero mutant road trip based on comic sequel super power neo-western troubled past aging superhero life on the margin dramatic excited
166426,Pirates of the Caribbean: Dead Men Tell No Tales,2017-05-23,2017,en,"[12, 28, 14]",11.3843,6.653,12690,"Thrust into an all-new adventure, a down-on-his-luck Capt. Jack Sparrow feels the winds of ill-fortune blowing even more strongly when deadly ghost sailors led by his old nemesis, the evil Capt. Salazar, escape from the Devil's Triangle. Jack's only hope of survival lies in seeking out the legendary Trident of Poseidon, but to find it, he must forge an uneasy alliance with a brilliant and beautiful astronomer and a headstrong young man in the British navy.",johnnydepp javierbardem geoffreyrush brentonthwaites kayascodelario,espensandberg,treasure map artifact pirate swashbuckler ghost caribbean sea trident treasure hunting excited
260514,Cars 3,2017-06-15,2017,en,"[16, 12, 35, 18, 10751]",11.1145,6.854,6320,"Blindsided by a new generation of blazing-fast racers, the legendary Lightning McQueen is suddenly pushed out of the sport he loves. To get back in the game, he will need the help of an eager young race technician with her own plan to win, inspiration from the late Fabulous Hudson Hornet, and a few unexpected turns.",owenwilson cristelaalonzo chriscooper nathanfillion larrythecableguy,brianfee,sports trainer villain sequel anthropomorphism travel racing high tech aftercreditsstinger cars
381288,Split,2017-01-19,2017,en,"[27, 53]",10.6753,7.342,18193,"Though Kevin has evidenced 23 personalities to his trusted psychiatrist, Dr. Fletcher, there remains one still submerged who is set to materialize and dominate all the others. Compelled to abduct three teenage girls led by the willful, observant Casey, Kevin reaches a war for survival among all of those contained within him — as well as everyone around him — as the walls between his compartments shatter apart.",jamesmcavoy anyataylor-joy haleylurichardson jessicasula bettybuckley,m.nightshyamalan,"child abuse philadelphia, pennsylvania kidnapping gore sequel stalking teenage girl super power mental illness split personality multiple personality traumatic childhood dissociative identity disorder psychological horror bitter defiant frightened"
141052,Justice League,2017-11-15,2017,en,"[28, 12, 878]",10.6077,6.07,13569,"Fuelled by his restored faith in humanity and inspired by Superman's selfless act, Bruce Wayne and Diana Prince assemble a team of metahumans consisting of Barry Allen, Arthur Curry and Victor Stone to face the catastrophic threat of Steppenwolf and the Parademons who are on the hunt for three Mother Boxes on Earth.",benaffleck henrycavill amyadams galgadot ezramiller,zacksnyder,superhero based on comic super power superhero team aftercreditsstinger duringcreditsstinger dc extended universe (dceu)
378236,The Emoji Movie,2017-07-23,2017,en,"[16, 10751, 35]",10.5838,5.393,3285,"Gene, a multi-expressional emoji, sets out on a journey to become a normal emoji.",t.j.miller jamescorden annafaris mayarudolph stevenwright,tonyleondis,villain parody 3d animation emoji
339403,Baby Driver,2017-06-28,2017,en,"[28, 80]",10.3414,7.442,16674,"After being coerced into working for a crime boss, a young getaway driver finds himself taking part in a heist doomed to fail.",anselelgort kevinspacey lilyjames jonhamm jamiefoxx,edgarwright,robbery waitress atlanta crime boss romance heist getaway car on the run shootout bank robbery getaway driver sign languages armed robbery hearing impaired music antagonistic cheerful foreboding joyful urgent
274855,Geostorm,2017-10-12,2017,en,"[28, 878, 53]",9.5529,6.11,5100,"After an unprecedented series of natural disasters threatened the planet, the world's leaders came together to create an intricate network of satellites to control the global climate and keep everyone safe. But now, something has gone wrong: the system built to protect Earth is attacking it, and it becomes a race against the clock to uncover the real threat before a worldwide geostorm wipes out everything and everyone along with it.",gerardbutler alexandramarialara jimsturgess abbiecornish edharris,deandevlin,future artificial intelligence (a.i.) weather manipulation end of the world murder space conspiracy disaster apocalypse storm space station space shuttle catastrophe disaster movie global threat environmental disaster overpopulated world
406997,Wonder,2017-11-13,2017,en,"[10751, 18]",9.4181,8.107,8201,"The story of August Pullman – a boy with facial differences – who enters fifth grade, attending a mainstream elementary school for the first time.",jacobtremblay juliaroberts owenwilson izabelavidovic noahjupe,stephenchbosky,exclusion bullying coney island prejudice school based on children's book family physical disability treacher collins syndrome relaxed melodramatic
370663,Below Her Mouth,2017-02-10,2017,en,"[18, 10749]",8.9831,6.79,1272,An unexpected affair quickly escalates into a heart-stopping reality for two women whose passionate connection changes their lives forever.,erikalinder nataliekrill sebastianpigott maykonguyen tommie-amberpirie,aprilmullen,sexual identity infidelity female friendship love lesbian relationship female protagonist love affair lust lesbian sex sexual desire lgbt woman director erotic movie gender identity lesbian girls' love (gl)
341174,Fifty Shades Darker,2017-02-08,2017,en,"[18, 10749]",8.8962,6.472,7903,"When a wounded Christian Grey tries to entice a cautious Ana Steele back into his life, she demands a new arrangement before she will give him another chance. As the two begin to build trust and find stability, shadowy figures from Christian’s past start to circle the couple, determined to destroy their hopes for a future together.",dakotajohnson jamiedornan ericjohnson eloisemumford bellaheathcote,jamesfoley,based on novel or book boat eroticism kiss sequel bdsm dreary
337339,The Fate of the Furious,2017-04-12,2017,en,"[28, 80, 53]",8.872,6.856,10739,"When a mysterious woman seduces Dom into the world of crime and a betrayal of those closest to him, the crew face trials that will test them as never before.",vindiesel jasonstatham dwaynejohnson michellerodriguez tyresegibson,f.garygray,new york city submarine rescue mission sequel street race betrayal criminal mastermind mysterious woman cars bold
475961,Curvature,2017-10-08,2017,en,"[878, 53]",8.577,4.9,80,"Helen tries to cope with the recent death of her husband, a scientist who killed himself right when he was on the verge of successfully completing the invention of a time machine. One day, she receives a phone call, and a voice suspiciously resembling her own voice warns her that she’s in danger. Is it possible Helen has time travelled? And what could have led her to do something like that?",lyndsyfonseca lindahamilton glennmorshower noahbean alexlanipekun,diegohallivis,time travel
359940,"Three Billboards Outside Ebbing, Missouri",2017-12-01,2017,en,"[80, 18]",8.3147,8.06,10772,"After seven months have passed without a culprit in her daughter's murder case, Mildred Hayes makes a bold move, painting three signs leading into her town with a controversial message directed at Bill Willoughby, the town's revered chief of police. When his second-in-command Officer Jason Dixon, an immature mother's boy with a penchant for violence, gets involved, the battle between Mildred and Ebbing's law enforcement is only exacerbated.",francesmcdormand woodyharrelson samrockwell abbiecornish lucashedges,martinmcdonagh,small town suicide police brutality rape missouri dark comedy alcoholism murder arson cancer teenage girl police corruption racism biting anger billboard guilty conscience angry molotov cocktail pool hall serious tragic
339846,Baywatch,2017-05-25,2017,en,"[35, 28, 80]",8.2047,6.1,8449,"Devoted lifeguard Mitch Buchannon butts heads with a brash new recruit. Together, they uncover a local criminal plot that threatens the future of the Bay.",dwaynejohnson zacefron priyankachoprajonas alexandradaddario kellyrohrbach,sethgordon,drug dealer sea beach life-saver lifeguard rookie vigilantism
299536,Avengers: Infinity War,2018-04-25,2018,en,"[12, 28, 878]",47.9915,8.2,31642,"As the Avengers and their allies have continued to protect the world from threats too large for any one hero to handle, a new danger has emerged from the cosmic shadows: Thanos. A despot of intergalactic infamy, his goal is to collect all six Infinity Stones, artifacts of unimaginable power, and use them to inflict his twisted will on all of reality. Everything the Avengers have fought for has led up to this moment - the fate of Earth and existence itself has never been more uncertain.",robertdowneyjr. chrisevans chrishemsworth joshbrolin markruffalo,anthonyrusso,sacrifice magic superhero based on comic space battlefield genocide magical object super power superhero team aftercreditsstinger marvel cinematic universe (mcu) cosmic
411135,Future World,2018-05-25,2018,en,[878],23.6263,4.314,277,A young boy searches a future world wasteland for a rumored cure for his dying mother.,jamesfranco sukiwaterhouse jeffreywahlberg margaritalevieva snoopdogg,jamesfranco,android post-apocalyptic future robot
324857,Spider-Man: Into the Spider-Verse,2018-12-06,2018,en,"[16, 28, 12, 878]",24.3825,8.392,16984,"Struggling to find his place in the world while juggling school and family, Brooklyn teenager Miles Morales is unexpectedly bitten by a radioactive spider and develops unfathomable powers just like the one and only Spider-Man. While wrestling with the implications of his new abilities, Miles discovers a super collider created by the madman Wilson ""Kingpin"" Fisk, causing others from across the Spider-Verse to be inadvertently transported to his dimension.",shameikmoore jakejohnson haileesteinfeld mahershalaali briantyreehenry,bobpersichetti,superhero based on comic aftercreditsstinger alternate universe
465109,The Week Of,2018-04-27,2018,en,[35],23.545,5.472,844,The parents of a soon-to-be married couple make the final preparations for the wedding ceremony.,adamsandler chrisrock stevebuscemi racheldratch allisonstrong,robertsmigel,wedding reception wedding planner marriage wedding party wedding wedding plans
284054,Black Panther,2018-02-13,2018,en,"[28, 12, 878]",19.5881,7.362,23293,"King T'Challa returns home to the reclusive, technologically advanced African nation of Wakanda to serve as his country's new leader. However, T'Challa soon finds that he is challenged for the throne by factions within his own country as well as without. Using powers reserved to Wakandan kings, T'Challa assumes the Black Panther mantle to join with ex-girlfriend Nakia, the queen-mother, his princess-kid sister, members of the Dora Milaje (the Wakandan 'special forces') and an American secret agent, to prevent Wakanda from being dragged into a world war.",chadwickboseman michaelb.jordan lupitanyong'o danaigurira martinfreeman,ryancoogler,africa superhero based on comic aftercreditsstinger duringcreditsstinger marvel cinematic universe (mcu)
434714,My Days of Mercy,2018-03-31,2018,en,"[10749, 18]",14.5662,7.3,244,The daughter of a man on death row falls in love with a woman on the opposing side of her family's political cause.,elliotpage katemara amyseimetz charlieshotwell eliaskoteas,talishalom-ezer,death row forbidden love lesbian relationship lgbt lesbian
335983,Venom,2018-09-28,2018,en,"[878, 28]",15.435,6.826,17090,"Investigative journalist Eddie Brock attempts a comeback following a scandal, but accidentally becomes the host of Venom, a violent, super powerful alien symbiote. Soon, he must rely on his newfound powers to protect the world from a shadowy organization looking for a symbiote of their own.",tomhardy michellewilliams rizahmed scotthaze reidscott,rubenfleischer,"spacecraft san francisco, california superhero anti hero alien life-form based on comic aftercreditsstinger duringcreditsstinger business tycoon symbiote genetic experiment venom"
337167,Fifty Shades Freed,2018-01-17,2018,en,"[18, 10749]",15.037,6.674,8313,"Believing they have left behind shadowy figures from their past, newlyweds Christian and Ana fully embrace an inextricable connection and shared life of luxury. But just as she steps into her role as Mrs. Grey and he relaxes into an unfamiliar stability, new threats could jeopardize their happy ending before it even begins.",dakotajohnson jamiedornan ericjohnson eloisemumford ritaora,jamesfoley,based on novel or book eroticism sequel bdsm
383498,Deadpool 2,2018-05-15,2018,en,"[28, 35, 12]",15.375,7.489,19031,Wisecracking mercenary Deadpool battles the evil and powerful Cable and other bad guys to save a boy's life.,ryanreynolds joshbrolin morenabaccarin juliandennison zaziebeetz,davidleitch,hero superhero mutant mercenary based on comic sequel breaking the fourth wall aftercreditsstinger duringcreditsstinger joyful
493922,Hereditary,2018-06-07,2018,en,"[27, 9648, 53]",13.5324,7.292,8433,"Following the death of the Leigh family matriarch, Annie and her children uncover disturbing secrets about their heritage. Their daily lives are not only impacted, but they also become entangled in a chilling fate from which they cannot escape, driving them to the brink of madness.",tonicollette alexwolff gabrielbyrne millyshapiro anndowd,ariaster,daughter funeral parent child relationship loss of loved one ritual supernatural possession dysfunctional family sleeplessness murder family drama fear demon attic evil ritual murder demonic possession satanic ritual dollhouse séance grieving disturbed psychological disorders matriarch miniatures traumatized woman coven didactic horrified
351286,Jurassic World: Fallen Kingdom,2018-06-06,2018,en,"[28, 12, 878, 53]",19.7333,6.532,12635,"Three years after Jurassic World was destroyed, Isla Nublar now sits abandoned. When the island's dormant volcano begins roaring to life, Owen and Claire mount a campaign to rescue the remaining dinosaurs from this extinction-level event.",chrispratt brycedallashoward rafespall justicesmith daniellapineda,j.a.bayona,tyrannosaurus rex volcano rescue mission sequel wild animal prehistoric creature dinosaur genetic engineering aftercreditsstinger monster island
507787,Murdered at 17,2018-07-07,2018,en,"[18, 10770]",9.3807,5.5,10,"Pretty and popular, seventeen-year-old Brooke Emerson is the envy of her classmates--and even some of her closest friends. But while she seems to have it all, Brooke has never felt so lost. Ever since she sustained a head injury during a cheerleading stunt the previous year, she's suffered from a disorder that causes her to fly into uncontrollable, sometimes violent rages. As hard as she tries to keep it together, she finds herself in danger of jeopardizing her seemingly perfect life. It isn't until Brooke meets Jake, a handsome and charismatic stranger, that she feels like she's found someone who not only understands her, but accepts her for who she is. As tempting as it is to get swept up in the romance, she can't help but feel like something in their relationship isn't quite right. When her best friend is brutally murdered, Brooke has no choice but to depend on her new love...especially because she's worried that she might be the killer.",susanwalters cristineprosperi blakeburt emilygalley blakecanning,curtiscrawford,
348350,Solo: A Star Wars Story,2018-05-15,2018,en,"[878, 12, 28]",11.5464,6.557,9166,"Through a series of daring escapades deep within a dark and dangerous criminal underworld, Han Solo meets his mighty future copilot Chewbacca and encounters the notorious gambler Lando Calrissian.",aldenehrenreich joonassuotamo woodyharrelson emiliaclarke donaldglover,ronhoward,spacecraft smuggling (contraband) prequel spin off space opera
353081,Mission: Impossible - Fallout,2018-07-25,2018,en,"[28, 12]",11.96,7.448,9023,"When an IMF mission ends badly, the world is faced with dire consequences. As Ethan Hunt takes it upon himself to fulfill his original briefing, the CIA begin to question his loyalty and his motives. The IMF team find themselves in a race against time, hunted by assassins while trying to prevent a global catastrophe.",tomcruise henrycavill vingrhames simonpegg rebeccaferguson,christophermcquarrie,"mask race against time london, england central intelligence agency (cia) helicopter paris, france chase gun spy countdown fake identity stunt fistfight double agent norway sequel secret government organization infiltration mi6 motorcycle killer bomb remote detonator nuclear weapons handgun fictional government agency hand to hand combat motorcycle chase government agency french police helicopter chase based on tv series action"
333339,Ready Player One,2018-03-28,2018,en,"[12, 28, 878]",12.0493,7.584,16691,"When the creator of a popular video game system dies, a virtual contest is created to compete for his fortune.",tyesheridan oliviacooke benmendelsohn lenawaithe t.j.miller,stevenspielberg,"future based on novel or book video game virtual reality dystopia nostalgia love film in film evil corporation quest 1980s 2040s based on young adult novel columbus, ohio inspirational vrmmo dystopian sci-fi"
490132,Green Book,2018-11-16,2018,en,"[18, 35, 36]",14.0729,8.223,12693,"Tony Lip, a bouncer in 1962, is hired to drive pianist Don Shirley on a tour through the Deep South in the days when African Americans, forced to find alternate accommodations and services due to segregation laws below the Mason-Dixon Line, relied on a guide called The Negro Motorist Green Book.",viggomortensen mahershalaali lindacardellini sebastianmaniscalco dimiterd.marinov,peterfarrelly,friendship southern usa based on true story road trip racism pianist driver lgbt road movie music tour 1960s roadtrip gay theme feel good hopeful
402900,Ocean's Eight,2018-06-07,2018,en,"[80, 35, 28]",10.9375,6.962,8720,"Debbie Ocean, a criminal mastermind, gathers a crew of female thieves to pull off the heist of the century at New York's annual Met Gala.",sandrabullock cateblanchett annehathaway mindykaling sarahpaulson,garyross,new york city heist spin off estranged sister the met gala cliché assalto a museu
297802,Aquaman,2018-12-07,2018,en,"[28, 12, 14]",11.2107,6.867,14798,"Half-human, half-Atlantean Arthur Curry is taken on the journey of his lifetime to discover if he is worth of being a king.",jasonmomoa amberheard willemdafoe patrickwilson nicolekidman,jameswan,hero chase atlantis superhero half-brother based on comic royalty underwater duringcreditsstinger quest dc extended universe (dceu) advanced civilization two worlds amused
260513,Incredibles 2,2018-06-14,2018,en,"[28, 12, 16, 10751]",11.7468,7.453,13572,"Elastigirl springs into action to save the day, while Mr. Incredible faces his greatest challenge yet – taking care of the problems of his three children.",craigt.nelson hollyhunter sarahvowell huckmilner catherinekeener,bradbird,married couple superhero cartoon villain sequel parenting family super power female villain supervillain inspirational excited colorful
363088,Ant-Man and the Wasp,2018-07-04,2018,en,"[28, 12, 878]",10.2081,6.906,14056,"Just when his time under house arrest is about to end, Scott Lang once again puts his freedom at risk to help Hope van Dyne and Dr. Hank Pym dive into the quantum realm and try to accomplish, against time and any chance of success, a very dangerous rescue mission.",paulrudd evangelinelilly michaeldouglas hannahjohn-kamen randallpark,peytonreed,van dreams insect flying chase fight superhero ant nuclear missile shrinking based on comic giant insect sequel flashback house arrest alternate dimension tragic villain laboratory fugitive school miniaturization montage toy car giant man female villain aftercreditsstinger duringcreditsstinger marvel cinematic universe (mcu) giant action hero father daughter relationship mother daughter relationship formiga
424694,Bohemian Rhapsody,2018-10-24,2018,en,"[10402, 18]",10.5864,7.96,17625,"Singer Freddie Mercury, guitarist Brian May, drummer Roger Taylor and bass guitarist John Deacon take the music world by storm when they form the rock 'n' roll band Queen in 1970. Hit songs become instant classics. When Mercury's increasingly wild lifestyle starts to spiral out of control, Queen soon faces its greatest challenge yet – finding a way to keep the band together amid the success and excess.",ramimalek gwilymlee benhardy josephmazzello lucyboynton,bryansinger,"london, england aids musician 1970s biography based on true story singer hiv male homosexuality fame rock band lgbt 1980s gay theme excited"
447332,A Quiet Place,2018-04-03,2018,en,"[27, 18, 878]",11.7652,7.393,15173,A family is forced to live in silence while hiding from creatures that hunt by sound.,emilyblunt johnkrasinski millicentsimmonds noahjupe cadewoodward,johnkrasinski,pregnancy fireworks deaf post-apocalyptic future alien life-form child in peril creature alien invasion parenting survival horror human vs alien sign languages upstate new york
439079,The Nun,2018-09-05,2018,en,[27],8.851,5.902,7121,A priest with a dark past and a novice nearing her final vows are sent by the Vatican to Romania to investigate a nun's death and face a demonic force.,taissafarmiga demiánbichir bonnieaarons jonasbloquet ingridbisu,corinhardy,"rome, italy nun supernatural exorcism halloween father priest spirit demon spin off evil nun demonic possession romania murder mystery ancient evil"
424783,Bumblebee,2018-11-22,2018,en,"[28, 12, 878]",8.6508,6.72,6552,"On the run in the year 1987, Bumblebee finds refuge in a junkyard in a small Californian beach town. Charlie, on the cusp of turning 18 and trying to find her place in the world, discovers Bumblebee, battle-scarred and broken.  When Charlie revives him, she quickly learns this is no ordinary yellow VW bug.",dylano'brien haileesteinfeld johncena jorgelendeborgjr. johnortiz,travisknight,technology based on toy giant robot robot spin off duringcreditsstinger 1980s adoring
345940,The Meg,2018-08-09,2018,en,"[28, 878, 27]",9.4881,6.246,8119,"A deep sea submersible pilot revisits his past fears in the Mariana Trench, and accidentally unleashes the seventy foot ancestor of the Great White Shark believed to be extinct.",jasonstatham libingbing rainnwilson cliffcurtis rubyrose,jonturteltaub,beach based on novel or book deep sea underwater shark oceanic expedition kaiju animal horror underwater facility mariana trench megalodon amused antagonistic frightened
427641,Rampage,2018-04-11,2018,en,"[28, 12, 878]",9.4193,6.447,7441,"Primatologist Davis Okoye shares an unshakable bond with George, the extraordinarily intelligent, silverback gorilla who has been in his care since birth.  But a rogue genetic experiment gone awry mutates this gentle ape into a raging creature of enormous size.  To make matters worse, it’s soon discovered there are other similarly altered animals.  As these newly created alpha predators tear across North America, destroying everything in their path, Okoye teams with a discredited genetic engineer to secure an antidote, fighting his way through an ever-changing battlefield, not only to halt a global catastrophe but to save the fearsome creature that was once his friend.",dwaynejohnson naomieharris malinåkerman jeffreydeanmorgan jakelacy,bradpeyton,monster wolf mutation gorilla giant monster lizard giant lizard creature based on video game giant animal mutant animal kaiju albino giant rat genetic experiment destroyed city giant gorilla animal monster
300668,Annihilation,2018-02-22,2018,en,"[878, 27]",9.2882,6.441,9261,"A biologist signs up for a dangerous, secret expedition into a mysterious zone where the laws of nature don't apply.",natalieportman jenniferjasonleigh ginarodriguez tessathompson tuvanovotny,alexgarland,depression florida quarantine coma based on novel or book mutation self-destruction professor dna expedition transformation alligator hybrid swamp meteor grief physicist cancer memory loss psychologist scientist paramedic missing person mourning beast geologist biologist unusual phenomena psychedelic speculative meditative compound missing husband fauna mysterious life form flora dreary lovecraftian absurd ambiguous
332562,A Star Is Born,2018-10-03,2018,en,"[10402, 18, 10749]",8.9003,7.493,12155,"Seasoned musician Jackson Maine discovers — and falls in love with — struggling artist Ally. She has just about given up on her dream to make it big as a singer — until Jack coaxes her into the spotlight. But even as Ally's career takes off, the personal side of their relationship is breaking down, as Jack fights an ongoing battle with his own internal demons.",ladygaga bradleycooper samelliott andrewdiceclay rafigavron,bradleycooper,concert country music waitress pop star self-destruction show business talent addiction death of father alcoholism remake aspiring singer singer fame tinnitus falling in love insecurity alcoholic death of mother aspiration death of parent emotional vulnerability hearing impaired fading star brother brother relationship romantic admiring alcoolismo
537996,The Ballad of Buster Scruggs,2018-11-09,2018,en,"[37, 35, 18]",7.5443,7.137,4377,"Vignettes weaving together the stories of six individuals in the old West at the end of the Civil War. Following the tales of a sharp-shooting songster, a wannabe bank robber, two weary traveling performers, a lone gold prospector, a woman traveling the West to an uncertain future, and a motley crew of strangers undertaking a carriage ride.",timblakenelson williewatson clancybrown dannymccarthy davidkrumholtz,joelcoen,prostitute native american parody anthology bank robbery stagecoach cowboy wagon train singing cowboy american west the old west
346910,The Predator,2018-09-05,2018,en,"[878, 28, 53]",7.8408,5.621,5076,"When a young boy accidentally triggers the universe's most lethal hunters' return to Earth, only a ragtag crew of ex-soldiers and a disgruntled scientist can prevent the end of the human race.",boydholbrook trevanterhodes sterlingk.brown jacobtremblay keegan-michaelkey,shaneblack,predator sequel alien creature alien invasion military
404368,Ralph Breaks the Internet,2018-11-20,2018,en,"[10751, 16, 35, 12]",7.4691,7.161,8026,"Video game bad guy Ralph and fellow misfit Vanellope von Schweetz must risk it all by traveling to the World Wide Web in search of a replacement part to save Vanellope's video game, Sugar Rush. In way over their heads, Ralph and Vanellope rely on the citizens of the internet — the netizens — to help navigate their way, including an entrepreneur named Yesss, who is the head algorithm and the heart and soul of trend-making site BuzzzTube.",johnc.reilly sarahsilverman galgadot tarajip.henson billhader,richmoore,video game cartoon sequel internet lethal virus aftercreditsstinger duringcreditsstinger online gaming admiring
400155,Hotel Transylvania 3: Summer Vacation,2018-06-28,2018,en,"[16, 35, 10751, 14]",7.8243,6.85,4666,"Dracula, Mavis, Johnny and the rest of the Drac Pack take a vacation on a luxury Monster Cruise Ship, where Dracula falls in love with the ship’s captain, Ericka, who’s secretly a descendant of Abraham Van Helsing, the notorious monster slayer.",adamsandler andysamberg selenagomez kathrynhahn jimgaffigan,genndytartakovsky,monster vampire vacation romance cruise ship summer vacation dracula
399402,Hunter Killer,2018-10-19,2018,en,"[28, 12, 53]",7.411,6.902,2357,"Captain Glass of the USS Arkansas discovers that a coup d'état is taking place in Russia, so he and his crew join an elite group working on the ground to prevent a war.",gerardbutler garyoldman tobystephens common lindacardellini,donovanmarsh,"sniper washington dc, usa submarine pentagon u.s. navy special forces russian army naval base russian president post cold war"
360920,The Grinch,2018-11-08,2018,en,"[10751, 35, 16]",6.7981,6.871,4399,The Grinch hatches a scheme to ruin Christmas when the residents of Whoville plan their annual holiday celebration.,benedictcumberbatch rashidajones kenanthompson cameronseely angelalansbury,yarrowcheney,holiday surrealism remake based on children's book christmas cheerful
480530,Creed II,2018-11-21,2018,en,"[18, 28]",7.7703,7.0,5731,"Between personal obligations and training for his next big fight against an opponent with ties to his family's past, Adonis Creed is up against the challenge of his life.",michaelb.jordan sylvesterstallone tessathompson woodharris russellhornsby,stevencaplejr.,"sports rivalry sequel los angeles, california angry boxing thoughtful reflective dedicated box ring ukraine amused antagonistic apologetic awestruck comforting compassionate excited foreboding sympathetic"
454983,The Kissing Booth,2018-05-11,2018,en,"[10749, 35]",7.0779,7.165,7418,"When teenager Elle's first kiss leads to a forbidden romance with the hottest boy in high school, she risks her relationship with her best friend.",joeyking joelcourtney jacobelordi mollyringwald stephenjennings,vincemarcello,"based on novel or book crush los angeles, california high school student based on young adult novel"
268896,Pacific Rim: Uprising,2018-03-21,2018,en,"[28, 14, 878, 12]",6.1031,6.119,5274,"It has been ten years since The Battle of the Breach and the oceans are still, but restless. Vindicated by the victory at the Breach, the Jaeger program has evolved into the most powerful global defense force in human history. The PPDC now calls upon the best and brightest to rise up and become the next generation of heroes when the Kaiju threat returns.",johnboyega scotteastwood caileespaeny jingtian rinkokikuchi,stevens.deknight,"mind control race against time japan army monster artificial intelligence (a.i.) saving the world cadet military officer evacuation giant monster duty military base damage dormitory mad scientist portal rivalry sequel alien coming of age futuristic mecha giant robot mind reading creature robot scientist criminal one against many combat blizzard female fighter kaiju transforming robot alien monster teenage hero mental link mass destruction humanoid robot robot suits female warrior aircraft laser beam mass evacuation mount fuji, japan computer hacker tokyo disapproving"
428078,Mortal Engines,2018-11-27,2018,en,"[12, 878]",6.7554,6.2,5040,"Many thousands of years in the future, Earth’s cities roam the globe on huge wheels, devouring each other in a struggle for ever diminishing resources. On one of these massive traction cities, the old London, Tom Natsworthy has an unexpected encounter with a mysterious young woman from the wastelands who will change the course of his life forever.",herahilmar robertsheehan hugoweaving jihae ronanraftery,christianrivers,based on novel or book dystopia post-apocalyptic future revenge wasteland steampunk futuristic vehicle based on young adult novel
419743,Disobedience,2018-04-24,2018,en,"[18, 10749]",6.7819,6.885,1273,"New York photographer Ronit flies to London after learning about the death of her estranged father. Ronit is returning to the same Orthodox Jewish community that shunned her decades earlier for her childhood attraction to Esti, a female friend. Their fortuitous and happy reunion soon reignites their burning passion as the two women explore the boundaries of faith and sexuality.",rachelweisz rachelmcadams alessandronivola allancorduner antonlesser,sebastiánlelio,forbidden love lgbt childhood friends jewish culture orthodox jewish jewish lgbt lesbian return to hometown
375262,The Favourite,2018-11-23,2018,en,"[36, 35, 18]",6.3743,7.493,5861,"England, early 18th century. The close relationship between Queen Anne and Sarah Churchill is threatened by the arrival of Sarah's cousin, Abigail Hill, resulting in a bitter rivalry between the two cousins to be the Queen's favourite.",emmastone oliviacolman rachelweisz nicholashoult joealwyn,yorgoslanthimos,great britain queen rivalry rabbit lgbt 18th century cousin relationship duchess palace intrigue aristocracy british monarchy war of the spanish succession drop disease queen anne
561362,Rust Creek,2019-01-04,2019,en,"[53, 18, 28, 80]",39.0425,6.3,348,"When an overachieving college senior makes a wrong turn, her road trip becomes a life-changing fight for survival in rural Kentucky.",hermionecorfield jaypaulson seano'bryan micaha.hauptman danielr.hill,jenmcgowan,sheriff kentucky woods survival murder meth lab woman director corrupt police rural america criminal enterprise
299534,Avengers: Endgame,2019-04-24,2019,en,"[12, 878, 28]",30.4376,8.2,27404,"After the devastating events of Avengers: Infinity War, the universe is in ruins due to the efforts of the Mad Titan, Thanos. With the help of remaining allies, the Avengers must assemble once more in order to undo Thanos' actions and restore order to the universe once and for all, no matter what consequences may be in store.",robertdowneyjr. chrisevans markruffalo chrishemsworth scarlettjohansson,anthonyrusso,superhero time travel space travel time machine based on comic sequel alien invasion superhero team marvel cinematic universe (mcu) alternate timeline father daughter relationship sister sister relationship excited vibrant
429617,Spider-Man: Far From Home,2019-06-28,2019,en,"[28, 12, 878]",29.2395,7.396,16776,"Peter Parker and his friends go on a summer trip to Europe. However, they will hardly be able to rest - Peter will have to agree to help Nick Fury uncover the mystery of creatures that cause natural disasters and destruction throughout the continent.",tomholland jakegyllenhaal samuell.jackson marisatomei jonfavreau,jonwatts,"venice, italy secret identity superhero school trip europe based on comic sequel destruction aftercreditsstinger duringcreditsstinger marvel cinematic universe (mcu) masked superhero tower of london teen superhero"
475557,Joker,2019-10-01,2019,en,"[80, 53, 18]",51.2377,8.126,27458,"During the 1980s, a failed stand-up comedian is driven insane and turns to a life of crime and chaos in Gotham City while becoming an infamous psychopathic crime figure.",joaquinphoenix robertdeniro zaziebeetz francesconroy brettcullen,toddphillips,dreams street gang society psychopath clown villain based on comic murder psychological thriller criminal mastermind mental illness anarchy character study clown makeup prophetic subway train social realism supervillain tv host 1980s mother son relationship origin story falling into madness cliché dc elseworlds
567609,Ready or Not,2019-08-21,2019,en,"[27, 35]",23.3631,7.044,5178,A young bride's wedding night turns into her worst nightmare when her ridiculously rich in-laws force her to play a gruesome game of hide-and-seek.,samaraweaving marko'brien adambrody henryczerny andiemacdowell,tylergillett,escape ritual marriage satanism gore pact with the devil wealth murder wedding game exploding body wedding dress satanic cult hostile death game exhilarated ridiculous
420817,Aladdin,2019-05-22,2019,en,"[12, 14, 10749, 10751]",15.1149,7.087,10538,A kindhearted street urchin named Aladdin embarks on a magical adventure after finding a lamp that releases a wisecracking genie while a power-hungry Grand Vizier vies for the same lamp that has the power to make their deepest wishes come true.,willsmith menamassoud naomiscott marwankenzari navidnegahban,guyritchie,"princess hero hustler palace sultan flying carpet musical rags to riches romance monkey family first love based on myths, legends or folklore genie arabian nights live action and animation live action remake hilarious adoring brisk familiar"
466272,Once Upon a Time... in Hollywood,2019-07-24,2019,en,"[35, 18, 53]",14.7627,7.423,14672,"Los Angeles, 1969. TV star Rick Dalton, a struggling actor specializing in westerns, and stuntman Cliff Booth, his best friend, try to survive in a constantly changing movie industry. Dalton is the neighbor of the young and promising actress and model Sharon Tate, who has just married the prestigious Polish director Roman Polanski…",leonardodicaprio bradpitt margotrobbie emilehirsch margaretqualley,quentintarantino,"movie business male friendship cult based on true story celebrity fame hollywood los angeles, california historical fiction period drama buddy filmmaking struggling actor satanic cult revisionist history nostalgic duringcreditsstinger western filmmaking manson family murders 1960s stunt double old hollywood sharon tate charles manson subjective hollywood, california"
384018,Fast & Furious Presents: Hobbs & Shaw,2019-07-31,2019,en,"[28, 12, 35]",13.0624,6.834,7676,"Ever since US Diplomatic Security Service Agent Hobbs and lawless outcast Shaw first faced off, they just have traded smack talk and body blows. But when cyber-genetically enhanced anarchist Brixton's ruthless actions threaten the future of humanity, they join forces to defeat him.",dwaynejohnson jasonstatham idriselba vanessakirby helenmirren,davidleitch,"london, england biological weapon secret organization family clan friends spin off family reunion buddy comedy aftercreditsstinger duringcreditsstinger mother son relationship father daughter relationship brother sister relationship casual cliché"
546554,Knives Out,2019-11-27,2019,en,"[35, 80, 9648]",14.4389,7.841,13807,"When renowned crime novelist Harlan Thrombey is found dead at his estate just after his 85th birthday, the inquisitive and debonair Detective Benoit Blanc is mysteriously enlisted to investigate. From Harlan's dysfunctional family to his devoted staff, Blanc sifts through a web of red herrings and self-serving lies to uncover the truth behind Harlan's untimely death.",danielcraig chrisevans anadearmas jamieleecurtis michaelshannon,rianjohnson,immigrant detective massachusetts investigation big family mansion whodunit family home murder mystery neo-noir privilege suspenseful excited
530385,Midsommar,2019-07-03,2019,en,"[27, 18, 9648]",10.954,7.151,7946,"Several friends travel to Sweden to study as anthropologists a summer festival that is held every ninety years in the remote hometown of one of them. What begins as a dream vacation in a place where the sun never sets, gradually turns into a dark nightmare as the mysterious inhabitants invite them to participate in their disturbing festive activities.",florencepugh jackreynor williamjacksonharper willpoulter vilhelmblomgren,ariaster,loss of loved one ritual paranoia sweden cult hallucinogenic drug magic mushroom anthropology human sacrifice paganism death of family blunt boyfriend girlfriend relationship grieving midsummer cultural conflict bad trip folk horror psychological disorders toxic relationship midnight sun isolated community summer festival traumatized woman violence foreboding
299537,Captain Marvel,2019-03-06,2019,en,"[28, 12, 878]",12.6483,6.785,16600,"The story follows Carol Danvers as she becomes one of the universe’s most powerful heroes when Earth is caught in the middle of a galactic war between two alien races. Set in the 1990s, Captain Marvel is an all-new adventure from a previously unseen period in the history of the Marvel Cinematic Universe.",brielarson samuell.jackson benmendelsohn judelaw annettebening,ryanfleck,superhero based on comic alien invasion super power female hero aftercreditsstinger duringcreditsstinger marvel cinematic universe (mcu) woman director 1990s alien technology intense joyful
181812,Star Wars: The Rise of Skywalker,2019-12-18,2019,en,"[12, 28, 878]",13.4392,6.272,10700,"The surviving Resistance faces the First Order once again as the journey of Rey, Finn and Poe Dameron continues. With the power and knowledge of generations behind them, the final battle begins.",carriefisher markhamill daisyridley adamdriver johnboyega,j.j.abrams,space opera
301528,Toy Story 4,2019-06-19,2019,en,"[10751, 35, 16, 12]",12.7725,7.466,10421,"Woody has always been confident about his place in the world, devoted to taking care of his kid—whether that's Andy or Bonnie. But after Bonnie creates a reluctant new toy called ""Forky"", a road trip adventure alongside old and new friends challenges everything Woody believes about loyalty, purpose, and what it truly means to be a toy.",tomhanks timallen anniepotts tonyhale keegan-michaelkey,joshcooley,friendship cartoon rescue mission sequel anti villain buddy cowboy duringcreditsstinger toy comes to life dedication awestruck
399579,Alita: Battle Angel,2019-01-31,2019,en,"[28, 878, 12]",11.6991,7.245,9870,"When Alita awakens with no memory of who she is in a future world she does not recognize, she is taken in by Ido, a compassionate doctor who realizes that somewhere in this abandoned cyborg shell is the heart and soul of a young woman with an extraordinary past.",rosasalazar christophwaltz jenniferconnelly mahershalaali edskrein,robertrodriguez,martial arts bounty hunter strong woman dystopia extreme sports superhero cyberpunk transhumanism based on manga female cyborg live action remake floating city straightforward 26th century
420818,The Lion King,2019-07-12,2019,en,"[12, 18, 10751, 16]",11.3906,7.098,10678,"Simba idolizes his father, King Mufasa, and takes to heart his own royal destiny. But not everyone in the kingdom celebrates the new cub's arrival. Scar, Mufasa's brother—and former heir to the throne—has plans of his own. The battle for Pride Rock is ravaged with betrayal, tragedy and drama, ultimately resulting in Simba's exile. With help from a curious pair of newfound friends, Simba will have to figure out how to grow up and take back what is rightfully his.",chiwetelejiofor johnoliver donaldglover jamesearljones johnkani,jonfavreau,africa lion prince redemption musical uncle remake grief king family sidekick live action and animation father son relationship live action remake
458156,John Wick: Chapter 3 - Parabellum,2019-05-15,2019,en,"[28, 53, 80]",12.8252,7.44,11573,"Super-assassin John Wick returns with a $14 million price tag on his head and an army of bounty-hunting killers on his trail. After killing a member of the shadowy international assassin’s guild, the High Table, John Wick is excommunicado, but the world’s most ruthless hit men and women await his every turn.",keanureeves halleberry ianmcshane laurencefishburne markdacascos,chadstahelski,"new york city martial arts bratva (russian mafia) casablanca, morocco secret society morocco secret organization black humor sahara desert sequel organized crime one man army consequences professional assassin baba yaga dog man friendship"
330457,Frozen II,2019-11-20,2019,en,"[10751, 16, 12, 35, 14]",11.6902,7.234,10201,"Elsa, Anna, Kristoff and Olaf head far into the forest to learn the truth about an ancient mystery of their kingdom.",idinamenzel kristenbell joshgad jonathangroff evanrachelwood,jenniferlee,princess magic kingdom winter queen castle musical sequel dam spirit aftercreditsstinger frozen personification thoughtful mother daughter relationship compassionate
474350,It Chapter Two,2019-09-04,2019,en,"[27, 53, 18]",10.8784,6.84,9507,"27 years after overcoming the malevolent supernatural entity Pennywise, the former members of the Losers' Club, who have grown up and moved away from Derry, are brought back together by a devastating phone call.",jessicachastain jamesmcavoy billhader isaiahmustafa jayryan,andymuschietti,based on novel or book clown carnival sequel remake maine creature fear lgbt grim ancient evil loss of a friend ambiguous frightened gloomy
537915,After,2019-04-11,2019,en,"[10749, 18]",9.4239,7.108,8489,"Tessa Young is a dedicated student, dutiful daughter and loyal girlfriend to her high school sweetheart. Entering her first semester of college, Tessa's guarded world opens up when she meets Hardin Scott, a mysterious and brooding rebel who makes her question all she thought she knew about herself -- and what she wants out of life.",josephinelangford herofiennestiffin shanepaulmcghie khadijharedthunder dylanarnold,jennygage,based on novel or book love teenage crush teenage romance bad boy mysterious angry ambiguous
373571,Godzilla: King of the Monsters,2019-05-29,2019,en,"[878, 28]",10.3966,6.687,6628,"Follows the heroic efforts of the crypto-zoological agency Monarch as its members face off against a battery of god-sized monsters, including the mighty Godzilla, who collides with Mothra, Rodan, and his ultimate nemesis, the three-headed King Ghidorah. When these ancient super-species, thought to be mere myths, rise again, they all vie for supremacy, leaving humanity's very existence hanging in the balance.",kylechandler verafarmiga milliebobbybrown kenwatanabe zhangziyi,michaeldougherty,"mexico boston, massachusetts giant monster cryptozoology eco terrorism creature feature rodan kaiju aftercreditsstinger global threat animal horror king ghidorah sunken city mothra godzilla playful cliché joyful pretentious"
512200,Jumanji: The Next Level,2019-12-04,2019,en,"[12, 35, 14]",10.7327,6.876,9254,"As the gang return to Jumanji to rescue one of their own, they discover that nothing is as they expect. The players will have to brave parts unknown and unexplored in order to escape the world’s most dangerous game.",dwaynejohnson kevinhart jackblack karengillan awkwafina,jakekasdan,magic animal attack body-swap adventurer superhuman strength duringcreditsstinger kids action hero trapped in a game
320288,Dark Phoenix,2019-06-05,2019,en,"[878, 28, 12]",9.7698,5.964,6995,"The X-Men face their most formidable and powerful foe when one of their own, Jean Grey, starts to spiral out of control. During a rescue mission in outer space, Jean is nearly killed when she's hit by a mysterious cosmic force. Once she returns home, this force not only makes her infinitely more powerful, but far more unstable. The X-Men must now band together to save her soul and battle aliens that want to use Grey's new abilities to rule the galaxy.",sophieturner jamesmcavoy nicholashoult tyesheridan michaelfassbender,simonkinberg,superhero mutant telekinesis based on comic superhero team hostile 1990s cosmic excited
502416,Ma,2019-05-29,2019,en,"[27, 53]",7.6175,5.823,2404,"Sue Ann is a loner who keeps to herself in her quiet Ohio town. One day, she is asked by Maggie, a new teenager in town, to buy some booze for her and her friends, and Sue Ann sees the chance to make some unsuspecting, if younger, friends of her own.",octaviaspencer juliettelewis dianasilvers mckaleymiller coreyfogelmanis,tatetaylor,casino kidnapping psychopath underage drinking revenge murder slasher psychological thriller stabbing veterinary mental illness loner school loner hanging out munchausen syndrome by proxy psychological horror horror
290859,Terminator: Dark Fate,2019-10-23,2019,en,"[878, 28, 12, 53]",9.9515,6.414,5582,"Decades after Sarah Connor prevented Judgment Day, a lethal new Terminator is sent to eliminate the future leader of the resistance. In a fight to save mankind, battle-hardened Sarah Connor teams up with an unexpected ally and an enhanced super soldier to stop the deadliest Terminator yet.",lindahamilton arnoldschwarzenegger mackenziedavis nataliareyes gabrielluna,timmiller,"helicopter mexico city, mexico artificial intelligence (a.i.) cyborg dystopia time travel sequel plane crash"
450465,Glass,2019-01-16,2019,en,"[53, 18, 878]",9.7655,6.665,8990,"In a series of escalating encounters, former security guard David Dunn uses his supernatural abilities to track Kevin Wendell Crumb, a disturbed man who has twenty-four personalities. Meanwhile, the shadowy presence of Elijah Price emerges as an orchestrator who holds secrets critical to both men.",jamesmcavoy brucewillis samuell.jackson sarahpaulson anyataylor-joy,m.nightshyamalan,"philadelphia, pennsylvania superhero villain sequel psychiatric hospital comic book shop super power mental illness multiple personality dissociative identity disorder surveillance specialist wonder"
359724,Ford v Ferrari,2019-11-13,2019,en,"[18, 28, 36]",9.6387,8.005,8831,"American car designer Carroll Shelby and the British-born driver Ken Miles work together to battle corporate interference, the laws of physics, and their own personal demons to build a revolutionary race car for Ford Motor Company and take on the dominating race cars of Enzo Ferrari at the 24 Hours of Le Mans in France in 1966.",mattdamon christianbale jonbernthal caitríonabalfe joshlucas,jamesmangold,based on novel or book car race sports car mechanic biography based on true story le mans racing race car driver frantic 1960s motorsport excited
515001,Jojo Rabbit,2019-10-18,2019,en,"[35, 10752, 18]",7.6336,7.99,10283,"Jojo, a lonely German boy during World War II has his world shaken when he learns that his single mother is hiding a Jewish girl in their home. Influenced by a buffoonish imaginary version of Adolf Hitler, he begins to question his beliefs and confront the conflict between propaganda and his own humanity.",romangriffindavis thomasinmckenzie scarlettjohansson taikawaititi samrockwell,taikawaititi,based on novel or book world war ii jew persecution satire imaginary friend hitler youth single mother questioning nazism 1940s satirical child protagonist adolf hitler children in wartime suspicious irreverent nazi germany doubtful ridiculous
166428,How to Train Your Dragon: The Hidden World,2019-01-03,2019,en,"[16, 10751, 12]",9.1713,7.749,7015,"As Hiccup fulfills his dream of creating a peaceful dragon utopia, Toothless’ discovery of an untamed, elusive mate draws the Night Fury away. When danger mounts at home and Hiccup’s reign as village chief is tested, both dragon and rider must make impossible decisions to save their kind.",jaybaruchel americaferrera f.murrayabraham cateblanchett gerardbutler,deandeblois,based on novel or book flying villain melancholy vikings (norsemen) sequel overpopulation dragon love interest based on children's book mourning mysterious thoughtful somber philosophical reflective complex wonder playful introspective inspirational grand intimate joyous dramatic suspenseful sentimental witty intense romantic admiring adoring amused appreciative approving awestruck bold celebratory comforting compassionate complicated enthusiastic exuberant optimistic powerful sincere sympathetic vibrant
484641,Anna,2019-06-19,2019,en,"[28, 12, 53]",10.4685,6.711,2948,Beneath Anna Poliatova's striking beauty lies a secret that will unleash her indelible strength and skill to become one of the world's most feared government assassins.,sashaluss helenmirren lukeevans cillianmurphy leraabova,lucbesson,"central intelligence agency (cia) paris, france cold war kgb female assassin lgbt modeling professional assassin 1990s milan, italy"
398978,The Irishman,2019-11-01,2019,en,"[80, 18, 36]",7.843,7.577,7408,"Pennsylvania, 1956. Frank Sheeran, a war veteran of Irish origin who works as a truck driver, accidentally meets mobster Russell Bufalino. Once Frank becomes his trusted man, Bufalino sends him to Chicago with the task of helping Jimmy Hoffa, a powerful union leader related to organized crime, with whom Frank will maintain a close friendship for nearly twenty years.",robertdeniro alpacino joepesci harveykeitel rayromano,martinscorsese,"chicago, illinois philadelphia, pennsylvania based on novel or book hitman war veteran pennsylvania, usa gangster 1970s irish-american male friendship aging family relationships murder organized crime mafia religion detroit, michigan sicilian mafia nonlinear timeline character study labor union 1950s 1960s mob family jimmy hoffa voiceover father daughter relationship"
420809,Maleficent: Mistress of Evil,2019-10-16,2019,en,"[10751, 14, 12]",8.7894,7.296,6426,"Maleficent and her goddaughter Aurora begin to question the complex family ties that bind them as they are pulled in different directions by impending nuptials, unexpected allies, and dark new forces at play.",angelinajolie ellefanning harrisdickinson michellepfeiffer samriley,joachimrønning,magic fairy tale fairy live action remake complicated
554241,Playing with Fire,2019-11-08,2019,en,"[10751, 35]",5.1313,6.6,749,A crew of rugged firefighters meet their match when attempting to rescue three rambunctious kids.,johncena keegan-michaelkey johnleguizamo tylermane briannahildebrand,andyfickman,firefighter
530915,1917,2019-12-25,2019,en,"[10752, 36]",9.8754,7.987,13386,"At the height of the First World War, two young British soldiers must cross enemy territory and deliver a message that will stop a deadly attack on hundreds of soldiers.",georgemackay dean-charleschapman markstrong andrewscott richardmadden,sammendes,race against time world war i british army soldier real time trenches 1910s trench warfare no man's land intense horrified
522938,Rambo: Last Blood,2019-09-18,2019,en,"[28, 53, 18]",8.904,6.525,4158,"After fighting his demons for decades, John Rambo now lives in peace on his family ranch in Arizona, but his rest is interrupted when Gabriela, the granddaughter of his housekeeper María, disappears after crossing the border into Mexico to meet her biological father. Rambo, who has become a true father figure for Gabriela over the years, undertakes a desperate and dangerous journey to find her.",sylvesterstallone pazvega sergioperis-mencheta adrianabarraza yvettemonreal,adriangrünberg,post-traumatic stress disorder (ptsd) arizona human trafficking affectation sequel father figure horse ranch mexican american border revenge plot angry mexican cartel vindictive
479455,Men in Black: International,2019-06-12,2019,en,"[35, 878, 28, 12]",7.7177,5.895,5286,"The Men in Black have always protected the Earth from the scum of the universe. In this new adventure, they tackle their biggest, most global threat to date: a mole in the Men in Black organization.",chrishemsworth tessathompson kumailnanjiani rebeccaferguson rafespall,f.garygray,"london, england paris, france secret organization sahara desert based on comic sequel co-workers relationship alien invasion brooklyn, new york city eiffel tower, paris buddy cop alien friendship weapons trafficking marrakesh, morocco"
527261,The Silence,2019-05-16,2019,en,"[27, 18, 53, 14]",6.3266,6.0,1662,"With the world under attack by deadly creatures who hunt by sound, a teen and her family seek refuge outside the city and encounter a mysterious cult.",stanleytucci kiernanshipka mirandaotto katetrotter johncorbett,johnr.leonetti,based on novel or book deaf post-apocalyptic future survival creature religious cult sign languages deadly creature creature attack trying to avoid making noise
331482,Little Women,2019-12-25,2019,en,"[18, 10749]",8.2891,7.854,6755,Four sisters come of age in America in the aftermath of the Civil War.,saoirseronan emmawatson florencepugh elizascanlen lauradern,gretagerwig,new york city sibling relationship based on novel or book massachusetts affectation coming of age remake period drama american civil war christmas 19th century sister sister relationship female writer clinical 1860s sisters whimsical dignified
458723,Us,2019-03-14,2019,en,"[27, 9648]",8.3357,6.952,7967,"Husband and wife Gabe and Adelaide Wilson take their kids to their beach house expecting to unplug and unwind with friends. But as night descends, their serenity turns to tension and chaos when some shocking visitors arrive uninvited.",lupitanyong'o winstonduke elisabethmoss timheidecker shahadiwrightjoseph,jordanpeele,"mask boardwalk murder psychological thriller fear family vacation home invasion amusement park doppelgänger santa cruz, california aggressive 1980s duality ambiguous bewildered brisk distressing frightened"
483906,Polar,2019-01-25,2019,en,"[28, 80, 18]",7.2213,6.357,2442,"When a retiring assassin realizes that he is the target of a hit, he winds up back in the game going head to head with a gang of younger, ruthless killers.",madsmikkelsen vanessahudgens katherynwinnick ingacadranel feiren,jonasåkerlund,assassin hitman montana chile based on graphic novel isolated house criminal organization neo-noir forced retirement amused
423204,Angel Has Fallen,2019-08-21,2019,en,"[28, 53]",8.9927,6.6,3822,"After a treacherous attack, Secret Service agent Mike Banning is charged with attempting to assassinate President Trumbull. Chased by his own colleagues and the FBI, Banning begins a race against the clock to clear his name.",gerardbutler morganfreeman jadapinkettsmith nicknolte dannyhuston,ricromanwaugh,usa president sequel secret service framed for a crime terrorist plot assassination attempt survivalism u.s. secret service agent manhunt father son relationship intense audacious mean spirited
547012,Buffaloed,2020-02-14,2020,en,"[35, 18]",48.6703,6.71,269,"Set in the underworld of debt-collecting, homegrown hustler Peg Dahl will do anything to escape Buffalo, NY.",zoeydeutch judygreer jermainefowler jaicourtney noahreid,tanyawexler,"money buffalo, new york"
746467,USS Christmas,2020-11-28,2020,en,"[10770, 9648]",25.7382,6.62,46,"Maddie, a reporter for a Norfolk newspaper, embarks on a Tiger Cruise during Christmastime where she meets a handsome naval officer and stumbles upon a mystery in the ship’s archive room.",jenlilley trevordonovan barbaraniven stefaniebutler brettrice,stevenr.monroe,news reporter female pilot christmas aircraft carrier investigative reporter
703221,My Influences,2020-05-12,2020,en,[99],27.9187,0.0,0,"In “Spaces #3”, 7 internationally acclaimed directors shot, after commissioning by the Thessaloniki International Film Festival, a short film at home, making their own timely comment on the new reality that we live in. The project is inspired by the book “Species of Spaces” by the French novelist, filmmaker, documentalist, and essayist, Georges Perec and the days of quarantine. The idea is to create a film at home, using the environment, the people or the animals in that space. The only outdoor areas that may be used are outdoor living spaces, such as the terrace, the garden, the balcony and the stairwell. “My influences” is Albert Serra’s submission.",albertserra,albertserra,
677638,We Bare Bears: The Movie,2020-06-30,2020,en,"[16, 12, 10751, 35, 10770]",21.5445,7.8,842,"When Grizz, Panda, and Ice Bear's love of food trucks and viral videos get out of hand, the brothers are now chased away from their home and embark on a trip to Canada, where they can live in peace.",ericedelstein bobbymoynihan demetrimartin marcevanjackson jasonlee,danielchong,canada grizzly bear villain polar bear road trip panda slice of life fugitive police chase agent talking animal good versus evil based on tv series
524047,Greenland,2020-07-29,2020,en,"[28, 12, 53, 878]",17.6257,7.126,5162,"John Garrity, his estranged wife and their young son embark on a perilous journey to find sanctuary as a planet-killing comet hurtles toward Earth. Amid terrifying accounts of cities getting levelled, the Garritys experience the best and worst in humanity. As the countdown to the global apocalypse approaches zero, their incredible trek culminates in a desperate and last-minute flight to a possible safe haven.",gerardbutler morenabaccarin daviddenman hopedavis rogerdalefloyd,ricromanwaugh,"husband wife relationship panic kidnapping looting natural disaster state of emergency comet end of the world meteorite disaster apocalypse destruction of planet diabetic army base emergency greenland atlanta, georgia amused"
560204,Arkansas,2020-05-05,2020,en,"[80, 53, 28, 9648]",11.5483,5.8,341,"Kyle and Swin live by the orders of an Arkansas-based drug kingpin named Frog, whom they've never met. But when a deal goes horribly wrong, the consequences are deadly.",liamhemsworth clarkduke vincevaughn johnmalkovich edenbrolin,clarkduke,based on novel or book murder drug dealing park ranger dixie mafia drug kingpin
454626,Sonic the Hedgehog,2020-02-12,2020,en,"[28, 878, 35, 10751]",11.8113,7.288,10306,"Powered with incredible speed, Sonic The Hedgehog embraces his new home on Earth. That is, until Sonic sparks the attention of super-uncool evil genius Dr. Robotnik. Now it’s super-villain vs. super-sonic in an all-out race across the globe to stop Robotnik from using Sonic’s unique power for world domination.",benschwartz jamesmarsden tikasumpter jimcarrey natasharothwell,jefffowler,"friendship video game san francisco, california road trip cop based on video game duringcreditsstinger bar fight hedgehog live action and animation live action remake playful joyous adoring joyful"
508442,Soul,2020-12-25,2020,en,"[16, 10751, 35, 14, 18, 10402]",11.7224,8.093,11280,"Joe Gardner is a middle school teacher with a love for jazz music. After a successful audition at the Half Note Club, he suddenly gets into an accident that separates his soul from his body and is transported to the You Seminar, a center in which souls develop and gain passions before being transported to a newborn child. Joe must enlist help from the other souls-in-training, like 22, a soul who has spent eons in the You Seminar, in order to get back to Earth.",jamiefoxx tinafey grahamnorton rachelhouse alicebraga,petedocter,new york city jazz musician cat self-discovery jazz singer or musician teacher aftercreditsstinger duringcreditsstinger life after death cheerful
38700,Bad Boys for Life,2020-01-15,2020,en,"[53, 28, 80]",10.4806,7.1,8667,"Marcus and Mike are forced to confront new threats, career changes, and midlife crises as they join the newly created elite team AMMO of the Miami police department to take down the ruthless Armando Armas, the vicious leader of a Miami drug cartel.",willsmith martinlawrence vanessahudgens alexanderludwig charlesmelton,bilallfallah,"mexico miami, florida detective women's prison sequel prison escape murder drug cartel police chase police detective buddy cop buddy film action hero past relationship reflective dramatic"
495764,Birds of Prey (and the Fantabulous Emancipation of One Harley Quinn),2020-02-05,2020,en,"[28, 80]",10.1308,6.881,10730,"Harley Quinn joins forces with a singer, an assassin and a police detective to help a young girl who had a hit placed on her after she stole a rare diamond from a crime lord.",margotrobbie rosieperez maryelizabethwinstead jurneesmollett ewanmcgregor,cathyyan,police pickpocket chase psychopath superhero nightclub gang leader based on comic breaking the fourth wall betrayal vigilante mobster organized crime shootout female protagonist orphan criminal police officer police detective spin off death of family crime family female police officer woman director hand to hand combat vigilantism dc extended universe (dceu) supernatural power betrayal of trust vigilante justice grand
448119,Dolittle,2020-01-02,2020,en,"[10751, 35, 14, 12]",9.6114,6.579,3843,"After losing his wife seven years earlier, the eccentric Dr. John Dolittle, famed doctor and veterinarian of Queen Victoria’s England, hermits himself away behind the high walls of Dolittle Manor with only his menagerie of exotic animals for company. But when the young queen falls gravely ill, a reluctant Dolittle is forced to set sail on an epic adventure to a mythical island in search of a cure, regaining his wit and courage as he crosses old adversaries and discovers wondrous creatures.",robertdowneyjr. harrycollett michaelsheen jimbroadbent antoniobanderas,stephengaghan,ship island based on novel or book victorian england doctor based on children's book animals veterinary talking to animals voyage
577922,Tenet,2020-08-22,2020,en,"[28, 53, 878]",9.9147,7.174,10947,"Armed with only one word - Tenet - and fighting for the survival of the entire world, the Protagonist journeys through a twilight world of international espionage on a mission that will unfold in something beyond real time.",johndavidwashington robertpattinson elizabethdebicki kennethbranagh dimplekapadia,christophernolan,"assassin espionage spy time travel mumbai (bombay), india arms dealer terrorism terrorist attack nuclear weapons terrorist plot backwards alternate timeline oslo, norway time paradox kyiv (kiev), ukraine admiring amused ominous"
337401,Mulan,2020-09-04,2020,en,"[12, 14, 28]",8.595,6.833,6995,"When the Emperor of China issues a decree that one man per family must serve in the Imperial Chinese Army to defend the country from Huns, Hua Mulan, the eldest daughter of an honored warrior, steps in to take the place of her ailing father. She is spirited, determined and quick on her feet. Disguised as a man by the name of Hua Jun, she is tested every step of the way and must harness her innermost strength and embrace her true potential.",liuyifei donnieyen gongli jetli jasonscottlee,nikicaro,"martial arts hero china fake identity honor east asian lead heroine based on myths, legends or folklore live action and animation chinese girl live action remake admiring defiant vibrant"
545609,Extraction,2020-04-23,2020,en,"[28, 53]",8.916,7.293,6533,A hardened gun-for-hire's latest mission becomes a soul-searching race to survive when he's sent into Bangladesh to rescue a drug lord's kidnapped son.,chrishemsworth rudhrakshjaiswal randeephooda golshiftehfarahani pankajtripathi,samhargrave,"drug dealer mercenary crime boss mumbai (bombay), india rescue mission based on comic based on graphic novel child kidnapping dhaka (dacca), bangladesh"
514847,The Hunt,2020-03-11,2020,en,"[28, 53, 27]",8.3074,6.635,3562,"Twelve strangers wake up in a clearing. They don't know where they are—or how they got there. In the shadow of a dark internet conspiracy theory, ruthless elitists gather at a remote location to hunt humans for sport. But their master plan is about to be derailed when one of the hunted turns the tables on her pursuers.",bettygilpin hilaryswank ethansuplee teriwyble ikebarinholtz,craigzobel,dark comedy gore satire survival murder survival horror political death game
529203,The Croods: A New Age,2020-11-25,2020,en,"[16, 10751, 12, 14, 35]",6.6729,7.446,4096,"Searching for a safer habitat, the prehistoric Crood family discovers an idyllic, walled-in paradise that meets all of its needs. Unfortunately, they must also learn to live with the Bettermans -- a family that's a couple of steps above the Croods on the evolutionary ladder. As tensions between the new neighbors start to rise, a new threat soon propels both clans on an epic adventure that forces them to embrace their differences, draw strength from one another, and survive together.",nicolascage emmastone ryanreynolds catherinekeener clorisleachman,joelcrawford,sequel prehistory aftercreditsstinger duringcreditsstinger candid playful joyous admiring adoring
570670,The Invisible Man,2020-02-26,2020,en,"[53, 878, 27]",7.9884,7.095,6173,"When Cecilia's abusive ex takes his own life and leaves her his fortune, she suspects his death was a hoax. As a series of coincidences turn lethal, Cecilia works to prove that she is being hunted by someone nobody can see.",elisabethmoss aldishodge stormreid michaeldorman harrietdyer,leighwhannell,based on novel or book pregnancy architect fake suicide stalker remake murder domestic abuse scientist police detective death invisible person mental hospital angry woman in peril invisible man frightened
464052,Wonder Woman 1984,2020-12-16,2020,en,"[28, 12, 14]",6.8862,6.37,8969,A botched store robbery places Wonder Woman in a global battle against a powerful and mysterious ancient force that puts her powers in jeopardy.,galgadot chrispine kristenwiig pedropascal robinwright,pattyjenkins,superhero based on comic woman director 1980s action hero dc extended universe (dceu)
497582,Enola Holmes,2020-09-23,2020,en,"[12, 9648, 80]",7.7581,7.233,6487,"While searching for her missing mother, intrepid teen Enola Holmes uses her sleuthing skills to outsmart big brother Sherlock and help a runaway lord.",milliebobbybrown henrycavill samclaflin helenabonhamcarter louispartridge,harrybradbeer,based on novel or book detective child prodigy victorian england female protagonist period drama female detective runaway teen books mother daughter relationship brother sister relationship sherlock holmes childish love interest
522627,The Gentlemen,2020-01-01,2020,en,"[35, 80]",6.5176,7.663,6481,"American expat Mickey Pearson has built a highly profitable marijuana empire in London. When word gets out that he’s looking to cash out of the business forever it triggers plots, schemes, bribery and blackmail in an attempt to steal his domain out from under him.",matthewmcconaughey charliehunnam michelledockery jeremystrong lynerenee,guyritchie,"london, england robbery businessman gangster dark comedy betrayal marijuana business jewish american gunfight brutality american abroad irishman scheme playful casual"
516486,Greyhound,2020-07-09,2020,en,"[10752, 28, 18]",7.8473,7.4,3241,"A first-time captain leads a convoy of allied ships carrying thousands of soldiers across the treacherous waters of the ""Black Pit"" to the front lines of WWII. With no air cover protection for 5 days, the captain and his convoy must battle the surrounding enemy Nazi U-boats in order to give the allies a chance to win the war.",tomhanks stephengraham robmorgan joshwiggins tombrittney,aaronschneider,submarine allies atlantic ocean world war ii based on true story biting convoy battleship naval warfare naval battleship tense barco navio submarino
582014,Promising Young Woman,2020-12-13,2020,en,"[53, 80, 18]",5.5488,7.393,3636,"A young woman, traumatized by a tragic event in her past, seeks out vengeance against those who crossed her path.",careymulligan boburnham alisonbrie clancybrown jennifercoolidge,emeraldfennell,psychopath coffee shop ohio sociopath revenge predator turns victim childhood friends rape and revenge woman director medical school pediatrician barista sexual predator nice guy prosocial psychopath transgender audacious sardonic
587792,Palm Springs,2020-07-10,2020,en,"[35, 10749, 878]",6.7309,7.334,3603,"When carefree Nyles and reluctant maid of honor Sarah have a chance encounter at a Palm Springs wedding, things get complicated when they find themselves unable to escape the venue, themselves, or each other.",andysamberg cristinmilioti j.k.simmons petergallagher meredithhagner,maxbarbakow,alcohol cave time travel earthquake swimming pool drug use palm springs time loop nemesis wedding maid of honor carefree older sister groundhog day stuck casamento bomba piscina viagem no tempo caverna cocaína terremoto
499932,The Devil All the Time,2020-09-11,2020,en,"[80, 18, 53]",5.9612,7.188,3611,"In Knockemstiff, Ohio and its neighboring backwoods, sinister characters converge around young Arvin Russell as he fights the evil forces that threaten him and his family.",tomholland robertpattinson billskarsgård rileykeough jasonclarke,antoniocampos,small town suicide sheriff based on novel or book war veteran gun ohio west virginia murder serial killer photograph church gothic madness post world war ii reverend violence
443791,Underwater,2020-01-08,2020,en,"[27, 878, 28, 12]",6.4924,6.282,3399,"After an earthquake destroys their underwater station, six researchers must navigate two miles along the dangerous, unknown depths of the ocean floor to make it to safety in a race against time.",kristenstewart vincentcassel mamoudouathie t.j.miller johngallagherjr.,williameubank,monster self sacrifice deep sea animal attack giant monster earthquake survival nuclear explosion disaster cryptozoology female protagonist underwater survival horror animal killing creature feature mechanical engineering researcher trapped underwater  lovecraftian humanoid alien 2050s
458576,Monster Hunter,2020-12-03,2020,en,"[28, 14, 12]",4.778,6.523,3517,"A portal transports Cpt. Artemis and an elite unit of soldiers to a strange world where powerful monsters rule with deadly ferocity. Faced with relentless danger, the team encounters a mysterious hunter who may be their only hope to find a way home.",millajovovich tonyjaa ronperlman t.i. diegoboneta,paulw.s.anderson,giant monster female soldier another dimension bow and arrow based on video game swordswoman dimensional travel somber ambiguous bold exuberant objective vibrant
549514,Fatale,2020-12-18,2020,en,"[18, 53]",5.4502,6.0,374,"After a wild one-night stand, successful sports agent Derrick Tyler watches his perfect life slowly disappear when he discovers the sexy and mysterious woman he risked everything for is determined police detective Valerie Quinlan who entangles him in her latest investigation. As he desperately tries to put the pieces together, he falls deeper into her trap, risking his family, his career, and even his life.",hilaryswank michaelealy mikecolter damarislewis tyrinturner,deontaylor,california husband wife relationship married couple investigation one-night stand ex husband murder betrayal best friend las vegas home invasion cat and mouse female detective cousin relationship business partner married man deadly game lies manipulative woman marital strife black cinema business owner contentious relationship
547016,The Old Guard,2020-07-09,2020,en,"[28, 14]",5.5612,7.103,4733,Four undying warriors who've secretly protected humanity for centuries become targeted for their mysterious powers just as they discover a new immortal.,charlizetheron kikilayne veronicango matthiasschoenaerts marwankenzari,ginaprince-bythewood,immortality superhero mercenary based on comic lgbt gay theme
508439,Onward,2020-02-29,2020,en,"[10751, 35, 12, 16, 14]",7.737,7.643,6510,"In a suburban fantasy world, two teenage elf brothers embark on an extraordinary quest to discover if there is still a little magic left out there.",tomholland chrispratt julialouis-dreyfus octaviaspencer melrodriguez,danscanlon,elves magic dead father dead parent fantasy world teenage protagonist brother brother relationship
531219,Roald Dahl's The Witches,2020-10-26,2020,en,"[35, 14, 10751, 27]",5.0091,6.3,2961,"In late 1967, a young orphaned boy goes to live with his loving grandma in the rural Alabama town of Demopolis. As the boy and his grandmother encounter some deceptively glamorous but thoroughly diabolical witches, she wisely whisks him away to a seaside resort. Regrettably, they arrive at precisely the same time that the world's Grand High Witch has gathered.",annehathaway octaviaspencer stanleytucci jahzirbruno chrisrock,robertzemeckis,hotel witch based on novel or book mouse transformation orphan based on children's book talking animal
447362,Life in a Year,2020-11-27,2020,en,"[18, 10749]",6.5086,8.233,1954,"A 17 year old finds out that his girlfriend is dying, so he sets out to give her an entire life, in the last year she has left.",jadensmith caradelevingne cubagoodingjr. chrisd'elia jtneal,mitjaokorn,
613504,After We Collided,2020-09-02,2020,en,"[10749, 18]",6.1352,7.157,5440,Tessa finds herself struggling with her complicated relationship with Hardin; she faces a dilemma that could change their lives forever.,josephinelangford herofiennestiffin dylansprouse louiselombard charlieweber,rogerkumble,based on novel or book love teenage crush angry complex grand
615677,We Can Be Heroes,2020-12-25,2020,en,"[10751, 28, 14, 35]",6.9277,5.951,805,"When alien invaders capture Earth's superheroes, their kids must learn to work together to save their parents - and the planet.",yayagosselin lyondaniels andywalken halafinley lotusblossom,robertrodriguez,superhero alien alien invasion family father daughter relationship
770156,Lucy Shimmers and the Prince of Peace,2020-10-19,2020,en,"[18, 10751]",5.6837,8.373,353,Second chances start when a hardened criminal crosses paths with a precocious little girl who is helped by an angel to change hearts during the holiday season.,scarlettdiamond vincentvargas adamhightower shawnstevens florenciacontrerasstevens,robdiamond,faith peace prince sickness christmas jesus christ christian film christian faith grief & loss
600354,The Father,2020-12-23,2020,en,[18],6.8997,8.098,3569,"A man refuses all assistance from his daughter as he ages and, as he tries to make sense of his changing circumstances, he begins to doubt his loved ones, his own mind and even the fabric of his reality.",anthonyhopkins oliviacolman markgatiss oliviawilliams imogenpoots,florianzeller,"london, england loss of sense of reality flat dementia mistaken identity alzheimer's disease based on play or musical old man memory loss elderly man caregiving father daughter relationship anxious caregiver patient relationship fading memories old age ghoulish"
660982,American Pie Presents: Girls' Rules,2020-10-06,2020,en,[35],5.6699,6.1,698,"It's Senior year at East Great Falls. Annie, Kayla, Michelle, and Stephanie decide to harness their girl power and band together to get what they want their last year of high school.",madisonpettis lizzebroadway pipercurda natashabehnam darrenbarnet,mikeelliott,high school teen movie spin off pie ambivalent sexual references
556678,Emma.,2020-02-13,2020,en,"[35, 10749]",5.7114,7.014,1920,"In 1800s England, a well-meaning but selfish young woman meddles in the love lives of her friends.",anyataylor-joy johnnyflynn josho'connor callumturner miagoth,autumndewilde,countryside based on novel or book matchmaking 19th century georgian or regency era matchmaker witty
446893,Trolls World Tour,2020-03-11,2020,en,"[10751, 16, 35, 14, 12, 10402]",5.2519,7.245,2251,"Queen Poppy and Branch make a surprising discovery — there are other Troll worlds beyond their own, and their distinct differences create big clashes between these various tribes. When a mysterious threat puts all of the Trolls across the land in danger, Poppy, Branch, and their band of friends must embark on an epic quest to create harmony among the feuding Trolls to unite them against certain doom.",annakendrick justintimberlake ronfunches rachelbloom jamescorden,waltdohrn,dancing friendship concert country music guitar cloud saxophone sequel jail based on toy rock music alien abduction singing king desert pop music flute mirage electronic music k-pop spaceship jukebox musical
441130,Wolfwalkers,2020-10-26,2020,en,"[16, 10751, 12, 14]",5.0077,8.2,1354,"In a time of superstition and magic, when wolves are seen as demonic and nature an evil to be tamed, a young apprentice hunter comes to Ireland with her father to wipe out the last pack. But when she saves a wild native girl, their friendship leads her to discover the world of the Wolfwalkers and transform her into the very thing her father is tasked to destroy.",honorkneafsey evawhittaker seanbean simonmcburney tommytiernan,tommmoore,friendship wolf magic fairy tale shapeshifting wolf's lair feral child forest woods female protagonist ireland family folklore werewolf child curious calm healer reflective wolves irish folklore hand drawn animation father daughter relationship mother daughter relationship serene fantasy 1600s enchanted forest admiring adoring comforting compassionate enchant excited gentle
400160,The SpongeBob Movie: Sponge on the Run,2020-08-14,2020,en,"[10751, 35, 12, 16]",5.3802,7.406,2965,"When his best friend Gary is suddenly snatched away, SpongeBob takes Patrick on a madcap mission far beyond Bikini Bottom to save their pink-shelled pal.",tomkenny billfagerbakke rodgerbumpass mr.lawrence keanureeves,timhill,part live action based on tv series
634649,Spider-Man: No Way Home,2021-12-15,2021,en,"[28, 12, 878]",75.0791,7.933,21704,"Peter Parker is unmasked and no longer able to separate his normal life from the high-stakes of being a super-hero. When he asks for help from Doctor Strange the stakes become even more dangerous, forcing him to discover what it truly means to be Spider-Man.",tomholland zendaya benedictcumberbatch jacobbatalon jonfavreau,jonwatts,new york city hero showdown magic loss of loved one secret identity superhero villain portal based on comic sequel vigilante superhero team masked vigilante spider web alternative reality aftercreditsstinger duringcreditsstinger marvel cinematic universe (mcu) masked superhero fight for justice teen superhero superhero teamup returning hero teamwork excited
1278126,Mooseltoe,2021-11-24,2021,en,"[10751, 10402]",22.727,0.0,0,"Mooseltoe, the Moose with a Dream, and his friends come to life in this colorful, magical and whimsical musical tale. Follow our hero as he pursues his seemingly impossible dream while learning many valuable lessons along the way - lessons which are important for us all. Al Roker narrates the story while celebrities from Broadway, TV, and the movies provide the voices of Mooseltoe and his friends in this charming production.",alroker normlewis faithprince rongolding annbrown,jimsemmelman,
438631,Dune,2021-09-15,2021,en,"[878, 12]",30.4009,7.778,14625,"Paul Atreides, a brilliant and gifted young man born into a great destiny beyond his understanding, must travel to the most dangerous planet in the universe to ensure the future of his family and his people. As malevolent forces explode into conflict over the planet's exclusive supply of the most precious resource in existence-a commodity capable of unlocking humanity's greatest potential-only those who can conquer their fear will survive.",timothéechalamet rebeccaferguson oscarisaac jasonmomoa stellanskarsgård,denisvilleneuve,empire future army based on novel or book prophecy dystopia emperor sand spice chosen one hallucinogen treason baron revenge premonition betrayal space water shortage creature desert knife fight destiny giant worm space opera sand dune messiah mother son relationship giant creature grand complicated areia dune
337404,Cruella,2021-05-26,2021,en,"[35, 80, 12]",20.2673,7.974,9959,"In 1970s London amidst the punk rock revolution, a young grifter named Estella is determined to make a name for herself with her designs. She befriends a pair of young thieves who appreciate her appetite for mischief, and together they are able to build a life for themselves on the London streets. One day, Estella’s flair for fashion catches the eye of the Baroness von Hellman, a fashion legend who is devastatingly chic and terrifyingly haute. But their relationship sets in motion a course of events and revelations that will cause Estella to embrace her wicked side and become the raucous, fashionable and revenge-bent Cruella.",emmastone emmathompson joelfry paulwalterhauser johnmccrea,craiggillespie,1970s anti hero villain punk rock fashion designer fashion origin story live action remake
801335,Girl in the Basement,2021-02-27,2021,en,"[53, 80, 10770]",16.1855,7.58,829,"Sara is a teen girl who is looking forward to her 18th birthday to move away from her controlling father Don. But before she could even blow out the candles, Don imprisons her in the basement of their home.",juddnelson stefaniescott joelyfisher braxtonbjerken kimrosen,elisabethröhm,imprisonment based on true story basement controlling parent
744275,After We Fell,2021-09-01,2021,en,"[10749, 18]",18.4337,7.012,2706,"Just as Tessa's life begins to become unglued, nothing is what she thought it would be. Not her friends nor her family. The only person that she should be able to rely on is Hardin, who is furious when he discovers the massive secret that she's been keeping. Before Tessa makes the biggest decision of her life, everything changes because of revelations about her family.",josephinelangford herofiennestiffin carterjenkins louiselombard chanceperdomo,castillelandon,based on novel or book family history love teenage crush woman director family tension zealous mischievous enraged
646380,Don't Look Up,2021-12-08,2021,en,"[35, 878, 18]",17.6863,7.065,9192,Two astronomers go on a media tour to warn humankind of a planet-killing comet hurtling toward Earth. The response from a distracted world: Meh.,leonardodicaprio jenniferlawrence merylstreep cateblanchett robmorgan,adammckay,artificial intelligence (a.i.) the white house asteroid climate change satire global warming comet end of the world social commentary social satire meteorite astronomer disaster teacher student relationship denial mass hysteria aftercreditsstinger duringcreditsstinger amused
637649,Wrath of Man,2021-04-22,2021,en,"[53, 80, 18]",12.1697,7.582,5990,"A cold and mysterious new security guard for a Los Angeles cash truck company surprises his co-workers when he unleashes precision skills during a heist. The crew is left wondering who he is and where he came from. Soon, the marksman's ultimate motive becomes clear as he takes dramatic and irrevocable steps to settle a score.",jasonstatham holtmccallany rocciwilliams joshhartnett jeffreydonovan,guyritchie,"robbery affectation crime boss revenge shootout shooter los angeles, california theft security guard ex soldier revenge killing father son relationship anxious cash truck admiring adoring ambiguous ambivalent antagonistic commanding earnest"
436969,The Suicide Squad,2021-07-28,2021,en,"[28, 35, 12]",12.3378,7.464,9454,"Supervillains Harley Quinn, Bloodsport, Peacemaker and a collection of nutty cons at Belle Reve prison join the super-secret, super-shady Task Force X as they are dropped off at the remote, enemy-infused island of Corto Maltese.",margotrobbie idriselba johncena joelkinnaman sylvesterstallone,jamesgunn,monster secret mission superhero anti hero giant monster gore based on comic alien betrayal alien invasion convict parasite super villain world domination aftercreditsstinger aggressive dc extended universe (dceu) absurd hilarious intense excited
615457,Nobody,2021-03-18,2021,en,"[28, 53]",13.5417,7.883,8153,"Hutch Mansell, a suburban dad, overlooked husband, nothing neighbor — a ""nobody."" When two thieves break into his home one night, Hutch's unknown long-simmering rage is ignited and propels him on a brutal path that will uncover dark secrets he fought to leave behind.",bobodenkirk alekseyserebryakov connienielsen christopherlloyd michaelironside,ilyanaishuller,assassin double life fight midlife crisis bratva (russian mafia) secret organization thief one man army home invasion family brawl duringcreditsstinger absurd cliché excited
568124,Encanto,2021-10-13,2021,en,"[16, 35, 10751, 14]",12.6373,7.57,10113,"The tale of an extraordinary family, the Madrigals, who live hidden in the mountains of Colombia, in a magical house, in a vibrant town, in a wondrous, charmed place called an Encanto. The magic of the Encanto has blessed every child in the family—every child except one, Mirabel. But when she discovers that the magic surrounding the Encanto is in danger, Mirabel decides that she, the only ordinary Madrigal, might just be her exceptional family's last hope.",stephaniebeatriz maríaceciliabotero johnleguizamo dianeguerrero jessdarrow,byronhoward,strong woman magic sadness immigration supernatural beauty musical big family forest family secrets family relationships flamenco joy of life teenage girl female protagonist family conflict helping children matriarch colombia
497698,Black Widow,2021-07-07,2021,en,"[28, 12, 878]",12.3632,7.171,11103,"Natasha Romanoff, also known as Black Widow, confronts the darker parts of her ledger when a dangerous conspiracy with ties to her past arises. Pursued by a force that will stop at nothing to bring her down, Natasha must deal with her history as a spy and the broken relationships left in her wake long before she became an Avenger.",scarlettjohansson florencepugh rachelweisz davidharbour raywinstone,cateshortland,assassin hero spy kgb based on comic female assassin female spy female hero aftercreditsstinger marvel cinematic universe (mcu) woman director
791373,Zack Snyder's Justice League,2021-03-18,2021,en,"[28, 12, 14]",11.1124,8.093,10700,"Determined to ensure Superman's ultimate sacrifice was not in vain, Bruce Wayne aligns forces with Diana Prince with plans to recruit a team of metahumans to protect the world from an approaching threat of catastrophic proportions.",benaffleck henrycavill galgadot rayfisher jasonmomoa,zacksnyder,saving the world superhero resurrection based on comic superhero team planet invasion action hero dc extended universe (dceu) superhero teamup
566525,Shang-Chi and the Legend of the Ten Rings,2021-09-01,2021,en,"[28, 12, 14]",10.308,7.495,10251,Shang-Chi must confront the past he thought he left behind when he is drawn into the web of the mysterious Ten Rings organization.,simuliu tonyleungchiu-wai awkwafina benkingsley zhangmeng'er,destindanielcretton,martial arts superhero based on comic mixed martial arts (mma) east asian lead aftercreditsstinger duringcreditsstinger marvel cinematic universe (mcu) father son relationship
580489,Venom: Let There Be Carnage,2021-09-30,2021,en,"[878, 28, 12]",11.8887,6.7,11074,"After finding a host body in investigative reporter Eddie Brock, the alien symbiote must face a new enemy, Carnage, the alter ego of serial killer Cletus Kasady.",tomhardy woodyharrelson michellewilliams naomieharris reidscott,andyserkis,hero psychopath superhero anti hero villain alien life-form based on comic sequel fear aftercreditsstinger symbiote carnage
508943,Luca,2021-06-17,2021,en,"[16, 35, 14, 10751, 18]",10.6446,7.785,8869,Luca and his best friend Alberto experience an unforgettable summer on the Italian Riviera. But all the fun is threatened by a deeply-held secret: they are sea monsters from another world just below the water’s surface.,jacobtremblay jackdylangrazer emmaberman saverioraimondo mayarudolph,enricocasarosa,friendship monster italy villain coming of age friends bromance sea monster vespa aftercreditsstinger seaside town 1950s pasta water italian riviera pesto admiring
588228,The Tomorrow War,2021-09-03,2021,en,"[28, 878, 12]",10.1018,7.47,4012,"The world is stunned when a group of time travelers arrive from the year 2051 to deliver an urgent message: Thirty years in the future, mankind is losing a global war against a deadly alien species. The only hope for survival is for soldiers and civilians from the present to be transported to the future and join the fight. Among those recruited is high school teacher and family man Dan Forester. Determined to save the world for his young daughter, Dan teams up with a brilliant scientist and his estranged father in a desperate quest to rewrite the fate of the planet.",chrispratt yvonnestrahovski j.k.simmons bettygilpin samrichardson,chrismckay,world cup time travel global warming glacier alien alien invasion military future war father son reunion hope for future changing the past or future message from the future father son relationship father daughter relationship world war
370172,No Time to Die,2021-09-29,2021,en,"[28, 53, 12]",10.6144,7.344,6980,"Bond has left active service and is enjoying a tranquil life in Jamaica. His peace is short-lived when his old friend Felix Leiter from the CIA turns up asking for help. The mission to rescue a kidnapped scientist turns out to be far more treacherous than expected, leading Bond onto the trail of a mysterious villain armed with dangerous new technology.",danielcraig léaseydoux ramimalek lashanalynch ralphfiennes,caryjojifukunaga,biological weapon based on novel or book parent child relationship forgiveness poison spy mi6 family british secret service parents global threat somber nanobots james bond bold car chases
385128,F9,2021-05-19,2021,en,"[28, 12, 80]",10.279,7.014,7632,Dominic Toretto and his crew battle the most skilled assassin and high-performance driver they've ever encountered: his forsaken brother.,vindiesel michellerodriguez tyresegibson ludacris johncena,justinlin,speed family relationships sequel nostalgic duringcreditsstinger fast car brother brother relationship cars farcical
776503,CODA,2021-08-13,2021,en,"[18, 10402, 10749]",12.5466,7.895,2529,"As a CODA (Child of Deaf Adults), Ruby is the only hearing person in her deaf family. When the family's fishing business is threatened, Ruby finds herself torn between pursuing her love of music and her fear of abandoning her parents.",emiliajones marleematlin troykotsur eugenioderbez ferdiawalsh-peelo,sianheder,parent child relationship music teacher fishing deaf massachusetts coming of age remake singing family first love disability based on movie woman director sign languages school choir music school calm american sign language (asl) loving teenager appreciative mudez surdez coda
550988,Free Guy,2021-08-11,2021,en,"[35, 12, 878]",9.3409,7.453,9655,"A bank teller discovers he is actually a background player in an open-world video game, and decides to become the hero of his own story. Now, in a world where there are no limits, he is determined to be the guy who saves his world his way before it's too late.",ryanreynolds jodiecomer lilrelhowery joekeery utkarshambudkar,shawnlevy,hero artificial intelligence (a.i.) video game virtual reality gun code gamer bank robbery bank teller programmer thoughtful mmorpg heroic vrmmo
524434,Eternals,2021-11-03,2021,en,"[878, 28, 12]",10.0725,6.774,9020,"The Eternals are a team of ancient aliens who have been living on Earth in secret for thousands of years. When an unexpected tragedy forces them out of the shadows, they are forced to reunite against mankind’s most ancient enemy, the Deviants.",gemmachan richardmadden angelinajolie salmahayekpinault kumailnanjiani,chloézhao,saving the world superhero supernatural based on comic alien super power lgbt aftercreditsstinger marvel cinematic universe (mcu) woman director sign languages ancient god-like
645710,The Voyeurs,2021-08-25,2021,en,[53],8.9199,6.514,1148,"When Pippa and Thomas move into their dream apartment, they notice that their windows look directly into the apartment opposite – inviting them to witness the volatile relationship of the attractive couple across the street. But what starts as a simple curiosity turns into full-blown obsession with increasingly dangerous consequences.",sydneysweeney justicesmith benhardy natashaliubordizzo katharinekingso,michaelmohan,"infidelity sexual obsession espionage photographer eroticism manipulation seduction montreal, canada fashion photographer sexual fantasy role playing neighbor listening device moving in voyeurism new apartment art project ophthalmologist nude photography anxious peeping depressing"
520763,A Quiet Place Part II,2021-05-21,2021,en,"[878, 53, 27]",7.7452,7.439,7266,"Following the events at home, the Abbott family now face the terrors of the outside world. Forced to venture into the unknown, they realize that the creatures that hunt by sound are not the only threats that lurk beyond the sand path.",emilyblunt johnkrasinski millicentsimmonds noahjupe cillianmurphy,johnkrasinski,new york city island post-apocalyptic future radio transmission alien life-form death of father child in peril sequel alien flashback psychological thriller creature alien invasion parenting family survival horror alien monster human vs alien sign languages alien attack hostile hearing impaired newborn baby anxious dreary suspenseful tense frightened
399566,Godzilla vs. Kong,2021-03-24,2021,en,"[28, 878, 12]",9.9525,7.54,10528,"In a time when monsters walk the Earth, humanity’s fight for its future sets Godzilla and Kong on a collision course that will see the two most powerful forces of nature on the planet collide in a spectacular battle for the ages.",alexanderskarsgård rebeccahall kayleehottle briantyreehenry milliebobbybrown,adamwingard,giant monster dinosaur creature feature kaiju sign languages giant ape godzilla robot dinosaur king kong cliché
423108,The Conjuring: The Devil Made Me Do It,2021-05-25,2021,en,"[27, 9648, 53]",9.2442,7.358,6454,"Paranormal investigators Ed and Lorraine Warren encounter what would become one of the most sensational cases from their files. The fight for the soul of a young boy takes them beyond anything they'd ever seen before, to mark the first time in U.S. history that a murder suspect would claim demonic possession as a defense.",verafarmiga patrickwilson sterlingjerins sarahcatherinehook ruairío'connor,michaelchaves,supernatural exorcism connecticut sequel paranormal investigation 1980s religious horror intense
624860,The Matrix Resurrections,2021-12-16,2021,en,"[878, 28, 12]",10.2583,6.34,6358,"Plagued by strange memories, Neo's life takes an unexpected turn when he finds himself back inside the Matrix.",keanureeves carrie-annemoss yahyaabdul-mateenii jonathangroff jessicahenwick,lanawachowski,future man vs machine underground world artificial intelligence (a.i.) computer virtual reality prophecy dystopia cyberpunk aftercreditsstinger dream world philosophical gnosticism grand romantic sincere dystopian sci-fi
527774,Raya and the Last Dragon,2021-03-03,2021,en,"[16, 10751, 14, 28, 12]",8.2583,7.801,7218,"Long ago, in the fantasy world of Kumandra, humans and dragons lived together in harmony. But when an evil force threatened the land, the dragons sacrificed themselves to save humanity. Now, 500 years later, that same evil has returned and it’s up to a lone warrior, Raya, to track down the legendary last dragon to restore the fractured land and its divided people.",kellymarietran awkwafina gemmachan alantudyk izaacwang,carloslópezestrada,kung fu sword warrior woman female protagonist dragon vietnamese south asian warrior
460458,Resident Evil: Welcome to Raccoon City,2021-11-24,2021,en,"[28, 27, 878]",8.6887,5.935,2650,"Once the booming home of pharmaceutical giant Umbrella Corporation, Raccoon City is now a dying Midwestern town. The company’s exodus left the city a wasteland…with great evil brewing below the surface. When that evil is unleashed, the townspeople are forever…changed…and a small group of survivors must work together to uncover the truth behind Umbrella and make it through the night.",kayascodelario hannahjohn-kamen robbieamell tomhopper avanjogia,johannesroberts,biological weapon orphanage dystopia mutant infection zombie mansion police station based on video game reboot ghost town duringcreditsstinger lockdown 1990s secret experiment bitter disheartening
438695,Sing 2,2021-12-01,2021,en,"[10751, 35, 10402, 16]",7.6291,7.832,4726,"Buster and his new cast now have their sights set on debuting a new show at the Crystal Tower Theater in glamorous Redshore City. But with no connections, he and his singers must sneak into the Crystal Entertainment offices, run by the ruthless wolf mogul Jimmy Crystal, where the gang pitches the ridiculous idea of casting the lion rock legend Clay Calloway in their show. Buster must embark on a quest to find the now-isolated Clay and persuade him to return to the stage.",matthewmcconaughey reesewitherspoon scarlettjohansson taronegerton bobbycannavale,garthjennings,wolf stage villain sequel anthropomorphism singing thug animals villain arrested talking animal 3d animation suspenseful
425909,Ghostbusters: Afterlife,2021-11-18,2021,en,"[14, 35, 12]",6.9286,7.3,5082,"When single mom Callie and her two kids Trevor and Phoebe arrive in a small Oklahoma town, they begin to discover their connection to the original Ghostbusters and the secret legacy their grandfather left behind.",mckennagrace finnwolfhard carriecoon bokeemwoodbine paulrudd,jasonreitman,small town afterlife ghostbuster nostalgia sequel ghost nostalgic aftercreditsstinger duringcreditsstinger dead grandfather ancient evil otherworldly beings paranormal events ghostbusters excited
460465,Mortal Kombat,2021-04-07,2021,en,"[28, 14, 12]",7.5618,6.985,6240,"Washed-up MMA fighter Cole Young, unaware of his heritage, and hunted by Emperor Shang Tsung's best warrior, Sub-Zero, seeks out and trains with Earth's greatest champions as he prepares to stand against the enemies of Outworld in a high stakes battle for the universe.",lewistan jessicamcnamee mehcadbrooks joshlawson ludilin,simonmcquoid,saving the world magic ninja fighter gore god alternate dimension shaolin monk fighting based on video game martial arts tournament reboot hand to hand combat
581726,Infinite,2021-09-09,2021,en,"[878, 28, 12]",8.606,6.561,2092,"Evan McCauley has skills he never learned and memories of places he has never visited. Self-medicated and on the brink of a mental breakdown, a secret group that call themselves “Infinites” come to his rescue, revealing that his memories are real.",markwahlberg chiwetelejiofor sophiecookson jasonmantzoukas rupertfriend,antoinefuqua,based on novel or book secret organization reincarnation memories matter of fact straightforward
476669,The King's Man,2021-12-22,2021,en,"[28, 12, 53]",6.7592,6.717,4991,"As a collection of history's worst tyrants and criminal masterminds gather to plot a war to wipe out millions, one man must race against time to stop them.",ralphfiennes gemmaarterton rhysifans matthewgoode tomhollander,matthewvaughn,"london, england world war i spy based on comic prequel world domination duringcreditsstinger speculative vexed zealous 1910s unassuming sympathetic"
512195,Red Notice,2021-11-04,2021,en,"[28, 35, 80]",6.5887,6.739,6345,"An Interpol-issued Red Notice is a global alert to hunt and capture the world's most wanted. But when a daring heist brings together the FBI's top profiler and two rival criminals, there's no telling what will happen.",dwaynejohnson ryanreynolds galgadot rituarya chrisdiamantopoulos,rawsonmarshallthurber,fbi interpol cleopatra heist art thief
614917,King Richard,2021-11-18,2021,en,"[18, 36]",6.9968,7.604,2804,"The story of how Richard Williams served as a coach to his daughters Venus and Serena, who will soon become two of the most legendary tennis players in history.",willsmith aunjanueellis-taylor saniyyasidney demisingleton jonbernthal,reinaldomarcusgreen,sports tennis tennis player father based on true story wimbledon family tennis pro father daughter relationship coaching champions
631843,Old,2021-07-21,2021,en,"[53, 9648, 27]",6.3287,6.323,4814,A group of families on a tropical holiday discover that the secluded beach where they are staying is somehow causing them to age rapidly – reducing their entire lives into a single day.,gaelgarcíabernal vickykrieps rufussewell alexwolff thomasinmckenzie,m.nightshyamalan,beach husband wife relationship schizophrenia escape time warp rapper coral reef deception time aging loss of virginity trap murder corpse family vacation family based on graphic novel family holiday death existentialism sickness mortality time-manipulation radical transformation secluded beach human experiment brother sister relationship medical experiment experimental drug secret experiment body horror vacation gone wrong baffled frightened
503736,Army of the Dead,2021-05-14,2021,en,"[80, 28, 27]",5.6893,6.213,4345,"Following a zombie outbreak in Las Vegas, a group of mercenaries take the ultimate gamble: venturing into the quarantine zone to pull off the greatest heist ever attempted.",davebautista ellapurnell omarihardwick anadelareguera theorossi,zacksnyder,casino tiger vault mercenary safe heist zombie animals apocalypse zombie las vegas widower safecracker booby trap casino owner walled city zombie apocalypse father daughter conflict father daughter relationship casino heist absurd assertive
617653,The Last Duel,2021-10-13,2021,en,"[36, 18, 28]",5.4457,7.413,3789,"King Charles VI declares that Knight Jean de Carrouges settle his dispute with his squire, Jacques Le Gris, by challenging him to a duel.",mattdamon adamdriver jodiecomer benaffleck harrietwalter,ridleyscott,"based on novel or book castle male friendship normandy, france based on true story trial battlefield knight duel battle historical catholic sword duel rape and revenge historical drama trial by combat nobleman squire 14th century knighthood medieval france medieval times conceited"
645886,The Unforgivable,2021-11-24,2021,en,"[18, 80]",5.1836,7.408,2005,A woman is released from prison after serving a sentence for a violent crime and re-enters a society that refuses to forgive her past.,sandrabullock violadavis vincentd'onofrio jonbernthal richardthomas,norafingscheidt,redemption incredulous
361743,Top Gun: Maverick,2022-05-21,2022,en,"[28, 18]",30.0582,8.153,10695,"After more than thirty years of service as one of the Navy’s top aviators, and dodging the advancement in rank that would ground him, Pete “Maverick” Mitchell finds himself training a detachment of TOP GUN graduates for a specialized mission the likes of which no living pilot has ever seen.",tomcruise valkilmer milesteller jenniferconnelly bashirsalahuddin,josephkosinski,fighter pilot u.s. navy sequel nuclear weapons military aircraft carrier naval aviation war admiring audacious earnest
76600,Avatar: The Way of Water,2022-12-14,2022,en,"[28, 12, 878]",27.7099,7.595,13873,"Set more than a decade after the events of the first film, learn the story of the Sully family (Jake, Neytiri, and their kids), the trouble that follows them, the lengths they go to keep each other safe, the battles they fight to stay alive, and the tragedies they endure.",samworthington zoesaldaña sigourneyweaver stephenlang katewinslet,jamescameron,dying and death loss of loved one alien life-form resurrection dysfunctional family sequel alien planet distant future transhumanism adopted child rebirth family dynamics adopted son stronger villain war amused excited exhilarated
646385,Scream,2022-01-12,2022,en,"[27, 9648]",17.904,6.686,3789,"Twenty-five years after a streak of brutal murders shocked the quiet town of Woodsboro, a new killer has donned the Ghostface mask and begins targeting a group of teenagers to resurrect secrets from the town’s deadly past.",melissabarrera jennaortega masongooding jasminsavoybrown jackquaid,tylergillett,mask attempted murder hallucination murder teen movie serial killer hospital slasher whodunit killing spree hometown reboot crime spree illegitimate child murder mystery legacy fandom copycat killer generation z murder spree sister sister relationship retired cop return to hometown
414906,The Batman,2022-03-01,2022,en,"[80, 9648, 53]",19.6704,7.657,11724,"In his second year of fighting crime, Batman uncovers corruption in Gotham City that connects to his own family while facing a serial killer known as the Riddler.",robertpattinson zoëkravitz jeffreywright colinfarrell pauldano,mattreeves,police psychopath secret identity crime fighter superhero nightclub politician based on comic vigilante organized crime serial killer millionaire social injustice murder investigation aftercreditsstinger masked superhero political corruption neo-noir urban gothic vengeance mayoral election wistful suspenseful gloomy dc elseworlds
453395,Doctor Strange in the Multiverse of Madness,2022-05-04,2022,en,"[14, 28, 12]",15.5742,7.2,10162,"Doctor Strange, with the help of mystical allies both old and new, traverses the mind-bending and dangerous alternate realities of the Multiverse to confront a mysterious new adversary.",benedictcumberbatch xochitlgomez elizabetholsen chiwetelejiofor benedictwong,samraimi,magic superhero based on comic alternative reality aftercreditsstinger duringcreditsstinger marvel cinematic universe (mcu)
508947,Turning Red,2022-03-10,2022,en,"[16, 10751, 35, 14]",14.2473,7.317,5720,"Thirteen-year-old Mei is experiencing the awkwardness of being a teenager with a twist – when she gets too excited, she transforms into a giant red panda.",rosaliechiang sandraoh avamorse hyeinpark maitreyiramakrishnan,domeeshi,"friendship canada concert temple shapeshifting toronto, canada coming of age teenage girl female protagonist east asian lead animals domineering mother perfectionist aftercreditsstinger woman director ancestor boy band mother daughter relationship hilarious red panda"
438148,Minions: The Rise of Gru,2022-06-29,2022,en,"[10751, 35, 12, 16, 878, 14]",11.268,7.271,3971,"A fanboy of a supervillain supergroup known as the Vicious 6, Gru hatches a plan to become evil enough to join them, with the backup of his followers, the Minions.",stevecarell pierrecoffin alanarkin tarajip.henson julieandrews,kylebalda,1970s villain sequel spin off duringcreditsstinger supervillain
616037,Thor: Love and Thunder,2022-07-06,2022,en,"[14, 28, 35]",13.0431,6.375,8450,"After his retirement is interrupted by Gorr the God Butcher, a galactic killer who seeks the extinction of the gods, Thor Odinson enlists the help of King Valkyrie, Korg, and ex-girlfriend Jane Foster, who now wields Mjolnir as the Mighty Thor. Together they embark upon a harrowing cosmic adventure to uncover the mystery of the God Butcher’s vengeance and stop him before it’s too late.",chrishemsworth natalieportman christianbale tessathompson taikawaititi,taikawaititi,hero ex-girlfriend superhero greek mythology based on comic sequel shadow norse mythology aftercreditsstinger duringcreditsstinger marvel cinematic universe (mcu) norse god god of thunder colorless child abduction
545611,Everything Everywhere All at Once,2022-03-24,2022,en,"[28, 12, 878]",12.5116,7.721,7777,"An aging Chinese immigrant is swept up in an insane adventure, where she alone can save what's important to her by connecting with the lives she could have led in other universes.",michelleyeoh stephaniehsu kehuyquan jameshong jamieleecurtis,danielscheinert,mother martial arts kung fu nihilism philosophy generations conflict chinese woman surrealism laundromat chinese east asian lead divorce family lgbt hot dog asian woman chinese immigrant complex mother daughter relationship action comedy loving asian american inspirational intimate intergenerational trauma internal revenue service interdimensional travel absurd dramatic sentimental hilarious intense awestruck empathetic forceful powerful ridiculous
315162,Puss in Boots: The Last Wish,2022-12-07,2022,en,"[16, 12, 14, 35, 10751]",13.137,8.202,8691,"Puss in Boots discovers that his passion for adventure has taken its toll: He has burned through eight of his nine lives, leaving him with only one life left. Puss sets out on an epic journey to find the mythical Last Wish and restore his nine lives.",antoniobanderas salmahayekpinault harveyguillén wagnermoura florencepugh,joelcrawford,fairy tale sequel talking dog spin off aftercreditsstinger talking cat fear of death comforting
507086,Jurassic World Dominion,2022-06-01,2022,en,"[12, 28, 878]",11.9039,6.6,6952,"Four years after Isla Nublar was destroyed, dinosaurs now live—and hunt—alongside humans all over the world. This fragile balance will reshape the future and determine, once and for all, whether human beings are to remain the apex predators on a planet they now share with history's most fearsome creatures.",chrispratt brycedallashoward lauradern samneill jeffgoldblum,colintrevorrow,paleontology giant monster sequel survival dinosaur scientist child kidnapping animal sanctuary cautionary cliché complicated science goes awry therizinosaurus
718930,Bullet Train,2022-08-03,2022,en,"[28, 35, 53]",10.9797,7.414,7349,"Unlucky assassin Ladybug is determined to do his job peacefully after one too many gigs gone off the rails. Fate, however, may have other plans, as Ladybug's latest mission puts him on a collision course with lethal adversaries from around the globe—all with connected, yet conflicting, objectives—on the world's fastest train.",bradpitt joeyking aarontaylor-johnson briantyreehenry andrewkoji,davidleitch,mission japan assassin based on novel or book briefcase train luck runaway train deadly snake duringcreditsstinger train travel professional assassin interwoven stories high speed passenger train bullet train death by poisoning shinkansen hitmen traveling by train
766507,Prey,2022-08-02,2022,en,"[53, 28, 878]",10.3889,7.663,7584,"When danger threatens her camp, the fierce and highly skilled Comanche warrior Naru sets out to protect her people. But the prey she stalks turns out to be a highly evolved alien predator with a technically advanced arsenal.",ambermidthunder dakotabeavers michellethrush stormeekipp julianblackantelope,dantrachtenberg,hunter native american alien life-form alien prequel decapitation bear dog severed foot bear attack comanche human vs alien indigenous peoples severed arm dog hero grand great plains
505642,Black Panther: Wakanda Forever,2022-11-09,2022,en,"[28, 12, 878]",12.0806,7.009,7352,"Queen Ramonda, Shuri, M’Baku, Okoye and the Dora Milaje fight to protect their nation from intervening world powers in the wake of King T’Challa’s death.  As the Wakandans strive to embrace their next chapter, the heroes must band together with the help of War Dog Nakia and Everett Ross and forge a new path for the kingdom of Wakanda.",letitiawright tenochhuertamejía lupitanyong'o danaigurira winstonduke,ryancoogler,hero loss of loved one superhero royal family based on comic sequel royalty underwater political intrigue  death in family death of brother duringcreditsstinger death of king marvel cinematic universe (mcu) hidden civilization yucatan mayans
615777,Babylon,2022-12-22,2022,en,"[18, 35]",11.7819,7.362,3695,"A tale of outsized ambition and outrageous excess, tracing the rise and fall of multiple characters in an era of unbridled decadence and depravity during Hollywood's transition from silent films to sound films in the late 1920s.",diegocalva margotrobbie bradpitt jovanadepo jeansmart,damienchazelle,elephant gambling gambling debt movie business orgy cocaine champagne alcoholism hollywood alcoholic filmmaking movie star blackface silent film star cobra 1920s old hollywood fading star sex elefante palhaço cinema drogas cocaína suicídio jacaré anão veterinário
619979,Deep Water,2022-03-17,2022,en,"[18, 9648, 53]",11.8927,5.82,1607,A well-to-do husband who allows his wife to have affairs in order to avoid a divorce becomes a prime suspect in the disappearance of her lovers.,benaffleck anadearmas tracyletts lilrelhowery dashmihok,adrianlyne,infidelity jealousy based on novel or book marriage dysfunctional marriage murder cuckold jealous husband erotic thriller unfaithful wife cuckolded husband psychological snails
335787,Uncharted,2022-02-10,2022,en,"[28, 12]",9.5559,6.871,6676,"A young street-smart, Nathan Drake and his wisecracking partner Victor “Sully” Sullivan embark on a dangerous pursuit of “the greatest treasure never found” while also tracking clues that may lead to Nathan’s long-lost brother.",tomholland markwahlberg sophiaali tatigabrielle antoniobanderas,rubenfleischer,lighter treasure hunt treasure map based on video game lost treasure duringcreditsstinger missing relative
675353,Sonic the Hedgehog 2,2022-03-30,2022,en,"[28, 12, 10751, 35]",8.8071,7.436,5806,"After settling in Green Hills, Sonic is eager to prove he has what it takes to be a true hero. His test comes when Dr. Robotnik returns, this time with a new partner, Knuckles, in search for an emerald that has the power to destroy civilizations. Sonic teams up with his own sidekick, Tails, and together they embark on a globe-trotting journey to find the emerald before it falls into the wrong hands.",benschwartz jamesmarsden tikasumpter colleeno'shaughnessey idriselba,jefffowler,mad scientist sequel revenge based on video game duringcreditsstinger hedgehog live action and animation relaxed joyous cheerful
985939,Fall,2022-08-11,2022,en,[53],11.9911,7.109,4437,"For best friends Becky and Hunter, life is all about conquering fears and pushing limits. But after they climb 2,000 feet to the top of a remote, abandoned radio tower, they find themselves stranded with no way down. Now Becky and Hunter's expert climbing skills will be put to the ultimate test as they desperately fight to survive the elements, a lack of supplies, and vertigo-inducing heights.",gracecarolinecurrey virginiagardner jeffreydeanmorgan masongooding jaspercole,scottmann,hallucination stranded tower macabre questioning free climbing shocking vexed frantic nervous sport climbing grim adrenaline junkie dehydration anxious cautionary provocative dramatic suspenseful tense intense audacious bewildered distressing frustrated horrified ominous tragic survival thriller
724495,The Woman King,2022-09-16,2022,en,"[28, 18, 36, 10752]",10.5476,7.6,2330,"The story of the Agojie, the all-female unit of warriors who protected the African Kingdom of Dahomey in the 1800s with skills and a fierceness unlike anything the world has ever seen, and General Nanisca as she trains the next generation of recruits and readies them for battle against an enemy determined to destroy their way of life.",violadavis thusombedu lashanalynch sheilaatim johnboyega,ginaprince-bythewood,africa arranged marriage warrior woman based on true story slave trade duringcreditsstinger woman director military unit aggressive 19th century mother daughter reunion freed slave female warrior west africa weapons training factual reminiscent admiring celebratory commanding exhilarated
629542,The Bad Guys,2022-03-17,2022,en,"[10751, 35, 80, 16, 28]",9.0511,7.527,2497,"When the Bad Guys, a crew of criminal animals, are finally caught after years of heists and being the world’s most-wanted villains, Mr. Wolf brokers a deal to save them all from prison.",samrockwell marcmaron awkwafina craigrobinson anthonyramos,pierreperifel,based on novel or book snake wolf affectation spider villain heist anthropomorphism shark guinea pig piranha duringcreditsstinger zealous wonder understated sentimental cheerful cliché complicated empathetic enchant enthusiastic euphoric modest
760104,X,2022-03-17,2022,en,"[27, 53]",9.9178,6.72,3879,"In 1979, a group of young filmmakers set out to make an adult film in rural Texas, but when their reclusive, elderly hosts catch them in the act, the cast find themselves fighting for their lives.",miagoth jennaortega brittanysnow kidcudi martinhenderson,tiwest,van pornography sheriff war veteran gas station shotgun 1970s texas alligator porn star serial killer slasher violent death porn actress elderly couple farm house isolated farmhouse existentialism adult filmmaking televangelist intimate pastiche compassionate
338953,Fantastic Beasts: The Secrets of Dumbledore,2022-04-06,2022,en,"[14, 12]",9.2956,6.627,5032,"Professor Albus Dumbledore knows the powerful, dark wizard Gellert Grindelwald is moving to seize control of the wizarding world. Unable to stop him alone, he entrusts magizoologist Newt Scamander to lead an intrepid team of wizards and witches. They soon encounter an array of old and new beasts as they clash with Grindelwald's growing legion of followers.",eddieredmayne judelaw madsmikkelsen ezramiller danfogler,davidyates,"prison witch berlin, germany magic election campaign affectation curse bhutan lgbt fantasy world wizard magical creature 1930s based on young adult novel good versus evil amused powerful"
1045944,The Boss Baby: Christmas Bonus,2022-12-06,2022,en,"[16, 10751, 12]",6.7008,6.7,314,Christmas Eve takes a twisty turn when the Boss Baby accidentally swaps places with one of Santa's elves and gets stranded at the North Pole.,jpkarliak piercegagnon amaryllisaubel jodibenson alexcazares,mattengstrom,holiday santa claus christmas
698508,Redeeming Love,2022-01-21,2022,en,"[10749, 18, 37]",8.6977,7.83,724,"A young couple's relationship clashes with the harsh realities of the California Gold Rush of 1850. Angel, experiencing love for the first time and facing demons unsurmountable, runs from the new life she doesn't believe she deserves. When Michael sets out to find her, Angel discovers that she indeed has the power to choose the life she wants.",abigailcowen tomlewis ericdane famkejanssen loganmarshall-green,d.j.caruso,"pedophilia child abuse california rape based on novel or book prayer san francisco, california love at first sight brothel gold rush sterility arson skinny dipping period drama evangelical christianity incest self-doubt crucifix death of mother frontier town misogyny courtship lynch mob illegitimate child brothel madam old testament 19th century traumatic childhood self reflection runaway bride child prostitution child selling sexual predator misandry christian film child sexual abuse christian faith independent film gender violence biblical psychological manipulation gold dust 1850s psychological drama absurd appreciative cliché comforting compassionate disrespectful domestic drama father daughter sex brother in law sister in law relationship"
718789,Lightyear,2022-06-15,2022,en,"[16, 878, 10751, 12]",7.6704,6.88,3746,Legendary Space Ranger Buzz Lightyear embarks on an intergalactic adventure alongside a group of ambitious recruits and his robot companion Sox.,chrisevans kekepalmer petersohn taikawaititi dalesoules,angusmaclane,time warp villain time travel space travel alien life-form alien planet stranded spin off aftercreditsstinger duringcreditsstinger origin story 3d animation amused
593643,The Menu,2022-11-17,2022,en,"[35, 27, 53]",8.9589,7.169,6006,"A young couple travels to a remote island to eat at an exclusive restaurant where the chef has prepared a lavish menu, with some shocking surprises.",anyataylor-joy ralphfiennes nicholashoult janetmcteer pauladelstein,markmylod,psychopath obsession mass murder restaurant dark comedy revenge food mass suicide dinner chef food critic remote island french cuisine culinary arts fine dining haute cuisine pessimistic foodies murder-suicide exclusive
585511,Luck,2022-08-05,2022,en,"[16, 12, 35, 14]",9.2775,7.7,1914,"Suddenly finding herself in the never-before-seen Land of Luck, the unluckiest person in the world must unite with the magical creatures there to turn her luck around.",evanoblezada simonpegg janefonda whoopigoldberg colino'donoghue,peggyholmes,superstition bad luck leprechaun computer animation female protagonist calm
1022256,Selena Gomez: My Mind & Me,2022-11-04,2022,en,"[99, 10402]",8.1066,8.534,582,"After years in the limelight, Selena Gomez achieves unimaginable stardom. But just as she reaches a new peak, an unexpected turn pulls her into darkness. This uniquely raw and intimate documentary spans her six-year journey into a new light.",selenagomez raquellestevens ashleycook lianablackburn brentl.boxberger,alekkeshishian,music documentary admiring
661374,Glass Onion: A Knives Out Mystery,2022-11-23,2022,en,"[35, 80, 9648]",8.9494,7.036,6660,World-famous detective Benoit Blanc heads to Greece to peel back the layers of a mystery surrounding a tech billionaire and his eclectic crew of friends.,danielcraig edwardnorton janellemonáe kathrynhahn leslieodomjr.,rianjohnson,detective greece investigation mona lisa (la gioconda) dark comedy satire sequel murder billionaire whodunit puzzle box clue identical twin murder mystery arrested development closeted homosexual covid-19 offbeat witty complicated
536554,M3GAN,2022-12-28,2022,en,"[878, 27]",8.3494,7.028,4721,"A brilliant toy company roboticist uses artificial intelligence to develop M3GAN, a life-like doll programmed to emotionally bond with her newly orphaned niece. But when the doll's programming works too well, she becomes overprotective of her new friend with terrifying results.",allisonwilliams violetmcgraw amiedonald jennadavis ronnychieng,gerardjohnstone,android artificial intelligence (a.i.) killer robot aunt niece relationship evil doll slasher orphan car accident niece robot juvenile delinquent doll dead dog dog attack nosy neighbor hit by a car dead parents creepy doll possessed doll witty sinister audacious android horror
756999,The Black Phone,2022-06-16,2022,en,"[27, 53]",8.8515,7.531,5725,"Finney Blake, a shy but clever 13-year-old boy, is abducted by a sadistic killer and trapped in a soundproof basement where screaming is of little use. When a disconnected phone on the wall begins to ring, Finney discovers that he can hear the voices of the killer’s previous victims. And they are dead set on making sure that what happened to them doesn’t happen to Finney.",masonthames madeleinemcgraw ethanhawke jeremydavies e.rogermitchell,scottderrickson,mask small town child abuse dreams sibling relationship kidnapping sadistic 1970s supernatural cellar telephone colorado bullying basement serial killer slasher based on short story alcoholic father child kidnapping speculative angry supernatural horror sequestro telefone
882598,Smile,2022-09-23,2022,en,"[27, 9648]",8.1358,6.662,3966,"After witnessing a bizarre, traumatic incident involving a patient, Dr. Rose Cotter starts experiencing frightening occurrences that she can't explain.",sosiebacon kylegallner jessiet.usher robinweigert caitlinstasey,parkerfinn,suicide new jersey post-traumatic stress disorder (ptsd) therapist detective paranoia trauma curse hospital doctor mental illness evil self-harm demonic smile supernatural horror based on short film body horror psychological horror horror
1015606,Obi-Wan Kenobi: A Jedi's Return,2022-09-07,2022,en,[99],8.1194,6.8,1007,"This special explores the return of Obi-Wan Kenobi and Anakin Skywalker to the screen, as well as Ewan McGregor and Hayden Christensen to their classic roles. Director Deborah Chow leads the cast and crew as they create new heroes and villains that live alongside new incarnations of beloved Star Wars characters, and an epic story that dramatically bridges the saga films.",ewanmcgregor haydenchristensen deborahchow mosesingram vivienlyrablair,davidgelb,behind the scenes filmmaking making of
436270,Black Adam,2022-10-19,2022,en,"[28, 12, 878]",11.2689,6.815,6926,"Nearly 5,000 years after he was bestowed with the almighty powers of the Egyptian gods—and imprisoned just as quickly—Black Adam is freed from his earthly tomb, ready to unleash his unique form of justice on the modern world.",dwaynejohnson aldishodge noahcentineo sarahshahi quintessaswindell,jaumecollet-serra,lightning superhero anti hero based on comic demon superhero team duringcreditsstinger dc extended universe (dceu) egotistical
913290,Barbarian,2022-09-08,2022,en,"[27, 9648]",7.3389,6.844,3133,"In town for a job interview, a young woman arrives at her Airbnb late at night only to find that it has been mistakenly double-booked and a strange man is already staying there. Against her better judgement, she decides to stay the night anyway.",georginacampbell justinlong billskarsgård richardbrake matthewpatrickdavis,zachcregger,monster sexual abuse paranoia flashback basement serial killer duringcreditsstinger paranoid airbnb abduction metoo secret room ghoulish
725201,The Gray Man,2022-07-13,2022,en,"[28, 53]",6.789,6.9,4143,"When a shadowy CIA agent uncovers damning agency secrets, he's hunted across the globe by a sociopathic rogue operative who's put a bounty on his head.",ryangosling chrisevans anadearmas billybobthornton jessicahenwick,joerusso,central intelligence agency (cia) based on novel or book hitman kidnapping agent rogue agent hunted ex-cia agent
928270,Heatwave,2022-01-17,2022,en,"[53, 18]",6.6839,6.271,164,A woman's life takes an unexpected turn when she falls for her boss's wife. She must soon defend herself as she becomes entangled in a web of malice.,katgraham merrittpatterson sebastianroché cardiwong rogercross,erniebarbarash,businessman monogamy erotic movie novel
762975,Purple Hearts,2022-07-29,2022,en,"[10749, 18]",7.9259,8.049,2840,"An aspiring musician agrees to a marriage of convenience with a soon-to-deploy Marine, but a tragedy soon turns their fake relationship all too real.",sofiacarson nicholasgalitzine johnharlankim chosenjacobs anthonyippolito,elizabethallenrosenbaum,military life assertive
639933,The Northman,2022-04-07,2022,en,"[28, 12, 14]",8.8905,7.033,4946,"Prince Amleth is on the verge of becoming a man when his father is brutally murdered by his uncle, who kidnaps the boy's mother. Two decades later, Amleth is now a Viking who's on a mission to save his mother, kill his uncle and avenge his father.",alexanderskarsgård nicolekidman claesbang ethanhawke anyataylor-joy,roberteggers,"father murder sword prince gore vikings (norsemen) iceland death of father northern ireland sword fight revenge fate king brutality hamlet based on myths, legends or folklore shocking nordic 10th century wonder fantasy dramatic admiring amused commanding tragic"
1123287,Milli Vanilli,2023-06-10,2023,en,"[10402, 99]",51.3359,7.2,59,"The story of Robert Pilatus and Fabrice Morvan, who became fast friends during their youth in Germany. With Rob coming from a broken home and Fabrice having left an abusive household, they shared a similar upbringing, as well as a future goal: to become famous superstars. In a few short years, their dreams came true. Rob and Fab, better known as Milli Vanilli, became the world's most popular pop duo in 1990 and won the GRAMMY for Best New Artist. However, their ascension to success came with a devastating price that ultimately led to their infamous undoing.",fabmorvan robpilatus downtownjuliebrown timbaland dianewarren,lukekorem,pop music 80s style 80s throwback music documentary pop music duo music
502356,The Super Mario Bros. Movie,2023-04-05,2023,en,"[10751, 35, 12, 16, 14]",56.7218,7.587,10367,"While working underground to fix a water main, Brooklyn plumbers—and brothers—Mario and Luigi are transported down a mysterious pipe and wander into a magical new world. But when the brothers are separated, Mario embarks on an epic quest to find Luigi.",chrispratt anyataylor-joy charlieday jackblack keegan-michaelkey,aaronhorvath,gorilla plumber villain anthropomorphism magic mushroom based on video game toad aftercreditsstinger duringcreditsstinger damsel in distress piano brother brother relationship 3d animation evil king
872585,Oppenheimer,2023-07-19,2023,en,"[18, 36]",28.5011,8.033,11522,The story of J. Robert Oppenheimer's role in the development of the atomic bomb during World War II.,cillianmurphy emilyblunt mattdamon robertdowneyjr. florencepugh,christophernolan,husband wife relationship based on novel or book atomic bomb patriotism new mexico world war ii atomic bomb test physics biography based on true story antisemitism interrogation guilt historical event nuclear weapons communism red scare mccarthyism top secret project moral dilemma usa politics 1940s 20th century manhattan project los alamos
569094,Spider-Man: Across the Spider-Verse,2023-05-31,2023,en,"[16, 28, 12, 878]",24.7365,8.331,8377,"After reuniting with Gwen Stacy, Brooklyn’s full-time, friendly neighborhood Spider-Man is catapulted across the Multiverse, where he encounters the Spider Society, a team of Spider-People charged with protecting the Multiverse's very existence. But when the heroes clash on how to handle a new threat, Miles finds himself pitted against the other Spiders and must set out on his own to save those he loves most.",shameikmoore haileesteinfeld briantyreehenry lunalaurenvélez jakejohnson,justink.thompson,"new york city hero double life sacrifice secret identity superhero villain portal based on comic sequel romance alter ego alternate dimension parenting family alternate version super power brooklyn, new york city superhero team spider bite super villain cliffhanger masked superhero teenage romance young heroes teen superhero teen social issues chelsea alternate universe superhero teamup female superhero slow burn romance interdimensional travel ambiguous cliché enthusiastic excited vibrant black superhero"
346698,Barbie,2023-07-19,2023,en,"[35, 12]",22.5218,6.928,10899,"Barbie and Ken are having the time of their lives in the colorful and seemingly perfect world of Barbie Land. However, when they get a chance to go to the real world, they soon discover the joys and perils of living among humans.",margotrobbie ryangosling americaferrera arianagreenblatt issarae,gretagerwig,feminism satire patriarchy social satire based on toy female protagonist fish out of water womanhood doll reality vs fantasy fantasy world motherhood existentialism woman director misandry mother daughter relationship playful adventure comedy gender discrimination secret world amused hopeful joyful sympathetic
447365,Guardians of the Galaxy Vol. 3,2023-05-03,2023,en,"[878, 12, 28]",21.6334,7.923,8120,"Peter Quill, still reeling from the loss of Gamora, must rally his team around him to defend the universe along with protecting one of their own. A mission that, if not completed successfully, could quite possibly lead to the end of the Guardians as we know them.",chrispratt zoesaldaña davebautista karengillan pomklementieff,jamesgunn,hero superhero mad scientist based on comic sequel superhero team space opera raccoon aftercreditsstinger duringcreditsstinger marvel cinematic universe (mcu) cosmic outer space chosen family sentimental amused empathetic enthusiastic excited
385687,Fast X,2023-05-17,2023,en,"[28, 80, 53]",18.2978,7.001,6244,"Over many missions and against impossible odds, Dom Toretto and his family have outsmarted, out-nerved and outdriven every foe in their path. Now, they confront the most lethal opponent they've ever faced: A terrifying threat emerging from the shadows of the past who's fueled by blood revenge, and who is determined to shatter this family and destroy everything—and everyone—that Dom loves, forever.",vindiesel michellerodriguez tyresegibson ludacris johncena,louisleterrier,sequel revenge betrayal racing family cliffhanger cars bold ominous
934433,Scream VI,2023-03-08,2023,en,"[27, 53, 80]",17.7548,6.958,3103,"Following the latest Ghostface killings, the four survivors leave Woodsboro behind and start a fresh chapter.",melissabarrera jennaortega jasminsavoybrown masongooding jackchampion,mattbettinelli-olpin,mask new york city trauma halloween college dark comedy fake identity sequel conspiracy theory revenge public murder murder social commentary serial killer police corruption slasher whodunit multiple stabbings brutality killing spree self-referential crime spree aftercreditsstinger movie fan copycat killer generation z fbi agent ridiculous
1029575,The Family Plan,2023-12-14,2023,en,"[28, 35, 10751]",17.3738,7.228,1834,"Dan Morgan is many things: a devoted husband, a loving father, a celebrated car salesman. He's also a former assassin. And when his past catches up to his present, he's forced to take his unsuspecting family on a road trip unlike any other.",markwahlberg michellemonaghan maggieq zoecolletti vancrosby,simoncellanjones,"road trip on the run gamer car salesman las vegas duringcreditsstinger hidden identity family trip ex army family bonding buffalo, new york teenager secrets hopeful optimistic former assassin physical therapist covert assassin"
670292,The Creator,2023-09-27,2023,en,"[878, 28, 12]",13.4798,7.007,3730,"Amid a future war between the human race and the forces of artificial intelligence, a hardened ex-special forces agent grieving the disappearance of his wife, is recruited to hunt down and kill the Creator, the elusive architect of advanced AI who has developed a mysterious weapon with the power to end the war—and mankind itself.",johndavidwashington madeleineyunavoyles gemmachan allisonjanney kenwatanabe,garethedwards,artificial intelligence (a.i.) asia cyberpunk robot blunt space station kids ex special forces humanoid robot missing wife near future war against machines cliché dystopian sci-fi
603692,John Wick: Chapter 4,2023-03-21,2023,en,"[28, 53, 80]",14.141,7.708,7782,"With the price on his head ever increasing, John Wick uncovers a path to defeating The High Table. But before he can earn his freedom, Wick must face off against a new enemy with powerful alliances across the globe and forces that turn old friends into foes.",keanureeves donnieyen billskarsgård ianmcshane laurencefishburne,chadstahelski,"new york city martial arts berlin, germany paris, france hitman sequel organized crime osaka, japan blindness aftercreditsstinger hunted consequences professional assassin neo-noir japanese mafia japan style"
575264,Mission: Impossible - Dead Reckoning Part One,2023-07-08,2023,en,"[28, 53, 12]",12.4105,7.506,4991,"Ethan Hunt and his IMF team embark on their most dangerous mission yet: To track down a terrifying new weapon that threatens all of humanity before it falls into the wrong hands. With control of the future and the world's fate at stake and dark forces from Ethan's past closing in, a deadly race around the globe begins. Confronted by a mysterious, all-powerful enemy, Ethan must consider that nothing can matter more than his mission—not even the lives of those he cares about most.",tomcruise hayleyatwell vingrhames simonpegg rebeccaferguson,christophermcquarrie,"mask race against time mission rome, italy chase secret mission spy fake identity secret agent sequel intelligence agency secret government organization infiltration fictional government agency rogue agent government agency based on tv series suspenseful witty action"
335977,Indiana Jones and the Dial of Destiny,2023-06-25,2023,en,"[12, 28]",10.7147,6.514,4059,"Finding himself in a new era, and approaching retirement, Indy wrestles with fitting into a world that seems to have outgrown him. But as the tentacles of an all-too-familiar evil return in the form of an old rival, Indy must don his hat and pick up his whip once more to make sure an ancient and powerful artifact doesn't fall into the wrong hands.",harrisonford phoebewaller-bridge madsmikkelsen boydholbrook olivierrichters,jamesmangold,melancholy treasure hunt ancient rome sequel flashback knife fight archaeologist adventurer 1960s nazi germany action adventure bold excited
298618,The Flash,2023-06-13,2023,en,"[28, 878, 12]",12.8113,6.615,4902,"When his attempt to save his family inadvertently alters the future, Barry Allen becomes trapped in a reality in which General Zod has returned and there are no Super Heroes to turn to. In order to save the world that he is in and return to the future that he knows, Barry's only hope is to race for his life. But will making the ultimate sacrifice be enough to reset the universe?",ezramiller sashacalle michaelkeaton michaelshannon ronlivingston,andymuschietti,secret identity superhero time travel based on comic superhuman super power aftercreditsstinger time paradox butterfly effect dc extended universe (dceu) superhuman abilities loss of mother alternate universe admiring
976573,Elemental,2023-06-14,2023,en,"[10751, 14, 35, 10749, 16]",12.4964,7.578,5213,"In a city where fire, water, land and air residents live together, a fiery young woman and a go-with-the-flow guy will discover something elemental: how much they have in common.",leahlewis mamoudouathie ronniedelcarmen shilaommi wendimclendon-covey,petersohn,fire earth computer animation duringcreditsstinger elements water city lighthearted romantic whimsical hopeful
299054,Expend4bles,2023-09-15,2023,en,"[28, 12, 53]",10.0117,6.072,1835,"Armed with every weapon they can get their hands on and the skills to use them, The Expendables are the world’s last line of defense and the team that gets called when all other options are off the table. But new team members with new styles and tactics are going to give “new blood” a whole new meaning.",jasonstatham 50cent meganfox dolphlundgren tonyjaa,scottwaugh,sequel nuclear bomb cargo ship ring
940551,Migration,2023-12-06,2023,en,"[10751, 35, 12, 16]",10.5363,7.349,2203,"After a migrating duck family alights on their pond with thrilling tales of far-flung places, the Mallard family embarks on a family road trip, from New England, to New York City, to tropical Jamaica.",kumailnanjiani elizabethbanks casparjennings tresigazal awkwafina,benjaminrenner,duck villain migration flight anthropomorphism family animals chef overprotective father bird
1072790,Anyone But You,2023-12-21,2023,en,"[10749, 35]",9.9408,6.799,2985,"After an amazing first date, Bea and Ben’s fiery attraction turns ice cold — until they find themselves unexpectedly reunited at a destination wedding in Australia. So they do what any two mature adults would do: pretend to be a couple.",sydneysweeney glenpowell miaartemis natbuchanan gata,willgluck,australia hiking romcom based on play or musical law school aftercreditsstinger duringcreditsstinger fake dating destination wedding
640146,Ant-Man and the Wasp: Quantumania,2023-02-15,2023,en,"[28, 12, 878]",10.6108,6.235,5718,"Super-Hero partners Scott Lang and Hope van Dyne, along with with Hope's parents Janet van Dyne and Hank Pym, and Scott's daughter Cassie Lang, find themselves exploring the Quantum Realm, interacting with strange new creatures and embarking on an adventure that will push them beyond the limits of what they thought possible.",paulrudd evangelinelilly michaeldouglas michellepfeiffer jonathanmajors,peytonreed,hero superhero ant based on comic sequel alternate dimension family aftercreditsstinger duringcreditsstinger marvel cinematic universe (mcu) formiga
572802,Aquaman and the Lost Kingdom,2023-12-20,2023,en,"[28, 12, 14]",9.9774,6.534,3413,"Black Manta seeks revenge on Aquaman for his father's death. Wielding the Black Trident's power, he becomes a formidable foe. To defend Atlantis, Arthur (Aquaman) forges an alliance with his imprisoned brother. They must protect the kingdom.",jasonmomoa patrickwilson yahyaabdul-mateenii randallpark amberheard,jameswan,superhero secret society half-brother sequel revenge dysfunctional relationship dc extended universe (dceu) ancient evil underwater world vengeance brother brother relationship
447277,The Little Mermaid,2023-05-18,2023,en,"[12, 10751, 14, 10749]",9.5504,6.275,3273,"The youngest of King Triton’s daughters, and the most defiant, Ariel longs to find out more about the world beyond the sea, and while visiting the surface, falls for the dashing Prince Eric. With mermaids forbidden to interact with humans, Ariel makes a deal with the evil sea witch, Ursula, which gives her a chance to experience life on land, but ultimately places her life – and her father’s crown – in jeopardy.",hallebailey jonahhauer-king melissamccarthy javierbardem nomadumezweni,robmarshall,witch mermaid musical based on fairy tale live action remake
615656,Meg 2: The Trench,2023-08-02,2023,en,"[28, 878, 27]",8.2877,6.383,3896,An exploratory dive into the deepest depths of the ocean of a daring research team spirals into chaos when a malevolent mining operation threatens their mission and forces them into a high-stakes battle for survival.,jasonstatham wujing shuyasophiacai pagekennedy sergioperis-mencheta,benwheatley,based on novel or book deep sea sequel underwater shark kaiju civil action animal horror mariana trench environmental crisis shark cage megalodon
926393,The Equalizer 3,2023-08-30,2023,en,"[28, 53, 80]",9.1283,7.29,3625,"Robert McCall finds himself at home in Southern Italy but he discovers his friends are under the control of local crime bosses. As events turn deadly, McCall knows what he has to do: become his friends' protector by taking on the mafia.",denzelwashington dakotafanning eugeniomastrandrea daviddenman gaiascodellaro,antoinefuqua,italy investigation organized crime vigilante justice dramatic suspenseful italian mafia horrified mean spirited violent
667538,Transformers: Rise of the Beasts,2023-06-06,2023,en,"[878, 12, 28]",9.0574,7.179,5207,"When a new threat capable of destroying the entire planet emerges, Optimus Prime and the Autobots must team up with a powerful faction known as the Maximals. With the fate of humanity hanging in the balance, humans Noah and Elena will do whatever it takes to help the Transformers as they engage in the ultimate battle to save Earth.",anthonyramos dominiquefishback petercullen ronperlman peterdinklage,stevencaplejr.,peru alien end of the world based on toy giant robot robot duringcreditsstinger 1990s brother brother relationship admiring
787699,Wonka,2023-12-06,2023,en,"[35, 10751, 14]",10.7617,7.041,4314,"Willy Wonka – chock-full of ideas and determined to change the world one delectable bite at a time – is proof that the best things in life begin with a dream, and if you’re lucky enough to meet Willy Wonka, anything is possible.",timothéechalamet calahlane keegan-michaelkey hughgrant patersonjoseph,paulking,chocolate musical prequel duringcreditsstinger cartel joyous amused comforting
507089,Five Nights at Freddy's,2023-10-25,2023,en,"[27, 53]",9.4776,7.334,4925,"Recently fired and desperate for work, a troubled young man named Mike agrees to take a position as a night security guard at an abandoned theme restaurant: Freddy Fazbear's Pizzeria. But he soon discovers that nothing at Freddy's is what it seems.",joshhutcherson piperrubio elizabethlail matthewlillard marystuartmasterson,emmatammi,night shift child murder restaurant custody battle child in peril security guard based on video game evil child duringcreditsstinger troubled past child neglect haunted attractions animatronic abandoned building brother sister relationship supernatural horror child abduction horrified vibrant android horror suspense mystery youtubers
792307,Poor Things,2023-12-07,2023,en,"[878, 10749, 35]",10.6424,7.653,5376,"Brought back to life by an unorthodox scientist, a young woman runs off with a lawyer on a whirlwind adventure across the continents. Free from the prejudices of her times, she grows steadfast in her purpose to stand for equality and liberation.",emmastone markruffalo willemdafoe ramyyoussef christopherabbott,yorgoslanthimos,"ship london, england experiment paris, france based on novel or book obsession lisbon, portugal crooked lawyer love domestic abuse female protagonist doctor prostitution cruelty scientist masturbation disfigured face sexual awakening exploring sexuality sex worker female empowerment curious female sexuality brain transplant absurdism spousal abuse women's liberation alexandria egypt victorian era quest for identity frankenstein body horror amused melodramatic wry"
609681,The Marvels,2023-11-08,2023,en,"[878, 12, 28]",9.2622,5.942,3291,"When her duties send her to an anomalous wormhole linked to a Kree revolutionary, Carol's powers become entangled with that of Jersey City super-fan Kamala Khan, aka Ms. Marvel, and Carol's estranged niece, now S.A.B.E.R. astronaut Captain Monica Rambeau. Together, this unlikely trio must team up and learn to work in concert to save the universe.",brielarson teyonahparris imanvellani samuell.jackson zaweashton,niadacosta,hero superhero space travel based on comic sequel teenage girl aftercreditsstinger duringcreditsstinger marvel cinematic universe (mcu) woman director space adventure absurd foreboding
980489,Gran Turismo,2023-08-09,2023,en,"[12, 18]",8.3214,7.7,3313,The ultimate wish-fulfillment tale of a teenage Gran Turismo player whose gaming skills won him a series of Nissan competitions to become an actual professional racecar driver.,archiemadekwe davidharbour orlandobloom djimonhounsou darrenbarnet,neillblomkamp,sports based on true story racing based on video game duringcreditsstinger motorsport
466420,Killers of the Flower Moon,2023-10-18,2023,en,"[80, 36, 18]",9.9795,7.399,4039,"When oil is discovered in 1920s Oklahoma under Osage Nation land, the Osage people are murdered one by one—until the FBI steps in to unravel the mystery.",leonardodicaprio robertdeniro lilygladstone jesseplemons tantoocardinal,martinscorsese,husband wife relationship based on novel or book war veteran fbi greed oklahoma manipulation native american based on true story murder tribunal racism series of murders genocide period drama courtroom guilt true crime oil industry death of sister catholicism uncle nephew relationship catholic guilt 1920s candid grim colonization osage indian gullibility poisoning complex diabetes revisionist western cautionary meta grand factual western petróleo empathetic harsh genocide of indigenous peoples veneno ameríndio advogado
1181678,¿Quieres ser mi hijo?,2023-09-21,2023,en,"[35, 10749]",7.9646,8.546,305,"Lu, a conformist woman in her forties, learns that her 15-year partner has been having extramarital affairs. Starting from scratch, she gets involved in an unexpected relationship with a young womanizer.",ludwikapaleta juanpazurita hernánmendoza haroldazuara agustínarana,ihtzihurtado,
467244,The Zone of Interest,2023-12-15,2023,en,"[18, 36]",8.1919,7.011,2525,"The commandant of Auschwitz, Rudolf Höss, and his wife Hedwig, strive to build a dream life for their family in a house and garden next to the camp.",christianfriedel sandrahüller johannkarthaus luisnoahwitte neleahrensmeier,jonathanglazer,husband wife relationship based on novel or book nazi concentration camp holocaust (shoah) world war ii auschwitz-birkenau concentration camp garden biography based on true story nazi officer genocide 1940s commandant complicity nazismo
493529,Dungeons & Dragons: Honor Among Thieves,2023-03-23,2023,en,"[12, 14, 35]",8.0413,7.328,4462,"A charming thief and a band of unlikely adventurers undertake an epic heist to retrieve a lost relic, but things go dangerously awry when they run afoul of the wrong people.",chrispine michellerodriguez justicesmith sophialillis hughgrant,johnfrancisdaley,platonic love gang of thieves friends dragon role playing game female villain heist gone wrong wizard duringcreditsstinger illusionist father daughter relationship wizardry dungeon crawling
700391,65,2023-03-02,2023,en,"[28, 12, 878]",8.9368,5.95,2797,"65 million years ago, the only 2 survivors of a spaceship from Somaris that crash-landed on Earth, must fend off dinosaurs to reach the escape vessel in time before an imminent asteroid strike threatens to destroy the planet.",adamdriver arianagreenblatt chloecoleman nikaking briandare,scottbeck,monster asteroid cave giant monster prehistory dinosaur quicksand crash landing alien race sick child shipwrecked man vs nature father daughter relationship alien spaceship
695721,The Hunger Games: The Ballad of Songbirds & Snakes,2023-11-15,2023,en,"[878, 28, 18]",7.5593,6.984,3424,"64 years before he becomes the tyrannical president of Panem, Coriolanus Snow sees a chance for a change in fortunes when he mentors Lucy Gray Baird, the female tribute from District 12.",tomblyth rachelzegler peterdinklage jasonschwartzman hunterschafer,francislawrence,daughter based on novel or book arena fight mentor dystopia riot exploration president prequel survival murder snow creature battle fight to the death young adult origin story based on young adult novel death game teenager
868759,Ghosted,2023-04-18,2023,en,"[28, 35, 10749]",8.1561,6.887,2141,"Salt-of-the-earth Cole falls head over heels for enigmatic Sadie—but then makes the shocking discovery that she's a secret agent. Before they can decide on a second date, Cole and Sadie are swept away on an international adventure to save the world.",chrisevans anadearmas adrienbrody mikemoh amysedaris,dexterfletcher,central intelligence agency (cia) secret mission secret agent female spy enigmatic farmer's market save the world
882569,Guy Ritchie's The Covenant,2023-04-19,2023,en,"[10752, 28, 53]",9.6008,7.719,3090,"During the war in Afghanistan, a local interpreter risks his own life to carry an injured sergeant across miles of grueling terrain.",jakegyllenhaal darsalim seansagar jasonwong rhysyates,guyritchie,rescue ambush interpreter afghanistan afghanistan war (2001-2021) war exhilarated
930094,"Red, White & Royal Blue",2023-07-27,2023,en,"[35, 10749]",7.593,7.934,1520,"After an altercation between Alex, the president's son, and Britain's Prince Henry at a royal event becomes tabloid fodder, their long-running feud now threatens to drive a wedge in U.S./British relations. When the rivals are forced into a staged truce, their icy relationship begins to thaw and the friction between them sparks something deeper than they ever expected.",taylorzakharperez nicholasgalitzine umathurman cliftoncollinsjr. rachelhilson,matthewlópez,based on novel or book politics prince royal family royalty lgbt gay theme gay relationship enemies to lovers boys' love (bl) appreciative
951491,Saw X,2023-09-27,2023,en,"[27, 9648]",7.9212,7.176,2314,"Between the events of 'Saw' and 'Saw II', a sick and desperate John Kramer travels to Mexico for a risky and experimental medical procedure in hopes of a miracle cure for his cancer, only to discover the entire operation is a scam to defraud the most vulnerable. Armed with a newfound purpose, the infamous serial killer returns to his work, turning the tables on the con artists in his signature visceral way through devious, deranged, and ingenious traps.",tobinbell shawneesmith synnøvemacodylund stevenbrand renatavaca,kevingreutert,"mexico mexico city, mexico sadism riddle gore sequel con artist cancer scam serial killer torture drugs survival horror duringcreditsstinger jigsaw saw death game"
713704,Evil Dead Rise,2023-04-12,2023,en,"[27, 53]",8.247,6.914,3570,"A reunion between two estranged sisters gets cut short by the rise of flesh-possessing demons, thrusting them into a primal battle for survival as they face the most nightmarish version of family imaginable.",lilysullivan alyssasutherland morgandavies gabrielleechols nellfisher,leecronin,"sibling relationship pregnancy earthquake gore sequel los angeles, california demon evil necronomicon reboot demonic possession motherhood sisterhood sister sister relationship mischievous body horror apartment lovecraftian furious tense intense harsh"
1381216,Lake Jesup: Bonecrusher's Revenge,2024-05-01,2024,en,"[27, 35, 12]",126.707,6.346,26,"In 2003, Lake Jesup became the stage for a real-life horror story, as a monstrous alligator escaped from captivity and began a reign of terror. As the body count rose, a desperate hunt ensued to stop the creature.",derekrusso jeffbenninghofen michaelhoustonking essexo'brien sarahvoigt,michaelhoustonking,alligator alligator hunter lake monster
1058710,Bloodline Killer,2024-04-26,2024,en,"[27, 53]",51.3218,5.735,49,Moira Cole endeavors to rebuild her shattered life after her family's murder at the hands of her deranged and obsessed cousin.,brucedern tyresegibson shawneesmith tarynmanning drewmoerlein,antenovakovic,
1646142,Terrestrial,2024-10-13,2024,en,[27],46.9911,6.5,2,,dane-randallbacon deenabacon randallj.bacon raydenbacon derekbega,alexfarnham,
693134,Dune: Part Two,2024-02-27,2024,en,"[878, 12]",31.1059,8.129,7696,"Follow the mythic journey of Paul Atreides as he unites with Chani and the Fremen while on a path of revenge against the conspirators who destroyed his family. Facing a choice between the love of his life and the fate of the known universe, Paul endeavors to prevent a terrible future only he can foresee.",timothéechalamet zendaya rebeccaferguson javierbardem joshbrolin,denisvilleneuve,based on novel or book sandstorm chosen one romance tragedy distant future tragic hero creature planet desert destiny giant worm space opera sand dune allegorical messiah fall from grace vengeance religious allegory giant creature power ambiguous antagonistic exuberant melodramatic areia dune
533535,Deadpool & Wolverine,2024-07-24,2024,en,"[28, 35, 878]",26.7082,7.556,8398,"A listless Wade Wilson toils away in civilian life with his days as the morally flexible mercenary, Deadpool, behind him. But when his homeworld faces an existential threat, Wade must reluctantly suit-up again with an even more reluctant Wolverine.",ryanreynolds hughjackman emmacorrin matthewmacfadyen dafnekeen,shawnlevy,hero superhero anti hero mutant breaking the fourth wall aftercreditsstinger duringcreditsstinger marvel cinematic universe (mcu) mutants superhero teamup
519182,Despicable Me 4,2024-06-20,2024,en,"[10751, 35, 16, 878, 28]",23.4444,6.986,3123,"Gru and Lucy and their girls—Margo, Edith and Agnes—welcome a new member to the Gru family, Gru Jr., who is intent on tormenting his dad. Gru also faces a new nemesis in Maxime Le Mal and his femme fatale girlfriend Valentina, forcing the family to go on the run.",stevecarell kristenwiig willferrell sofíavergara mirandacosgrove,chrisrenaud,superhero villain sequel super villain aftercreditsstinger duringcreditsstinger kids calm
1022789,Inside Out 2,2024-06-11,2024,en,"[16, 12, 35, 10751]",23.1721,7.547,6542,"Teenager Riley's mind headquarters is undergoing a sudden demolition to make room for something entirely unexpected: new Emotions! Joy, Sadness, Anger, Fear and Disgust, who’ve long been running a successful operation by all accounts, aren’t sure how to feel when Anxiety shows up. And it looks like she’s not alone.",amypoehler mayahawke kensingtontallman lizalapira tonyhale,kelseymann,sadness disgust sequel computer animation teenage girl fear anger envy aftercreditsstinger duringcreditsstinger emotions embarrasment joy anxiety witty assertive cheerful
1241982,Moana 2,2024-11-21,2024,en,"[16, 12, 10751, 35, 14]",22.1229,6.997,2992,"After receiving an unexpected call from her wayfinding ancestors, Moana journeys alongside Maui and a new crew to the far seas of Oceania and into dangerous, long-lost waters for an adventure unlike anything she's ever faced.",auliʻicravalho dwaynejohnson hualālaichung rosematafeo davidfane,davidg.derrickjr.,sea ocean villain musical sequel coming of age explorer duringcreditsstinger polynesia seafarer hopeful female explorer
939243,Sonic the Hedgehog 3,2024-12-19,2024,en,"[28, 878, 35, 10751]",19.0214,7.618,3190,"Sonic, Knuckles, and Tails reunite against a powerful new adversary, Shadow, a mysterious villain with powers unlike anything they have faced before. With their abilities outmatched in every way, Team Sonic must seek out an unlikely alliance in hopes of stopping Shadow and protecting the planet.",jimcarrey benschwartz keanureeves idriselba colleeno'shaughnessey,jefffowler,moon sequel based on video game psychotic dual role aftercreditsstinger duringcreditsstinger hedgehog live action and animation complex grandfather grandson relationship animal human friendship anthropomorphic animal
1184918,The Wild Robot,2024-09-12,2024,en,"[16, 878, 10751, 12, 18]",19.3807,8.308,5826,"After a shipwreck, an intelligent robot called Roz is stranded on an uninhabited island. To survive the harsh environment, Roz bonds with the island's animals and cares for an orphaned baby goose.",lupitanyong'o pedropascal kitconnor billnighy stephaniehsu,chrissanders,villain robot based on children's book female villain aftercreditsstinger duringcreditsstinger kids adopted son grand understated intense audacious awestruck cheerful comforting
402431,Wicked,2024-10-16,2024,en,"[18, 10749, 14]",20.0701,6.906,2934,"In the land of Oz, ostracized and misunderstood green-skinned Elphaba is forced to share a room with the popular aristocrat Glinda at Shiz University, and the two's unlikely friendship is tested as they begin to fulfill their respective destinies as Glinda the Good and the Wicked Witch of the West.",cynthiaerivo arianagrande michelleyeoh jonathanbailey ethanslater,jonm.chu,witch dancing based on novel or book college wish musical female friendship bullying based on play or musical celebrity prequel singer singing corrupt politician death in childbirth fantasy world wizard gravity discrimination ostracism woman in wheelchair musical comedy sister sister relationship belonging cautionary fantasy absurd romantic fantasy whimsical mean spirited
912649,Venom: The Last Dance,2024-10-22,2024,en,"[28, 878, 12]",18.6447,6.663,4074,"Eddie and Venom are on the run. Hunted by both of their worlds and with the net closing in, the duo are forced into a devastating decision that will bring the curtains down on Venom and Eddie's last dance.",tomhardy chiwetelejiofor junotemple rhysifans stephengraham,kellymarcel,hero superhero anti hero villain alien life-form based on comic sequel aftercreditsstinger woman director
933260,The Substance,2024-09-07,2024,en,"[27, 878, 53]",17.0933,7.135,5801,"A fading celebrity decides to use a black market drug, a cell-replicating substance that temporarily creates a younger, better version of herself.",demimoore margaretqualley dennisquaid edwardhamilton-clark goreabrams,coraliefargeat,"new year's eve capitalism birthday black market identity beauty satire aging celebrity female protagonist los angeles, california has been aerobics disfigurement woman in jeopardy woman director substance grim beauty standards insecure woman self image drug body horror female rage youth actress ambiguous farcical sardonic réveillon"
974576,Conclave,2024-10-25,2024,en,"[18, 53]",15.7488,7.194,3272,"After the unexpected death of the Pope, Cardinal Lawrence is tasked with managing the covert and ancient ritual of electing a new one. Sequestered in the Vatican with the Catholic Church’s most powerful leaders until the process is complete, Lawrence finds himself at the center of a conspiracy that could lead to its downfall.",ralphfiennes stanleytucci johnlithgow isabellarossellini lucianmsamati,edwardberger,vatican (holy see) pope religion election roman catholic church catholicism cardinal philosophical papal conclave introspective provocative conspiracy thriller critical catholic monarchs intense comforting
1011985,Kung Fu Panda 4,2024-03-02,2024,en,"[16, 10751, 28, 35, 12, 14]",15.746,6.999,3427,"Po is gearing up to become the spiritual leader of his Valley of Peace, but also needs someone to take his place as Dragon Warrior. As such, he will train a new kung fu practitioner for the spot and will encounter a villain called the Chameleon who conjures villains from the past.",jackblack awkwafina violadavis dustinhoffman bryancranston,mikemitchell,martial arts kung fu china villain sequel panda anthropomorphism chameleon female villain pathetic depressing cliché joyful pretentious
762509,Mufasa: The Lion King,2024-12-18,2024,en,"[12, 10751, 16]",15.6389,7.309,2572,"Mufasa, a cub lost and alone, meets a sympathetic lion named Taka, the heir to a royal bloodline. The chance meeting sets in motion an expansive journey of a group of misfits searching for their destiny.",aaronpierre kelvinharrisonjr. tiffanyboone kagisolediga prestonnyman,barryjenkins,friendship paradise lion musical prequel jungle told in flashback betrayal by friend chance meeting live action remake found family lost
573435,Bad Boys: Ride or Die,2024-06-05,2024,en,"[28, 35, 80]",15.6317,7.336,3254,"After their late former Captain is framed, Lowrey and Burnett try to clear his name, only to end up on the run themselves.",willsmith martinlawrence vanessahudgens alexanderludwig paolanuñez,adilelarbi,"miami, florida sequel on the run police detective buddy cop buddy comedy aftercreditsstinger serious"
359410,Road House,2024-03-08,2024,en,"[28, 53, 18]",15.563,6.923,2906,"Ex-UFC fighter Dalton takes a job as a bouncer at a Florida Keys roadhouse, only to discover that this paradise is not all it seems.",jakegyllenhaal conormcgregor billymagnussen travisvanwinkle darrenbarnet,dougliman,florida keys mixed martial arts (mma) remake bouncer fighting duringcreditsstinger ufc
823464,Godzilla x Kong: The New Empire,2024-03-27,2024,en,"[28, 12, 878]",15.0885,7.046,4564,"Following their explosive showdown, Godzilla and Kong must reunite against a colossal undiscovered threat hidden within our world, challenging their very existence – and our own.",rebeccahall briantyreehenry danstevens kayleehottle alexferns,adamwingard,giant monster sequel dinosaur monkey kaiju fantasy world giant ape godzilla king kong amused bold cliché
1064213,Anora,2024-10-14,2024,en,"[18, 35, 10749]",13.9575,7.062,3034,"A young sex worker from Brooklyn gets her chance at a Cinderella story when she meets and impulsively marries the son of an oligarch. Once the news reaches Russia, her fairytale is threatened as his parents set out to get the marriage annulled.",mikeymadison markeydelshteyn yuraborisov karrenkaragulian vachetovmasyan,seanbaker,"new year's eve new york city marriage boardwalk baptism strip club coney island female protagonist mansion class differences las vegas lap dance home invasion drunk brooklyn, new york city screwball comedy new york subway hedonism psychotic immaturity city hall exotic dancer sex worker naive children female stripping meddling parents annulment strip show russian oligarch sex party female rage vegas wedding romantic dramedy sentimental cinderella story brighton beach réveillon best picture winner"
945961,Alien: Romulus,2024-08-13,2024,en,"[27, 878]",13.0841,7.168,4388,"While scavenging the deep ends of a derelict space station, a group of young space colonizers come face to face with the most terrifying life form in the universe.",caileespaeny davidjonsson archierenaux isabelamerced spikefearn,fedeálvarez,alien life-form alien space spin off alien contact alien monster alien encounter space capsule desperate cryonics alien hostility spaceship sci-fi horror derisive
558449,Gladiator II,2024-11-13,2024,en,"[28, 12, 18]",12.4955,6.623,4276,"Years after witnessing the death of the revered hero Maximus at the hands of his uncle, Lucius is forced to enter the Colosseum after his home is conquered by the tyrannical Emperors who now lead Rome with an iron fist. With rage in his heart and the future of the Empire at stake, Lucius must look to his past to find strength and honor to return the glory of Rome to its people.",paulmescal denzelwashington pedropascal connienielsen josephquinn,ridleyscott,gladiator roman empire ancient rome sequel 3rd century evil tyrant sword and sandal sword fighting second part
866398,The Beekeeper,2024-01-08,2024,en,"[28, 80, 53]",12.8154,7.247,4086,One man's campaign for vengeance takes on national stakes after he is revealed to be a former operative of a powerful and clandestine organization known as Beekeepers.,jasonstatham emmyraver-lampman joshhutcherson jeremyirons bobbynaderi,davidayer,massachusetts secret government organization frantic vengeance fbi agent beekeepers scammer scam call center retired assassin vibrant
786892,Furiosa: A Mad Max Saga,2024-05-22,2024,en,"[28, 878, 12]",13.9802,7.453,4733,"As the world falls, young Furiosa is snatched from the Green Place of Many Mothers into the hands of a great biker horde led by the warlord Dementus. Sweeping through the wasteland, they encounter the citadel presided over by Immortan Joe. The two tyrants wage war for dominance, and Furiosa must survive many trials as she puts together the means to find her way home.",anyataylor-joy chrishemsworth tomburke alylabrowne georgeshevtsov,georgemiller,chase post-apocalyptic future warlord prequel wasteland spin off struggle for survival desert tyrant tyranny masculinity grim revenge murderer mother daughter relationship anxious child abduction car bold brisk
539972,Kraven the Hunter,2024-12-11,2024,en,"[28, 12, 53]",11.2171,6.429,2264,"Kraven Kravinoff's complex relationship with his ruthless gangster father, Nikolai, starts him down a path of vengeance with brutal consequences, motivating him to become not only the greatest hunter in the world, but also one of its most feared.",aarontaylor-johnson arianadebose fredhechinger alessandronivola christopherabbott,j.c.chandor,hunter superhero villain based on comic supervillain antihero intense admiring ominous
746036,The Fall Guy,2024-04-24,2024,en,"[28, 35, 10749]",11.2294,6.953,3600,"Fresh off an almost career-ending accident, stuntman Colt Seavers has to track down a missing movie star, solve a conspiracy and try to win back the love of his life while still doing his day job.",ryangosling emilyblunt aarontaylor-johnson hannahwaddingham teresapalmer,davidleitch,movie business stuntman missing person duringcreditsstinger thoughtful action comedy based on tv series pathetic grand apologetic cliché exhilarated ridiculous
1064028,Subservience,2024-08-15,2024,en,"[878, 27, 53]",11.947,6.6,958,"With his wife out sick, a struggling father brings home a lifelike AI, only to have his self-aware new help want everything her new family has to offer... Like the affection of her owner and she'll kill to get it.",meganfox michelemorrone madelinezima matildafirth andrewwhipp,skdale,artificial intelligence (a.i.) robot suspenseful tense intense android horror
917496,Beetlejuice Beetlejuice,2024-09-04,2024,en,"[35, 14, 27]",10.7288,6.9,3029,"After a family tragedy, three generations of the Deetz family return home to Winter River. Still haunted by Betelgeuse, Lydia's life is turned upside down when her teenage daughter, Astrid, accidentally opens the portal to the Afterlife.",michaelkeaton winonaryder catherineo'hara jennaortega justintheroux,timburton,afterlife haunted house sequel paranormal teenage girl gothic death new england ghost unexpected death mother daughter relationship fantasy ghoulish suburban gothic
1111873,Abigail,2024-04-16,2024,en,"[27, 53]",10.5565,6.674,1985,"A group of criminals kidnap a teenage ballet dancer, the daughter of a notorious gang leader, in order to obtain a ransom of $50 million, but over time, they discover that she is not just an ordinary girl. After the kidnappers begin to diminish, one by one, they discover, to their increasing horror, that they are locked inside with no normal little girl.",melissabarrera danstevens alishaweir williamcatlett kathrynnewton,mattbettinelli-olpin,ransom vampire kidnapping halloween dark comedy child vampire gothic horror exploding body ballerina unassuming reverse trap dracula evil kid
1097549,Babygirl,2024-12-25,2024,en,"[10749, 53]",10.251,5.689,1151,A high-powered CEO puts her career and family on the line when she begins a torrid affair with her much younger intern.,nicolekidman harrisdickinson antoniobanderas esther-rosemcgregor sophiewilde,halinareijn,infidelity new york city husband wife relationship sexual frustration sexuality eroticism seduction workplace female protagonist married woman ceo intern woman director submission taboo sex masculinity female sexuality innuendo erotic thriller workplace romance unfaithful wife sex young man seduces old lady age-gap relationship kink power dynamics employee boss relationship
845781,Red One,2024-10-31,2024,en,"[28, 35, 14]",9.9589,7.0,2978,"After Santa Claus (codename: Red One) is kidnapped, the North Pole's Head of Security must team up with the world's most infamous tracker in a globe-trotting, action-packed mission to save Christmas.",dwaynejohnson chrisevans lucyliu j.k.simmons bonniehunt,jakekasdan,rescue bounty hunter holiday kidnapping santa claus rescue mission polar bear rescue team christmas action comedy christmas eve absurd defence team
653346,Kingdom of the Planet of the Apes,2024-05-08,2024,en,"[878, 12, 28]",10.103,7.058,4162,"Several generations following Caesar's reign, apes – now the dominant species – live harmoniously while humans have been reduced to living in the shadows. As a new tyrannical ape leader builds his empire, one young ape undertakes a harrowing journey that will cause him to question all he's known about the past and to make choices that will define a future for apes and humans alike.",owenteague freyaallan kevindurand petermacon williamh.macy,wesball,empire kingdom gorilla dystopia post-apocalyptic future eagle sequel anthropomorphism distant future ape orangutan biting evolution chimpanzee primate sign languages journey cgi-live action hybrid evil tyrant antagonistic brisk earnest forceful
1032823,Trap,2024-07-31,2024,en,"[80, 27, 53]",10.3404,6.238,2733,"A father and teen daughter attend a pop concert, where they realize they're at the center of a dark and sinister event.",joshhartnett arieldonoghue salekanightshyamalan alisonpill hayleymills,m.nightshyamalan,"concert philadelphia, pennsylvania double life escape s.w.a.t. pop star father limousine celebrity trap serial killer obsessive compulsive disorder (ocd) trapped mental illness sting operation mayhem father daughter relationship plot twist celebridade"
889737,Joker: Folie à Deux,2024-10-01,2024,en,"[18, 80, 53]",9.9011,5.4,2839,"While struggling with his dual identity, Arthur Fleck not only stumbles upon true love, but also finds the music that's always been inside him.",joaquinphoenix ladygaga brendangleeson catherinekeener zaziebeetz,toddphillips,asylum villain musical insane asylum based on comic sequel courtroom mental illness madness super villain supervillain 1980s prisoner abuse dark romance jukebox musical dc elseworlds
929590,Civil War,2024-04-10,2024,en,"[10752, 28, 18]",10.3846,6.853,4196,"In the near future, a group of war journalists attempt to survive while reporting the truth as the United States stands on the brink of civil war.",kirstendunst wagnermoura caileespaeny stephenmckinleyhenderson nelsonlee,alexgarland,"sniper new york city race against time washington dc, usa the white house civil war post-traumatic stress disorder (ptsd) war crimes photographer militia journalism dystopia war photographer road trip president female protagonist soldier fictional war photojournalism xenophobia secession assassination of president secessionists suicide bombing usa politics war trauma mass grave war journalism charlottesville near future violence distressing pretentious"
762441,A Quiet Place: Day One,2024-06-26,2024,en,"[27, 878, 53]",9.978,6.657,3242,"As New York City is invaded by alien creatures who hunt by sound, a woman named Sam fights to survive with her cat.",lupitanyong'o josephquinn alexwolff djimonhounsou elianeumuhire,michaelsarnoski,monster escape cat alien prequel survival survivalist fear spin off noise silence quiet hopeful
1364069,A School Grows in Watts,2024-10-13,2024,en,[99],9.6081,0.0,0,"In one of the most notoriously underserved cities in the country, an innovative charter school works toward a reimagined future with a community-based approach to education. Weaving together the personal narratives of educators, students and families, ""A School Grows in Watts"" paints a lyrical, immersive portrait of a vibrant yet misunderstood community.",,ryans.porush,
605722,Long Distance,2024-07-12,2024,en,"[878, 35, 28]",8.5774,6.4,237,"After crash-landing on an alien planet, an asteroid miner must contend with the challenges of his new surroundings, while making his way across the harsh terrain to the only other survivor – a woman who is trapped in her escape pod.",anthonyramos naomiscott kristoferhivju zacharyquinto izzyjones,joshgordon,galaxy alien space planet spaceship survivor asteriod
843527,The Idea of You,2024-05-02,2024,en,"[10749, 18, 35]",9.5571,7.315,1885,"40-year-old single mom Solène begins an unexpected romance with 24-year-old Hayes Campbell, the lead singer of August Moon, the hottest boy band on the planet. As they begin a whirlwind romance, it isn't long before Hayes' superstar status poses unavoidable challenges to their relationship, and Solène soon discovers that life in the glare of his spotlight might be more than she bargained for.",annehathaway nicholasgalitzine ellarubin anniemumolo reidscott,michaelshowalter,based on novel or book age difference singer forty something single mother older woman younger man relationship boy band cougar relationship
426063,Nosferatu,2024-12-25,2024,en,"[27, 14]",9.9428,6.71,3529,"A gothic tale of obsession between a haunted young woman and the terrifying vampire infatuated with her, causing untold horror in its wake.",lily-rosedepp nicholashoult billskarsgård aarontaylor-johnson willemdafoe,roberteggers,cold based on novel or book vampire necrophilia eroticism possession würzburg remake gothic horror desire somnambulism plague 19th century dread drinking blood supernatural horror period piece 1830s nightmares incredulous cliché farcical
83533,Avatar: Fire and Ash,2025-12-17,2025,en,"[878, 12, 14]",304.572,7.26,1944,"In the wake of the devastating war against the RDA and the loss of their eldest son, Jake Sully and Neytiri face a new threat on Pandora: the Ash People, a violent and power-hungry Na'vi tribe led by the ruthless Varang. Jake's family must fight for their survival and the future of Pandora in a conflict that pushes them to their emotional and physical limits.",samworthington zoesaldaña sigourneyweaver stephenlang oonachaplin,jamescameron,witch clone space war tribe sequel alien transhumanism family space adventure family dynamics rival
1084242,Zootopia 2,2025-11-26,2025,en,"[16, 35, 12, 10751, 9648]",133.4549,7.608,2350,"After cracking the biggest case in Zootopia's history, rookie cops Judy Hopps and Nick Wilde find themselves on the twisting trail of a great mystery when Gary De'Snake arrives and turns the animal metropolis upside down. To crack the case, Judy and Nick must go undercover to unexpected new parts of town, where their growing partnership is tested like never before.",ginnifergoodwin jasonbateman kehuyquan fortunefeimster andysamberg,jaredbush,snake bunny fox cop sequel anthropomorphism animals displacement buddy cop buddy comedy complex playful talking animal 3d animation embarrassed excited
1368166,The Housemaid,2025-12-18,2025,en,"[9648, 53]",94.2166,7.212,1626,"Trying to escape her past, Millie Calloway accepts a job as a live-in housemaid for the wealthy Nina and Andrew Winchester. But what begins as a dream job quickly unravels into something far more dangerous—a sexy, seductive game of secrets, scandal, and power.",sydneysweeney amandaseyfried brandonsklenar michelemorrone elizabethperkins,paulfeig,based on novel or book psychological thriller housekeeper attic housemaid adaptation dramatic mystery suspense thriller amused
755898,War of the Worlds,2025-07-29,2025,en,"[878, 53]",85.9051,4.162,937,"Will Radford is a top analyst for Homeland Security who tracks potential threats through a mass surveillance program, until one day an attack by an unknown entity leads him to question whether the government is hiding something from him... and from the rest of the world.",icecube evalongoria clarkgregg imanbenson henryhunterhall,richlee,government attack privacy surveillance cybersecurity district online privacy screenlife war
1234731,Anaconda,2025-12-24,2025,en,"[12, 35, 27]",75.1562,5.888,853,"A group of friends facing mid-life crises head to the rainforest with the intention of remaking their favorite movie from their youth, only to find themselves in a fight for their lives against natural disasters, giant snakes and violent criminals.",jackblack paulrudd stevezahn thandiwenewton danielamelchior,tomgormican,snake animal attack amazon rainforest film in film jungle reptile anaconda reboot animal horror meta amused bold
1242898,Predator: Badlands,2025-11-05,2025,en,"[28, 878, 12]",70.0945,7.695,2493,"Cast out from his clan, a young Predator finds an unlikely ally in a damaged android and embarks on a treacherous journey in search of the ultimate adversary.",ellefanning dimitriusschuster-koloamatangi ravinarayan michaelhomick stefangrube,dantrachtenberg,survival outcast alien planet team up intense
1367763,Lilly Lives Alone,2025-08-22,2025,en,"[27, 53]",62.246,7.5,5,"Guided by the ghost of her daughter, a guilt-ridden mother plunges into madness through the course of drug-fueled fever dream.",shannonbeeby jeffreycombs erinway johnhenrywhitaker eddieleewollrabe,martinmelnick,
1233413,Sinners,2025-04-16,2025,en,"[27, 28, 53]",58.4317,7.468,4174,"Trying to leave their troubled lives behind, twin brothers return to their hometown to start again, only to discover that an even greater evil is waiting to welcome them back.",michaelb.jordan haileesteinfeld milescaton jacko'connell wunmimosaku,ryancoogler,"chicago, illinois capitalism ku klux klan musician immortality vampire surrealism sin alcoholism vampire hunter (slayer) church twins blunt estranged wife dual role cousin relationship death of daughter blues music aftercreditsstinger klansmen 1990s 1930s salvation assimilation chinese immigrant brother brother relationship southern gothic afro-descendants cousins supernatural horror playful train station mississippi frightened"
1387382,Hunting Season,2025-12-05,2025,en,"[28, 18, 53]",58.5207,6.978,161,"When a reclusive survivalist and his daughter rescue a mysterious, wounded woman from a river, they become entangled in a deadly web of violence and revenge, forcing them to confront a brutal criminal to survive.",melgibson shelleyhennig jordimollà sofiahublitz a.j.buckley,rajacollins,
1054867,One Battle After Another,2025-09-23,2025,en,"[53, 80, 35]",59.2368,7.387,3285,"Washed-up revolutionary Bob exists in a state of stoned paranoia, surviving off-grid with his spirited, self-reliant daughter, Willa. When his evil nemesis resurfaces after 16 years and she goes missing, the former radical scrambles to find her, father and daughter both battling the consequences of his past.",leonardodicaprio seanpenn chaseinfiniti beniciodeltoro reginahall,paulthomasanderson,rebellion based on novel or book resistance usa–mexico border riot interracial relationship on the run xenophobia aftercreditsstinger missing daughter white supremacy anti-fascism father daughter relationship revolutionaries african american anti-racism immigration detention center
1167307,David,2025-12-14,2025,en,"[16, 10751, 18, 10402]",52.8723,8.022,113,"From the songs of his mother’s heart to the whispers of a faithful God, David’s story begins in quiet devotion. When the giant Goliath rises to terrorize a nation, a young shepherd armed with only a sling, a few stones, and unshakable faith steps forward. Pursued by power and driven by purpose, his journey tests the limits of loyalty, love, and courage—culminating in a battle not just for a crown, but for the soul of a kingdom.",brandonengman brianstivale shahartaboch aarontavaler hector,philcunningham,bible musical prophet david vs. goliath independent film bible prophecy biblical epic
425274,Now You See Me: Now You Don't,2025-11-12,2025,en,"[53, 80]",47.7611,6.538,1274,"The original Four Horsemen reunite with a new generation of illusionists to take on powerful diamond heiress Veronika Vanderberg, who leads a criminal empire built on money laundering and trafficking. The new and old magicians must overcome their differences to work together on their most ambitious heist yet.",jesseeisenberg dominicsessa arianagreenblatt justicesmith rosamundpike,rubenfleischer,diamond antwerp sequel heist diamond heist illusionist team up antwerp diamonds
803796,KPop Demon Hunters,2025-06-20,2025,en,"[14, 10402, 35, 16]",43.7644,8.034,2570,"When K-pop superstars Rumi, Mira and Zoey aren't selling out stadiums, they're using their secret powers to protect their fans from supernatural threats.",ardencho mayhong ji-youngyoo ahnhyo-seop yunjinkim,chrisappelhans,double life loyalty supernatural affectation musical female friendship female protagonist demon self-doubt sing-along girl power duringcreditsstinger demon hunter girl group boy band fandom k-pop action comedy found family south korea korean 3d animation lighthearted grand half demon save the world self-redemption powerful k-pop group trio
1448560,Wildcat,2025-11-19,2025,en,"[28, 53]",41.5794,6.206,143,An ex-black ops team reunite to pull off a desperate heist in order to save the life of their leader’s eight-year-old daughter.,katebeckinsale lewistan alicekrige charlesdance rasmushardiker,jamesnunn,playful embarrassed
1241470,Osiris,2025-07-25,2025,en,"[878, 28, 27]",40.9114,5.932,214,"Special Forces commandos on a mission are abducted mid-operation by a mysterious spacecraft. Upon waking aboard, they find themselves prey to a relentless alien race in a fight for survival.",maxmartini briannahildebrand lamonicagarrett michaelirby lindahamilton,williamkaufman,spacecraft special forces absurd
1196067,Worldbreaker,2025-10-30,2025,en,"[878, 28, 27]",37.4856,5.862,116,"Five years ago, a tear in the fabric of reality brought creatures to our world from an alternate dimension bent on our destruction. A father hides his daughter on an island to keep her safe while he prepares her for survival and the battles to come. But when the world is about to break, no place is safe.",millajovovich lukeevans billieboullet meadowwilliams milaharris,bradanderson,monster climate change global warming dystopian sci-fi
1317288,Marty Supreme,2025-12-19,2025,en,"[18, 53]",34.1382,7.4,1450,"Marty Mauser, a young man with a dream no one respects, goes to hell and back in pursuit of greatness.","timothéechalamet gwynethpaltrow odessaa'zion kevino'leary tyler,thecreator",joshsafdie,new york city sports capitalism hustler narcissism ping pong scheming 1950s dedication american businessman table tennis amused bewildered
1401778,Turbulence,2025-11-26,2025,en,"[53, 28, 12, 18, 14]",34.3225,6.1,83,"Young married couple Zach and Emmy decide to take a hot air balloon trip across the Italian Dolomites to rekindle their relationship. When they and pilot Harry are joined by a third passenger, Julia, events unfold in ways they could never imagine five thousand meters in the air.",jeremyirvine olgakurylenko kelseygrammer herahilmar lionelrobertblanc,claudiofäh,italy married couple pilot hot air balloon couple dolomites survival thriller
950396,The Gorge,2025-02-13,2025,en,"[10749, 878, 53]",34.5103,7.616,3535,"Two highly trained operatives grow close from a distance after being sent to guard opposite sides of a mysterious gorge. When an evil below emerges, they must work together to survive what lies within.",milesteller anyataylor-joy sigourneyweaver ṣọpẹ́dìrísù williamhouston,scottderrickson,canyon fog romance tower elite sniper snipers long-term observation
798645,The Running Man,2025-11-11,2025,en,"[28, 53, 878]",33.1039,6.766,1324,"Desperate to save his sick daughter, working-class Ben Richards is convinced by The Running Man's charming but ruthless producer to enter the deadly competition game as a last resort. But Ben's defiance, instincts, and grit turn him into an unexpected fan favorite — and a threat to the entire system. As ratings skyrocket, so does the danger, and Ben must outwit not just the Hunters, but a nation addicted to watching him fall.",glenpowell williamh.macy leepace michaelcera emiliajones,edgarwright,based on novel or book affectation dark comedy survival on the run biting blunt mourning taunting questioning television network meditative shocking angry vexed nervous grim thoughtful somber philosophical complex near future anxious serious inspirational provocative direct didactic dramatic suspenseful critical intense admiring assertive audacious compassionate defiant empathetic enraged familiar foreboding ominous pessimistic scathing straightforward tragic urgent dystopian future dystopian sci-fi
1062722,Frankenstein,2025-10-17,2025,en,"[18, 14, 27]",33.1275,7.651,3213,"Dr. Victor Frankenstein, a brilliant but egotistical scientist, brings a creature to life in a monstrous experiment that ultimately leads to the undoing of both the creator and his tragic creation.",oscarisaac jacobelordi christophwaltz miagoth felixkammerer,guillermodeltoro,monster based on novel or book supernatural surgeon mad scientist reanimation macabre burlesque father son relationship mother son relationship frankenstein
858024,Hamnet,2025-11-26,2025,en,"[18, 10749, 36]",30.5602,7.712,1125,"The powerful story of love and loss that inspired the creation of Shakespeare's timeless masterpiece, Hamlet.",jessiebuckley paulmescal emilywatson joealwyn jacobijupe,chloézhao,based on novel or book grief historical fiction death in family woman director 16th century period film wistful sentimental excited based on real person
1234821,Jurassic World Rebirth,2025-07-01,2025,en,"[878, 12, 28]",30.8494,6.294,3137,"Five years after the events of Jurassic World Dominion, covert operations expert Zora Bennett is contracted to lead a skilled team on a top-secret mission to secure genetic material from the world's three most massive dinosaurs. When Zora's operation intersects with a civilian family whose boating expedition was capsized, they all find themselves stranded on an island where they come face-to-face with a sinister, shocking discovery that's been hidden from the world for decades.",scarlettjohansson mahershalaali jonathanbailey rupertfriend manuelgarcia-rulfo,garethedwards,island secret mission tyrannosaurus rex spinosaurus sequel stranded dinosaur family genetic experiment mosasaurus
991494,The SpongeBob Movie: Search for SquarePants,2025-12-16,2025,en,"[16, 10751, 35, 12, 14]",31.6643,6.8,247,"Desperate to be a big guy, SpongeBob sets out to prove his bravery to Mr. Krabs by following The Flying Dutchman – a mysterious swashbuckling ghost pirate – on a seafaring adventure that takes him to the deepest depths of the deep sea, where no Sponge has gone before.",tomkenny clancybrown rodgerbumpass billfagerbakke carolynlawrence,derekdrymon,based on cartoon pirate based on tv series casual underworld adoring amused cheerful familiar
1363123,The Family Plan 2,2025-11-11,2025,en,"[28, 35]",31.6356,6.531,529,"Now that Dan's assassin days are behind him, all he wants for Christmas is quality time with his kids. But when he learns his daughter has her own plans, he books a family trip to London—putting them all in the crosshairs of an unexpected enemy.",markwahlberg michellemonaghan kitharington zoecolletti vancrosby,simoncellanjones,europe vacation
911430,F1,2025-06-25,2025,en,"[28, 18]",31.1107,7.8,3623,Racing legend Sonny Hayes is coaxed out of retirement to lead a struggling Formula 1 team—and mentor a young hotshot driver—while chasing one more chance at glory.,bradpitt damsonidris javierbardem kerrycondon tobiasmenzies,josephkosinski,sports comeback racing race car driver sport competition beforecreditsstinger rookie formula one (f1) motorsport car racing
1228246,Five Nights at Freddy's 2,2025-12-03,2025,en,"[27, 53]",30.7998,6.672,835,"One year since the supernatural nightmare at Freddy Fazbear's Pizza, the stories about what transpired there have been twisted into a campy local legend, inspiring the town's first ever Fazfest. With the truth kept from her, Abby sneaks out to reconnect with Freddy, Bonnie, Chica, and Foxy, setting into motion a terrifying series of events that will reveal dark secrets about the real origin of Freddy's, and unleash a decades-hidden horror.",joshhutcherson piperrubio elizabethlail matthewlillard freddycarter,emmatammi,killer robot pizzeria sequel serial killer security guard based on video game theme park dead children aftercreditsstinger duringcreditsstinger haunted attractions night guard animatronic possessed doll supernatural horror ghost child slasher horror android horror
1061474,Superman,2025-07-09,2025,en,"[878, 12, 28]",30.9434,7.346,4521,"Superman, a journalist in Metropolis, embarks on a journey to reconcile his Kryptonian heritage with his human upbringing as Clark Kent.",davidcorenswet rachelbrosnahan nicholashoult edigathegi nathanfillion,jamesgunn,superhero based on comic super power aftercreditsstinger duringcreditsstinger supervillain dc universe (dcu) anti-imperialism excited
533533,TRON: Ares,2025-10-08,2025,en,"[878, 12, 28]",27.7714,6.5,1293,"A highly sophisticated Program called Ares is sent from the digital world into the real world on a dangerous mission, marking humankind's first encounter with A.I. beings.",jaredleto gretalee evanpeters gilliananderson jodieturner-smith,joachimrønning,artificial intelligence (a.i.) computer program simulation computer simulation sequel business rivalry real world absurd digital world
575265,Mission: Impossible - The Final Reckoning,2025-05-17,2025,en,"[28, 53, 12]",25.2439,7.172,2661,"Ethan Hunt and team continue their search for the terrifying AI known as the Entity — which has infiltrated intelligence networks all over the globe — with the world's governments and a mysterious ghost from Hunt's past on their trail. Joined by new allies and armed with the means to shut the Entity down for good, Hunt is in a race against time to prevent the world as we know it from changing forever.",tomcruise hayleyatwell vingrhames simonpegg esaimorales,christophermcquarrie,mask artificial intelligence (a.i.) diving submarine espionage spy nuclear missile fake identity secret agent stunt sequel secret government organization infiltration terrorist plot fictional government agency misinformation government agency based on tv series absurd arrogant disapproving disgusted frustrated pretentious ridiculous barco navio submarino inteligência artificial
1362514,House on Eden,2025-07-25,2025,en,[27],21.9438,4.8,40,"Paranormal investigators Kris, Celina and their videographer Jay are rerouted to an abandoned house deep in the woods, where they find themselves facing a force unlike anything they've encountered before. As the night spirals into chaos, missing crew members and eerie phenomena hint at an ancient, malevolent presence watching their every move.",kriscollins celinamyers jason-christophermayer barbthomas carriekidd,kriscollins,abandoned house woods paranormal investigation found footage hopeless supernatural horror evil spirits pathetic
617126,The Fantastic 4: First Steps,2025-07-23,2025,en,"[878, 12, 28]",24.1493,6.96,3128,"Against the vibrant backdrop of a 1960s-inspired, retro-futuristic world, Marvel's First Family is forced to balance their roles as heroes with the strength of their family bond, while defending Earth from a ravenous space god called Galactus and his enigmatic Herald, Silver Surfer.",pedropascal vanessakirby ebonmoss-bachrach josephquinn ralphineson,mattshakman,strong woman saving the world superhero based on comic end of the world family super power superhero team alternative reality aftercreditsstinger duringcreditsstinger marvel cinematic universe (mcu) 1960s retrofuturism awestruck commanding
1087192,How to Train Your Dragon,2025-06-06,2025,en,"[14, 10751, 28, 12]",24.5608,7.927,2685,"On the rugged isle of Berk, where Vikings and dragons have been bitter enemies for generations, Hiccup stands apart, defying centuries of tradition when he befriends Toothless, a feared Night Fury dragon. Their unlikely bond reveals the true nature of dragons, challenging the very foundations of Viking society.",masonthames nicoparker gerardbutler nickfrost gabrielhowell,deandeblois,flying vikings (norsemen) remake dragon battle warrior live action remake based on young adult novel reminiscent
1175942,The Bad Guys 2,2025-07-24,2025,en,"[10751, 35, 80, 12, 16]",23.6175,7.67,715,"The now-reformed Bad Guys are trying (very, very hard) to be good, but instead find themselves hijacked into a high-stakes, globe-trotting heist, masterminded by a new team of criminals they never saw coming: The Bad Girls.",samrockwell marcmaron awkwafina craigrobinson anthonyramos,pierreperifel,"california based on novel or book snake police wolf fight spider villain sequel heist anthropomorphism space los angeles, california wedding space station framed for a crime luchador joyful"
1248226,Playdate,2025-11-04,2025,en,"[28, 35, 10751]",23.6904,6.0,556,"When out-of-work accountant Brian joins stay-at-home dad Jeff for a playdate with their sons, he expects a laid-back afternoon. Instead, they're chased by mercenaries, and Brian—totally unprepared—must survive one absurd obstacle after another.",kevinjames alanritchson sarahchalke islafisher alantudyk,lukegreenfield,stay-at-home dad accountant human cloning father son relationship action comedy clinical cliché disapproving
1197306,A Working Man,2025-03-26,2025,en,"[28, 80, 53]",22.8657,6.686,1829,"Levon Cade left behind a decorated military career in the black ops to live a simple life working construction. But when his boss's daughter, who is like family to him, is taken by human traffickers, his search to bring her home uncovers a world of corruption far greater than he ever could have imagined.",jasonstatham jasonflemyng merabninidze maximilianosinski cokeyfalkow,davidayer,based on novel or book kidnapping vigilante missing person black ops construction worker criminal conspiracy
681434,Psycho Therapy: The Shallow Tale of a Writer Who Decided to Write About a Serial Killer,2025-04-04,2025,en,"[80, 35]",22.1755,6.8,46,"A struggling writer in the midst of a divorce befriends a retired serial killer who incidentally becomes his marriage counselor by day, and killing counselor for his next book by night.",stevebuscemi brittlower johnmagaro wardhorton ollihaaskivi,tolgakaraçelik,new york city serial killer dramedy
1214931,Nuremberg,2025-11-06,2025,en,"[36, 18]",24.0273,7.36,774,"In postwar Germany, an American psychiatrist must determine whether Nazi prisoners are fit to go on trial for war crimes, and finds himself in a complex battle of intellect and ethics with Hermann Göring, Hitler's right-hand man.",russellcrowe ramimalek michaelshannon leowoodall johnslattery,jamesvanderbilt,"based on novel or book nuremberg trials based on true story nuremberg, germany post world war ii historical drama 1940s hermann göring"
628847,Trap House,2025-11-14,2025,en,"[28, 80, 53]",22.6941,6.547,245,"An undercover DEA agent and his partner embark on a game of cat and mouse with an audacious, and surprising group of thieves – their own rebellious teenagers, who have begun robbing from a dangerous cartel, using their parents' tactics and top-secret intel to do it.",davebautista jackchampion sophialillis whitneypeak bobbycannavale,michaeldowse,
1439112,Muzzle: City of Wolves,2025-11-13,2025,en,"[28, 53, 9648]",21.6825,6.729,118,"LAPD officer Jake Rosser endeavors to lead a peaceful life with his family and retired K-9 officer, Socks. However, tranquility dissolves into chaos when a gang targets them in a brutal attack. Alongside his new K-9 partner Argos, Jake launches into a relentless pursuit of justice, determined to protect his loved ones.",aaroneckhart tanyavangraan karlthaning nicolefortuin adriancollins,johnstalbergjr.,police dog lapd
