tmdb_id,title,release_date,release_year,language,genres,popularity,vote_average,vote_count,overview,cast,director,keywords
240143,Annayya,2000-01-07,2000,te,"[10751, 35]",5.5965,5.8,5,"Rajaram (Chiranjeevi), owner of a fleet of lorries, meets Devi (Soundarya), a garment factory owner. After that acquaintance, she once seeks his help in dealing with two street ruffians, who were teasing her sisters, Lata (Chandini) and Geetha (Sishwa), and is shocked when the culprits turn out to be his brothers, Ravi (Ravi Teja) and Gopi (Venkat). Rajaram takes the incident lightly as the pranks of youngsters and is very lenient to them. With more such incidents, the two fall in love, with the brothers and sisters not far behind.  On his brothers' request, Rajaram approaches Devi for her sisters' hands in marriage to his brothers. But she curtly refuses her consent on grounds that the two are wayward drunkards. Rajaram reacts sharply to it and vows to get his brothers married to her sisters.  Since then on he is more exacting with his brothers and brings about a transformation in them. Devi agrees to their marriage.",chiranjeevi soundarya raviteja venkat chandni,muthyalasubbaiah,
281880,Vamsi,2000-10-04,2000,te,"[10749, 28]",1.1747,4.8,6,"Vamsi, a fashion designer, falls in love with Shilpa, the daughter of a wealthy industrialist. When she is abducted by Arjun, her father begs Vamsi to rescue her despite his initial dislike for him.",maheshbabu namratashirodkar krishna mayurikango nassar,b.gopal,australia love triangle romantic rivalry vacation fashion designer rivalry travel falling in love love interest model fashion relationships
80921,Badri,2000-04-20,2000,te,"[10749, 18, 10751]",0.9135,5.9,14,"Vennela accuses Badri of not loving her sincerely and challenges him that no one can love him like she does. However, their lives take a turn when he meets Sarayu and she falls madly in love with him.",pawankalyan ameeshapatel renudesai prakashraj kotasrinivasarao,purijagannadh,
280334,Goppinti Alludu,2000-07-21,2000,te,"[10751, 35]",0.6974,0.0,0,"Goppinti Alludu is a family based movie in which, Murali Manohar(Balakrishna) is son of the industrialist SVR(SPB). He arrives India from Switzerland after finishing his graduation. SVR fixes a girl for him and asks him to marry her. To get rid of unwanted marriage, Maohar escapes back to Switzerland. Sowmya(Simran) is the grand daughter of Achyuta Ramayya(Satyanarayana). Achyuta Ramayya",nandamuribalakrishna simran sanghavi s.p.balasubramaniam kotasrinivasarao,e.v.v.satyanarayana,
82200,Nuvve Kavali,2000-10-13,2000,te,"[18, 10751, 10749]",0.8059,6.8,4,Childhood friends Tarun and Madhu do not realise they are in love until it's too late.,tarun richapallod saikiran sunilvarma prema,k.vijayabhaskar,
307821,Devullu,2000-11-09,2000,te,[18],0.6818,8.0,2,Two children whose parents are about to get divorced visit seven holy shrines at their grandmother's behest who believes the gods are angry with her because she did not fulfill her promise.,nityashetty masternandan bablooprithiveeraj raasi sumantalwar,kodiramakrishna,
115265,Azad,2000-09-29,2000,te,"[28, 80, 18]",0.683,5.8,5,"Azad (Telugu: ఆజాద్) is a 2000 Telugu film directed by Tirupathi Swamy. It stars Akkineni Nagarjuna in the lead role and Raghuvaran, Shilpa Shetty, and Soundarya in other important roles. C. Ashwini Dutt produced the film and Mani Sharma composed music. The film was released on 29 September 2000 and was dubbed into Hindi as Mission Azaad. The film was later remade into Tamil as Velayudham. The story was inspired from 1989 hindi film Main Azaad Hoon in which Amitabh Bachchan played the lead role of Azaad.",nagarjunaakkineni raghuvaran soundarya shilpashettykundra prakashraj,tirupathiswamy,
232304,Yuvaraju,2000-04-14,2000,te,"[10749, 18]",0.9005,7.8,4,A young man and his classmate fall in love with each other and decide to get married; everything goes smoothly till an unknown woman lands up at their engagement ceremony; soon the truth about his past is revealed.,maheshbabu simran sakshishivananda tejasajja venumadhav,y.v.s.chowdary,love triangle couple tragic past engagement party family dynamics feelings college love complicated relationships revelations secrets
137466,Nuvvu Vastavani,2000-04-05,2000,te,[],0.4755,6.2,5,"The movie starts with Chinni (Nagarjuna) revealing, on a train journey from Pune to Hyderabad, that he just got out of jail after seven years. His past is revealed in a flash back.  He had been a singer, waiting for the big break. Indu (Simran Bagga) hears his voice, though she doesn't see him and becomes his fan. When Chinni realizes this, he tries to reveal who he is but circumstances place him and Indu in situations where she ends up thinking that he is a rowdy. Chinni ultimately becomes responsible for her losing her eyesight too.  He devotes himself to her from then onwards attending to her every need. She learns to respect and love him too, thinking that he is the singer and not knowing that he is the same person she thought was a rowdy.",nagarjunaakkineni simran kotasrinivasarao tanikellabharani brahmanandam,vrpratap,
1009712,Moodu Mukkalaata,2000-09-01,2000,te,"[10749, 35]",0.7201,0.0,0,"Three girls, Shravani, Lahari and Aliveni, are in love with Shanti Swaroop, a lecturer. His life takes a turn when these girls execute different ways to woo him.",jagapatibabu soundarya rambha raasi prakashraj,kraghavendrarao,
872012,Bachi,2000-11-09,2000,te,"[28, 18]",0.488,0.0,0,"A police officer in the special branch, Bhaskar Chenmai, alias Bachi (Jagapathi Babu) one day receives a boy Habibi (Master Teja) from a courier from Dubai. Claiming that his mother had told him that Jagapati Babu is his father, the boy starts addressing him as father. The uncomfortable Bachi tries various methods to get rid of the boy, but his ways serve only to get him drawn towards the boy and become friends ultimately. Meanwhile, Bachi is the chief security officer for Tatineni Koteswara Rao (Prakash Raj), the Rs 50-crore winner of the Paris lottery. But Bachi's search for the boy continues and he manages to nail the father by his name, Bachi (Pruthvi Raj) and arrests him. But is he the real villain of the piece?",jagapatibabu neelambari prakashraj kotasrinivasarao alibasha,purijagannadh,
1024825,Tirumala Tirupati Venkatesa,2000-12-21,2000,te,[35],0.924,0.0,0,Three sisters are obsessed with money and dream to marry wealthy grooms. They marry three prospective grooms but later learn that they are ordinary people and refuse to live with them.,raviteja srikanth brahmanandam maheswari rojaselvamani,e.sathibabu,
844395,Ravanna,2000-03-03,2000,te,[28],0.7915,0.0,0,"Ravanna, a wayward youth, is misguided and used by the local MLA to threaten those who oppose him. Things start to change and he goes through a behavioural shift after falling in love with Sirisha.",dr.rajasekhar soundarya krishna sanghavi narravenkateswararao,b.gopal,
82316,Yuvakudu,2000-01-01,2000,te,"[18, 10749]",0.4267,6.0,1,"Siva, a jovial college student, falls in love with a girl, who later rejects him. His mother decides to befriend the girl and persuade her to marry her son.",sumanth bhumikachawla jayasudha venumadhav alibasha,a.karunakaran,
117417,Jayam Manadera,2000-10-07,2000,te,"[10751, 18]",0.5553,6.0,4,"Abhiram and Uma fall in love with each other when they meet in Europe. Unable to express their feelings at the right time, the two are separated when Uma returns to India. Abhiram goes to India to marry his lover, Uma. However, when he reaches the country, he is attacked by some unknown people. Later, a lady named Jhansi reveals Abhiram's shocking past.",venkatesh soundarya meenavasu bhanupriya alibasha,nimmalashankar,
81064,Kalisundam Raa,2000-01-14,2000,te,"[10751, 18]",0.6307,7.0,6,"Raghaviah and Ram Mohan Rao are brothers-in-law. But Ram Mohan Rao is at loggerhead with Raghavaiah because of a family feud. Raghavaiah is nearing his 60's and it's time for his Shastipoorti ceremony. It's time for gathering, folks!",venkatesh simran k.viswanath ranganath srihari,udayasankar,
80950,Chitram,2000-05-25,2000,te,[],0.4863,5.5,2,"Janaki comes to India from US and joins a college. Here she meets Ramana and the two fall in love. Soon, she gets pregnant which results in further complications.",udaykiran reemasen chitramseenu amanchivenkatasubrahmanyam chitrambasha,teja,
486276,Kodanda Ramudu,2000-01-01,2000,te,"[18, 10749]",0.4063,6.0,1,"Ramu, a tour guide, is deeply in love with Mounika, who does not believe in the concept of love. She pretends to be smitten by him and then humiliates him when he proposes marriage.",j.d.chakravarthi rambha laya brahmanandam alibasha,s.v.krishnareddy,
521440,Vamsodharakudu,2000-01-14,2000,te,"[18, 10749]",0.699,6.0,1,"Suryam is a physical director in a local college and lives with his mother Varalakshmi, a widow. The college in which Suryam work belongs to an Industrialist called Sudarshan Rao.",nandamuribalakrishna krishnamraju ramyakrishnan sakshishivananda charanraj,sarath,
521449,Sammakka Sarakka,2000-01-15,2000,te,[18],0.5481,0.0,0,"Movie director by Dasari Narayana Rao, with lead roles by Suman, Ramya Krishna & Roja.",sumantalwar ramyakrishnan rojaselvamani jayaprada indraja,dasarinarayanarao,
531011,Chala Bagundi,2000-02-18,2000,te,[18],0.3622,3.3,3,"Vamsi is adopted after he saves Krishna's father from an accident. However, things turn bitter when he molests a lady a few years before she marries his stepbrother.",srikanth vaddenaveen florasaini malavikanair m.s.narayana,e.v.v.satyanarayana,
330751,Kouravudu,2000-07-28,2000,te,[],0.417,0.0,0,Kouravudu is a 2000 Telugu movie starring Nagendra Babu and Ramya Krishnan.,nagendrababu ramyakrishnan achyuth m.s.narayana ajay,jyotikumar,
137248,Chiru Navvuto,2000-11-10,2000,te,[],0.4834,7.7,3,Chirunavvutho is the story about Venu (Venu) who moves to Hyderabad after being dumped by Aruna (Prema). He falls in love with another girl called Sandhya (Shaheen Khan) and proposes to her. Sandhya who is already engaged to another man rejects his proposal. How Venu wins her love is the rest of the story.,venuthottempudi shahin prakashraj brahmanandam chandramohan,g.ramprasad,
267350,Kshemanga Velli Labhamga Randi,2000-02-04,2000,te,[35],0.3709,7.2,6,Three mechanics in a car company are wayward husbands. Their weakness lies in drinking and spending half of their salary on the unnecessary items. Their wives have a tough time running their houses with the meager money provided by their men. Their world is turned upside down by a couple who move in next door.,srikanth brahmanandam rajendraprasad rojaselvamani ramyakrishnan,rajavannemreddy,family
1073095,Manasunna Maraju,2000-01-01,2000,te,[10751],0.3486,0.0,0,"A benevolent landlord helps an ambitious girl who aspires to become a doctor. While the two spend time with each other, they fall in love and get married.",dr.rajasekhar laya rajitha kotasrinivasarao florasaini,muthyalasubbaiah,
307920,Ninne Premistha,2000-09-14,2000,te,[10749],0.4676,5.2,5,A young man meets with an accident and loses his eyesight; three months later he recovers and goes back to his job. He meets a lady who is very affectionate towards him; But why?,srikanth soundarya rajendraprasad nagarjunaakkineni k.chakravarthy,r.r.shinde,
1021910,Manoharam,2000-05-13,2000,te,"[28, 53]",0.6334,6.5,2,"The film begins with the ISI moles scheming to destabilize India, followed by bomb blasts in Coimbatore and Hyderabad. Basha, an ISI agent, enters India to plant bombs at various places. Anand is a regular bank employee and through a case of mistaken identity by police, he exposes the nefarious ISI network. Anand is tried and sentenced to 14 years imprisonment. Anand's wife Usha tries to prove her husband's innocence with the help of CBI officer Srinivasa Murthy.",jagapatibabu prakashraj laya mukeshrishi l.b.sriram,gunasekhar,
438580,Ammo! Okato Tareekhu,2000-10-20,2000,te,"[35, 18]",0.4127,8.5,1,A middle class man fights with various financial troubles due to overpopulated family resolves them by resolving family conflicts.,l.b.sriram kotasrinivasarao suresh srikanth raasi,e.v.v.satyanarayana,
1215372,Oke Maata,2000-01-01,2000,te,[],0.2503,0.0,0,A 2000 Telugu film.,upendra ramyakrishnan raasi nagendrababu babumohan,muthyalasubbaiah,
435916,Bagunnara?,2000-05-08,2000,te,[],0.4846,10.0,1,A young woman meets a man and falls in love with him but things take a turn when her father learns about their relationship and he plans to separate them.,vaddenaveen priyagill srihari giribabu,fakruddin,
279108,Hands Up,2000-02-09,2000,te,[35],0.2051,6.0,1,,nagendrababu jayasudha chiranjeevi brahmanandam,sivanageshwararao,
1142483,Mechanic Mavayya,2000-10-14,2000,te,[35],0.1459,1.0,0,"Srivatsav develops a new effective formula of saving petrol, he is killed by a criminal, who too wants the formula. Srivatsav becomes a ghost and with the help of a mechanic takes his revenge.",dr.rajasekhar rambha pareshrawal srihari kotasrinivasarao,svrajendrasinghbabu,
1142536,Okkadu Chaalu,2000-01-01,2000,te,[],0.1068,0.0,0,"Okkadu Chaalu is a 2005 Indian Telugu film, directed by Ravi Raja Pinisetty and Produced by Maganti Gopinath. The film stars Rajasekhar, Sanghavi, Rambha, Vishnu Vardhan and Sumalatha in lead roles",dr.rajasekhar rambha vishnuvardhan sanghavi sharatsaxena,ravirajapinisetty,
82609,Rayalaseema Ramanna Chowdary,2000-09-15,2000,te,"[28, 18]",0.1693,0.0,0,"Ramanna, the landlord of a village, is interested in a piece of land owned by a staunch devotee of Lord Shiva who wants to build a temple. After harassing the owner, Ramanna faces severe consequences.",jayasudha mohanbabu priyagill prema giribabu,sureshkrissna,
117066,Dollar Dreams,2000-01-02,2000,te,[18],0.129,6.5,4,Six young people struggle with the choice between moving to the US or staying in India.,santoshkumar anishkuruvilla priyankaveer dr.anilprashant satyakrishnan,sekharkammula,y2k
82255,Nuvvu Naaku Nachav,2001-09-06,2001,te,"[18, 35, 10749, 10751]",1.5879,7.328,29,"Venky and Nandini's relationship changes from mere friendship to something that is more romantic. However, love only blossoms between the two after Nandini's marriage is fixed elsewhere.",venkatesh aarthiagarwal sudeepa prakashraj chandramohan,k.vijayabhaskar,
307924,Nuvvu Nenu,2001-08-10,2001,te,[10749],1.2173,5.0,2,"Ravi (Uday Kiran) is the son of a multimillionaire in Hyderabad. Vasundhara (Anita), is the daughter of a milk supplier. Ravi and Vasundhara both study in the same college. The film starts with Vasundhara showing hatred towards Ravi, as he is a sportsman who is not good in his studies. Over a period of time, her hatred turns into love. Finally, they both fall in love, but their parents do not agree with their marriage. Parents plan to avoid the marriage by giving the couple a clause that they should not meet each other for one year. If their love remains even after one year then their parents would agree to let them marry.  Father of Ravi puts him under house arrest in Mumbai. While Vasundhara's father takes her to his hometown and arranges a forced marriage. However, both Ravi and Vasundhara manage to escape. The rest of the story is about how the pair unites against all odds.",udaykiran sunilvarma tanikellabharani ahutiprasad telanganashakuntala,teja,
137374,Mrugaraju,2001-01-11,2001,te,[],1.3323,5.5,4,"Mrugaraju is a 2001 Tollywood film which was written and directed by Gunasekhar based on English film The Ghost and the Darkness. It stars Chiranjeevi, Simran, Sanghavi and Nagendra Babu. Mani Sharma composed music for this film. The film has been dubbed in Tamil with the title Vettaikkaaran.The Hindi version of this is available named ""Rakshak, The Protector"".In a jungle, there lives a man-eating lion. The latest victim of lions havoc is the death of the chief engineer who is constructing the rail bridge. The Railway department asks Aishwarya (Simran) to go on the mission of constructing the bridge. Even after Aishwarya resumes the duty, Lion starts terrorizing the crew of the construction team.",chiranjeevi simran sanghavi nagendrababu brahmanandam,gunasekhar,
82572,Student No. 1,2001-09-27,2001,te,"[28, 18, 80, 10749, 9648, 35]",0.9936,5.2,12,"At his father's request, Aditya attends a law college in the coastal metropolis of Visakhapatnam, although he actually wanted to become an engineer. On the first day he meets the beautiful Anjali. Over time, the female student slowly begins to become interested in the strange newcomer, who acts nice and friendly but doesn't seem to be interested in anything else. The college is notorious for its disobediently and disorderly students. It's not the professors who are in charge on campus, but rather the student leader Satya. He is also in love with Anjali and sees Aditya as a competitor who needs to be put in his place. So Aditya faces multiple problems as he tries to reform the unruly students while dealing with his terrible past that everyone doesn't know about.",n.t.ramaraojr. gajala rajivkanakala brahmanandam alibasha,s.s.rajamouli,college coming of age college love college friends college life students
85813,Murari,2001-02-17,2001,te,"[18, 10749, 53, 10751]",1.1179,6.7,21,"A family is haunted by a goddess's curse, claiming the life of a male every 48 years due to an ancestral sin.",maheshbabu sonalibendre lakshmi sukumari kaikalasatyanarayana,pasupuletikrishnavamsi,sacrifice supernatural redemption romcom pilgrimage family relationships curse falling in love family curse feelings revelations family conflicts rituals secret charming romances and delightful chemistry traditions
81070,Khushi,2001-04-26,2001,te,"[18, 10749, 35]",1.0825,6.0,22,"College friends Siddhu and Madhumati part ways due to a misunderstanding. Although they are in love and realize they cannot live without each other, their egos prevent them from uniting.",pawankalyan bhumikachawla sudhakar sivajisontineni nassar,s.j.suryah,egomaniac college love
307848,Itlu Sravani Subramanyam,2001-09-14,2001,te,"[18, 10749]",0.7075,5.5,6,Two strangers meet at a suicide point and help each other die. But they are saved and go their separate ways. Both are set to get married but they flee from their respective homes at the last moment.,raviteja tanuroy samrin ananthbabu annapoorna,purijagannadh,
77038,Manasantha Nuvve,2001-10-19,2001,te,"[10749, 18]",0.5723,7.5,4,"Anu (Baby Zeeba) and Chanti (Master Anand Vardhan) are childhood friends at Araku Valley. Anu is a daughter of a wealthy government official and Chanti is the son of a poor widow. Anu leaves Chanti at the age of 8 when her parents shift to Vizag. Later on Chanti loses his mother. Mohan Rao (Chandra Mohan) gets hold of Chanti renames him as Venu and adapts him. Anu (Reema Sen) and Venu (Uday Kiran) grows up at their respective places. Anu finishes her higher studies in Malaysia and returns. Venu does also single-mindedly waits for Anu. Anu starts writing a serial named 'Manasanta Nuvve', which contains her live story, in Swaty magazine hoping that Chanti would read it comes back to her. But she keeps her pen name as Renu, so that her anonymity could be protected (in the serial the heroine's name is Anu and hero's name is Chanti).",udaykiran reemasen tanuroy chandramohan tanikellabharani,v.n.aditya,childhood love
278422,Daddy,2001-10-03,2001,te,"[10751, 18]",0.6091,6.5,8,An audio company and dance school owner is a very rich man but also gullible. He gets married to the girl he loves; but loses all his money to his scheming friends. They lose their daughter to a heart disease following which his wife leaves him.,chiranjeevi simran ashimabhalla rajendraprasad kotasrinivasarao,sureshkrissna,
1573495,Maa Annayya,2001-12-01,2001,te,"[10751, 18]",0.4759,0.0,0,The eldest of four brothers raises his younger siblings like a father and even forgoes his shot at marriage. They also face various challenges as outsiders try to create a rift between them.,dr.rajasekhar meena,ravirajapinisetty,
279466,Premato Raa,2001-05-09,2001,te,[10749],0.4685,4.0,1,"Premato Raa is romantic based movie in which, Chandu (Venky) and Vijay (Suresh) are brothers. They belong to a wealthy family where the elder brother Vijay is responsible and take care of the business. The younger one Chandu is a spoilt brat and a womanizer.Vijay is in love with Sandhya (Prema). Chandu happens to visit Ooty and gets bowled by a damsel Geeta (Simran). But he comes to know that Geeta is a tough nut to crack. So he plays different tricks to attract her. One fine day he expresses his love to her and duly deflowers her. Right the next day he takes train to Hyderabad without informing Geeta and attends the marriage of his brother Vijay and Sandhya. At the time of marriage Sandhya enters the scene with Geeta claiming that Geeta is the younger sister of her and Geeta was used by Chandu to satisfy his lust. Sandhya breaks the marriage with Vijay. rest of the story is about how Chandu change his behaviour and makes his brother Vijay",venkatesh simran florasaini prema kotasrinivasarao,udayasankar,
279467,Devi Putrudu,2001-01-14,2001,te,"[12, 14]",0.5628,5.2,5,"An archaeologist extracts a box from the sea which contains mystical powers. However, evil people are in pursuit of the box and create trouble for the former.",venkatesh soundarya anjalazaveri suresh kotasrinivasarao,kodiramakrishna,
435047,Tholi Valapu,2001-08-03,2001,te,[18],0.4265,0.0,0,"A man leaves his bike at a stranger's house after its tire gets punctured. He comes back to collect it the next day, but the stranger's family denies having any knowledge of it; soon after, the theft of his bike turns into an allegation of rape.",gopichand sneha chandramohan l.b.sriram m.s.narayana,muthyalasubbaiah,
804131,Cheppalani Vundhi,2001-08-23,2001,te,[10749],0.4156,0.0,0,"In an attempt to avoid getting married to Priyanka, Vinay uses a photograph of a deceased woman and claims that she is his ex-lover. However, the woman surprisingly turns up at Vinay's house",vaddenaveen prakashraj raasi brahmanandam venumadhav,chandramahesh,
1230900,Simharasi,2001-07-06,2001,te,[],0.5617,0.0,0,A charitable man respects all women and does not tolerate injustice. He brings his struggling stepsister home to live in comfort after their father commits suicide.,dr.rajasekhar sakshishivananda anandaraj vindhya varsha,v.samudra,
303916,Snehamante Idera,2001-10-26,2001,te,"[10751, 28]",0.2771,5.3,3,"Aravind's parents have raised orphans Chandru and Krishna as their own and the three are great friends. Chandru loves Amrita, Aravind's sister, but is hesitant. Aravind's love life too is troubled.",nagarjunaakkineni sumanth bhumikachawla prathyusha alibasha,balasekaran,
552721,Family Circus,2001-06-01,2001,te,[35],0.6242,7.0,1,Subramanyam and his family try averting several problems that come their way when they move into a new house in a locality filled with bizarre individuals.,jagapatibabu rojaselvamani rajendraprasad jhansi kanchikaul,teja,
757875,Akasa Veedhilo,2001-08-23,2001,te,"[18, 10751]",0.4481,7.0,1,"Suri and Padma give away one of their twin sons to Chandu and Indu, a couple who are unable to conceive a child. Complications arise in their lives when one of the boys is diagnosed with bone cancer.",nagarjunaakkineni raveenatandon rajendraprasad kasturishankar rahuldev,singeetamsrinivasarao,
80834,Anandam,2001-09-28,2001,te,[10749],0.4628,8.2,4,"Two neighbors study in the same college, but hate each other immensely. A series of events changes their feelings when they unknowingly write to each other under alias names.",jaiakash rekhavedavyas tanuroy chandramohan tanikellabharani,sreenuvaitla,
308019,Eduruleni Manishi,2001-03-30,2001,te,"[28, 18]",0.4625,6.0,3,"Surya Murthy lives a very wealthy lifestyle in India along with his parents, his niece, and a younger look-alike brother, Satya. His parents would like him to get married, but he refuses until Satya, who himself is anxious to get married to his girlfriend, selects a bride named Vasundhara. Events prove that Vasundhara is indeed the ideal bride for Surya, and both get married",nagarjunaakkineni soundarya kotasrinivasarao ranganath nassar,srinivasaraojonnalagadda,
1251259,6 Teens,2001-03-16,2001,te,[],0.3666,0.0,0,"6 Teens is a story about a group of five sex-obsessed teenage boys who, after humiliating themselves at college, pursue a new girl neighbor from the U.S.",rohit ruthika santosh pavan abhijit,g.nageswarareddy,
137440,Narasimha Naidu,2001-01-11,2001,te,"[28, 18]",0.4119,7.0,3,"Narasimha (Balakrishna) is an unassuming dance teacher raising a young child on his own. His true identity, and the story of his violent past, begin to unravel as former enemies interrupt his quiet new life.",nandamuribalakrishna simran preetijhangiani mukeshrishi florasaini,b.gopal,
463736,Subbu,2001-12-21,2001,te,"[10749, 18]",0.3908,3.5,2,"Subbu, a college student, falls in love with the affluent Neeraja. However, things take a turn when he realises that Neeraja's father was responsible for the death of his entire family.",n.t.ramaraojr. sonalijoshi brahmanandam amanchivenkatasubrahmanyam dharmavarupusubramanyam,rudrarajusureshvarma,
935310,Ammo Bomma,2001-05-04,2001,te,"[35, 27, 53]",0.424,0.0,0,"Ram Babu, a mimicry artist, likes to collect different kinds of dolls. But he gets shocked when his new doll is possessed by a ghost.",rajendraprasad sumantalwar brahmanandam tanikellabharani umashankari,narasimharaorelangi,
82604,Priyamaina Neeku,2001-02-11,2001,te,[10749],0.6206,6.5,2,"Sandhya, who loves Ganesh, pours her thoughts about him in a diary. Ganesh finds the diary and falls in love with her but later discovers that she is already engaged to someone else.",tarun sneha venumadhav sivajisontineni preethavijayakumar,balasekaran,
342799,Ninnu Choodalani,2001-05-23,2001,te,"[10749, 18]",0.2543,6.0,1,"Two businessmen, Siva Reddy and Sahadeva Reddy, are sworn enemies. Things take a turn when their grandchildren, Venu and Siri, fall in love with each other.",n.t.ramaraojr. raveenarajput k.viswanath kaikalasatyanarayana sudhakar,v.r.prathap,
531420,Ammayi Kosam,2001-05-18,2001,te,"[18, 10751]",0.8053,9.0,1,"Ravi, Venkat, Balu and Venu, four unemployed graduates, waste their time in doing unconstructive things. However, their lives change when they meet Anjali, a photographer.",raviteja vineethradhakrishnan alibasha sivareddy meena,muppalanenishiva,
1186308,Maa Aavida Meeda Ottu Mee Aavida Chala Manchidi,2001-02-02,2001,te,"[35, 18]",0.4389,0.0,0,"Praveen and Subhadra fail to be united in love due to the disapproval of their parents. Years later, married to other people, Praveen and Subhadra cross paths as neighbours.",srikanth vaddenaveen raasi laya prakashraj,e.v.v.satyanarayana,
280332,Bhalevadivi Basu,2001-06-15,2001,te,[10749],0.2722,3.0,1,"Bale Vadivi Basu is a 2001 Telugu film directed by Arun Prasad P A. The film stars Balakrishna, Shilpa Shetty, Anjala Zaveri and Prakash Raj in lead roles.",nandamuribalakrishna shilpashettykundra anjalazaveri prakashraj,p.a.arunprasad,
1403430,Preminchu,2001-04-11,2001,te,[],0.3623,0.0,0,"Meena is a blind student who faces life's obstacles and becomes a lawyer. Meena and Suresh fall in love, but Suresh's family opposes their marriage.",laya saikiran muralimohan lakshmi,boyinasubbarao,
1024824,Chiranjeevulu,2001-09-21,2001,te,"[28, 10751, 18]",0.1951,0.0,0,"While running away from the police, Charan, Giri, Chanti and Kiran reach a village where they face many problems. They get embroiled in a fight against Satyamurthy, a cruel village head.",raviteja brahmaji sivajisontineni sanghavi jayaprakashreddy,radhakrishna,
993856,Budget Padmanabham,2001-03-09,2001,te,[35],0.3298,7.0,1,"Padmanabham, a miser, spends his money carefully. He is put into a dilemma when unwelcome guests knock at his door and his wife gives birth to triplets.",jagapatibabu ramyakrishnan raviteja l.b.sriram tanikellabharani,s.v.krishnareddy,
1118264,Raa,2001-11-01,2001,te,"[10749, 35]",0.3285,0.0,0,"Sridhar, a womaniser, meets his match when he tries to seduce Shanthi, who refuses to fall for him. Later, he learns that Shanthi has a hidden motive for resisting his advances.",upendra priyankaupendra sadhukokila giribabu ananthbabu,k.s.nageswararao,
486273,Maa Pelliki Randi,2001-03-20,2001,te,[10751],0.1595,8.3,3,"Happy-go-lucky Kumar falls head over heels in love with Anjali at first sight. After a lot of persuasion, Anjali agrees to marry him, but his parents have different plans for him.",j.d.chakravarthi sakshishivananda brahmanandam kotasrinivasarao sudhakar,muppalanenishiva,
1612083,Pandanti Samsaram,2001-05-18,2001,te,"[10751, 18]",0.4463,0.0,0,,krishna bablooprithiveeraj ravali charulatha kotasrinivasarao,krishna,
40908,Bava Nachadu,2001-06-07,2001,te,"[10749, 18]",0.2555,0.0,0,"Ajay (Akkineni Nagarjuna) is an adman (director and actor) who has a definite idea about how his future wife should be like. He gets married to a village belle Kamakshi (Simran Bagga), handpicked by his mom from her native town Kovvuru. After marriage, Kamakshi meets with a hairline fracture. The entire family of Kamakshi lands up at Ajay's house to take care of Kamakshi. She has a beautiful and greedy sister called Lahari (Reema Sen).",nagarjunaakkineni simran reemasen,k.s.ravikumar,
303304,Sampangi,2001-07-13,2001,te,[],0.4162,0.0,0,Two innocent lovers must unwillingly sacrifice their love as their families belong to two different castes and religions.,arjanbajwa kanchikaul ranganath chalapathirao chandramohan,sanayadireddy,
993849,Naalo Unna Prema,2001-09-01,2001,te,[10749],0.1816,0.0,0,A young man from Hyderabad is a fan of a professional singer from Vizag. The singer's younger sister plays a practical joke with him by replying to his fan letters as the singer herself; over a period of time she falls in love with him.,jagapatibabu laya gajala m.s.narayana giribabu,vrpratap,
307793,Bhadrachalam,2001-12-06,2001,te,[28],0.1779,0.0,0,"Parasuram gets a heart attack when his own student, who wins the taekwondo championship, insults him. His daughter Laxmi then trains an athlete, Bhadrachalam, to win the championship.",srihari sindhumenon vijayachander kazankhan roopa,nimmalashankar,
66520,Hanuman Junction,2001-12-21,2001,te,"[28, 35]",0.2552,6.8,4,"Two friends, Krishna and Das, run a company in a small town with their loved sister Devi. However, Devaraj, an influential man in the village, is against them and vows to destroy their growth.",arjunsarja jagapatibabu venuthottempudi sneha laya,mohanraja,
226829,Jayam,2002-06-14,2002,te,[],0.97,6.7,9,"The story is centered in a village where the parents of first cousins Sujatha (Sadha) and Raghu (Gopichand) decide that both will be married when they become adults. As a child, Sujatha's uncle gives her anklets, which she wears as she grows up. As they grow older, Raghu is caught smuggling money from his house. At school, Raghu beats up a kid for talking to Sujatha. They quarrel, and soon Raghu's family leaves for another village. Sujatha grows to be an attractive college girl, while the villain Raghu becomes a good-for-nothing character. On her way to college, Sujatha meets up with Venkat (Nitin), a poor but handsome, charming enthusiastic boy, and soon after their quarrels they fall in love.",nithiin sadha gopichand sivakrishna prasadbabu,teja,
117085,Eeshwar,2002-11-11,2002,te,"[18, 28]",1.0452,5.7,7,"Eeshwar (Telugu: ఈశ్వర్) is a 2002 Telugu film directed by Jayanth C. Paranjee and starring Prabhas[1] and Sridevi Vijaykumar. Siva Krishna and Revathi played supporting roles.Eeswar (Prabhas) is a motherless child and brat living in Dhoolpet, a slum area in Old City. Eeswar's father (Siva Krishna) manufactures Gudumba (arrack) with the help of neighborhood people. Eeswar falls in love at first sight when he sees a college going beauty Indu (Sridevi). In the meantime, Eeswar's father marries Sujatha (Revathi), who has been waiting for him for the past 20 years so that she can be a good mother to Eeswar. Eeswar hates his stepmother thinking that his father married her to enjoy worldly pleasures. Meanwhile, Indu's father turns out to be a local MLA (Ashok Kumar) who hates poor. The local MLA sends goons to finish him off Eeswar. What follows next forms the second half of the film.",prabhas sridevivijayakumar brahmanandam revathi,jayantparanji,
82253,Nuvvu Leka Nenu Lenu,2002-01-14,2002,te,"[35, 18]",1.1799,6.0,1,"Radha Krishna and Krishnaveni constantly tease each other and deny any romantic feelings.  But when they become engaged to other people, they realize the truth.",tarun aarthiagarwal kiranrathod brahmanandam sunilvarma,y.kasiviswanath,
308249,Sandade Sandadi,2002-12-13,2002,te,[],1.0367,0.0,0,"Three friends vexed with their wives try to commit suicide, but end up saving a businessman. He then seeks their help to put his wayward daughters on the right track. But do things go as planned?",jagapatibabu rajendraprasad sivajisontineni urvashi raasi,muppalanenishiva,
25882,Indra,2002-07-24,2002,te,"[18, 28]",0.9374,6.4,14,"A man embarks on a quest to make peace between two families fighting over the water problem in their district. In a bid to solve this crisis, he agrees to marry a girl from the rival family.",chiranjeevi sonalibendre aarthiagarwal mukeshrishi sivajisontineni,b.gopal,arranged marriage con man deception dysfunctional family machismo revenge betrayal massacre vengeance resilience death of a child feuding families
307891,Mounamelanoye,2002-04-25,2002,te,[10749],0.6003,0.0,0,Mounamelanoyi (transl. Why the silence?) is a 2002 Indian Telugu-language romantic drama film directed by Shyam Prasad and starring Sachin and Sampada Vaze. The film's title is based on the song of the same name from Sagara Sangamam (1983).,sachiinjoshi sampadavaze tanikellabharani chalapathirao alibasha,shyamprasad,
80395,Aadi,2002-03-28,2002,te,"[18, 28]",0.7842,6.1,13,"Aadi, who is raised by his father's faithful employee, learns about how his parents were cheated and killed by Nagi Reddy. Enraged by the injustice done to his family, he decides to confront Nagi.",n.t.ramaraojr. keerthichawla chalapathirao rajanpdev alibasha,v.v.vinayak,
82214,Nuvve... Nuvve...,2002-10-10,2002,te,"[10751, 18, 10749, 35]",0.7902,5.6,5,"Vishwanath is a millionaire who loves his daughter Anjali obsessively. When Vishwanath discovers that Anjali is in love with Rishi, a happy-go-lucky man from a middle class family, he tries his best to separate them.",tarun shriyasaran prakashraj chandramohan sunilvarma,trivikramsrinivas,
81068,Khadgam,2002-11-29,2002,te,"[28, 18]",1.2587,7.4,8,"After being victims of terrorism, an aspiring actor, a driver and a sincere police officer come together to stop a terrorist from fleeing and put an end to his plans.",srikanth prakashraj raviteja sangeethakrish kimsharma,pasupuletikrishnavamsi,patriotism
54304,Santosham,2002-05-09,2002,te,"[10749, 18]",1.0018,7.7,7,"Karthik(Nagarjuna) is a rich architect in Ooty. He falls in love with Padhu(Gracy Singh). Padmavathi takes her own sweet time to accept Karthik's love. Padmavathi has a cute cousin sister Bhanu (Shriya). Bhanu encourages their love and gives courage to Padhu. When Padhu reveals about her love, her father Rama Chandraiah (K. Viswanath) resists and asks her to marry the guy he has chosen for her. Padhu flees from home and marries Karthik. Padmavathi is very eager to get back to her parents and get their blessings. Karthik and Padmavathi migrate to New Zealand and they give birth to a kid named Lucky. Padhu dies in an accident. Rama Chandraiah has a very big joint family. A few of the family members opine that inviting Karthik and his kid for a marriage to be happened at their place would give an opportunity to get a closer look at Lucky.",nagarjunaakkineni shriyasaran gracysingh prabhudeva k.viswanath,dasaradh,
82723,Vasu,2002-04-10,2002,te,[10749],1.1269,7.0,4,"After graduation, Vasu  runs a college canteen, and music school and teaches music for seven years to make his living. His father is an IPS officer and he wants Vasu to appear for Civil Services examinations to take up an IPS career. But Vasu has different plans for his future. He dreams of becoming a musician and a singer",venkatesh bhumikachawla vijayakumar sunilvarma brahmaji,a.karunakaran,
279464,Gemeni,2002-10-11,2002,te,"[28, 80, 18]",0.785,5.2,4,"When Gemeni, a gangster, falls in love with a girl, he tries to reform his ways. Things change when a new police commissioner is transferred to the city, who plans on ending all criminal activities.",venkatesh namitha kalabhavanmani kotasrinivasarao murali,saran,
342803,Bobby,2002-10-31,2002,te,[10749],0.8916,3.0,10,Love between two youngsters leads to a dispute between two families.,maheshbabu aarthiagarwal raghuvaran prakashraj brahmanandam,sobhan,shootout falling in love tragic past family feud elopement family rivalry
1190770,Neethone Vuntanu,2002-02-01,2002,te,[18],0.5345,0.0,0,"Ravi, a software engineer, and Aparna, a girl nicknamed Subba Laxmi, engage in online chatting and fall in love. However, when they first plan to meet, he mistakes Aparna's sister, Vidya, for her.",upendra rachanabanerjee sanghavi,t.prabhakar,
82574,Sontham,2002-08-23,2002,te,"[10749, 28]",0.5586,5.3,3,"Vamsy, Bose, and Nandu are childhood friends, with their bond still going strong in college. However, will things change when Bose falls in love?",sunilvarma aryanrajesh rohit namitha chitramseenu,sreenuvaitla,
307863,Kalusukovalani,2002-02-08,2002,te,[],0.4181,6.0,1,"On his trip to Switzerland, Ravi, a talented youngster falls in love with Anjali. However, the two lose touch when Anjali returns to India. Still pining for Anjali, Ravi sets out to find her.",udaykiran gajala prathyusha sunilvarma giribabu,ragurajr,
307738,Allari Ramudu,2002-07-18,2002,te,[],0.6404,4.5,2,"Chamundeswari, a headstrong lady, loves money, ignores human relationships and even dominates her family. When her daughter falls in love with a house helper, she tries everything to separate them.",n.t.ramaraojr. aarthiagarwal nagma gajala k.viswanath,b.gopal,
82213,Nee Sneham,2002-12-02,2002,te,"[18, 10751]",0.7003,4.0,1,"Madhav (Uday Kiran) and Seenu (Jatin) are neighbors and best buddies. They play football representing the AP team. During their trip to Calcutta, Seenu gets injured in order to save Madhav from an accident. Doctors say that Seenu is unfit to play football and he can walk only by using a walking stick. Seenu takes a vow from Madhav that he should not tell anybody that he was injured while saving Madhav.  Amrutha (Arti Agarwal) is a middle class girl who is raised by their grand parents (K Viswanath and Sujatha). Madhav happens to see Amrutha one fine day and falls in love with her. …… If I start telling the relationships and complexity of the relations, you would complain to me after watching the film that I deprived you of enjoying the happenings on the screen. So let me stop writing the story line and start jumping into actor's performance department.",udaykiran aarthiagarwal jatingrewal k.viswanath giribabu,muraliparuchuri,
82727,Takkari Donga,2002-01-12,2002,te,"[37, 12, 28]",1.1978,6.324,17,"A fearless outlaw offers to safeguard the daughter of his accomplice in return for a map to a secret diamond mine. However, his quest is compromised after a bandit gets wind of the secret map.",maheshbabu lisaray bipashabasu kashokkumar rahuldev,jayantparanji,diamond looting map childhood trauma outlaw revenge shootout dog bandit cowboy fratricide indian western hidden treasure handicapped cowboys and outlaws western gun death curry western
228341,Thotti Gang,2002-12-06,2002,te,[35],0.7155,6.0,2,"Achi Babu (Allari Naresh), Sathi Babu (Sunil) and Suri Babu (Prabhu Deva) are the best buddies since childhood. They form a band that does multi purpose jobs like acting as band of boys for marriages, professional catchers of dogs, and cremation service guys. Karate Malliswari (Gajala), another childhood nightmarish karate-skill-flaunting damsel, lures Achi Babu into love. Then she snatches Achi Babu away from Suri Babu and Sathi Babu to make him her live-in boy friend. They also get engaged to each other. Irritated by their act, Suri Babu and Sathi Babu kidnap Malliswari. They tie her to a chair and then hatch another plan to make Achi Babu believe that Malliswari is dead. In that process, they dig a 'fresh' dead body from a crematorium, pack her in the car of Malliswari and throw that car into a valley. Police confirms that Malliswari is dead and Achi Babu's heart breaks again.",allarinaresh prabhudeva sunilvarma gajala brahmanandam,e.v.v.satyanarayana,
1080133,Trinetram,2002-01-01,2002,te,"[18, 27]",0.3796,0.0,0,"Using black magic, an evil spirit tries to harm the husband of a devotee of Goddess Durga. Although she tries many tricks, she finally succumbs to the wife's faith in god and leaves the man unharmed.",raasi shiju,kodiramakrishna,
370813,Idiot,2002-08-22,2002,te,"[10749, 28, 35]",0.8503,5.8,13,"Chanti, a young man, is rescued by Suchitra when he is beaten by thugs. He falls in love with her and tries to woo her, but she does not reciprocate his feelings.",raviteja rakshita prakashraj alibasha kotasrinivasarao,purijagannadh,
566382,Premaku Swagatam,2002-01-18,2002,te,[10749],0.2805,0.0,0,"Mahendra, a multimillionaire businessman, chooses a wealthy young man for his daughter, Lahari. However, she insists on getting married to her boyfriend, a mere car driver.",j.d.chakravarthi soundarya prakashraj sunilvarma brahmanandam,s.v.krishnareddy,
307796,Bharatasimha Reddy,2002-09-06,2002,te,[],0.3224,0.0,0,Raja resents his father.,dr.rajasekhar meena,suryaprakash,
211909,"The Rite, a Passion",2002-01-01,2002,te,[18],0.3753,7.5,2,"A subtle interplay between clashing ideologies: that of traditional religious values versus modern youth drawn towards extremism. Events overtake Subbaiah Sastry, a highly respected vedic and scholar in his prime now scraping out a meagre existence as a corpse carrier. He endures the contempt of his Hyderabad neighbours due to his acceptance of Tiladaanam, a lowly Brahammic rite involving the acceptance of the sins of the dead in exchange for coins and the food of the deceased. His son, Raghuram, has become a terrorist hunted by the police, at odds with his father. A stark contrast is provided between an outdated system and as yet undefined future. - Melbourne International Film Festival",jayasheela brahmaji tanikellabharani prasadbabu annapoorna,k.n.t.sastry,
81083,Manmadhudu,2002-12-20,2002,te,"[35, 18]",0.449,7.1,22,"Abhiram, a misogynist, works as a manager in his own advertising agency. When his uncle, the chairman, appoints Harika as an assistant manager, he mistreats her, but his hatred soon turns into love.",nagarjunaakkineni sonalibendre anshu brahmanandam chandramohan,k.vijayabhaskar,
115056,Allari,2002-05-10,2002,te,"[35, 10749]",0.3573,6.7,3,"A coming of age story of triangular romance between a boy and two girls that explores the twin emotions of true love and teenage infatuation in a boy who perpetually finds himself in complicated situations both at home and outside.  Allari was released on 10 May 2002 and was a box office success. Naresh who became popular with this film, eventually prefixed the title Allari to his name. The film was remade in Tamil as Kurumbu.",allarinaresh nilambari shwetaagarwal tanikellabharani kotasrinivasarao,ravibabu,
80930,Chennakesava Reddy,2002-09-22,2002,te,"[18, 80, 28]",0.6094,5.5,4,"After two decades in prison, legendary factionist Chennakesava Reddy (Balakrishna) returns to Rayalaseema, seeking revenge. Standing in his way, is his son Bharath (also Balakrishna), a law-abiding police officer.",nandamuribalakrishna shriyasaran tabu devayani brahmanandam,v.v.vinayak,faction
308225,O Chinadaana,2002-01-25,2002,te,[],0.2546,6.0,1,"Divya Reddy (Sruthi Raj) and Ramya Reddy (Gajala) are inseparable sisters, who study in the same college. Srinivasa Sastry (Raja) and Ramya love each other. Divya hates love due to her own experiences in the past. Divya had a childhood love Rajesh at an age of eight. Rajesh deserts her and leaves to an unknown destination at that age.  Ramya and Seenu decide that they should get the Rajesh back so that Divya falls in love with him and gives green signal to the love of Ramya and Seenu. Seenu gets hold of Narasimha (Srikanth) and pays him to act as the childhood lover of Divya.  Then the father of Divya and Ramya, who is a military major (Jaya Prakash Reddy), returns from the army for a month holiday. The rest of the film is a laugh riot. You should watch this film to know how the new relationships add spice and humor to these main characters in the film.",srikanth raja gajala florasaini alibasha,e.sathibabu,
553029,Sreeram,2002-06-21,2002,te,"[28, 18]",0.3819,0.0,0,"Sreeram's ambition to become a police officer is in jeopardy when he has a fight with Encounter Shankar, a corrupt police officer, when he misbehaves with his girlfriend.",udaykiran anitahassanandanireddy ashishvidhyarthi m.s.narayana venkateswararaoparuchuri,v.n.aditya,
395068,Show,2002-09-13,2002,te,[35],0.2348,6.8,4,"Ridhima (Manjula), an executive from Delhi-based pharmaceutical company visits a remote village in AP to make a deal on patents with a professor who invented a new drug. The professor leaves a note that he would return late as he had to attend some urgent work and she shall wait for his arrival. At that time Madhav Rao, a junior lawyer who supervises the event of patent selling arrives at that place. Ridhima is a fun loving unmarried girl. Madhav Rao is a frustrated married guy. The events that take place for a few hours between these two makes up the story.",manjulaghattamaneni laxmirattan suryabhagawandas,g.neelakantareddy,
280330,Seema Simham,2002-01-10,2002,te,[28],0.32,4.5,2,"Seema Simham is a action based movie in which, Visweswara Rao (Raghuvaran) and Chandra Sekhar (Charan Raj) are the best friends. They have a kid each. Visweawara Rao is a business magnate and Chandra Sekhar is a police officer. Chandra Sekhar arrests a dreaded goon and the goon",nandamuribalakrishna simran reemasen k.viswanath raghuvaran,g.ramprasad,
1466242,Neetho,2002-06-27,2002,te,[],0.2946,0.0,0,"Madhav, a college student, falls in love with Shalini and proposes her to act as his lover for thirty days without revealing his identity.",prakashkovelamudi maheckchahal,johnmahendran,
80923,Avunu Valliddaru Ishtapaddaru!,2002-08-02,2002,te,"[10749, 18, 10751]",0.6457,6.8,5,Anil and Swathi live in the same room without invading each other's personal space. Things get interesting when they exchange letters and gradually fall in love.,raviteja kaveri m.s.narayana kotasrinivasarao tanikellabharani,vamsy,roommates letter
423815,Aaduthu Paaduthu,2002-04-04,2002,te,"[35, 18]",0.2739,6.0,1,"Two wayward friends live in a bus that is converted into a mobile home. They take a loan and plan to convert the bus into a mobile canteen. But, things begin to change when a girl enters their lives.",srikanth sunilvarma gayatrijayaraman dharmavarupusubramanyam,deviprasad,remake
308055,Nee Thodu Kavali,2002-03-28,2002,te,[],0.2412,0.0,0,2002 Telugu romance,arjanbajwa charmykaur rimisen jahnaviellore vizagprasad,bhimanenisrinivasarao,
531061,Siva Rama Raju,2002-11-01,2002,te,"[28, 18]",0.31,0.0,0,"Siva, Rama and Raju are brothers who dote on their sister, Swathy. She is married off to a rich, neighbouring family. But, the head of that family is a vengeful man looking to settle past scores.",jagapatibabu harikrishnanandamuri brahmanandam laya l.b.sriram,v.samudra,
929803,Manasunte Chalu,2002-05-02,2002,te,"[10749, 18]",0.1866,0.0,0,"Jonnalagadda Sreenivasa Rao directs this film produced by Ramoji Rao under Ushakiran Movies starring Sai Kiran, Jennifer & Sivaji in the lead roles. Shiva Shankar has scored the music on the lyrics of Sri",brahmanandam venumadhav saikiran sivajisontineni dharmavarupusubramanyam,,
308014,Dhanalaxmi I Love You,2002-10-18,2002,te,[],0.2066,5.0,2,"Babu Rao, Raju and Shyam are in desperate need to make money due to various situations in their lives. An MNC company offers them a lucrative way to make money, which could change their life forever.",allarinaresh adityaom naresh ankitha tanikellabharani,sivanageshwararao,
1142476,Kondaveeti Simhasanam,2002-02-08,2002,te,"[18, 28]",0.1775,3.0,1,Kondaveeti Simhasanam is a 2002 Indian Telugu-language action drama film directed by Dasari Narayana Rao,mohanbabu soundarya dasarinarayanarao deeptibhatnagar laya,dasarinarayanarao,
94965,Okkadu,2003-01-15,2003,te,"[28, 18, 10749]",4.2968,7.643,42,"Ajay, a fiery Kabaddi player from Hyderabad, visits Kurnool for a tournament and rescues Swapna from a faction leader Obul Reddy, who wants to force her into marriage. He secretly hides her in his home and assists her in planning her escape abroad for her higher studies. But, fate has other plans.",maheshbabu bhumikachawla prakashraj mukeshrishi geetha,gunasekhar,rescue police sports kidnapping rivalry tension tournament falling in love tough guy faction escape plan manhunt kabaddi father son relationship brother sister relationship factionism sport action drama
117086,Ela Cheppanu,2003-02-10,2003,te,[10749],1.0668,4.7,3,"Ela Cheppanu (Telugu: ఎలా చెప్పను, English translation: How Should I Say?) is a Telugu film starring Shriya and Tarun, directed by Ramana. It is the remake of the Bollywood hit movie Tum Bin.  Tarun ... Sekhar  Shriya ... Priya  Siva Balaji ... Amar Varma  Tanikella Bharani  Brahmanandam  Giri Babu  Sowcar Janaki  Kovai Sarala  Sunil",tarun shriyasaran tanikellabharani brahmanandam sowcarjanaki,ramana,
80805,Simhadri,2003-07-09,2003,te,"[28, 18]",1.4832,6.4,16,"Simhadri, a loyal servant in a landlord's house, leads a secret life as Singamalai, a powerful leader in the state of Kerala.",n.t.ramaraojr. bhumikachawla ankitha kotasrinivasarao brahmanandam,s.s.rajamouli,
409444,Kabaddi Kabaddi,2003-02-16,2003,te,"[18, 10749, 35]",1.0163,5.0,1,"Vishnu wants to marry his childhood sweetheart whom he meets after fifteen years. However, problems arise when the girl's father plans to get her married elsewhere.",jagapatibabu kaveri brahmanandam krishnabhagavan tanikellabharani,venki,
117092,Gangotri,2003-03-28,2003,te,"[10749, 18]",0.9328,4.0,9,"A factional leader's only daughter falls in love with his loyal lieutenant's son. When the childhood lovers' secret is exposed their fathers become enemies. How will the young man react to his lover's father bombing his house? Will there ever be an end to the cycle of violence, hatred and revenge?",alluarjun aaditiagarwal prakashraj sumantalwar brahmanandam,kraghavendrarao,
1026159,Nenu Pelliki Ready,2003-11-14,2003,te,"[10749, 35]",0.7711,0.0,0,"Pressurized into getting married, Gopi selects three prospective brides from a marriage bureau. In order to get rid of them, he gets engaged to Priya, the owner of the bureau.",srikanth sangeethakrish laya anitahassanandanireddy m.s.narayana,venki,
281954,Johnny,2003-04-25,2003,te,"[18, 28]",0.9915,5.2,6,A martial arts coach struggles to earn money through fights in order to save his wife suffering from blood cancer.,pawankalyan renudesai mallikarjunarao m.s.narayana geetha,pawankalyan,martial arts husband wife relationship fight money orphan action hero
342800,Naaga,2003-01-10,2003,te,"[28, 18]",0.9381,3.5,4,A man wages a battle against politicians and their dishonourable ways of campaigning when some political goons harm his father and sister due to a trivial issue.,n.t.ramaraojr. raghuvaran sadha nassar jenniferkotwal,d.k.suresh,
97343,Tagore,2003-09-24,2003,te,"[18, 28]",0.78,6.6,13,"Tagore (Chiranjeevi) creates his own vigilante military network called the Anti-Corruption Force (ACF) that eliminates the most corrupt individuals, from all walks of life, in a systematic manner. As pressure builds on Police and Government to track down the Man who masterminds these killings, Balbir Singh (Puneet Issar), is specially summoned to head the task. He is aided by Suryam (Prakash Raj) who, though being just a constable in the mammoth Police force, is compelled by his instincts to see through the underlying design. Together they unravel the mystery and unveil the phenomenon called Tagore, but not before Badrinaryana (Sayaji Shinde), the human face of evil, finds out that his revelry in the belief of Tagore’s death was a mistake he can never make amends for.",chiranjeevi shriyasaran jyothika prakashraj sayajishinde,v.v.vinayak,
202080,Raghavendra,2003-03-28,2003,te,"[28, 18, 10749]",0.6118,4.1,8,"Raghava (Prabhas) is a hot-blooded and restless youth who cannot tolerate injustice that is being done in the society. In the process, he picks up fight with local mafia leader Ankineedu (Anandraj). Ankineedu stabs Sirisha (Anshu) - the ladylove of Raghava - to death. He also issues an ultimatum to Raghava's parents to leave the city in few hours. The vexed parents ask Raghava to accompany them only if he agrees to listen to their words. They take Raghava to Mantralayam - a relatives place - and make him become a devotee of Lord Raghavendra Swamy.",prabhas shwetaagarwal anshu brahmanandam muralimohan,sureshkrissna,
31350,Amma Nanna O Tamila Ammayi,2003-04-19,2003,te,"[18, 10749]",0.7778,6.5,12,Chandu is very passionate about kickboxing and his life revolves around his mother and his girlfriend. His life is shattered when his dying mother asks him to meet his estranged father Raghuveer.,raviteja asinthottumkal jayasudha prakashraj subbaraju,purijagannadh,son father kick boxing
260016,Sivamani,2003-10-23,2003,te,"[10749, 28, 18]",0.7182,5.0,7,"Shivamani (Nagarjuna) is a honest cop in Vizag. He falls in love with Vasantha (Asin), a beautiful lady who aspires to become a singer. There is a mafia guy called Dutt (Prakash Raj), whom Shivamani troubles a lot. Incidentally Vasantha is distantly related to Dutt and both of them belongs to Kerala. In the meantime, Shivamani's mother (Sangeeta) gets paralyzed. Shivamani and Vasantha take her to Kerala to get the treatment of Kerala's Ayurveda specialists. In the process, Dutt gets back to Kerala and he is on the mission to weaken Shivamani by getting Vasantha away from him. The rest of the story is all about how he gets back Vasantha with the help of a newspaper's editor Pallavi (Rakshita).",nagarjunaakkineni asinthottumkal rakshita prakashraj alibasha,purijagannadh,
80996,Dil,2003-04-03,2003,te,"[18, 28, 10749]",0.4229,6.9,4,"Seenu (Nitin) is a new admit into a college. Nandini (Neha) goes to the same college. Seenu is from a middle class family and Nandini is a rich girl. Nandini is the only daughter of Gowri Shankar (Prakash Raj), who is a land mafia don. Gowri Shankar suspects them to be lovers after he finds them dancing for freshers celebration at college. Seenu gets beaten up. Irritated by this, Seenu challenges about winning the love of Nandini. After several attempts, she falls in love with him. They elope and get married when Gowri Shankar tries to separate them. The story takes several turns before the movie ends in a happy note.",nithiin nehaoberoi kausharach sivajisontineni prakashraj,v.v.vinayak,
410652,Ninne Ishtapaddanu,2003-06-13,2003,te,"[18, 10749]",0.7617,5.0,2,"Hero Charan (Tarun) a middle class family guy, is cheated by Sanjana (Anitha), a girl from rich family. This is to take revenge on him as he teased her in the past. When the hero comes to see Sanjana after a gap of few months, realizes that she is engaged to an NRI (Rajeev Kanakala), who is an innocent guy and loves to marry a girl with Indian culture. Charan comes to know that the bridegroom happens to be his friend. Then Charan tries to change the egoistic nature of Sanjana from a different angle. Meanwhile, the hero gets a friend Geethanjali (Sridevi), an orphan girl, working in All India Radio and gets attracted by the hero.",tarun sridevivijayakumar sunilvarma giribabu sarathbabu,kondaa,
308234,Veede,2003-11-06,2003,te,[],0.5105,6.5,2,"Yedu is a responsible citizen of Bobbarlanka, a place where everything is in place but for the polluted water that is coming from the factory. Everybody in the village complained, but of no use. Then the village head forms a team of three comprising of Yedu, Manga and her grandmother and sends them to Hyderabad so that they could meet the minister and express the villages problem to him. Can they change things?",raviteja telanganashakuntala aarthiagarwal reemasen sayajishinde,ravirajapinisetty,
82568,Satyam,2003-12-19,2003,te,[],0.6739,6.3,3,"Satyam is an unbelievably nice guy. Everybody likes him--except for the two people he loves most, his father and Ankita, the girl with whom he is in love with. Because he and his father don't get along, Sathyam leaves home and starts living with friends. A sensitive man and sensible writer, Satyam ghost-writes for a popular film lyricist. He wants to prove himself as lyricist before meeting Ankita, when he intends to express his love for her; except in the meanwhile, a flamboyant classmate of Ankita proposes to her.",sumanth geneliad'souza kotasrinivasarao brahmanandam tanikellabharani,suryakiran,
82264,Okariki Okaru,2003-10-09,2003,te,"[10751, 18, 10749]",0.8266,0.0,0,"Kamesh, a young man travelling to Kaasi, sees Swapna, an NRI, at a railway station and falls in love with her. When Swapna returns to the US, Kamesh fights all odds to follow suit and win her love.",srikanth aartichabria radhakumari manavvij tanikellabharani,rasoolellore,
82615,Seetayya,2003-08-22,2003,te,[],0.5075,6.0,1,"Inspector Seethaiah makes more enemies than friends and changes names wherever he migrates. But, he cannot escape the evil and fights back the anti-social elements till the end.",harikrishnanandamuri simran soundarya mukeshrishi raviprakash,y.v.s.chowdary,
117847,Maa Alludu Very Good,2003-03-03,2003,te,"[35, 18, 10749]",0.773,5.0,1,"Maa Alludu Very Good is an Comedy Romance based movie. In which,Purse Ram aka Parasuram (Naresh) is a petty thief who is grown up on stealing things since his childhood. He happens to see a girl Meghana (Mounika) and then instantly falls in love with her. He comes to know that she prefers educated guys with knowledge in various languages and cops. He impresses Meghana by feigning that he is a strict cop.",allarinaresh mounica rajendraprasad ramyakrishnan brahmanandam,e.v.v.satyanarayana,
308237,Ottesi Cheputunna,2003-04-26,2003,te,[],0.4221,6.0,1,"Film starring Srikanth, Sravanthi, Sivaji",srikanth kaniha sivajisontineni sunilvarma anithapatel,e.sathibabu,
81089,Missamma,2003-05-01,2003,te,[18],0.5707,8.2,4,"Nanda Gopal, an efficient professional, works for one of the biggest business corporations in India; he tries to impress his boss, Meghana, but ends up losing his job; Meghana promises to retain Nanda Gopal provided he passes few tests.",bhumikachawla sivajisontineni laya sarathbabu tanikellabharani,g.neelakantareddy,
279463,Vasantham,2003-07-11,2003,te,"[10751, 18, 10749]",0.592,5.5,2,"Vasantham is an Family based movie. In which, Ashok (Venkatesh) and Julie (Kalyani) are childhood friends. Ashok is like a family member of Julie",venkatesh kaveri aarthiagarwal jaiakash chandramohan,vikraman,
185435,Janaki Weds Sriram,2003-09-12,2003,te,[10749],0.2958,5.0,1,"It is one of those hide-and-seek dramas — childhood friends get separated, and as grown-ups fall in love with each other unknowingly. With some needed twists that lend a feel-good touch, apart from a love triangle, the movie makes a bid to impress the audience. Director Sreenu, who has had some directorial experience before, takes the credit for shaping the story in such a way that it looks different. The film can be termed musical, for it deals with lots of inter-college music competitions. -- Jeevi @ Idlebrain.com",rohit gajala rekhavedavyas alibasha ahutiprasad,anjisrinu,
224947,Nijam,2003-05-24,2003,te,"[28, 80]",0.5609,6.3,11,A young man is guided by his mother in a methodical manner to avenge his father against the perpetrators who falsely accused and killed him.,maheshbabu gopichand rakshita raasi tallurirameshwari,teja,corruption death of father revenge betrayal social injustice bribery vengeance tragedy drama
307915,Neeku Nenu Naaku Nuvvu,2003-08-15,2003,te,[10749],0.2846,4.0,1,"Raghavaiah funds Prasad's studies but begins despising him when he elopes with his daughter. Years later, Raghavaiah's adopted son falls in love with Prasad's daughter.",udaykiran shriyasaran krishnamraju sumantalwar sujatha,rajasekhar,
311777,Aithe,2003-04-11,2003,te,"[12, 18, 53]",0.5168,5.9,10,"With a price on his head, powerful Mumbai gangster Irfan Khan devises a plan to flee the country and hires four unsuspecting accomplices to help him hijack a plane to Kathmandu. As the four realize what he's up to, it becomes unclear whether Khan's scheme will get off the ground.",mohitchadda shashank janardhanchowdary abhishek pavanmalhotra,chandrasekharyeleti,airplane hijacking
226300,Oka Radha Iddaru Krishnula Pelli,2003-09-05,2003,te,[35],0.2768,2.0,1,"Oka Radha Iddaru Krishnula Pelli is a 2003 Telugu film directed by G.Nageswara Reddy and produced by DVV Danayya and J Bhagavan under Sri Balaji Creations. The film stars Srikanth, Prabhu Deva and Namitha in the lead roles.",srikanth prabhudeva namitha tanikellabharani chandramohan,g.nageswarareddy,
282555,Golmaal,2003-02-21,2003,te,[35],0.2329,8.5,2,"Golmal is an Comedy based movie. In which, Ameer Khan (JD Chakri) and Amar Sastry (Ramesh Arvind) are buddies in a village. Ameer Khan is a rich guy and has a long-cherished dream of flying to USA and to do the white collared job. Amar Sastry is a poor guy who has lots of responsibilities and the entire burden of his family is on his shoulders.The conventional parents of Ameer want him to join the college run by Abdullah - a friend of Ameer",j.d.chakravarthi neha meeravasudevan ramesharavind giribabu,p.n.ramachandrarao,
117071,Dongodu,2003-08-07,2003,te,"[18, 35]",0.655,5.4,5,Dongodu is a 2003 Telugu language comedy movie produced by Bheemineni Rushita Sai under Goodwill Cinema banner. This Movie is remake of Malayam movie Meesa Madhavan. The film features Ravi Teja and Kalyani in the lead roles. Music has been composed Vidya Sagar. The movie released on 7 August 2003 was a decent Boxoffice success,raviteja kaveri rekhavedavyas riyazkhan tanikellabharani,bhimanenisrinivasarao,
117834,Kalyana Ramudu,2003-07-18,2003,te,"[10751, 18]",0.3924,5.0,1,"Kalyana Ramudu  is a 2003 Telugu family film and remake of Malayalam film Kalyanaraman, directed by G. Ram Prasad and produced by Venkata Shyam Prasad under SP Entertainments. The film stars Venu Thottempudi, Nikita and Prabhu Deva in the lead roles.",venuthottempudi nikitathukral prabhudeva sumantalwar sunilvarma,g.ramprasad,
281938,Vishnu,2003-10-03,2003,te,[18],0.5861,1.0,1,"Vishnu and Vaishnavi are childhood pals. They get separated at a young age. After a gap of 15 years, Vishnu finds Vaishnavi. He does not disclose his identity and instead to win her love on his own merits. Vaishnavi learns of this and a misunderstandings crop up.",vishnumanchu jayasudha brahmanandam tanikellabharani ananthbabu,shajikailas,
281866,Tiger Harischandra Prasad,2003-12-31,2003,te,[18],0.2102,0.0,0,"Peasant who produces the raw food for us is the least cared section by the government. The middlemen buy raw products from peasants at a very minimal price and sell it at higher level at big price. In the process, the middlemen and industrialists are making huge profits and the peasants are not even earning enough money to support their daily bread and butter needs.",harikrishnanandamuri ramyakrishnan sangeethakrish brahmanandam,,
996005,Villain,2003-11-23,2003,te,"[28, 18]",0.4838,0.0,0,"Guru, a bus conductor, steals from the corrupt in order to fund an organization that aids people with disabilities. He also pretends to be his twin, Vishnu, to avoid detection and trial.",dr.rajasekhar nehadhupia tulipjoshi naresh fefsivijayan,k.s.ravikumar,
1021898,Oka Raju Oka Rani,2003-06-19,2003,te,"[10749, 35]",0.191,3.0,1,"Ravi loves Preethi and wants to marry her but her father hates such unions due to her sister's failed love marriage. In an attempt to be with each other, they both plan to cheat her father.",raviteja namitha tanikellabharani brahmanandam m.s.narayana,yogeshkmc,
117076,Ee Abbai Chala Manchodu,2003-01-14,2003,te,"[35, 10749]",0.3333,4.3,3,"Vivek's father thinks love is all about carnal pleasures, whereas his lover Bharathi's mother thinks men must be dominated. To disprove their parents' beliefs, the couple decide to live together.",raviteja vani ajayrathnam sangeethakrish preetinigam,agathiyan,
258365,Sambaram,2003-07-31,2003,te,[18],0.3389,5.7,3,"Ravi (Nitin) and Geeta (Nikita) are childhood friends. Ravi is a carefree guy who roams around with friends without concentrating on studies. Geeta is a sincere student who passes engineering studies. Ravi has love feelings for her and everybody in the town is aware of it except for Geeta. When she is asked by Nitin's sister-in-law when she is planning to marry Ravi, she expresses her surprise and says that they are just friends and she has no feelings for her. She shows her materialistic attitude by saying that she wants her husband to be financially and academically more stronger than her. Ravi is devastated after listening to her logic. He realizes the importance of being a responsible family member and takes up odd jobs to earn money.",nithiin nikitathukral venkateswararaoparuchuri m.s.narayana venumadhav,dasaradh,romcom
274378,Donga Ramadu and Party,2003-06-26,2003,te,[],0.2791,6.0,1,"When petty thief Ramakrishna seeks refuge in the village of Kotayya after a botched con, he decides to masquerade as the long-lost grandson of the village's philosopher founder -- thus inheriting the man's property. But trouble comes in the form of a beautiful investigative reporter, who quickly recognizes him as an imposter -- and with whom Ramakrishna falls in love. Now, he must make himself worthy of her affection.",srikanth laya jayaprakashreddy bhuvaneswari krishnabhagavan,vamsy,
1022263,Pellamto Panenti,2003-09-12,2003,te,[],0.2699,0.0,0,"Madhu rejects the advances of a few women because he does not believe in love. However, his life takes a turn when he discovers that Kalyani, a girl who loves him, is suffering from a fatal illness.",venuthottempudi laya kotasrinivasarao brahmanandam giribabu,s.v.krishnareddy,
308220,Neeke Manasichanu,2003-12-12,2003,te,[],0.2251,0.0,0,2003,sarathbabu brahmanandam chandramohan gunduhanumantharao jayanthi,suryateja,
307744,Anaganaga O Kurradu,2003-08-15,2003,te,[10749],0.314,0.0,0,"Anaganaga Oka Kurradu is an Romance based movie. In which, Sachidananda Murthy alias Sachin (Rohit) is an enthusiastic youngster and an aspiring cricketer. He is son of a car driver (Chalapati Rao) and belongs to a lower-middle-class family that lives in a slum area. His father wants him to study well and earn a government job. But Sachin wants to become a national level cricketer and play for India.",rekhavedavyas banerjee chalapathirao rajivkanakala dharmavarupusubramanyam,l.p.ramarao,
87614,Sye,2004-09-26,2004,te,"[18, 28]",2.0144,6.5,15,"The story is set in the backdrop of a college that is riven by two groups led by Prithvi and Shashank. Though there is nothing malicious between the groups, they just can't see eye to eye on anything. The only thing common between the two are their abiding passion for rugby. Whenever a problem crops between the two, it is usually settled with a bitter scrum on the rugby field. As it happens, the college land falls into the hands of a local dadha Bikshu Yadav. This is good enough reason for the two groups to forge a common identity and fight for the land. Prithvi and Shashank bury the hatchet and get back the land. This is too much of a bitter pill for the dadha to swallow. And so he dares the students for a rugby match with his own group.",nithiin geneliad'souza pradeepramsinghrawat shashank rajivkanakala,s.s.rajamouli,college
23932,143 (and I Miss You),2004-08-27,2004,te,[],1.7764,6.5,4,"Siddu (Sairam Shankar) is a carefree boy-next-door. Sanjana (Samiksha) is a doting sister of four elder brothers. Siddu is like a family member in Sanjana's household. One fine day, Sanjana elopes with Siddu. And fate separates them. Sanjana goes into the protective hands of naxalites. Siddu lands up in the house of a journalist (Flora Saini). Siddu thinks Sanjana is dead. Sanjana thinks Siddu is no more. The rest of the story is all about how fate unites them again.",sairamshankar samekshaoswal florasaini nagendrababu brahmanandam,purijagannadh,
73112,Venky,2004-03-26,2004,te,"[35, 12]",1.442,6.4,15,"Venky is headed to Hyderabad to join the police force. However, he ends up embroiled in a double murder on the train. When he joins the academy, he realises that their boss is the murderer.",raviteja sneha srinivasareddy chitramseenu ramachandra,sreenuvaitla,
528613,Gowri,2004-09-03,2004,te,"[10749, 28]",0.9446,6.0,1,Gowri (Sumanth) is a motorcycle mechanic living in Dhoolpet area of Hyderabad. Shweta (Charmme Kaur) is a college student who is the daughter of media baron Chandra Shekhar (Vizag Prasad). Gowri and Shweta fall in love with each other to the disapproval of Chandra Shekhar. He seeks the help of a mafia leader Sarkar (Atul Kulkarni) to separate Gowri and Shweta. The rest of the story is all about how Gowri overcomes Shweta's father and Sarkar to gain Shweta's hand in marriage.,sumanth charmykaur atulkulkarni raghubabu tanikellabharani,b.v.ramana,
115067,Anji,2004-01-15,2004,te,"[12, 14]",1.2564,5.5,12,"The Aatmalingam of the Himalayas possesses enormous divine powers. Once every 72 years, the Akasa Ganga from the sky flows into Aatmalingam. Those who drink Akasa Ganga 's holy water become immortal and gain supernatural powers.",chiranjeevi namratashirodkar tinnuanand nagendrababu m.s.narayana,kodiramakrishna,
1142519,Varam,2004-01-01,2004,te,[18],0.8254,0.0,0,Varam is a 2004 Indian Telugu film directed by Raghuram,ramyakrishnan poojabharti sivajisontineni,,
80880,Aarya,2004-05-07,2004,te,"[10749, 18]",1.481,6.5,45,"Aarya is a happy-go-lucky young man who goes to college. When he falls in love with Geetha at first sight, he proposes to her - in front of her boyfriend Ajay, who recently also proposed to her. She bluntly refuses, but ...",alluarjun anuradhamehta sivabalaji subbaraju sunilvarma,sukumar,
281948,Naani,2004-05-14,2004,te,"[10751, 35, 14]",1.1779,5.6,11,"An impulsive youngster, who is furious with his mother, seeks assistance from a scientist for a way to become an adult overnight. His wish is granted and he begins look like a 28-year-old man. How will he deal with the complexities of adulthood? How will his relationship with his mother evolve?",maheshbabu ameeshapatel devayani raghuvaran aishwaryabhaskar,s.j.suryah,dual identity transformation wish coming of age magic realism child as an adult dual role mischievous child toy maker wish fulfillment age change science fiction fantasy
82322,Varsham,2004-01-14,2004,te,"[18, 53, 10749]",1.0135,6.1,17,"Venkat and Sailaja meet on a train and fall in love. But Sailaja's father disapproves of their relationship and decides to marry her off to Bhadranna, a ruthless landlord, who is obsessed with her.",prabhas trishakrishnan gopichand prakashraj sunilvarma,sobhan,
80856,Arjun,2004-08-18,2004,te,"[28, 18]",1.4256,5.571,14,A young man risks his life to guarantee his twin sister's happiness and protect her from murderous in-laws.,maheshbabu keerthireddy shriyasaran raja prakashraj,gunasekhar,sibling relationship twin sister flashback family drama in-laws evil bloodshed moral dilemma brother sister relationship violence protective brother emotional struggle murderous family
81088,Mass,2004-12-23,2004,te,"[18, 28, 80, 10749]",0.9509,6.1,22,"Mass, an orphan, bonds well with his landlord's son, Adi, who is in love with a mafia head's daughter. Attempting to separate the lovers, the gangsters kill Adi and Mass sets out to seek revenge.",nagarjunaakkineni jyothika rahuldev charmykaur raghuvaran,raghavalawrence,
1085616,Anandamanandamaye,2004-02-06,2004,te,"[10749, 35]",0.7077,0.0,0,"While on a train journey, Kiran, an engineer, meets Bhuvana and falls in love with her. Bhuavana's family agrees to their marriage, but mistaken identities lead to the cancellation of the wedding.",jaiakash renukamenon j.d.chakravarthi preetijhangiani devan,sreenuvaitla,
148884,Shankar Dada M.B.B.S.,2004-10-15,2004,te,[],1.0038,6.5,15,"Shankar Dada is a local goon who sets out to fulfill his parents' dream of him being a doctor. With help from his sidekick ATM, he enrolls himself in medical college and drives the principal and his daughter Dr. Sunitha up the wall.",chiranjeevi srikanth sonalibendre pareshrawal girishkarnad,jayantparanji,remake fake doctor
81082,Malliswari,2004-02-18,2004,te,"[35, 10749]",1.0037,6.7,19,"A man falls in love with a woman, unbeknownst to the fact that she is a princess in hiding.",venkatesh katrinakaif kotasrinivasarao sunilvarma brahmanandam,k.vijayabhaskar,
307952,Cheppave Chirugali,2004-09-24,2004,te,"[10749, 18]",0.7562,7.0,2,"Venu is a receptionist at a lowly beachside hotel in Vizag. He has a beautiful neighbor Nirmala. Her father's financial status is in bad shape and Venu helps them monetarily and morally. In the process Nirmala falls in love with Venu and Nirmala's family approves their relationship. Later on a well-off guy, Ramji, starts helping Nirmala and family out with luxurious items and better living conditions. Nirmala's father falling for this windfall, forces Nirmala to accept Ramji's marriage proposal by dumping Venu.",venuthottempudi ashimabhalla abhirami kiranrathod kaikalasatyanarayana,vikraman,
228096,Adavi Ramudu,2004-05-21,2004,te,[],0.7008,5.2,5,"Madhu comes to a village in childhood here she taught a boy and tells him to be educated person.10 years later the boy Ramadu(Prabhas) returns to the college,here he meets college most wanted sexiest woman Madhu(Aarthi Aggarwal).Madhu gots into love with him.Later she reveals in her birthday party that she was the childhood girl who told him to be educated person.However Madhu mother Tribhuvna(Telangana Shakuntala) insults him and through out of her party and house.Tribhuvna is a hot minded woman who can do whatever she wants either Mafia or Politics.She want kill ramadu.What happens then is rest of movie",prabhas aarthiagarwal brahmanandam venumadhav ramyakrishnan,b.gopal,
1212033,Andaru Dongale Dorikite,2004-06-18,2004,te,"[18, 35]",0.5521,0.0,0,"A girl learns that her widowed father has fallen prey to his young, opportunist secretary. In order to foil their romantic holiday, she plans her own kidnap drama but gets abducted by car thieves.",rajendraprasad prabhudeva kiranrathod ankitha nagendrababu,nidhiprasad,
693459,Aruguru Pativratalu,2004-02-06,2004,te,[],0.4939,0.0,0,Six women who were one schoolfriends meet again after six years and discuss their marital lives.,chalapathirao l.b.sriram,e.v.v.satyanarayana,
307746,Andhrawala,2004-01-01,2004,te,[28],0.8876,3.0,6,"Shankar, leader of a labour union, is killed by a mafia don. His son Munna, who is raised by the slum dwellers, is unaware of his past. However, his enemies identify him and attempt to kill him.",n.t.ramaraojr. rakshita sayajishinde sanghavi rahuldev,purijagannadh,flashback mumbai underworld violence action revenge drama
23971,Aa Naluguru,2004-12-09,2004,te,[18],0.6467,6.9,16,"This film is a tale of a willing loser, a good everyday guy who constantly sticks to his principles, fails, and finally takes a drastic step when his family urges him to sacrifice everything he stands for,to give his children what they want.",rajendraprasad kotasrinivasarao subhalekhasudhakar chalapathirao raghubabu,chandrasiddhartha,
243564,Puttintiki Raa Chelli,2004-04-01,2004,te,[],0.8789,3.0,1,"Sivanna (Arjun) and Lakshmi (Swati) are siblings. Their parents die when they were kids. Sivanna took the entire responsibility of raising his sister. Lakshmi falls in love with Ajay (Srinath). Sivanna marry off his sister to Ajay. But Ajay's family member is against to this marriage. When Ajay leaves abroad for an assignment, family of Ajay plots a conspiracy on Lakshmi and accuses her of having an extramarital affair with the car driver.Ajay believes in his mother and starts abusing Lakshmi. When Sivanna comes to know about it, he offers to take her back to his home. But she refuses. The rest of the film is all about how Sivanna finds out evidence to prove the innocence of his sister.",arjunsarja meena srinath madhumitha ananthbabu,kodiramakrishna,
80391,Samba,2004-06-12,2004,te,"[28, 18, 10749]",0.7326,4.2,7,Samba and Pasupathi vie for each other's blood due to an old family feud. Samba wishes to further his dad's dream of making education available to all but Pasupathi stands in his way.,n.t.ramaraojr. prakashraj geneliad'souza bhumikachawla ahutiprasad,v.v.vinayak,
81071,Konchem Touchlo Vunte Cheputanu,2004-12-04,2004,te,[],0.8551,0.0,0,Story of the film is simple. It is about a man who falls in love with a woman. That woman buys time till the climax of the film to get the time going. An element of crime is added with Prakash Raj character. The crime element got diluted and the love thread is not convincing enough.,sivajisontineni archana prakashraj m.s.narayana brahmanandam,vamsy,
599440,Grahanam,2004-10-12,2004,te,[18],0.6759,7.0,1,"""Unless you believe in some principles to be true, there can be no peace. The intellect of all those who say ""this is all we know, this what there is"" is weak and fatigued. Perhaps there is another explanation, another truth, perhaps we don't know it yet!""- Chalam",jayalalita suryabhagawandas tanikellabharani thallavajhulamohnish goparajuramana,mohanakrishnaindraganti,
307825,Donga Dongadi,2004-08-06,2004,te,[35],0.6059,4.0,2,"A reckless young boy loses his father's trust after getting involved in eve-teasing. To prove that he is a responsible son, he leaves his house in search of a job and falls for the girl he had harassed.",manchumanoj sadha sunilvarma manikkavinayagam rajivkanakala,subramaniamsiva,
541795,Chanti,2004-11-12,2004,te,"[10751, 28, 18]",0.8492,4.0,1,"Chanti (Ravi Teja), a soldier, arrives at his village for his father's (Ranganath) funeral. He is bequeathed a huge property which he plans to use for his blind sister (Revathy). Unfortunately, the land happens to be between two proposed sites for a road in which the local MLA (Atul Kulkarni) has an interest, as it leads to his factory. He offers to buy it from Chanti, who refuses, citing it as a memorial of his father. Chanti's sister is married to Raja Ravindra (Raja Ravindra), Chanti's army friend. However, the MLA kills Raja. The rest of the story is how Chanti avenges his friend's and father's deaths and him getting married to his cousin Vasantha Laxmi (Charmme Kaur).",raviteja charmykaur daisybopanna atulkulkarni raghubabu,sobhan,
154913,Anand,2004-10-15,2004,te,"[18, 10749]",0.4065,6.5,20,"A rich guy falls in love with an independent and strong-minded girl, and moves into her simple neighborhood to earn her love.",raja kamalineemukherjee anishkuruvilla satyakrishnan anujgurwara,sekharkammula,
66517,Sri Anjaneyam,2004-07-24,2004,te,[18],0.8138,4.5,6,"Brahmam, a corrupt politician, kills Anji's parents and plans to demolish a temple. To help Anji fight the politician, Lord Anjaneya takes human form to stop it.",nithiin charmykaur arjunsarja prakashraj ramyakrishnan,pasupuletikrishnavamsi,
63671,Gharshana,2004-07-30,2004,te,"[80, 28, 53]",0.4038,7.3,9,"Rama Chandra (played by Daggubati Venkatesh) is the Deputy Commissioner of Police of Hyderabad City. His upbringing as an orphan, and the special nature of his job as a policeman, have left him reluctant to form relationships with women. He doesn't have much faith in the judicial system and seeks to 'eliminate' the criminals in the town through encounters.",venkatesh asinthottumkal salimbaig raviprakash danielbalaji,gauthamvasudevmenon,police remake revenge criminal
307907,Naa Autograph Sweet Memories,2004-08-11,2004,te,"[10751, 10749, 18]",0.6827,7.0,6,"Naa Autograph is a 2004 Tollywood film directed by S. Gopal Reddy. The film stars Ravi Teja as the protagonist, with Bhumika Chawla, Gopika, Mallika and Prakash Raj playing other important roles.",raviteja bhumikachawla kaniha mallika gopika,s.gopalareddy,told in flashback
303302,Sakhiya,2004-12-02,2004,te,[18],0.3321,4.0,2,A youngster's family is in financial trouble and is helped by a factionist as he saves her from a rival gang. He then gets into a deal with her for the entire amount but is cheated.,tarun nauheedcyrusi lakshmi alibasha ranganath,jayantparanji,
81078,Lakshmi Narasimha,2004-01-14,2004,te,"[28, 18]",0.6732,7.5,2,Lakshmi Narasimha is a Vijayawada police officer who agrees to take bribes for the betterment of the city.,nandamuribalakrishna asinthottumkal prakashraj k.viswanath krishnabhagavan,jayantparanji,
82310,Yagnam,2004-07-02,2004,te,[],0.4107,5.0,4,"Seenu (Gopichand) is a loyal servant and a right-hand of faction leader Reddeppa (Devaraj). He and Sailaja (Sameera Benarjee) - daughter of Reddeppa - grew together. Nayudamma (Raj Kumar) is an arch rival of Reddeppa. Factional feuds between them have resulted in loss of number of lives among their groups. When Reddeppa realizes that his daughter and Seenu are in love, he swings into action by trying to kill Seenu. Rest of the story is all about how Seenu secures the hand of Sailaja and how he unites the forces of followers in both the warring groups to teach their masters (Reddeppa and Nayudamma) a lesson or two!",gopichand sameerabanerjee prakashraj devaraj dharmavarupusubramanyam,a.s.ravikumarchowdary,
993994,Seenu Vasanthi Lakshmi,2004-03-26,2004,te,[],0.441,0.0,0,"Seenu, the sole earner of the family, lives with visual impairment and hopes that he will recover soon. However, tragedy strikes when his girlfriend and his sister get assaulted by a political figure.",r.p.patnaik prakashraj navaneetkaur brahmanandam padmapriyajanakiraman,edarasrinivas,
784380,Pedababu,2004-04-30,2004,te,[],0.3325,0.0,0,Peda Babu (Jagapati Babu) is the village head. He stays alone and away from his mother who is staying in the same village along with Peda Babu's step-father and half siblings. The entire village respects Pedababu as village head. But why is Pedababu staying away from his mother. He has not spoken a word to her for the past 25 years. What is the reason?,jagapatibabu kaveri sunilvarma suhasinimaniratnam k.viswanath,muraliparuchuri,
265973,Nenunnanu,2004-04-07,2004,te,[],0.7513,5.8,4,"Venu  is an orphan and a contractor at Vizag port. Anu is a student in classical singing. Sruthi  is Anu's friend. Anu makes an attempt to elope with her boyfriend Arun. Arun is the son of a Business tycoon JP. JP sends police across to nab Anu. As police nab Arun, Venu rescues Anu.",nagarjunaakkineni aarthiagarwal shriyasaran mukeshrishi subbaraju,v.n.aditya,
117093,Gudumba Shankar,2004-09-10,2004,te,"[35, 18, 10749]",0.5551,5.3,7,"Gudumba Shankar falls in love with Gowri and finds out that she is being forced to marry Kumar Swamy, a gangster.  Shankar tricks Kumar Swamy and gets married to Gowri.",pawankalyan meerajasmine ashishvidhyarthi brahmanandam sayajishinde,veerashankar,
87619,Vijayendra Varma,2004-12-04,2004,te,[18],0.3045,2.5,4,"An un-named man (Bala Krishna) lives with his wife (Laya), daughter and in-laws. He does not have a name nor does he know who he is. He cannot remember anything that has happened 7 years before. However, he realizes that he possesses special combat skills whenever he comes across evil elements. When he forces his wife to tell the truth, she reveals that he was found in river in a mutilated state and he was taken care of by her. As the man goes to Hyderabad searching for his identity, a few incidents lead to the answer. He discovers that he is none other than the most respected and committed Indian Army Officer, Vijayendra Varma. The rest of the story is about how he retraces his past and saves the nation from Pakistani Jihadis.",nandamuribalakrishna laya ankitha mukeshrishi ashishvidhyarthi,swarnasubbarao,
305822,Suryam,2004-12-02,2004,te,"[28, 10749]",0.38,4.0,1,A man sets out to fulfil his mother's last wish after serving his term in a juvenile detention center for a murder he did not commit.,vishnumanchu celinajaitly mohanbabu archana brahmanandam,v.samudra,
531036,Kushi Kushiga,2004-04-16,2004,te,[],0.3704,7.0,1,"Bhavani is at loggerheads with Surya and wants to see his end, as he gets a big share of the property they were fighting for. Bhavani's sister falls for Surya which invites more trouble for Bhavani.",jagapatibabu venuthottempudi ramyakrishnan sangeethakrish nikitathukral,g.ramprasad,
37172,Athadu,2005-08-10,2005,te,"[28, 53, 10751]",2.6252,7.614,70,"A hitman, Nandu, is hired to stage the assassination of a politician. However, when the politician is actually killed and Nandu is framed for the murder, he assumes a dead man's identity to evade the law.",maheshbabu trishakrishnan sonusood prakashraj nassar,trivikramsrinivas,assassination corruption escape hitman politics attempted murder investigation redemption politician deception revenge murder betrayal on the run conspiracy shooter one man army tough guy bank robbery gunshot framed for murder professional assassin manhunt fugitive suspect crime suspense corrupt police cbi
74154,Nuvvostanante Nenoddantana,2005-01-14,2005,te,"[18, 35, 10749]",1.5461,6.7,27,"Siri and Santosh fall in love with each other and plan to get married. However, his mother disapproves of their relationship.",siddharth trishakrishnan srihari prakashraj archana,prabhudeva,
132445,Danger,2005-10-29,2005,te,[],0.8519,5.7,3,"Karthik (Sairam Shankar), Satya (Allari Naresh), Ali (Abhishek), Lakshmi (Swathi) and Radhika Reddy (Shireen) are childhood friends. They set out to a farmhouse for a party to celebrate the prospective marriage of Lakshmi. On the way they collide with a police vehicle and speed away to the party happening in the outskirts of the city. The policemen in the vehicle are badly hurt and one of them takes note of the car number which hit them. The police raid the party in search of the owners of the car. Panic raises among the crowd and the group consisting of the five friends escape from the party and in process of avoiding the chasing cops.",sairamshankar allarinaresh abhishek swathireddy sherinshringar,pasupuletikrishnavamsi,
115066,Andarivaadu,2005-06-04,2005,te,"[35, 18]",1.5392,3.7,3,"Andarivaadu (Telugu: అందరివాడు) is a 2005 Tollywood comedy film directed by Srinu Vytla. The film stars Chiranjeevi, Rimi Sen, Tabu and Prakash Raj. This movie was a hit.  Govinda Rajulu (Chiranjeevi) is a 'mesthri' who drinks a lot and lives a care-free life. His son Siddartha (Chiranjeevi), on the other hand, is a popular TV show host and is a more disciplined man — the opposite of his dad. The son gets his father married to Shanti (Tabu) to sober him.",chiranjeevi rimisen tabu prakashraj hema,sreenuvaitla,
83824,Bunny,2005-04-06,2005,te,"[18, 10749, 28]",0.9303,4.8,18,"A millionaire's daughter is all set to marry her boyfriend against her father's wish. When her father finally approves the marriage, her boyfriend believes that her father should sign over his wealth to him.",alluarjun gowrimunjal prakashraj r.sarathkumar mukeshrishi,v.v.vinayak,
79210,Chatrapathi,2005-09-30,2005,te,"[18, 28]",0.9508,6.8,29,"Sivaji and his family are uprooted from their community in Sri Lanka and wind up as bonded labourers in Vishakhapatnam. Like his legendary namesake, he rises up to become the saviour of the oppressed.",prabhas bhanupriya shafi pradeepramsinghrawat shriyasaran,s.s.rajamouli,
132437,Chakram,2005-03-25,2005,te,"[18, 10749]",0.8979,5.6,12,"Chakram (Prabhas) is a foreign returnee and has a dream of building a hospital at Pulivendula. He is in love with his colleague, Lakshmi (Asin Thottumkal) who studied with him abroad. But leaves her half-way through after he realizes that he was struck with cancer. Not wanting to tell her, he moves to Hyderabad and stays in place called ‘Sahara Colony’. There, he tries to solve people problem's in the colony. Seeing all this, another girl who is also named Lakshmi (Charmy) falls in love with Chakram. The rest is a heart-rending saga of the cancer-struck patient's love station.",prabhas asinthottumkal charmykaur prakashraj padmanabham,pasupuletikrishnavamsi,
82168,Naa Alludu,2005-01-14,2005,te,"[28, 18]",0.9797,3.0,6,"Karthik seeks revenge after Bhanumati refuses to hire him despite his qualifications. When he vows to marry one of her two daughters, Bhanumati hires a bodyguard for them.",n.t.ramaraojr. shriyasaran ramyakrishnan geneliad'souza alibasha,varamullapoodi,
148839,Super,2005-07-20,2005,te,"[28, 35]",0.7614,4.3,11,"Sonu, his sister, Sasha, and their friend, Akhil, live a poor lifestyle in India. While Sasha has given her heart to Akhil, he treats her as a close friend and confidant. Times get so tough, that the trio conspire to carry out robberies, and end up doing so - quite successfully, eluding the authorities. When Sashs finds out that Akhil does not love her, she threatens to kill herself and misunderstandings break out between the three. Subsequently, they part ways, and a short time later Sonu is informed that Sasha is dead. Years later, a young woman, Dr. Sri Vidya, enters Sonu's life and he befriends her and her dad, so much so that he even aids them financially.",nagarjunaakkineni ayeshatakia anushkashetty sonusood sunilvarma,purijagannadh,
115268,Balu,2005-01-06,2005,te,"[28, 80]",1.0527,4.2,10,Balu helps the people of Mahankali market get the rights to their land. This means he'll have to face an old nemesis.,pawankalyan shriyasaran nehaoberoi gulshangrover brahmanandam,a.karunakaran,
80924,Bhadra,2005-05-12,2005,te,[28],1.1353,7.4,8,Bhadra(Telugu: భద్ర) is a Telugu film released on 12 May 2005 ( Dubbed in malayalam as Brahmam ) and was directed by debutant director Boyapati Srinu. Ravi Teja and Meera Jasmine played the lead roles. The film was later remade into Tamil as Saravana with Silambarasan and Jyothikaand also remade into bengali as Josh with Jeet and Srabonti. Linda Arsenio danced in an item number.,raviteja meerajasmine prakashraj sunilvarma muralimohan,boyapatisrinu,
279461,Subash Chandra Bose,2005-04-22,2005,te,[36],0.5344,2.8,4,"Subash Chandra Bose is a Patriotic action darma based movie in which Ashok (Venkatesh) working in a TV channel with his girl friend Anita (Genelia), covers the meeting of a politician (Prakash Raj).  By seeing Prakash Raj there, Ashok gets images from the bygone era. In a flash back, it is revealed that in the year 1946, a man named Subash Chandra Bose alias Chandram (Venkatesh) fights against local British officer (Gulshan Grover).  Subash Chandra Bose worships the real freedom fighter Subash Chandra Bose. When the state governor (Tom Alter) comes to Chintapalli along with his daughter Diana for a brief vacation, Subash Chandra Bose welcomes him by blowing up the water tank in his palace.",venkatesh shriyasaran geneliad'souza prakashraj venkateswararaoparuchuri,kraghavendrarao,
117415,Jai Chiranjeeva,2005-12-21,2005,te,[28],0.6106,5.5,10,"Jai Chiranjeeva (Telugu: జై చిరంజీవ) is a Tollywood 2005 film directed by K. Vijaya Bhaskar and produced by Vyjayanthi Movies. The movie stars Chiranjeevi, Bhoomika Chawla and Arbaaz Khan . It was dubbed into Hindi and Tamil as Bhajrang and Deva respectively. The film turned into a big hit in Bhoomika's career, after Kushi",chiranjeevi bhumikachawla arbaazkhan sameerareddy brahmanandam,k.vijayabhaskar,
308256,Mogudu Pellam O Dongodu,2005-09-07,2005,te,[10749],0.5469,3.0,1,"Murthy weds Satyabhama after falling in love. Murthy is an NRI and Satyabhama is a village belle. During their first night, Satyabhama enters the room at 10 pm and tells him that muhurat is at 12 midnight. A first-time thief enters the room without the knowledge of the couple. The story of the film is about how they spend those two hours.",raja shriyasaran brahmanandam,venki,
258354,Allari Bullodu,2005-09-15,2005,te,[35],0.3977,3.2,4,"When a wealthy businessman meets with an accident, his daughter takes over his company. Trisha's skills are tested when she has to spot the imposter, who is out to destroy her father's company.",nithiin trishakrishnan rathiarumugam krishnabhagavan jayalalita,kraghavendrarao,romcom
280326,Allari Pidugu,2005-10-05,2005,te,[28],0.7276,2.0,2,"Allari Pidugu is a action based movie Directed by Jayanth C paranji.Charkavarthy (Puneet Issar), has two sons Giri and Ranjith (both played by Balakrishna). Giri is the younger one, who is the village Romeo and in love with his cousin Subbalakshmi (Charmy). Ranjith turns into an ACP and meets his match Swathi (Katrina Kaif). GK (Mukesh Rushi) is a member of the parliament, whose anti-social activities are contained by Ranjith. Also, Chakravarthy who spends 14 years in prison after falsely charged by GK in a case is released. GK plans to take revenge on the family. But, the person who comes to the rescue of the family and the people threatened by the villain’s plans is Giri. The story is on how he ends as winner, by saving lives and winning respect from his father.",nandamuribalakrishna katrinakaif charmykaur puneetissar mukeshrishi,jayantparanji,
274754,Andagadu,2005-04-01,2005,te,[35],0.9679,6.0,1,"Though he's successful in his career composing commercial jingles, homely Sundaram (Rajendra Prasad) can't get a date. His solution? Learn black magic to attract mohini pisachi (sexually voracious female ghosts) that wander at night in search of available men. But when he meets Ramya (Damini), everything changes. Directed by Pendyala Venkata Rama Rao, this Indian comedy co-stars Bhavana, Harika, Sudha and Chandra Mohan.",rajendraprasad damini chandramohan,pendyalavenkataramarao,
531010,Hungama,2005-04-28,2005,te,[35],0.5245,0.0,0,"When Balaraju goes to Chinna Babu's house to ask for his daughter's hand in marriage, he is insulted. Later, Balaraju decides to seek revenge.",venumadhav alibasha kotasrinivasarao tanikellabharani brahmanandam,s.v.krishnareddy,
330755,Sri,2005-12-03,2005,te,"[28, 10749]",0.4447,4.3,3,A young man tries to save the girl he loves and her village from a cruel landlord.,manchumanoj tamannaahbhatia sukanya raghubabu giribabu,dasaradh,
226197,Bhageeratha,2005-10-05,2005,te,[18],0.4993,5.1,10,Bhageeratha is a 2005 Telugu movie directed by Rasool Ellore. The film stars Ravi Teja and Shriya Saran in the lead roles. The film was dubbed in Tamil as Jilla. The film was dubbed in Hindi as The Return of Sikander.,raviteja shriyasaran prakashraj vijayakumar brahmanandam,rasoolellore,
81081,Mahanandi,2005-12-03,2005,te,[28],0.7872,4.7,3,"A henchman, Shankar, is torn between his loyalty for his powerful leader and the love of the latter's sister.",sumanth anushkashetty srihari sumantalwar saikiran,v.samudra,
266499,Vennela,2005-11-26,2005,te,[],0.3738,6.2,3,"While celebrating her upcoming departure to the USA with her friends, Pavani meets Naveen (Raja). With his friends, Naveen is also celebrating receiving a visa to study in the USA. Incidentally, both get admitted to the same university.  Naveen and his friends go through culture shock and the troubles faced in studying in the US and trying for a part-time job.",raja parvatimelton sharwanand brahmanandam ravivarma,devakatta,
258352,Dhairyam,2005-02-12,2005,te,"[18, 10749]",0.4654,7.2,2,"Seenu is the son of a municipality truck driver Bonala Bikshapati. Mallika is the daughter of a millionaire Somalinga Raju. Seenu and Mallika are classmates and fall in love. Irritated by this, Somalinga Raju puts Seenu in jail on false charges. The second half is all about how Seenu bids for a great escape and marries his ladylove.",nithiin raimasen tanikellabharani aishwaryabhaskar brahmanandam,teja,
279533,Narasimhudu,2005-05-20,2005,te,[28],0.4705,3.6,5,"A young, orphaned boy is adopted by the villagers and he grows up striving for their wellbeing. When the sons of two corrupt men rape an 11-year-old, the young man vows to punish them for the crime.",n.t.ramaraojr. sameerareddy ameeshapatel ashishvidhyarthi brahmanandam,b.gopal,
307944,Radha Gopalam,2005-02-23,2005,te,[18],0.2539,5.5,3,Gopalam (Srikanth) performs tapas and gets Radha (Sneha) as his wife. Gopalam is an assistant public prosecutor. Radha is the daughter of Judge (Ranganath). She applies for a law degree after marriage and passes the exams with high honors. Radha is superior and more talented than Gopalam at work. This trait infuriates Gopalam and it causes a rift between him and Radha. The rest of the story is all about how they survive the ego tiff.,srikanth sneha sunilvarma jayalalita brahmanandam,bapu,
808824,123 from Amalapuram,2005-08-19,2005,te,[10749],0.3258,5.8,11,"Paramdham, Pedda, and Chinna are three spoilt brats who fall in love with the same girl. Later, they move to Vizag due to their reputation and help a girl overcome her troubles and move ahead in life.",raviprakash rajasridhar krishnabhagavan nithyadas,,
303917,Soggadu,2005-03-31,2005,te,"[35, 10749]",0.7789,5.3,3,"Ravi likes Swati and helps her escape from her wedding, only to realise that she likes Chandu. He decides to sacrifice his love and unite Swati with her lover.",tarun aarthiagarwal brahmanandam alibasha m.s.narayana,ravibabu,
298945,Evadi Gola Vadide,2005-01-21,2005,te,"[35, 10749]",0.5358,6.7,4,"Veera loves Aarti but his marriage is fixed to the daughter of powerful don Bakka Reddy. When Bakka learns about Veera's intentions, he orders his men to kill Aarti.",brahmanandam aryanrajesh chalapathirao dharmavarupusubramanyam kondavalasalakshmanarao,e.v.v.satyanarayana,assassination love love affair song
279459,Sankranthi,2005-02-17,2005,te,[10751],0.3537,8.0,3,"Raghavendra, a provisional store owner, is the eldest among four brothers who live together with their parents Rama Chandrayya and Janakamma. As they each start their own families, problems arise in their lives.",venkatesh srikanth sharwanand shivabalaji sneha,muppalanenishiva,
459048,Adirindayya Chandram,2005-01-01,2005,te,[18],0.3941,6.0,1,,sivajisontineni laya sangeeta madhusharma alibasha,srinivasareddy,
494118,Kanchanamala Cable TV,2005-07-09,2005,te,[10749],0.388,10.0,2,"Sudarshan, who runs a cable network, decides to use spy cameras to expose illegal dealings and criminal activities in his village. But his good work invites the wrath of many evil men.",srikanth raailaxmi shivajiraja sunilvarma krishnabhagavan,parthasaradhi,
531021,Gowtham SSC,2005-12-30,2005,te,[],0.3226,7.0,5,A negligent carefree young boy rising to high position in the bureaucracy against all odds.,navdeep brahmanandam nassar gunduhanumantharao ahutiprasad,p.a.arunprasad,
564266,Nuvvante Nakishtam,2005-08-12,2005,te,[],0.3899,0.0,0,"Yuvraj falls in love with Radha, but she is in love with Devudu, but he informs her that Devudu is dead and leaves. Seeing his plight, a man decides to unite Yuvraj and Radha.",aryanrajesh allarinaresh alibasha anuradhamehta krishnabhagavan,e.v.v.satyanarayana,
526220,Naidu LLB,2005-01-01,2005,te,[18],0.3272,0.0,0,"Akash and Ashima leave for Goa to argue a case in the local court there. By the time they return to Hyderabad, a case of homicide is filed against the hero. From then on the story turns into a kind of a gripping thriller on how the hero gets out of the situation and helps book the culprits.",jaiakash gayatrijayaraman ashimabhalla alibasha sukanya,nambirajan,
80862,Anukokunda Oka Roju,2005-06-30,2005,te,"[53, 9648]",0.3711,6.1,12,"Sahasra, a struggling singer, attends a party and wakes up after a day without realising it. However, as the days pass, she feels something is amiss after getting chased by men who want to kill her.",charmykaur jagapatibabu shashank harshavardhan narsingyadav,chandrasekharyeleti,
684241,Avunanna Kadanna,2005-04-06,2005,te,"[10749, 18]",0.2197,1.5,2,"To get his land from an evil landlord, Ravi impresses him with his antics. He also falls in love with Aravinda, who incidentally happens to be the landlord's granddaughter.",udaykiran sadha dharmavarupusubramanyam sumanshetty rallapallinarasimha,teja,
307948,Sada Mee Sevalo,2005-03-25,2005,te,"[18, 35]",0.2056,3.0,1,"Tilak (Venu) is a mind games expert and tries to help the people in need. He, his friend (Sunil) who is a lawyer, and a former police (Mallikarjuna Rao) help the needy people who are in the public. Venu falls in love with Suryakantham (Shriya). He follows her and they both fall in love. Suryakantham has difficulty adjusting to help the people in need. Suryakantham gets kidnapped by Tilak's enemies. The rest of the movie is about how Tilak saves her.",venuthottempudi shriyasaran sunilvarma mallikarjunarao tanikellabharani,g.neelakantareddy,
275871,Athanokkade,2005-01-01,2005,te,[28],0.304,6.3,3,"Years after a tragic childhood that saw both of their families brutally murdered, cousins Ram (Kalyan Ram) and Anjali (Sindhu Tolani) set out to take revenge on Anna (Ashish Vidyarthi) and his evil associates Abdul (Raghu Babu) and Sada (G.V. Sudhakar) -- the men who committed the crime. They're no longer children. But can they reclaim their slain families' honor and keep themselves alive? Only time will tell.",kalyanram sindhutolani ashishvidhyarthi prakashraj ajay,surenderreddy,
596092,Political Rowdy,2005-09-29,2005,te,[28],0.2243,2.0,1,,mohanbabu charmykaur prakashraj abbas kotasrinivasarao,adhinarayana,
309118,Dhana 51,2005-08-29,2005,te,[28],0.1424,0.0,0,,,,
281961,Maya Bazaar,2006-11-23,2006,te,"[10751, 14, 35]",2.2743,5.0,1,"Myth, Magic and Money play some interesting twists in the life of a couple.",bhumikachawla raja s.p.balasubramaniam jayalalita vajjavenkatagiridhar,mohanakrishnaindraganti,
531045,Oka V Chitram,2006-05-19,2006,te,[],1.6237,0.0,0,"Balram, a lorry cleaner, decides to make a film with his favourite actor, Santosh Babu. All his attempts fail and the actor too ridicules him. But Balram swears he will make and soon release his film.",aadhipinisetty vamsikrishna madhushalini poonamkaur raghubabu,teja,
63434,Sri Ramadasu,2006-03-31,2006,te,"[18, 36, 10402]",2.089,5.4,5,"A devoted musician and saint sacrifices worldly comforts to construct a temple for Lord Rama, facing trials and spiritual challenges in this biographical story.",nagarjunaakkineni sneha sumantalwar archana nageshwararaoakkineni,kraghavendrarao,biographical
23381,Pokiri,2006-04-27,2006,te,"[28, 53, 80]",2.3816,7.515,68,"Pandu is a contract killer and will accept any contract provided the amount is right. The police want him for questioning, while the underworld needs him to silence their opponents. No one really knows this assassin's background. It is only Pandu who knows his real identity, and he has no intention of sharing it with anyone.",maheshbabu ileanad'cruz prakashraj nassar brahmanandam,purijagannadh,corruption undercover gangster anti hero gang war crime boss mafia boss rivalry love-hate relationship organized crime tinnitus mafia shootout infiltration falling in love one man army criminal underworld crime syndicate neo-noir action hero love story power rival gang violence
80802,Devadasu,2006-01-11,2006,te,[],0.9649,4.6,8,"Devadas (Ram) is the typical poor student, while Bhanumati (Ileana) is a rich NRI girl whose father is the senator of New York. They fall in love when the girl comes to India to learn classical Carnatic music. Coming to know about their love, Bhanu’s father Katamraju (Sayaji Shinde) hatches a plan to separate them. He promises to get them married but he takes her daughter, and her grand mother back to the USA. The rest of the story is how the street-smart lover boy makes it to the USA and succeeds in attaining his girl.",ileanad'cruz sayajishinde rampothineni shriyasaran m.s.narayana,y.v.s.chowdary,
1474766,Photo,2006-09-01,2006,te,[53],1.0463,0.0,0,"The story begins with a group of friends who come across an old photograph. This photograph seems to have supernatural elements associated with it, causing eerie and unexplained events in their lives. As the friends try to uncover the mystery behind the photograph, they encounter various challenges and frightening occurrences.",nanduvijaykrishna anjali jayasudha,sivanageshwararao,
395064,Kamli,2006-03-01,2006,te,[18],0.8406,0.0,0,"Kamli was actually inspired by a K.N.T. Sastry's award winning documentary harvesting babies. K.N.T. Sastry wanted to make a feature film based on the documentary about the plight of tribal women selling their babies for a pittance. He actually contacted and wanted to make film with Soundarya as the main female lead of Kamli, but she died in a helicopter crash, and finally made the film with Nandita Das.",nanditadas tanikellabharani l.b.sriram shafi,k.n.t.sastry,
40909,Vikramarkudu,2006-06-23,2006,te,"[28, 18]",1.276,6.5,34,"A thief's life changes after he discovers a little girl who claims he is her father, and what follows is violence after a gang hunting for his lookalike closes in on him.",raviteja babyneha anushkashetty ajay vineetkumar,s.s.rajamouli,dual role
85824,Sainikudu,2006-11-30,2006,te,"[28, 18]",1.1477,6.3,16,"Siddharth strives to help flood victims and saves the relief material from falling into the wrong hands. This sets off a war between him and a corrupt politician, which leads to many twists and turns.",maheshbabu trishakrishnan irrfankhan prakashraj kotasrinivasarao,gunasekhar,rescue politics kidnapping political activism natural disaster fugitive corrupt politician social justice political thriller youth power manhunt good versus evil testimony floods disaster scenario
281855,Shock,2006-02-09,2006,te,"[28, 18]",1.2817,5.7,7,"A man who leads a happy and harmonious life with his beloved wife is mistakenly shot at by encounter specialists. Thereafter, he is framed as a Maoist and imprisoned. Can he and his wife find a way to prove his innocence and avenge the injustice committed against them?",raviteja jyothika brahmanandam tabu nagendrababu,harishshankar,
31626,Bommarillu,2006-08-09,2006,te,"[18, 10749]",1.1705,6.2,38,"Siddu is the son of an over-protective business man. Every decision of his is made by his father, which leads him into frustration. He half-heartedly agrees to become engaged to a rich man's daughter, but then falls for a middle-class man's daughter called Haasini. The film focuses on his realization that he has to stand on his own and come out of his father's protective shell - and try to succeed in love.",siddharth geneliad'souza prakashraj jayasudha kotasrinivasarao,bhaskar,romcom
81002,Rakhi,2006-12-22,2006,te,"[18, 28]",1.3684,5.8,11,"An ambitious and young man named Rama Krishna avenges his sister's death after her in-laws burn her alive due to their greed for dowry. Thereafter, he starts killing every man that harasses a woman.",n.t.ramaraojr. ileanad'cruz charmykaur suhasinimaniratnam chandramohan,pasupuletikrishnavamsi,
224953,Style,2006-01-12,2006,te,"[10751, 18]",1.1139,5.4,8,"Ganesh (Prabhu Deva) is a good dancer. He beats Anthony in one dance competition to head into international arena. Anthony gets Ganesh beaten up, and Ganesh loses his legs in a car accident. He is depressed, but he wants to give his dance talent to someone and make him his heir. On a different line, Raghava (Raghava Lawrence) works as a boy at a dance school in Vizag. He and four of his friends are good dancers, but they are never recognized until one folk dance at a hotel. Ganesh finds his prospective heir in Raghava. The rest of the film is how Raghava prepares and defeats Anthony in the final dance competition.",raghavalawrence prabhudeva charmykaur kamalineemukherjee raja,raghavalawrence,
242911,Stalin,2006-12-14,2006,te,"[28, 18]",0.8001,5.5,16,"Stalin is deeply moved by the suicide of a girl with physical disabilities. As a result, he devises a formula of extending unconditional help to those who need it to establish peace. But things turn complicated in his life with the entry of Home Minister Muddu Krishnayya.",chiranjeevi trishakrishnan prakashraj sharada khushboo,a.r.murugadoss,social control
348807,Khatarnak,2006-12-14,2006,te,"[10749, 35, 28]",0.7275,5.4,7,Dasu is a small time crook who becomes orphan after his father goes to prison.  Meanwhile a local goon decides to send one of his men into the police department to get information for them. Dasu will be roped for this job but he needs to pass SSC exam to get a police job. He clears the exam and gets into the force as a traffic cop. Then he is transferred to the crime branch because of his heroics. The rest of the story is about how Dasu realizes the sanctity of the cop job and eliminates the mafia gang.,raviteja ileanad'cruz bijumenon alibasha venumadhav,ammarajasekhar,
226200,Pournami,2006-04-20,2006,te,"[18, 28, 10749, 10402]",0.9492,5.5,16,"A dancer trains for an event where she has to perform a special dance in Lord Shiva's temple. But when she suddenly disappears, her younger sister Chandrakala decides to learn the dance.",trishakrishnan prabhas charmykaur rahuldev ajay,prabhudeva,dance performance
410268,Party,2006-06-24,2006,te,"[18, 35]",0.6813,4.0,1,"A comedy film with a commentary on contemporary corporations, their style of functioning, the people who make them, their idiosyncrasies, and finally a message that there is no such thing as a free lunch.",allarinaresh shashank madhusharma brahmanandam ravibabu,ravibabu,
77035,Lakshmi,2006-01-14,2006,te,[18],0.7153,5.3,10,Lakshmi Narayana (Venkatesh) is an elder son in a family with 3 brothers and 2 sisters. Lakshmi owns a factory that is worth hundreds of crores. Janardhan (Sayaji Shinde) - a former employee of Lakshmi Industries - plans to take revenge on Lakshmi by creating difference in his family and succeeds in it. The rest of the story is all about why Janardhan separated Lakshmi's family and how he wins back his lady love Nandini (Nayantara).,venkatesh nayanthara charmykaur rajivkanakala sharwanand,v.v.vinayak,
80864,Ashok,2006-07-13,2006,te,"[18, 28, 10749]",0.8449,5.2,10,"A short-tempered man falls in love with a woman, who is also pursued by a gangster that wants to marry her. As the man sets out to take on the mighty mob, his estranged family gets drawn into the fight.",n.t.ramaraojr. sameerareddy prakashraj sonusood rajivkanakala,surenderreddy,
54399,Vanaja,2006-09-11,2006,te,[18],0.5646,6.0,11,"In rural South India, 15 year old Vanaja goes to work for the local Landlady in hopes of learning Kuchipudi Dance. Initial chemistry with the Landlady's son turns ugly, pitching her into a battle of Caste and Animus.",mamathabhukya urmiladammannagari ramachandriahmarikanti krishnammagundimalla karansingh,rajneshdomalpalli,caste system
281616,Raraju,2006-10-20,2006,te,"[28, 18]",0.8107,3.0,2,"Raraju (Telugu: రారాజు) is a Telugu film which is directed by K. R. Udhayashankar. G.V.G. Raju (of Godavari fame) produced this film. Gopichand plays the lead role while Meera Jasmine and Ankitha play supporting roles. The film released on 20 October 2006.  Kali (Gopichand) lives along with his mother on the business of hiring mike set and lighting equipment for wedding and other ceremonies. Jyothi (Meera Jasmine) is a singer who sings chorus in films. A lady police inspector (Ankitha) keeps on following Kali and tries to seduce him to make him fall in her love. Kali is also a threat for many in his area as he answers only with muscle power if things work against him. Knowing this, once Jyothi claims that she is Kali’s person to save herself from a group of eve teasers. Eve teasers leave her for the fear of Kali. In a dramatic sequence, like in any other film Kali happens to encounter Jyothi. Gopichand inclines for Jyothi and proposes her. But she negates and tells her flash back.",gopichand sivajisontineni meerajasmine ankitha kausharach,udayasankar,
311637,Kithakithalu,2006-05-05,2006,te,"[10749, 35]",0.5229,9.5,2,"Relangi Rajababu is such a 'nice guy' that he files a case against a girl who attempted to rape him, and did not succumb to her, because he wished to remain 'pure' for the woman he marries. After landing a job as an SI, his parents force him to get married because his dowry will be useful for his sister's wedding. No girl wants to marry him now, because they wonder if he is man enough since he rejected a girl like her. He ends up marrying a rich, plump girl Soundarya after his parents and family threaten to commit suicide if he doesn't accept the proposal. Now this 'nice guy' suddenly turns to other women and wants to divorce his fat wife. His attempts to make her grant him a divorce and whether he turns over a new leaf is the rest of the story.",allarinaresh geethasingh krishnabhagavan madhushalini giribabu,e.v.v.satyanarayana,
531025,Gopi Goda Meeda Pilli,2006-11-16,2006,te,[35],0.643,5.0,1,"Gopi's parents desperately want him to get married. When Laxmi comes into his life, he falls in love with her. Later, things change after Gopi travels to Bangalore and meets Priya",allarinaresh jagapatibabu gowrimunjal aartichabria brahmanandam,janardhanmaharshi,
530749,Amma Cheppindi,2006-07-28,2006,te,"[18, 53]",0.6603,0.0,0,"A mentally underdeveloped boy stays with his family; the people who live in his neighbourhood consider him to be less intelligent, until he saves everyone from a bomb threat in a rocket centre during a prominent event.",sharwanand suhasinimaniratnam sriyareddy pavanmalhotra nagendrababu,gangarajugunnam,mentally disabled small town bomb threat rocket science
117051,Chukkallo Chandrudu,2006-01-14,2006,te,[10749],0.5922,4.5,8,"Chukkallo Chandrudu (Telugu: చుక్కల్లో చంద్రుడు) is a Telugu film released on 14 January 2006 and was directed by Mani Ratnam's associate, Siva Kumar. The film has Siddharth Narayan, Sadha, Saloni Aswani, Charmme Kaur, and Akkineni Nageswara Rao playing important roles but this film story lines nearly equals to Jagapathi Babu film Allari Premikudu.",siddharth saloniaswani sadha charmykaur nageshwararaoakkineni,sivakumarananth,
80804,Boss,2006-09-27,2006,te,"[28, 18]",0.9383,4.0,7,"Boss is a 2006 Telugu film directed by V. N. Aditya. It stars Akkineni Nagarjuna, Nayantara, Poonam Bajwa, and Shriya Saran. The film's score and soundtrack is composed by Kalyani Malik and Harry Anand. Cinematography for the movie is handled by Siva Kumar while editing is being handled by Marthand K. Venkatesh. The film was released on September 27, 2006. The film is dubbed into Malayalam as Boss: I Love You and into Hindi as Yeh Kaisa Karz with Gopala Krishna changed to Gaurav Khanna.",nagarjunaakkineni nayanthara poonambajwa shriyasaran sayajishinde,v.n.aditya,
199806,Annavaram,2006-12-29,2006,te,"[28, 18]",0.8078,5.0,6,"Annavaram and his sister, Varam, live happily in a village. But when he gets her married to a city-bred man, he realises that the thugs' activities dominate the city and decides to put an end to it.",pawankalyan sandhya asinthottumkal sivabalaji venumadhav,bhimanenisrinivasarao,
81060,Happy,2006-01-27,2006,te,"[10749, 35]",0.4642,6.3,35,"A politician refrains his daughter from finishing college as it would affect his politics. He decides to get her married to a police officer of the same caste, but things don't go as planned.",alluarjun geneliad'souza manojbajpayee brahmanandam kishore,a.karunakaran,
866588,Game,2006-08-05,2006,te,[53],0.6408,3.0,1,"Vijay, a spoilt man, has to reach the court to attend an inheritance case. However, his short-tempered taxi driver hinders his plans and creates chaos.",mohanbabu vishnumanchu shobana parvatimelton sunilvarma,g.ramprasad,
115070,Asthram,2006-02-05,2006,te,"[18, 28, 80]",0.5268,2.7,3,"'Astram' is the remake of hindi movie 'Sarfarosh' which starred Aamir Khan in lead. The movie was a hit at that time. Suresh Krishna has tried to match the present cast with that of the original. His selection of script is an upset to the audience. He has selected Vishnu in lead but failed to have actual grip on the movie.  Vishnu has performed well as a responsible IPS officer. This can be stated as his best job till now. The guy has a long way to go. Anushka, as Vishnu's ladylove, adds glamour to the movie. Though Jackie Shroff's role is short, his performance is fine. The technical aspects of the movie are pass muster. Music by S.A.Rajkumar is a mediocre. Suresh Krishna's direction, screenplay are okay.",vishnumanchu anushkashetty jackieshroff rahuldev sarathbabu,sureshkrissna,remake
81051,Godavari,2006-05-19,2006,te,"[18, 10749]",0.4476,6.6,15,"Sreram, an idealist recovering from heartbreak, and Seetha, an independent fashion designer facing setbacks, both cross paths on a cruise on the Godavari River.",sumanth kamalineemukherjee neetuchandra c.v.l.narasimharao madhumani,sekharkammula,
199807,Bangaram,2006-05-03,2006,te,"[28, 18]",0.4063,4.6,7,"Bangaram is a local reporter who dreams of getting into an international news channel. To fulfill his own dream he meets Peddi Reddy, a factionist.",pawankalyan meerachopra m.s.narayana mukeshrishi venumadhav,dharani,
267354,Veerabhadra,2006-04-29,2006,te,[18],0.4083,3.0,2,"Murali (Balakrishna) is pursued by the brothers of Peddaraju (Sayaji Shinde), who is cooling his heels in jail. We are not told why they are look after him. Murali is the loving brother of a handicapped woman, whom he carries to the college everyday. Of course, Murali has fun escapades with a girl in his neighborhood (Sada). And slowly but surely we are let into the past of Murali and as to what happened between him and the arch villain. It had something to do with Peddaraju's sister (Tanushree Dutta).",nandamuribalakrishna sayajishinde sadha tanushreedutta prakashraj,a.s.ravikumarchowdary,
80878,Andala Ramudu,2006-08-11,2006,te,"[18, 10749]",0.4218,3.5,2,"A young man returns home years after he ran away. He tries to win over his childhood love, but she is in love with someone else. How will he react?",sunilvarma aarthiagarwal venumadhav vadivukarasi jaiakash,plakshminarayana,
925808,Chinnodu,2006-10-27,2006,te,"[28, 80, 18]",0.9322,0.0,0,"Chinna, born in prison, is raised by the jailor but circumstances cause him to kill the jailor's brother. Once out of prison, he returns to his foster family, but they refuse to take him back.",sumanth charmykaur rahuldev chandramohan rajivkanakala,kanmani,
395065,Bommalata,2006-06-01,2006,te,[18],0.3497,0.0,0,"Ramu, a ragpicker, dreams of going to school and faces a corrupt system and other obstacles that prevent him from getting his fundamental right to education.",saikumar shiva shriyasaran allarinaresh tanikellabharani,prakashkovelamudi,
979605,Sarada Saradaga,2006-01-27,2006,te,"[18, 10749, 35]",0.3031,0.0,0,"Lavanya falls in love with Raghava, a salon owner, but is heartbroken to hear that he is married from his assistant. Thereafter, Raghava takes his friend Balaraju's help to win her back.",srikanth rajendraprasad sivabalaji sindhutolani brahmanandam,s.v.krishnareddy,
303868,Asadhyudu,2006-02-26,2006,te,[28],0.4601,8.0,2,"Pardhoo, a college boy who hates to see inequality around him, fights a dangerous criminal gang in Hyderabad run by two brothers Prakash and Thambi.",kalyanram diya ravikale vinayakan chalapathirao,anilkrishna,
81238,Pellaina Kothalo,2006-12-08,2006,te,"[18, 10749, 10751]",0.3165,6.0,1,"Hari and Lakshmi get married, but egoistic clashes drive them apart. When Hari's grandparents come to visit, they put on an act to seem happy.",jagapatibabu priyamani asthasinghal sunilvarma kotasrinivasarao,madan,
307955,Seetharamudu,2006-01-01,2006,te,[18],0.2286,0.0,0,,ajay alibasha ankitha rahuldev ahutiprasad,,
84504,Chirutha,2007-09-28,2007,te,"[28, 10749, 18]",1.6582,4.7,20,"A young man with a tragic past meets the daughter of a rich man and falls in love, while trying to avenge the death of his father.",ramcharan nehasharma brahmanandam prakashraj alibasha,purijagannadh,
117058,Desamuduru,2007-01-12,2007,te,"[28, 10749]",1.2901,5.3,24,"After Bala, who works for a TV channel, gets into trouble with a goon, he is sent away for an out-of-town assignment. There he meets and falls in love with a girl who gets kidnapped by a gangster.",alluarjun hansikamotwani pradeepramsinghrawat alibasha ajay,purijagannadh,
80826,Aadavari Matalaku Ardhalu Verule,2007-04-27,2007,te,"[10749, 10751, 35, 18]",1.3949,6.7,19,"Ganesh, an unemployed man, lands up in a company where Keerthi, the girl he loves, works but who is already engaged to someone else. Sudden incidents ruin his life and he again comes across her, but refuses to marry her.",venkatesh trishakrishnan srikanth kotasrinivasarao k.viswanath,selvaraghavan,
77043,Yamadonga,2007-08-15,2007,te,"[14, 28, 35]",1.5063,6.1,28,"Raja, an orphaned thief, dies while helping a gang in kidnapping a wealthy heiress, Mahi, in exchange of money. He then lands in Yamlok and fights with Yama, the god of death, to get his life back.",n.t.ramaraojr. priyamani mamtamohandas mohanbabu brahmanandam,s.s.rajamouli,
66107,Don,2007-12-20,2007,te,"[18, 28, 35]",1.5725,5.6,18,"Surya lives a middle-classed lifestyle along with his honest father who is a Police Inspector. When his father arrests a gangster, he is killed, leaving Surya alone to fend for himself. He overcomes many problems, comes to the rescue of a young boy, Jadhav, and together they assist other oppressed youth, who subsequently make Surya their leader. Years later Surya is a much respected and equally feared Don, and lives a wealthy lifestyle along with Jadhav, Bannerjee, and Mathur as his trusted assistants. He dispenses justice quickly and comes to the assistance of the poor and needy. He meets with Mathur's daughter, Priya, and both fall in love with each other. Jadhav, meets with Nandini, and wants to get married to her. Then complications shatter their lives when Pakistani gangster, Feroz, starts taking an interest in India and wants Surya to join forces with him. When Surya refuses, Feroz lets lose a reign of terror that will devastate and change Surya's life forever.",nagarjunaakkineni anushkashetty raghavalawrence nikitathukral kotasrinivasarao,raghavalawrence,
199229,Munna,2007-05-02,2007,te,"[28, 10749]",0.8136,4.6,20,"Munna (Prabhas) is a college student. His aim is to finish off mafia don Kakha (Prakash Raj) who keeps the entire city under his grip. Munna has personal vengeance to take on Kakha. An honest politician Srinivasa Rao (Kota Srinivasa Rao) relentlessly works to expose Kakha but gets killed. Meanwhile, Munna’s classmate Nidhi (Ileana D'Cruz) falls in love with him. The twist in the tale is that Kakha is none other than his estranged father who tries to sell off his mother and was responsible for the death of his mother and his kid sister. Another don in the city named Aatma, who is the opposition of Kakha (Rahul Dev) asks Munna to join him. But Munna refuses his proposal. Munna starts to beat Kakha and the mind game begins. Kakha's second wife and son-daughter left him and join Munna. After some incidents including the death of his best friend, Munna finds out that Aatma was working for Kakha all along.",prabhas ileanad'cruz prakashraj rahuldev kotasrinivasarao,vamshipaidipally,romance revenge
80926,Dubai Seenu,2007-06-07,2007,te,[],0.764,5.4,10,"Seenu (Ravi Teja) is fondly called as Dubai Seenu. His sole aim in life is to fly to Dubai and earn tonnes of money. In the process, he gets hold of a broker and gets duped by him in Mumbai. He along with his friends starts a small canteen to earn his llivelihood. and eventually falls in love with a girl called Madhumati (Nayana Tara). He then witnesses an incident that prompts him to return back to Hyderabad. The rest of the story is all about how he helps out Madhumati.",raviteja nayanthara sunilvarma j.d.chakravarthi sushantsingh,sreenuvaitla,
511680,Raju Bhai,2007-05-18,2007,te,"[28, 10749]",0.8748,5.0,1,"A man saves the son of a local don from rivals, and gets a job in the don's gang. Things change when he falls in love with a girl who wants him to quit the gang.",manchumanoj sheelakaur kadhalthandapani tanikellabharani brahmanandam,suryakiran,
228092,Yogi,2007-01-14,2007,te,[],1.0478,3.8,14,"Eeshwar Chandra Prasad (Prabhas) is the son of Ram Murthy (Chalapathi Rao) and Shantamma (Sharada Urvashi). Ram Murthy wants his son to do some job. However, Shantamma pampers Eeshwar very much and hence he doesn't want to leave the village. Ram Murthy dies and in order to fulfil his last wish, Eeshwar goes to the city to earn money on the advice of his friend Basha (Ali), who was a pickpocket. Eeshwar could not meet Basha. On the other hand Kotaiah (Kota Srinivasa Rao) runs big land mafia in Hyderabad city and a bitter rival of Narsing Pahilwan (Pradeep Rawat). Saidulu (Subbaraju) is Narsing's brother. Once Saidulu hacks Kotaiah and his assistant, when Eeshwar accidentally saves him. Eeshwar gets a job in a tea stall run by Chandranna (Chandra Mohan). He earns good money and purchases two gold bangles for his mother and plans to leave the city.",prabhas nayanthara kotasrinivasarao alibasha pradeepramsinghrawat,v.v.vinayak,
81079,Lakshyam,2007-07-06,2007,te,[28],0.9295,5.6,9,"The film starts with a flashback. ACP Bose (Jagapati Babu) is a sincere police officer happily married and lives with his parents and younger brother Chandu (Gopichand). Chandu is a college student and he falls in love with his classmate Indu (Anushka). Enter Section Shankar (Yashpal Sharma), the villain who is notorious for settlements and land deals. He kills anyone who comes in his way and does not leave any evidence or witness behind. He takes a loan of 100 crores from a private bank with the help of a conniving DGP and a politician. He kills the bank’s chairman in order to avoid repayment and puts the blame on Bose. Bose tries to stop Section Shankar. Chandu also gets into disputes with Section Shankar.",gopichand jagapatibabu anushkashetty yashpalsharma ashishvidhyarthi,sriwass,
63811,Shankar Dada Zindabad,2007-07-27,2007,te,"[18, 35]",0.9758,4.6,13,"A goon falls for a girl who manages an old-age home, and she mistakes the goon for a professor. She seeks his help not knowing that the man who wants the old-age home demolished is his boss.",chiranjeevi srikanth karishmakotak sayajishinde brahmanandam,prabhudeva,social satire political satire
56996,Athidhi,2007-10-18,2007,te,"[28, 53]",1.3495,5.8,15,"While the nation is terrorized by a slew of kidnappings and murders, a young woman falls in love with a mysterious man; not realizing that he is the one who went to jail for the murder of her parents, thirteen years earlier.",maheshbabu amritarao brahmanandam nassar raviprakash,surenderreddy,loss of loved one adoption survival murder orphan falling in love incarceration mystery villain loss of parents death of parents
82312,Seema Sastri,2007-11-16,2007,te,"[35, 28]",0.5585,4.5,2,Subramanyam Sastri (Allari Naresh) falls in love with Surekha Reddy (Farzana) who lives with her relatives in Hyderabad. After falling in love Sastri gets to know that Surekha Reddy belongs to a popular factionist family in Rayala Seema. The rest of the story is all about how Subramanyam and his family members convince the factionist for the marriage in a humorous way.,allarinaresh farzanabarucha alibasha ananthbabu raghubabu,g.nageswarareddy,
732845,Hello Premistara,2007-09-14,2007,te,"[10749, 28]",0.46,0.0,0,"Two identical stepbrothers, Arvind and Arjun, cannot tolerate each other's presence. However, their lives take a turn when they fall in love with the same woman, and each tries his best to win her.",sairamshankar sheelakaur brahmanandam m.s.narayana dharmavarupusubramanyam,,
82324,Thulasi,2007-10-12,2007,te,"[28, 10751, 18]",1.1846,5.7,11,"Tired of her husband's crusade against factional feuds, Thulasi's wife leaves him. However, when their fatally ill son is abducted by factionists, he must resort to violence again.",venkatesh nayanthara vijayakumar ashishvidhyarthi rahuldev,boyapatisrinu,
81062,Jagadam,2007-03-16,2007,te,"[18, 28, 10749, 80]",0.7442,5.6,12,Seenu dreams of becoming a thug and grows up to be a member of a local gangster's group. Things take an unexpected turn when Seenu's younger brother is killed due to Seenu's lifestyle.,rampothineni ishasahani pradeepramsinghrawat prakashraj raghubabu,sukumar,
199160,Happy Days,2007-09-28,2007,te,[18],0.7553,6.3,37,Eight youngsters become a close-knit group after attending engineering college and sharing their experiences.,varunsandesh tamannaahbhatia rahulharidas soniadeepti nikhilsiddhartha,sekharkammula,friendship college relationship
63471,Aata,2007-05-08,2007,te,[10749],0.7241,3.9,7,"Sri Krishna (Siddharth) grows up watching films playing in the theater in which his father works as a movie-projectionist in a village. Satya (Ileana) is harassed by Vicky (Munna) - son of a politician - who wants to marry her. Satya escapes from home and Sri Krishna falls in love with her the first time he meets her. As the goons and police chase Satya, Sri Krishna protects her and drops her in the house of the politician. He wins Vicky’s confidence. Then, he plays a one sided game with him. At the end, the police that were working with Vicky turn against him and arrest Vicky and his parents. Satya and Sri Krishna get married.",siddharth ileanad'cruz sarathbabu brahmanandam sunilvarma,v.n.aditya,kidnapping
200029,Athili Sathibabu LKG,2007-06-04,2007,te,[35],0.5912,7.3,3,Athili Sathibabu (Allari Naresh) is stingy guy &amp; a ruthless money lender charging high rate of interest at Rs.10 at every 100 on a daily interest rate. He gives preferences to money over relations &amp; love. He goes to extent of buying his brothers share of ancestral property &amp; then drive them away. He falls in love with beautician (Kausha) by ignoring a village belle (Vidisha) who falls head over heel for him. The rest of the story is all about how he realizes the importance of love &amp; relationships.,allarinaresh kausharach vidishasrivastava brahmanandam sunilvarma,e.v.v.satyanarayana,
137471,Okkadunnadu,2007-03-03,2007,te,[28],0.8595,6.9,8,"Mafia don Sona Bhai needs an urgent heart transplant and will stop at nothing to get it. Soon he finds Kiran, who shares his very rare Bombay blood group. Kiran, however, already has troubles of his own.",gopichand nehajhulka maheshmanjrekar nassar rahuldev,chandrasekharyeleti,
38628,Dhee,2007-04-13,2007,te,"[35, 28]",0.9198,6.7,10,Babloo (Vishnu) likes to have fun and is always getting in trouble so his father (Chandramohan) gets him a job with Shanker Goud (Srihari). Shanker Goud and Bhallu are rivals and Bhallu is determined to kill Shanker Goud's sister Pooja (Genelia D'Souza). Babloo falls in love with Pooja but Shanker is planning an arranged marriage for her with Ajay (Akash) so Babloo and Pooja elope. The rest of the story is about how Babloo saves Pooja from Bhallu.,vishnumanchu srihari geneliad'souza brahmanandam chandramohan,sreenuvaitla,
403402,Classmates,2007-04-20,2007,te,"[18, 10749]",0.4007,2.0,1,"College classmates meet for a 10-year reunion, which does not go as smoothly as planned. Love is discovered, friendships are broken and secrets about tragic events in the past are revealed.",sumanth kamalineemukherjee sadha sharwanand sunilvarma,k.vijayabhaskar,remake
80929,Chandamama,2007-09-07,2007,te,"[35, 10749, 10751, 18]",0.5433,5.3,7,"Ranga Rao plans to get his beloved daughter Mahalakshmi married to Dorababu, but she loves Kishore. Dorababu promises to unite them, but gets involved in a love story of his own.",kajalaggarwal navdeep sivabalaji sindhumenon ahutiprasad,pasupuletikrishnavamsi,
226840,Takkari,2007-11-23,2007,te,[],0.4057,3.0,2,"Tirupathi (Nitin Kumar Reddy) is a brilliant man who wants to become a realtor, much to the chagrin of his father (Chandramohan), who doesn't support his goal. Eventually Tirupati wins the heart of a rich girl, Priya (Sadha), sister of a business tycoon and villainous Guru (Sayaji Shinde). He realizes his ambition in real estate. The Guru wants him to drop his sister; Tirupati in return demands money. The villain gives him a cheque from a dubious bank. However, Tirupathi gets his money as he blackmails the heroine's brother, threatening to expose some photos. The villain also plans an IT raid on Tirupathi's companies. However, that plan backfires. Then Guru tries to get his sister married to another, but the hero marries her. The story ends with Tirupathi returning all the money taken from the Guru, who finally accepts the marriage.",nithiin sadha sayajishinde venumadhav alibasha,,
632249,Vijayadasami,2007-09-21,2007,te,[28],0.7218,0.0,0,A welder must confront his evil brother who ruined his life in childhood.,kalyanram saikumar vedhika sumantalwar jayasudha,v.samudra,mother fight marriage father evil brother
307970,Toss,2007-07-14,2007,te,[],0.3723,0.0,0,"Film starring Raja, Upendra and Kamna Jethmalani",upendra raja priyamani alibasha kamnajethmalani,,
530759,Mee Sreyobhilashi,2007-12-28,2007,te,[18],0.696,7.0,2,Rajaji is suicidal after his only daughter commits suicide. He gathers a group of people who want to kill themselves and takes them on a bus journey with the intention of driving the bus off a cliff.,rajendraprasad brahmanandam tanikellabharani chalapathirao nassar,veshwarreddy,
137443,Navvule Navvulu,2007-07-07,2007,te,[],0.47,0.0,0,"Directed by Dr Rao, Starring Prudhvi, Anju Asrani, Ali, AVS, Kondavalasa Lakshmana Rao, Annapurna, Bollimunta",anjuasrani kondavalasalakshmanarao annapoorna bollimuntanageswararao kalpanarai,drrao,
82196,Nava Vasantham,2007-11-09,2007,te,[],0.4885,6.0,1,"After facing rejection from his uncle, Ganesh comes across his three friends living in hardship and supports them in pursuing their goals.",priyamani tarun,k.shahjahan,
684238,Anumanaspadam,2007-02-10,2007,te,"[53, 35, 9648]",0.411,6.0,1,"Bhasu, a reporter, discovers a video that shows a secret treasure hidden in the forest. He sets out with his team to recover the treasure but they are soon targeted by a mysterious killer.",aryanrajesh hamsanandini jayaprakashreddy tanikellabharani vanithareddy,vamsy,
789715,Maisamma IPS,2007-11-11,2007,te,[],0.3538,10.0,1,A 2007 Indian Telugu police film.,mumaithkhan raghubabu kalluchidambaram jeeva m.s.narayana,bharatparepalli,
137271,Madhumasam,2007-02-09,2007,te,"[18, 10749]",0.3292,4.0,1,"Sanjay (Sumanth) is an extremely practical guy who believes in nothing but logic and reasoning. He listens to his mind and ignores his heart. Hamsa Vahini (Sneha) is a girl who believes strongly in human bonds and trusts everybody easily. Hamsa likes Sanjay immensely and proposes to marry him. Sanjay too accepts the proposal. In a casual chitchat, Sanjay reveals that he does not love her though he is marrying her. He feels that it is a marriage of convenience and practicality. Sanjay's confession hurts Hamsa and she cancels the engagement. As Sanjay slowly realizes the power of love and starts missing her, Hamsa becomes pragmatic and practical due to her family related circumstances, and ignores his pleas for forgiveness. The rest of the story is all about how she finally accepts Sanjay's love.",sumanth sneha parvatimelton giribabu ravibabu,chandrasiddhartha,
81085,Mantra,2007-12-14,2007,te,"[53, 80, 27]",0.2505,6.8,4,"The story revolves around a haunted farmhouse Mantra Nilayam, which is owned by Mantra (Charmi). She tries to sell the house but due to mysterious deaths at the house, nobody comes forward to buy it. A professor, however, agrees to buy the property on the condition that someone stay in the house for three months. Hero (Sivaji), a goon who looks after land settlements, is ready to stay in the house for the commission promised once the house is sold. The remainder of the film involves how Hero solves the mystery behind the deaths.",charmykaur sivajisontineni vijaysai karunasri jeeva,oshotulasiram,
132454,Godava,2007-04-04,2007,te,"[18, 10749]",0.2453,7.5,2,"Vaibhav made his acting debut in 2007, starring in the Telugu film Godava under his father's direction opposite Shradha Arya, It didn't do well at the box office",vaibhav shraddhaarya aswini,a.kodandaramireddy,
281942,Viyyalavari Kayyalu,2007-11-01,2007,te,[],0.2886,0.0,0,"Viyyalavari Kayyalu is a 2007 Telugu film starring Uday Kiran and Neha Jhulka. E.Satti Babu directed this movie. L. Sreedhar, produced it under their banner Larsco Entertainments of Ramalakshmi Creations. It was released on 1 November 2007.  Vamshi (Uday Kiran) is a hair stylist who falls in love with Nandini (Neha Jhulka), sister of Bhoopathi Rayudu (Sri Hari), a good hearted factionist. Vamshi and Nandini decides to get married only with the consent of their elders. So Vamshi comes to Juturu, a village in Rayalaseema to convince Bhoopati Rayudu of his love with the latters sister. Initially Bhoopati doesn't like Vamshi and everyone laughs at Vamshi when he says that he is a hair stylist in city. But the pair believes that true love never runs away but stands brave even after initially being rejected. Bhoopati values the word given by any of his family members and stands by it.",udaykiran nehajhulka srihari sayajishinde kausalya,e.sathibabu,
70818,Highway,2007-01-01,2007,te,[],0.2462,0.0,0,Highway is the first film for Manoj in tollywood. It's a racy and engrossing entertainer.,abhinayasri saikumar rajivkanakala,manojkumarv.,
115068,Anasuya,2007-12-21,2007,te,"[9648, 53, 80]",0.2474,6.0,5,A spine-chilling suspense thriller about a cat and mouse game between a budding journalist and motivated serial killer.,bhumikachawla suhanikalita abbas ravibabu nikitathukral,ravibabu,
330762,Sri Mahalakshmi,2007-05-04,2007,te,[],0.2122,0.0,0,Sri Mahalakshmi is a 2007 Telugu thriller film.,srihari mumaithkhan ajay raghubabu tanikellabharani,,remake
266496,Maharadhi,2007-02-01,2007,te,[],0.2596,2.0,1,"Krishna (Balakrishna), a dance teacher in Chamundeshwari’s (Jayaprada) college also acts as a music teacher Bala (Balakrishna) in Chamundeshwari’s divorced husband’s school. Krishna woos their daughter Kalyani (Meera Jasmine) but when he is asked to tie the knot with her he reveals his past.",nandamuribalakrishna sneha meerajasmine jayaprada navaneetkaur,p.vasu,
306965,Operation Duryodhana,2007-05-31,2007,te,[],0.1036,6.0,1,Mahesh (Srikanth) is a sincere and honest police officer. He loses his kids and his wife gets paralyzed as few politicians who don’t like his sincerity harm his family. Mahesh changes his appearance and name to join the gang to politicians to become one. The rest of the story is all about how he makes people realize that there is some fault in the system.,srikanth kaveri mumaithkhan posanikrishnamurali gehanavasisth,posanikrishnamurali,
531031,Kalidasu,2008-04-11,2008,te,"[28, 18, 10749]",1.2082,3.0,1,"A young boy kills his parents' murderer, runs away and is brought up by a kind woman. He becomes a car thief in order to support his family. When an apparently mentally challenged woman is found hiding in one of his stolen cars, he has no idea she will change the course of his life.",sushanth tamannaahbhatia ajay sunilvarma rajanpdev,gravicharanreddy,
82197,Nenu Meeku Telusa...?,2008-10-10,2008,te,[53],1.0769,7.3,3,"Aditya (Manoj Manchu) has a strange disorder. His memory keeps refreshing every night he sleeps, but he wakes up with a blank mind every day. Only two people (his uncle and his personal doctor) know about his problem. He falls in a situation where he is accused of a murder. The rest of the story is all about how he rescues himself.",manchumanoj snehaullal riyasen kausharach brahmanandam,ajaysastri,
1482072,Kuberulu,2008-12-05,2008,te,[35],0.9741,0.0,0,"Three friends dream of being the richest people in the world, but their lives are changed forever when they find stolen Nizam jewellery worth 500 crores.",sivajisontineni krishnabhagavan alibasha farzanabarucha kausharach,srinivasreddy,
117844,Krishnarjuna,2008-02-01,2008,te,"[10751, 35, 18, 10749]",1.2528,5.2,3,"Influenced by an astrologer, Pedababu fixes his sister's wedding with Arjun, an orphan, and plans to get him killed. However, Lord Krishna comes to Arjun's rescue.",nagarjunaakkineni mamtamohandas vishnumanchu nassar mohanbabu,p.vasu,
420497,Mr. Medhavi,2008-01-26,2008,te,"[18, 10749]",1.0941,0.0,0,A young Vishwak meets Sweta and falls in love with her. Their relationship begins to dwindle when Vishwak becomes increasingly manipulative and selfish to succeed in life.,geneliad'souza raja sonusood dharmavarupusubramanyam sumantalwar,g.neelakantareddy,
81999,Kotha Bangaru Lokam,2008-10-09,2008,te,"[10751, 18, 10749]",1.2432,6.7,7,Balu is son of lovable middle-class couple. Swapna is the daughter of a strict and rich father. Both of them study in a residential college located at a small town of Godavari district. Balu and Swapna fall in love. Swapna is withdrawn from the residential school because her father comes to know about her love. The rest of the story is all about how Balu and Swapna try to get back to each other.,varunsandesh shwetabasuprasad prakashraj jayasudha brahmanandam,srikanthaddala,
71918,King,2008-12-25,2008,te,"[28, 35, 80]",1.3174,5.2,20,"After Coimbatore-based Ravichandra Verma passes away, his young son, Raja, assumes the responsibility of running the family business as well as ensuring that his brother, Ajay, gets a good education - much to the chagrin of three of his uncles. Years later, while on a trip to Uttaranchal, despite of warnings from a Pandit, he gets killed by a female assassin, but his family is informed that he is missing. Shortly thereafter, Gyaneshwar Kale and his sister, Sravani/Shivani, will inform the family that Raja is still alive but is handicapped and suffers from memory loss. The family is overjoyed but are not aware that Raja is actually a hoodlum/extortionist known as Bottu Seenu/Raghu Rokda.",nagarjunaakkineni trishakrishnan srihari mamtamohandas brahmanandam,sreenuvaitla,
117029,Bujjigaadu: Made in Chennai,2008-05-23,2008,te,"[18, 10749, 28]",0.8996,5.4,19,"Bujji runs away from his home in his childhood because of a dispute with his girlfriend Chitti. He ends up in Chennai for 12 years, and the rest of the story is about how they meet now to make their love successful.",prabhas trishakrishnan sanjjanaagalrani mohanbabu m.s.narayana,purijagannadh,
80889,Ashta Chamma,2008-09-05,2008,te,"[10751, 10749, 18]",1.0346,5.9,11,"In this adaptation of The Importance of Being Earnest, Lavanya is in love with the actor Mahesh Babu and decides to marry a man with the same name. But things take an unexpected turn when she finds out that her boyfriend's real name is not Mahesh.",nani swathireddy srinivasavasarala jhansi bhargavi,mohanakrishnaindraganti,romance
113775,Bhale Dongalu,2008-04-11,2008,te,[],0.8594,5.9,4,"Remake of Hindi Hit Bunty Aur Babli.  The story begins when Ramu, having ditched yet another job interview, coming home to his angry father. His father berates him, and in the process, Ramu reveals that he does not want an ""Udyogam"", rather, he want to do ""vyapaaram"" (he wants to do business rather than have a job). After his father vehemently rejects the idea, he runs away from home at night.  On the other hand, Jyothi wants to be a model, and make her big debut in a beauty pageant in the city. She tells this to her mother and father, but her grandmother, the head of the house says a strong no, and she has already fixed for a potential suitor to Jyothi to come to the house the next day. Jyothi refuses, but her grandmother ignores her, and her parents are helpless. In order to make her dream come true, she runs away at night, and boards a train, the same one Ramu happens to be on and together, they begin their lives of crime.",tarun ileanad'cruz jagapatibabu charmykaur pradeepramsinghrawat,k.vijayabhaskar,remake
81065,Kantri,2008-05-09,2008,te,[28],1.1303,3.2,8,"The opening scenes give you an indication of how the movie is going to shape up. NRI Krishna returns to his village with his wife and child to work for the upliftment of the village folk. However, when the family, along with his old father, is on its way home with the money, PR Pothuraju (Prakash Raj) betrays everyone by killing them and running away with the money, leaving his wife and son behind. Pothuraju is the head of a huge empire and is known for his nefarious connections and illegal dealings. He is supported at every step by his friend and partner Seshu (Ashish Vidyarthi). Enters our hero Kantri (Jr. NTR), who flexes his muscles, shakes his leg, and gets into Pothuraju's gang to earn money for his orphanage where he grew up (he is orphaned at a very young age). Kantri falls in love with Varalakshmi (Hansika Motwani), who is such a lucky girl that she wins a foreign trip, house, and household gadgets for her family. However, she initially does not like Kantri.  Cast",n.t.ramaraojr. hansikamotwani tanishaamukerji prakashraj brahmanandam,meherramesh,
23776,Parugu,2008-05-01,2008,te,"[10749, 35, 10751, 18]",1.0265,5.6,29,"A group of friends are forcibly transported to a village and kept imprisoned, as the village head, who believes that they have helped in his daughter's elopement with her lover.",alluarjun sheelakaur prakashraj sunilvarma saptagiri,bhaskar,
280323,Pandurangadu,2008-05-30,2008,te,"[18, 36]",0.516,3.0,1,"At the request of Lord Krishna, a dedicated devotee, Lakshmi, attempts to marry a selfish playboy, Pundarika.",nandamuribalakrishna sneha tabu suhasinimaniratnam meghnanaidu,kraghavendrarao,
307892,Dongala Bandi,2008-12-12,2008,te,"[12, 35]",0.7992,9.0,1,Three thieves steal the precious Nizam treasure and hide it in a safe place. The rest of the story is all about the treasure hunt that follows.,allarinaresh tanya malishka alibasha m.s.narayana,satishvegesna,
927586,Gunde Jallumandi,2008-09-12,2008,te,[],0.4646,0.0,0,"Neelima does not believe in love and creates a fictitious boyfriend, Rajesh, to keep boys away. However, her plan backfires when she falls in love with Balu, who had once saved her life.",udaykiran aditisharma,madan,
1166562,Kathanayakudu,2008-08-01,2008,te,[],0.9461,0.0,0,"Balakrishna and Ashok Kumar. Balu stops at nothing to make his friend happy. As time passes by, they take different paths, and Balu becomes a barber in a small village called Siricilla. He marries Devi and has three children and leads a happy life. Balu is a man with self-respect and honesty. His life continues the same until one day there is news that a film shooting is going to happen in a place near their village and the hero of the film is superstar Ashok Kumar.",jagapatibabu meena shafna revathysivakumar masteramal,p.vasu,
467347,Hero,2008-10-24,2008,te,"[10749, 28]",1.0508,7.1,5,"As per a new rule, any person can join the police force. Many people including Krishnaveni, a simple girl, and Radhakrishna join. Both fall in love too. Soon it is revealed that Krishna is a naxalite.",nithiin bhavana brahmanandam alibasha ramyakrishnan,g.v.sudhakarnaidu,
69448,Swagatam,2008-01-25,2008,te,"[18, 10749]",0.6892,3.5,2,"Shailu (Anushka Shettyl) is a harried, ill-tempered businesswoman living in the United States, trying to care for her mother and young nephew and manage her bills. KK (Jagapati Babu), who with his young daughter opens a shop across the street from hers, helps her find a new perspective on her life. Shailu falls in love with KK, but when she declares her feelings for him learns that he already has a wife, Vidya (Bhumika Chawla). In flashback, the film relates the romance of KK and Vidya. In the past, KK was himself an abrasive businessman when he sought a mate at Jalaja Rao Marriage Bureau. Instead, he winds up courting and marrying Vidya, an employee. KK's dilemma is simplified by the fact that one of the women in his life is dying from chronic leukemia.",jagapatibabu anushkashetty arjunsarja bhumikachawla annie,dasaradh,
73583,Ready,2008-06-19,2008,te,"[10751, 28, 35]",0.9607,5.6,18,"A brave man decides to kidnap his friend's beloved from a forced marriage, but ends up abducting the wrong bride. Ironically, the bride he kidnapped is ecstatic because she was already planning an escape. On the run, they fall in love, but in order to get married, they must convince their families.",rampothineni geneliad'souza brahmanandam tanikellabharani sunilvarma,sreenuvaitla,
530757,Ankith Pallavi and Friends,2008-09-05,2008,te,[18],0.4638,0.0,0,It is tale of youngsters and their love and dilemmas in life. Ankit is passionate about music and refuses to sacrifice his goal. This creates rifts between lovers.,nikhilsiddhartha meghaburman naresh venu c.v.l.narasimharao,hariyelleti,
137452,Neninthe,2008-12-18,2008,te,"[28, 18]",0.6182,6.6,9,"Ravi is an assistant director who dreams of making his own film, but producers are hesitant. Meanwhile, he falls in love with dancer Sandhya, an aspiring heroine with struggles of her own.",raviteja siyagautham subbaraju sayajishinde supreet,purijagannadh,
137468,Okka Magaadu,2008-01-11,2008,te,[],0.5801,3.6,5,"Veeravenkata Satyanarayana Swamy a.k.a. Satyam (Nandamuri Balakrishna) is a beloved person for several villagers, having touched and changed many a life. His grandmother is Baby (Simran Bagga) whose husband dedicated his life to gain independence, taken later as a prisoner of war and missing henceforth. Meanwhile, corrupt doctors, lawyers and journalists are allegedly killed, but their bodies are missing. The suspicions are on Swamy who is arrested, but an old man calling himself Okka Magadu (Nandamuri Balakrishna) claims to have committed those acts. The point is, OM looks like the older version of Swamy whose sworn enemy is Namboodriyar(Ashutosh Rana), a politician whose son elopes with a middle-class girl under Swamy's protection. The story line is very much similar to that of the film Bharateyudu (Indian (1996 film)) starred by the iconic actor Kamal Haasan.Movie was a blockbuster hit.",nandamuribalakrishna simran anushkashetty priyankakothari ashutoshrana,y.v.s.chowdary,
22052,Chintakayala Ravi,2008-10-02,2008,te,"[10751, 35, 18]",0.6025,5.5,9,"The film revolves around Chintakayala Ravi, a waiter in a New York bar, who has lied to his mother that he is a software engineer. When his mother arranges for a match for him in her village, the girl's friend Sunitha finds out the truth and informs everyone. Ravi is humiliated by the entire village after coming back.",venkatesh anushkashetty mamtamohandas venuthottempudi brahmanandam,yogeshkmc,
226842,Victory,2008-06-27,2008,te,"[28, 18]",0.4632,0.0,0,,nithiin mamtamohandas brahmanandam ajay sindhutolani,ravic.kumar,
73578,Jalsa,2008-04-02,2008,te,"[28, 35]",0.7328,6.8,21,"Sanjay falls in love with Indu. Her father Rammohan Reddy doesnt approve of it and she is married to someone else. Later, Bhagyamathi falls for him and he goes to meet her father who turns out to be Rammohan Reddy. Somewhere in between Sanjay's life as a Naxal is depicted.",pawankalyan ileanad'cruz parvatimelton kamalineemukherjee prakashraj,trivikramsrinivas,
281414,Rainbow,2008-10-03,2008,te,[18],0.5373,0.0,0,"Director Aditya probably made ""Rainbow"" under the assumption that there would be a golden pot at the end of this one, based of hero Rahul's track record, but sadly that is not the case.",rahulharidas sonalchauhan sindhumenon masterbharath prakashraj,v.n.aditya,
281871,Vaana,2008-01-15,2008,te,"[18, 10749]",0.672,4.0,1,"Vaana (translation: Rain) is a 2008 Telugu film starring Vinay Rai and Meera Chopra in the lead roles, while Suman plays a supporting role. M.S. Raju produces and directs this film while debutant, Kamalakar composed music for the project. It is a remake of Kannada language film, Mungaru Male. The film was dubbed and released in Tamil as Gnabagangal Thaalattum.",vinayrai meerachopra sumantalwar jayasudha seetha,,remake
82570,Siddu from Srikakulam,2008-08-14,2008,te,[35],0.6591,4.5,2,Siddu from Srikakulam,allarinaresh manjarifadnnis shraddhadas m.s.narayana venumadhav,eashwar,
81058,Gorintaku,2008-07-04,2008,te,[18],0.8412,0.0,0,"Ashok and Lakshmi grow up as orphans, and Ashok is deeply protective of his sister. However, after both of them marry, circumstances drive them apart.",dr.rajasekhar meerajasmine aarthiagarwal jaiakash masternidheesh,v.r.pratap,
80994,Gamyam,2008-02-29,2008,te,[18],0.8956,6.3,22,"Two guys, a thief and a rich man, meet in a journey that the latter starts to find love. On their way they find the destinies of their lives.",sharwanand allarinaresh kamalineemukherjee raoramesh hema,radhakrishnajagarlamudi,
281937,Vishaka Express,2008-02-02,2008,te,"[18, 53]",0.8208,0.0,0,"Visakha Express is a Suspense Thriller Movie. The basic plot of the story is taken from Strangers On A Train, which is about the two strangers and exchange of murders.",rajivkanakala allarinaresh preetijhangiani sindhutolani kotasrinivasarao,varamullapoodi,murder plot
459120,Raksha,2008-09-19,2008,te,"[27, 53]",0.5135,8.0,1,"Raksha, a young girl gets possessed by black magic. Her father desperate, takes help from doctors and psychiatrists, but nothing helps. Finally, a tantrik comes to the rescue and evil fails to God.",jagapatibabu kaveri pradeepramsinghrawat subbaraju rajivkanakala,vamsikrishnaakella,
265978,Pourudu,2008-01-13,2008,te,"[28, 53]",0.6604,5.2,5,"Ajay (Sumanth) completes his degree and gets ready for IPS examination. His father Pandu (Suman) works under local mafia don zakeer Bhai (Nassar). Kasi (Kota Srinivasa Rao) runs a rival gang in the same city opposite zakeer Bhai. Though Pandu behaves like a goon, Ajay concentrates on his studies and reaches to the stage of completing IPS preliminaries. At the same time, he is an expert in martial arts. Samyukta (Kajal Agarwal) is a student of a dance school and she falls in love with Ajay. At this juncture, Hussain (Subbaraju) takes charge as CI and he wants to nab Jakeer Bhai, Pandu and Kasi but could not do so due to their political influence.",sumanth kajalaggarwal brahmanandam nassar kotasrinivasarao,rajaditya,
80948,Krishna,2008-01-12,2008,te,"[35, 28]",0.8942,6.1,8,"Krishna falls in love with Sandhya whose brother is a builder. Jatka, a ruffian loves Sandhya and wishes to marry her. Krishna has to take on Jatka to win his love.",raviteja trishakrishnan mukuldev chandramohan kadhalthandapani,v.v.vinayak,
137472,Ontari,2008-02-14,2008,te,"[28, 10749]",0.7922,5.5,4,Vamsi falls in love with Bujji and pretends to be a CBI Officer to see her every day.,gopichand bhavana alibasha sunilvarma sayajishinde,b.v.ramana,
1008113,Idhi Sangathi,2008-02-22,2008,te,"[18, 53]",0.431,0.0,0,"Satyamurthy, a crime reporter, robs a box of diamonds while reporting a train accident. Soon after the news of the missing gems breaks out, a thief, a retired judge, and a team of policemen join the operation of searching for the lost jewels.",abbas tabu chalapathirao venumadhav samekshaoswal,chandrasiddhartha,
281943,Yuvatha,2008-11-07,2008,te,"[18, 28]",0.6693,7.0,2,"Yuvatha is a 2008 Telugu film directed by Parasuram starring Nikhil Siddharth and Aksha Pardasany in the Lead. It was released on 7 November 2008 to Rave Reviews and was declared a Super Hit at the Box Office.  Babu (Nikhil Siddharth), an orphan brought up by his uncle and aunt believes that they swindled his property. Once when his uncle chides him, he leaves home for Hyderabad to stay with his friends, whom he trusts. Kind-hearted as he is, Babu believes that life is to be happy and make others happy. Babu meets Baby (Aksha Pardasany) accidentally and they become good friends. Whenever she is lonely, Babu along with his three friends, a software engineer, a security guard and an assistant film director cheer her up. Once during her birthday, some goons tease Baby and Babu thrashes them. Later they settle scores with Babu, but his friend, the assistant director, suffers grievous injuries.",nikhilsiddhartha akshapardasany sayajishinde jeeva narsingyadav,parasurampetla,
82725,Ullasanga Utsahanga,2008-07-18,2008,te,[10749],0.7877,7.2,4,"Dhanalakshmi, who is in love with Balaji, runs away when her family tries to get her married to another man. However, her life takes a turn when she meets Arvind, who falls in love with her.",yashosagar snehaullal chandramohan sudha surekhavani,a.karunakaran,
117848,Maa Ayana Chanti Pilladu,2008-07-25,2008,te,"[35, 18]",0.7342,0.0,0,"Maa Ayana Chanti Pilladu (Telugu) is a Telugu film released on 25 July 2008, directed by Raja Vannem Reddy. Sivaji and Meera Jasmine played the lead roles. The film was a remake of succeful Tamil Movie En Purushan Kuzhanthai Madiri.Bullabbayi (Sivaji) is fond of his sister-in-law Rajeswari (Meera Jasmine). He loves her so much and wanted to be flawless with good character. Though Rajeswari behaves that she is not interested in him, she really loves him. Bullabbayi has a property dispute with his stepbrother Veerababu (Subbaraju). In a bid to save a girl called Chintamani (Sangeeta) from being sold by a brothel owner (Anuradha) to Veerababu, Bullabbayi pays her money and takes Chintamani with him and keeps her in his outhouse. Bullabbayi tells her to leave the place the next day, but accidentally, seduces Chintamani, after an attack by Veerababu's men against him.",sivajisontineni meerajasmine sangeethakrish subbaraju,rajavannemreddy,
528917,Appu Chesi Pappu Koodu,2008-07-04,2008,te,[35],0.4114,0.0,0,The film deals with how the middle-class families are getting cheated in the hands of gullible people.,rajendraprasad madhumitakrishna tanikellabharani dharmavarupusubramanyam chalapathirao,narasimharaorelangi,
23790,Magadheera,2009-07-31,2009,te,[28],2.3366,7.2,135,"A street-bike racer chances upon a woman and is struck by visions of a past life where they were both star-crossed lovers in a war-ridden kingdom 400 years ago, while the reincarnation of his romantic rival emerges with murderous intent.",ramcharan kajalaggarwal devgill srihari sunilvarma,s.s.rajamouli,warrior love story blockbuster reincarnated lovers
31629,Arundhati,2009-01-16,2009,te,"[27, 14, 53]",1.7861,6.7,31,Arundhati  belongs to Gadwal samsthanam in 1920’s. She is known for her bravery in saving the Samstanam by killing Pasupathi an evildoer. But the spirit of Pasupathi haunts that place. Another girl is born in the same lineage after 3 generations and she is named as Arundhati. The spirit of Pasupati is after Arundhati to take the revenge.,anushkashetty sonusood manorama sayajishinde kaikalasatyanarayana,kodiramakrishna,reincarnated princess demon slayer
23766,Billa,2009-04-03,2009,te,"[28, 53]",1.6219,5.0,21,A police inspector sends a gangster-lookalike to uncover the gang's secrets.,prabhas krishnamraju anushkashetty namitha kellydorji,meherramesh,
81050,Ganesh,2009-09-24,2009,te,"[35, 10749]",0.9488,4.7,7,"In order to help a friend, Ganesh pretends to love a girl. She hates him when she finds out the truth. Eventually, he truly falls in love with her and must convince her of his true feelings.",rampothineni kajalaggarwal poonamkaur brahmanandam rohinihattangadi,m.saravanan,
255058,Kasko,2009-12-25,2009,te,[],0.8299,0.0,0,"Kasko is Indian, Telugu language action film from the year 2009.",vaibhav brahmanandam raghubabu chalapathirao shwetabasuprasad,g.nageswarareddy,
23788,Anjaneyulu,2009-08-12,2009,te,"[28, 35]",0.6643,5.7,5,"Employed with HMTV, Pavan/Abhimanyu lives in Hyderabad and is in constant touch with his retired father, Krishnamurthy, and mother. His boss, Sudarshan Babu, hires a Creative Consultant, Surya/Prabhakar Garu, their TV channel undergoes a number of changes, and he gets to interview various people. He meets with Anjali, an employee with Airtel, and both dramatically fall in love. While investigating corrupt politicians, he comes across evidence and decides to join the gang of a gangster named Bada. Still involved in gathering evidence, his world will come crashing around him when he will be told that his parents and many others have been killed after their bus was torched by hooligans. He sets out to also trace who was responsible behind their killing - not knowing that his life is also in danger.",raviteja nayanthara prakashraj sonusood nassar,parasurampetla,journalist
38220,Ek Niranjan,2009-10-29,2009,te,"[10749, 28, 18]",0.8431,5.1,14,"A bounty hunter searches for the family he was separated from as a child, and falls in love with the sister of a gang member.",prabhas kanganaranaut sonusood mukuldev venumadhav,purijagannadh,
85810,Konchem Ishtam Konchem Kashtam,2009-02-05,2009,te,"[35, 10749]",0.882,6.2,14,"Geeta's father disapproves of her relationship with Siddhu as he isn't too pleased with the fact that the latter's parents are divorced. Determined to marry Geeta, Siddhu promises to reunite his parents.",siddharth tamannaahbhatia prakashraj ramyakrishnan brahmanandam,kishorekumar,
260013,Saleem,2009-12-12,2009,te,"[28, 35]",0.6858,6.0,2,"Satyavati (Ileana) is the daughter of a rich and idealistic landlord/factionist in Rayalaseema. She is brought up in Europe for the past 15 years. She visits her home town after a long gap and she is attacked by the rival factionist. Munna (Vishnu Manchu) comes from nowhere and rescues her. Then he settles in her house as a worker and earns the love and trust of all Satyavati’s family members. He loves Satyavati. But Satyavati’s father wants to marry off to another guy. Just about when the marriage is going to happen, it is revealed that Satyavati has a lover (Venkat) from Europe and she uses Munna to help her escape to Europe. Just when Satyavati goes to Europe, it is revealed that Munna is none but a mafia kingpin from Bangkok called Saleem and Satyavati lover’s brother is none but a dreaded European don called OJo a.k.a. Ogiraja Jogayya (Mohan Babu). The rest of the story is all about how Saleem wins Satyavati over with his one-side love and his encounters with OJo.",vishnumanchu ileanad'cruz mohanbabu manelsoler brahmanandam,y.v.s.chowdary,romance revenge
34763,Aarya 2,2009-11-27,2009,te,"[10749, 35, 28]",0.6172,6.8,43,"Two young boys staying together at an orphanage become friends. One of them is adopted by a wealthy family and grows up to become the owner of a software company. He provides employment for his friend, but when they both fall in love with the same young woman, conflict emerges.",alluarjun kajalaggarwal navdeep brahmanandam mukeshrishi,sukumar,best friend friends in love
37815,Sasirekha Parinayam,2009-01-01,2009,te,[],0.9948,5.8,4,"Spirited Sasirekha is ordered by her father to get married to an NRI groom. When the groom’s father demands dowry on the wedding day, she runs away from her marriage.  Soon after, she meets Anand who helps her deal with various difficult situations.",tarun geneliad'souza ahutiprasad gopalakrishnaparuchuri raghubabu,pasupuletikrishnavamsi,
226846,Drona,2009-02-20,2009,te,[28],0.6747,6.0,2,"Drona (Nitin) is the only son of Mukhesh Rushi and Sita. Drona’s father Mukesh Rushi is an honest and dedicated Police officer. Drona likes his mother Meenakshi (Sita) so much and love her as his own life. When he was a child Drona steals his father’s revolver to scare his friends. On knowing this his father scolds him, consequently Drona leaves his home and gets lost. After 10 years, he comes back to his parents with the name Chandu. A Neighboring girl Indu (Priyamani) likes Drona/Chandu a lot. On a fateful day, she finds out that Chandu is none other than the long lost boy, Drona",nithiin priyamani sunilvarma raghubabu rakhisawant,j.karunkumar,island heist police officer
60807,Kick,2009-05-08,2009,te,"[28, 35, 53]",0.9603,6.8,37,"Kalyan is a kind of guy who prefers a life full of thrills than leading a regular life style. He seeks kick in whatever he does. He finds liking in Naina. They separate due to differences. Krishna is a young cop who is in lookout for a big ticket thief who happens to be Kalyan. Meanwhile, Naina agrees for an engagement with Krishna. The rest of the story is all about how Kalyan wins back his lady love and the real intent behind the robberies of Kalyan.",raviteja ileanad'cruz shaam brahmanandam sayajishinde,surenderreddy,
117035,Bumper Offer,2009-10-23,2009,te,"[18, 10749]",0.875,4.0,4,"Bumper Offer (Telugu: బంపర్ ఆఫర్) is a 2009 Telugu film directed by Jaya Ravindra. The film stars Sairam Shankar and Bindu Madhavi in the lead roles. Music of the film was composed by Raghu Kunche. Puri Jagannadh produced this film, apart from writing the story and the dialogues. The film released on 23 October 2009.",sairamshankar bindumadhavi sayajishinde brahmanandam chandramohan,jayaravindra,
281936,Villagelo Vinayakudu,2009-11-05,2009,te,"[35, 10749]",0.4432,6.7,3,"Villagelo Vinayakudu (English: Vinayakudu (Ganesh) in the Village) is a 2009 Telugu comedy film produced by Mahi, written, and directed by Sai Kiran Adivi. The film is a sequel to the 2008 hit, Vinayakudu. Krishnudu reprises his role as Karthik in this film, whilst Saranya Mohan plays the female lead, and Rao Ramesh plays the role of her father. Telugu novel writer Yandamuri Veerendranath makes his acting debut in a small but vital role. The film was released on 5 November 2009 and received positive reviews.[citation needed] It faired well at the box office and ran for 75 days.",krishnudu saranyamohan raoramesh yandamuriveerendranath bharathreddy,saikiranadivi,
1225096,Life Style,2009-01-01,2009,te,[],0.5756,0.0,0,A 2009 Indian Telugu movie.,brahmanandam meenakshidixit,muppalanenishiva,
70388,Josh,2009-09-05,2009,te,"[28, 80]",0.7666,5.3,6,"When a man in search of employment, becomes involved with a group of students, who are being led astray by destructive influences, he invests all his energy and effort into ensuring that the students are able to stave off the negative powers. Why is he so passionate about helping the students?",nagachaitanyaakkineni karthikanair prakashraj j.d.chakravarthi brahmanandam,vasuvarma,
322286,Ride,2009-06-05,2009,te,"[28, 18]",0.6281,5.0,3,"Arjun, a motorcycle enthusiast, couldn't afford to buy his own bike. Meanwhile, Mahesh needed a motorcycle to secure a job he was applying for. His mother helped him by selling her silver jewelry. However, Mahesh's bike was soon stolen, and despite his frantic search and the police's involvement, he had little success in recovering it. By chance, Mahesh spotted his stolen bike in Arjun's possession. Arjun claimed to have purchased the bike from a stranger with his own money...",tanishalladi nani shwetabasuprasad akshapardasany aadarshbalakrishna,rameshvarma,motorcycle improbable friendship stolen vehicle
531013,Bangaru Babu,2009-05-01,2009,te,[18],0.485,0.0,0,"Ravindra, the chairman of a college management board, wants to reform Hari, a short-tempered student who is addicted to drugs. But his insistence on changing Hari begins affecting his personal life.",jagapatibabu shashank meerajasmine sayajishinde sonusood,srinivasaraojonnalagadda,
109369,Snehituda,2009-08-07,2009,te,"[10749, 18]",0.5754,6.0,2,"Sayi and Savithri who are initially at loggerheads but eventually turn out to be the best of friends. However, when their bond goes through a bumpy ride will their friendship sustain?",nani madhavilatha nassar brahmanandam tanikellabharani,satyambellamkonda,
281403,Gopi Gopika Godavari,2009-07-10,2009,te,"[10749, 18]",0.5353,0.0,0,"Gopi Gopika Godavari is a Telugu-language film released on 10 July 2009. The film, starring Kamalinee Mukherjee, Venu Thottempudi, Krishna Bhagavan and Sana, was directed by Vamsy.  Kamalinee Mukherjee as Gopika  Venu Thottempudi as Gopi  Krishna Bhagavan  Sana  Jayalalitha",venuthottempudi kamalineemukherjee krishnabhagavan jeeva jayalalita,vamsy,godavari
23783,Baanam,2009-09-16,2009,te,"[18, 28]",0.7331,4.8,3,"The story is set in the town of Ranasthali, in year 1989. Bhagat Panigrahi (Nara Rohit) is preparing to become a police officer. His father Chandrasekhar Panigrahi (Sayaji Shinde), a former Naxalite returns after 20 years before giving up his fight for the society for the reasons only known to him. He comes back home and questions his son's ambition of becoming a Police Officer. Meanwhile a local don, Shakti Patnaik (Randhir Gatla) is slowly building his empire, terrorizing police and anyone who opposes him. One day, Bhagat meets Subbalaxmi (Vedhicka) at the railway station and rescues her from the tragedy of her life. When her ex-husband involves Shakti's gang to abduct her, it triggers a series of consequences between Bhagat and Shakti. The rest is about how Bhagat never gives anything for his ambition, which inspires others to stand up for the fight against the tyranny of Shakti.",nararohith randhirgatla akuratiramhith sayajishinde rajivkanakala,chaitanyadantuluri,
281851,Satyameva Jeyate,2009-02-13,2009,te,"[28, 18, 53]",0.5588,0.0,0,"Satyameva Jayate is a Telugu film and remake of 2004 Hindi Movie Khakee, starring Dr. Rajasekhar, Shivaji, Sai Kiran, Neetu Chandra, Sanjana and Sheryl Pinto. It was directed by Jeevita with music composed by Chinna. The movie didn't farewell at the box office.",dr.rajasekhar neetuchandra sanjjanaagalrani laradutta milindsoman,jeevitha,remake
81087,Maska,2009-01-14,2009,te,"[28, 10749]",0.6597,5.1,4,"Krish is a happy-go-lucky guy who lives with his brother and sister-in-law. He woos a girl named Manju. Manju happens to be the daughter of a Mla Simhachalam. Krish's only intention is to become rich by marrying her and doesn't have any feelings whatsoever toward her. He also meets a girl called Meenakshi, aka Meenu ; he starts to like her for real and falls in love with her. Meanwhile, Simhachalam and Shinde run against each other in a presidential election in Delhi. Shinde is a man of misdeeds. Shinde tries to find faults in Simhachalam's personal life so that he can expose him in front of the high command of the party, so that his route will be clear to get the party ticket. Shinde comes to learn that Simhachalam has another wife (Sita) and a daughter who live in Hyderabad. He sends his men to find them. .",rampothineni mukeshrishi hansikamotwani sheelakaur brahmanandam,b.gopal,
81898,Prayanam,2009-05-29,2009,te,"[35, 10749]",0.4951,6.0,3,"This is a story of a boy and girl who meet for the first time in an airport and fall in love before they board their respective flights. Dhruv is the boy and Harika is the girl. Both of them are two distinctive individuals. Dhruv is a kind of boy who loves to take chances in life. Harika is the one who likes to make right choices in life, She is doing Masters in Lifestyles Design Academy in Malaysia. Right now she is on her way to INDIA to meet a prospective groom whom her parents have chosen for her. Dhruv falls in love at first sight with Harika when he sees her in airport. But he has only two hours to make her fall in love with him. The rest of the story is all about how he succeeds in it.",manchumanoj payalghosh brahmanandam kalpikaganesh janardhan,chandrasekharyeleti,
117008,Bendu Apparao R.M.P,2009-10-16,2009,te,[35],0.4095,5.5,6,,allarinaresh kamnajethmalani meghanaraj sumanshetty telanganashakuntala,e.v.v.satyanarayana,
23792,Kalavaramaye Madilo,2009-07-17,2009,te,[],0.6618,0.0,0,"When a classical musician criticizes a young singer, she decides to learn music from him, inadvertently uncovering family secrets.",swathireddy kamalkamaraju vikramgokhale tanikellabharani bindhujachimmula,,
23969,A Aa E Ee,2009-11-06,2009,te,[18],0.7185,3.7,3,"Chandram (Srikanth) is a cab driver and a honest man. His wife is Kalyani (Meera Jasmine). They are a childless couple. When Kalyani gets tested positive for pregnancy, the doc tells him that she needs to be operated to avoid complications. The operation would cost around 8 lacs. Being a middle class man, Chandram doesn't have that much money. That is when he comes across an accident on railway track where the body of an unidentified woman is found. He also finds a bag with lots of money beside the corpse. his friend advise him to tell the cops that the dead woman is his wife. He gets the postmortem done and manages the cops and doctor. He finds out that the dead girl is Ramya (Sada). Parents of Ramya come to know about it and ask chandram to do the final rites as they thought that he is her husband (she elopes from house with her boyfriend). The story takes turn when Ramya returns at the time of last rites.",srikanth meerajasmine sadha brahmanandam alibasha,srinivasareddy,
81975,Fitting Master,2009-01-14,2009,te,"[35, 18]",0.6919,7.0,3,"Fitting Master is a Upcoming Telugu film, starring Allari Naresh, Madalasa Sharma and others, directed, Produced by E V V Satyanarayana, and music composed by S Chinna. The film Released on 14th January 2009.",allarinaresh alibasha krishnabhagavan sairabanu chalapathirao,e.v.v.satyanarayana,
23972,Aa Okkadu,2009-06-05,2009,te,[53],0.5653,0.0,0,Dr. Pavitra (Madhurima) is a psychiatrist who works in a mental hospital. Sri Krishna (Suresh Gopi) is a successful criminal lawyer. Bujji (Ajay) works under Sri Krishna. Sri Krishna and Pavitra are disciples of a godman. Pavitra has a family dispute with her brother-in-law and he dies under suspicious circumstances. Slowly a few people associated with Pavitra are killed and the needle of suspicion turns towards Pavitra. The rest of the film is all about who did it.,ajay nyrabanerjee sureshgopi nassar vijayachandar,n.s.murthy,
86607,Oy!,2009-07-03,2009,te,"[18, 35, 10749]",0.7354,6.1,14,"Uday, a rich businessman, falls in love with a simple girl named Sandhya. He gets to know that Sandhya is terminally ill but still pursues her and teaches her to seize every moment of her short life.",siddharth shamili srilekha nandini harshitha,anandranga,
23784,Shankam,2009-09-11,2009,te,"[28, 35]",0.8214,4.3,9,"When his girlfriend is forced to return to India, a happy-go-lucky man follows her and upon asking for their marriage is tasked with picking up a violent but timid relative while making sure the rival villagers don't get a chance to attack him.",gopichand trishakrishnan sathyaraj chandramohan kotasrinivasarao,siva,
308298,Raju Maharaju,2009-06-19,2009,te,[],0.3516,7.0,1,"Chakravarthy and Kalyan  are brothers. Chakravarthy is a noble and hardworking business magnate. Kalyan is an irresponsible brat who doesn’t even care if a person is killed because of him. Kalyan loves Sneha at the first sight and irritates her though she tells him that she doesn’t love him. In the process, Kalyan inadvertently kills the father of Sneha. And Sneha seeks the entire property of Chakravarthy to withdraw police complaint against kalyan. The rest of the story is about how Kalyan learns about life and responsibility from Chakravarthy and wins everybody’s heart.",mohanbabu sharwanand surveenchawla ramyakrishnan nassar,,
367559,Boni,2009-06-12,2009,te,"[28, 12, 35, 10749]",0.3988,2.0,1,"DD and Chinna are are brought up in an orphanage. They are very fond of Saraswatamma who took care of them. Saraswatamma is very good at preparing tamarind rice (pulihora). DD wants to start a pulihora center on the memory of Saraswatamma when he grows up. He needs 7 lacs for that. In order to earn the money, he joins a mafia gang. Pragati is the daughter of a billionaire politician. She is kind hearted and runs a charity organization. She comes to know that a landlord in a village has bought most of the lands forcibly from the village men. Court asks the farmers to pay 4 crores together to regain their lands. When Pragati realized that her father has gone against her wish of helping those farmers, her friend sketches a self-kidnap plan to demand 4 crores as ransom. And things go wrong when DD and Chinna kidnap her at the same time when she is supposed to be self-kidnapped. The rest of the story is all about how DD and Pragati realize their missions together.  - Written by Jeevi",sumanth kritikharbanda tanikellabharani chandramohan ahutiprasad,pippallaraj,
94978,Pravarakyudu,2009-12-04,2009,te,"[18, 10749]",0.3423,8.5,1,"Sasi and Sailaja are good friends during their post-graduation time. Sailaja loves him, but Sasi’s ideology about love irritates Sailaja and both of them separate their ways. Sasi settles as a professor in Harvard University. He comes to Hyderabad to look out for a suitable girl. He then realizes that Sailaja works as a principal in a women’s college and she is unmarried too. The rest of the story is all about how Sasi makes Sailaja fall in love with him again.",jagapatibabu priyamani hamsanandini brahmanandam sunilvarma,madanramigani,
260017,Siddham,2009-02-12,2009,te,"[53, 28]",0.5501,0.0,0,Daya (Jagapati Babu) is a sincere cop and an encounter specialist. He handles his job professionally and does not hold anything personal. Salim (Kota Prasad) is his assistant who is greedy about increasing the encounters count so that he could get more publicity from the media. The city commissioner (Kota) is retired and a new commissioner takes the charge. The new commissioner has his own agenda and he discourages Daya from performing his duty in fair manner. The rest of the story is all about how Daya takes law into his hands and cleans up the mafia gang in his own indomitable style.,jagapatibabu sindhumenon kotasrinivasarao radharavi bharathreddy,j.d.chakravarthi,
137353,Mitrudu,2009-05-01,2009,te,[18],0.6349,3.7,3,"Aditya (Nandamuri Balakrishna) is a loner who is depressed and he stays in Malaysia. Indu (Priyamani) is the daughter of a billionaire businessman and she studies in Malaysia. Her astrologer back home tells her the attributes of her ideal choice and those attributes meet that of Aditya’s. After a few failed attempts, Aditya accepts the proposal of Indu and gets married to her. The rest of the story is all about why Aditya is depressed and is about the real reason behind Indu chasing Aditya and marrying him",nandamuribalakrishna priyamani ranganath chandramohan brahmanandam,mahadev,
23793,Aa Intlo,2009-07-16,2009,te,"[27, 18]",0.2976,6.0,3,,chinna florasaini vinodkumar devan jhansi,chinna,
117420,Jayeebhava,2009-10-23,2009,te,"[28, 18]",0.302,4.8,3,"Returning from abroad, a man and his girlfriend must unite their fathers who belong to two warring groups.",kalyanram hansikamotwani mukeshrishi jayaprakashreddy alibasha,narenkondepati,
132440,Current,2009-06-19,2009,te,[],0.3987,6.5,2,"Sushanth is a happy-go-lucky college student whose philosophy of life is summed up as Forget Yesterday, Enjoy Today & Worry Not about Tomorrow which keeps him happy but worries his parents to no end. A transfer brings the entire family to Hyderabad where he flips for his college classmate Sneha on day one. A determined Sushanth woos her successfully and we are treated to a couple of songs in the bargain. Now, Sneha's philosophy of life runs totally opposite of Sushanth and very soon reality sets in. His attitude ruins his marriage prospects with Sneha and they end up separating. The second half of the movie is all about how they try to fall out of love while making compromises to their philosophies. As expected, it ends well with both accepting that Love is above everything else in life!!!",sushanth snehaullal raghubabu brahmanandam tanikellabharani,palnatisuryapratap,
56986,Khaleja,2010-10-07,2010,te,"[28, 14, 35]",2.4005,7.339,62,"A village is hounded by an unknown disease, decimating its population. The village priest prophesies that God's avatar will save them. Siddha goes in search of this supernatural potential and finds it in Seetarama Raju, a cab driver.",maheshbabu shafi prakashraj raoramesh anushkashetty,trivikramsrinivas,prophecy village supernatural chosen one calamity premonition desert destiny savior plague messiah white savior suspenseful mystery and intrigue comedy mystery
94898,Namo Venkatesa,2010-01-14,2010,te,"[18, 35, 10749]",1.1095,5.0,11,Venkata Ramana (Venkatesh) is a ventriloquist. He goes along with the troop of artists to perform for a local Telugu association in Europe. Paris Prasad (Brahmanandam) is a tour organizer in Europe. He enjoys making people around bakras. Pooja (Trisha) is the niece of Prasad. Venkata Ramana falls in love with her. Prasad realises that only way to make Ramana bakra is to tell him that Pooja loves him too. Pooja is the daughter of a rich factionist in Rayalaseema and she is forced to return back in the middle. Her marriage is fixed with a guy she doesn’t like. The rest of the story is all about how Prasad conspires with Ramana to rescue Pooja.,venkatesh trishakrishnan brahmanandam chandramohan mukeshrishi,sreenuvaitla,love
56981,Brindavanam,2010-10-14,2010,te,"[28, 10749, 18]",1.2471,6.6,36,"Indu makes her boyfriend Krishna act like her friend Bhoomi's lover so that her family will stop searching for a groom. However, their lives takes a turn when Bhoomi falls in love with Krishna.",n.t.ramaraojr. kajalaggarwal samantharuthprabhu prakashraj srihari,vamshipaidipally,
52944,Don Seenu,2010-08-06,2010,te,"[35, 18, 28]",1.0291,5.3,16,"This story is all about a ambitious boy named Seenu (Ravi Teja) who dreams of becoming a don. He always likes to be called as ‘Don’ Seenu since childhood due to the strong influence of the Amitabh Bachchan starrer ‘Don’. He grows up with just one passion - that of becoming the World's No: 1 Don. Thanks to his enterprising nature, he gains access to the cream of the city's dons, and uses his cleverness to play off the top two - Machiraju (Sayaji Shinde) and Narsing (Sri Hari), fierce rivals - against each other.",raviteja shriyasaran anjanasukhani maheshmanjrekar sayajishinde,gopichandmalineni,
199800,Komaram Puli,2010-09-10,2010,te,"[28, 80]",0.9053,4.0,5,Puli joins the police force since he wants to avenge his father's murder at the hands of Al Saleem. He gets an opportunity to bring Al Saleem to justice after he saves the life of the PM of India.,pawankalyan nikeshapatel manojbajpayee nassar alibasha,s.j.suryah,
63414,Darling,2010-04-23,2010,te,"[18, 10749]",1.2623,6.5,31,"Prabha prepares to meet Nandini, his childhood friend, at a reunion party organised by his father. However, things take a turn when Nisha, a gangster's daughter, falls in love with him.",prabhas kajalaggarwal prabhu tulasi ahutiprasad,a.karunakaran,
66491,Rama Rama Krishna Krishna,2010-05-12,2010,te,[18],0.8267,4.7,6,"Rama Rama Krishna Krishna (Telugu: రామ రామ కృష్ణ కృష్ణ) is a 2010 Telugu language film that stars Ram, Priya Anand and Bindu Madhavi in the lead role, whilst prominent actors Arjun Sarja, Nassar, Brahmanandam and Gracy Singh play pivotal roles. This film, directed by Srivas (Lakshyam fame) and produced by noted producer, Dil Raju, released on May 12, 2010. The film got dubbed into Tamil later as Gandhipuram and released on December 24, 2010.",rampothineni arjunsarja priyaanand bindumadhavi vineethradhakrishnan,sriwass,
83154,Nagavalli,2010-12-16,2010,te,"[28, 14, 53, 18]",1.2827,5.8,12,"After a family member receives a Nagavalli/Chandramukhi's portrait as a prize in the Nagavalli Dance competition, various characters start having abnormal experiences. In order to save themselves and unfold the mystery, the family looks to Ramachandra Acharya and Dr. Vijay.",venkatesh richagangopadhyay anushkashetty poonamkaur kamalineemukherjee,p.vasu,
54757,Maryada Ramanna,2010-07-23,2010,te,"[35, 28, 18]",1.0848,7.2,21,Ramu returns to his hometown to sell a piece of land he owns and falls in love with a young woman only to find out that her parents want him dead.,sunilvarma saloniaswani nagineeduvellanki supreet prabhakar,s.s.rajamouli,
145893,Thakita Thakita,2010-03-09,2010,te,"[18, 10749]",0.9929,5.8,4,"The story begins with a group of friends: Sridhar, Chandana, Nandini , Mahesh, Bhakti, Jessica, Kishore, Scud.  Each of them have their own stories and in between that is the unexpressed love track of Sri and Chandana, Bhakti and Mahesh, Nandini is in love with Kishore. They all finish their college exams and are all set to take on the life with full energy, but then life has its own twists and turns for them and this in turn gives them an experience which is unforgettable and memorable.",harshvardhanrane hariprriya aditichengappa ananthkrishnamurthy karthiksabesh,sriharinanu,
38677,Adhurs,2010-01-13,2010,te,"[28, 35, 18]",0.6645,6.1,22,"Twin brothers who are separated at birth receive different upbringing. After they grow up, they chance upon each other when one of them gets kidnapped by hoodlums.",n.t.ramaraojr. nayanthara brahmanandam sheelakaur m.s.narayana,v.v.vinayak,double act
54404,Simha,2010-04-30,2010,te,"[28, 18]",0.7315,5.2,15,"Srimannarayana is a college professor with a penchant for beating up wrong doers. His life is turned upside down when he learns of his family's violent past, and how it intertwines with his present.",nandamuribalakrishna nayanthara snehaullal brahmanandam kotasrinivasarao,boyapatisrinu,
244941,Varudu,2010-03-31,2010,te,[28],0.8583,3.1,10,A soon to-be married bride is abducted by a man who is obsessed with her.,alluarjun arya suhasinimaniratnam bhanusrimehra sayajishinde,gunasekhar,
57734,Orange,2010-11-25,2010,te,"[35, 10749]",0.684,6.5,33,"A young man falls in love with a girl but has to keep lying to make her happy. Unable to continue, he tells her that it cannot go on and breaks up with her.",ramcharan geneliad'souza prabhu prakashraj brahmanandam,bhaskar,
55283,Leader,2010-02-19,2010,te,"[18, 10749]",1.0777,6.3,25,"Upon the death of his father, Arjun Prasad campaigns to become the CM of Andhra. He hopes to eradicate corruption from Indian Politics.",ranadaggubati harshavardhan priyaanand subbaraju kotasrinivasarao,sekharkammula,corruption politics inspiration
281945,Pappu,2010-06-25,2010,te,[],0.7009,0.0,0,"A healthy man, who is unlucky in life and is always taken for granted, falls in love with his employer's daughter. However, when she gets kidnapped, he is sent to rescue her.",krishnudu subbaraju dipikaparmar narsingyadav shankarmelkote,sapanpasuparthi,
41337,Kedi,2010-02-11,2010,te,"[28, 18, 10749]",0.7931,4.4,8,"Rummy agrees to marry Janki, but not until he has accumulated a substantial wealth, so he decides to become a gambler.",nagarjunaakkineni mamtamohandas anushkashetty brahmanandam sayajishinde,kirankumar,
80925,Bindaas,2010-02-05,2010,te,"[10751, 18, 35]",1.0554,6.0,3,"Bindaas (Telugu: బిందాస్) is a 2010 Telugu action film directed by Veeru Potla. The film stars Manoj Manchu and Sheena Shahabadi in the lead roles. Music of the film was launched on 9 November 2009. The movie released on February 5, 2010. On March 27, 2010 it had completed 50 Days in cinema halls. It is reported to have made over INR14 crores worldwide. It was dubbed and released in Malayalam as Happy 2 Happy.",manchumanoj sheenashahabadi vennelakishore masterbharath brahmanandam,veerupotla,
97342,Vedam,2010-06-04,2010,te,"[18, 53]",0.8949,7.2,39,"Five people from varied strata of society – a slum dweller who works as a cable operator, a runaway prostitute, a desperate woman drowning in debt, a rising musician, and a grief-stricken Muslim man – end up together in the same hospital, at a time when it is attacked by terrorists.",alluarjun anushkashetty manojbajpayee manchumanoj saranyaponvannan,radhakrishnajagarlamudi,
308306,Shambo Shiva Shambo,2010-01-14,2010,te,[28],0.5306,7.1,9,"Santosh, the son of a politicians, is in love with his family’s arch rival's daughter. Karunakar, Malli, and Chandu are his friends who sacrifice their dreams to help the two lovers unite. Ten days later, the married lovers give them a shock.",raviteja allarinaresh sivabalaji priyamani abhinaya,samuthirakani,friendship fight society love family culture
54069,Ragada,2010-12-23,2010,te,[28],0.7542,4.9,12,A local village rowdy arrives in the city to earn money by any means and participates in a brawl between two rivals that brings him to their attention.,nagarjunaakkineni anushkashetty priyamani devgill pradeepramsinghrawat,veerupotla,
63430,Ye Maaya Chesave,2010-02-26,2010,te,"[10749, 18]",0.8137,6.8,23,An aspiring Hindu director falls in love with a Christian girl whose parents disapprove of their impending relationship.,nagachaitanyaakkineni samantharuthprabhu krishnudu sapansaran sanjayswaroop,gauthamvasudevmenon,love of one's life young love unfulfilled love
308283,Panchakshari,2010-06-11,2010,te,[],0.594,2.7,3,"Possessed by Devi Maa, a blessed woman predicts her own death, leaving her shattered family to deal with a look-alike.",anushkashetty nassar chandramohan brahmanandam alibasha,v.samudra,
200034,Bheemili Kabaddi Jattu,2010-07-09,2010,te,[18],0.6815,7.3,3,"The entire story unfolds in a remote village near Vizag called Bheemli. What begins as a soft romance between a poor lad Suri (Nani) and a young girl (Saranya Mohan) who comes to the village soon takes a turn. Suri, along with his childhood friends, yearns to win a Kabaddi tournament. They're known for never managing to win a tournament.  They manage to find themselves by chance in a State-level tournament, expected to be knocked out in the very first round. But the bunch of young men who share different thoughts and ideas, with the help of a professional kabbadi coach, emerge as winners. As they proceed, many difficulties are encountered such as Suri having a shoulder dislocation during a match. However, they win all their remaining games and progress to the final. However, during this time, gangsters are searching for Suri.",nani kishore dhanrajsukhram chalakichanti thagubothuramesh,tatinenisatya,gambling
117005,Baava,2010-10-29,2010,te,[18],0.6037,3.9,8,"Seetharamudu wants his son to get married in a family where he is respected and accepted. However, when his son falls in love with one of his maternal relatives, he opposes the relationship.",siddharth pranithasubhash brahmanandam rajendraprasad alibasha,rambabu,
618174,Kothi Mooka,2010-07-30,2010,te,[35],0.3797,0.0,0,,shraddhaarya brahmanandam krishnudu,amanchivenkatasubrahmanyam,
80833,Andari Bandhuvaya,2010-05-14,2010,te,[],0.8281,6.0,3,"Andari Bandhuvaya is a sincere attempt to highlight the importance of human values in today's society. Movie shows two types of environments starts with city shifts to village and then shifts to city. Nandu is simple man who helps and lives in simple manner, he watches all as his family members. Paddu belongs to a poor family and feeds her family with a normal job. She is optimistic and straight forward. Accidentally she visits hero's village. She watches values of village. Her behavior and conduct changes.",sharwanand padmapriyajanakiraman naresh vijaysai v.ramakrishna,chandrasiddhartha,
512773,Om Shanti,2010-01-13,2010,te,[],0.537,3.0,1,"Om Shanti (Telugu: ఓం శాంతి) is a 2010 Telugu film directed by Prakash Dantuluri released on 13 January 2010.[1]. It stars Navdeep and Kajal Aggarwal in the lead roles, making it their third film together. Bindu Madhavi, Aditi Sharma, Nikhil Siddharth, and Madhavan play supporting roles. This film released with a lot of hype but failed to make a mark at the box office.",navdeep kajalaggarwal bindumadhavi aditisharma nikhilsiddhartha,prakashdantuluri,
546186,Happy Happy Ga,2010-08-20,2010,te,[18],0.4131,7.5,1,"Santhosh falls in love with Pooja, but she does not believe in love and refuses to reciprocate his feelings. Later, Pooja encourages her friend Priya to build a bond with Santhosh.",varunsandesh saranyamohan alibasha vegatamotia,priyasharan,
63469,Golimaar,2010-05-27,2010,te,"[28, 53, 80]",0.6783,6.8,9,"Gangaram (Gopichand), an orphan raised by M.S. Narayana always craves to be a Police Officer and he becomes one. His intensity, dedication and straight forwardness gains him respect from his seniors and soon he starts running a cell that specializes in killing the gang members of two gangs – Talwar Gang and Khaled Gang. How does this honest police officer try to get on top of these gangs forms the rest of the story.",gopichand priyamani rojaselvamani nassar prakashraj,purijagannadh,
137280,Maro Charitra,2010-03-25,2010,te,"[10751, 10749, 18]",0.2419,0.0,0,"Maro Charitra is a 2010 Telugu film, which is an adaptation of the 1978 film of the same name. The film stars Varun Sandesh and newcomer Anita in the lead roles. The film is produced by Dil Raju and directed by Ravi Yadav, Story by K. Bala Chandar, Dialogues by Umarji Anuradha, cinematography by Ravi Yadav of 2008 Hindi film Race.Music is composed by Mickey J Meyer and background score is composed by Thaman. The film released on 25 March 2010. The trailer released recently got a huge response. The film received negative feedback and was a flop at the box office.",varunsandesh anitagaller shraddhadas janakisabesh prathappothan,raviyadav,
67678,Ranga the Donga,2010-12-30,2010,te,[],0.4659,3.0,1,Mighty star Srikanth comes up with yet another attempt to prove himself as a mass hero while fighter Sudhakar Naidu tries his hand at wielding the megaphone.,srikanth vimalaraman ramyakrishnan sakshishivananda jayaprakashreddy,g.v.sudhakarnaidu,
117421,Jhummandi Naadam,2010-07-01,2010,te,"[10749, 10751, 18]",0.4889,5.5,4,"Balu loves music very much. He wants to become a famous musician. He left his village and came to Hyderabad to fulfill his dream. He rented a house across the house of Venkata Chalapathi's (Mohan Babu) house. Venkata doesn't approve the way of living of the new generation. So when his friend's daughter Sravya and Balu fell for each other, he became complete against of their love. Now the lovers have to overcome the obstacles of Venkata for the sake of their love.",manchumanoj taapseepannu mohanbabu sumantalwar brahmanandam,kraghavendrarao,
608962,Yagam,2010-03-19,2010,te,[],0.4142,10.0,1,"Danny is in love with Nandini, an air hostess, who gets killed in Bangkok. Danny then moves to Bangkok to avenge her death, but things get murkier as he unravels the mystery.",navdeep bhumikachawla kimsharma rahuldev brahmanandam,p.a.arunprasad,
81986,Kalyan Ram Kathi,2010-11-12,2010,te,"[28, 18]",0.6784,4.8,4,A football player unleashes his rage when his sister goes missing one day is found married to a man harassing her.,kalyanram shaam sanakhaan saranyamohan ajay,mallikarjun,
420391,Karma,2010-11-26,2010,te,"[53, 18, 9648]",0.504,0.0,0,"Orphaned and haunted by her father's murder, Padma grapples with shattered faith. Enter Dev, a mysterious stranger that challenge her beliefs. As a sinister cult weaves its web, Padma must confront the darkness within and unravel Dev's true identity to save not only herself but the world.",adivisesh jadetailor sherali babyria rashmi,adivisesh,
99623,Police Police,2010-04-09,2010,te,[],0.3048,6.0,2,"Ranadheer and Ravikanth, two policemen, turn foes after Ravikanth gets involved in antisocial activities. Ranadheer then plans to prove Ravikanth is the culprit.",prithvirajsukumaran srikanth kamalineemukherjee sanjjanaagalrani ahutiprasad,manmohan,
117021,Brahmalokam to Yamalokam via Bhulokam,2010-07-29,2010,te,"[35, 10749]",0.3942,0.0,0,"In Brahmalokam, Brahma (Rajendra Prasad) has a small tiff with Saraswathi Devi (Kalyani) and he decrees that marriage has to be followed by death. In Bhulokam, Sreenu (Sivaji) a happy go lucky struggling to pass his degree chances upon Swetha (Sonia) and it is love at first sight. Meanwhile, Sreenus friend Sobhan Babu (Venu Madhav) does a penance to Brahma and wins his heart. Brahma gives a pot to Sobhan Babu and tells him to drink it, that will give the power to read anyones fate. However, a situation happens and Sreenu ends up drinking it. In no time, his life falls in place, he wins the heart of Swetha. However, Brahma realizes that this boon is causing trouble to the law of nature. He along with Yama (Jayaprakash Reddy) and Chitragupta (AVS) come to Bhulokam to retake the powers. Whether they are successful or not forms the rest of the story.",sivajisontineni rajendraprasad soniabosevenkat aarthiagarwal soniadeepti,gollapatinageswararao,
226831,Seeta Ramula Kalyanam Lankalo,2010-01-22,2010,te,"[28, 10749, 35]",0.3644,4.0,4,"Chandra Shekhar aka Chandu (Nitin) is a dare devil youth and is a fearless boy. Once he comes across a beautiful girl Nandu (Hansika Motwani), daughter of a dreaded factionalist Peddi Reddy (Suman). Soon he loses his heart. He starts teasing her and wants to prove that he is sincerely loving Nandu. He tells Nandu that he could do anything for her. Then the latter tells him that he should not follow her until she calls him. In order to grab her attention, he sends his father (Chandramohan) and mother (Pragati) to express his love and let her know that they too encourage him instead of trying to divert his attention from love. Later Nandu realises that she too is truly loving him. At this juncture, Jayaprakash Reddy (Jayaprakash Reddy) goes to Peddi Reddy for an alliance for his brother's son Veera Pratap Reddy (Saleem Panda). Peddi Reddy refuses to marry Nandu with Veera Pratap Reddy.",nithiin hansikamotwani brahmanandam alibasha salimbaig,eeshwar,
1009916,Aakasa Ramanna,2010-03-12,2010,te,"[80, 35]",0.183,0.0,0,Aakasa Ramanna is a Telugu-language film.,rajivkanakala allarinaresh sivajisontineni meerajasmine gowripandit,ashokg.,
57736,Mirapakay,2011-01-12,2011,te,"[28, 35]",1.6833,5.6,14,"Rishi (Ravi Teja) is an inspector in the Intelligence Bureau. His colleagues fondly call him 'Mirapakaay'. The chief of the IB, Narayana Murthy (Nagababu) gets information that Kittu Bhai (Prakash Raj), a mafia don, is trying to spread his tentacles in India and is targeting Delhi first. During the course of the investigation, ACP (Sanjay Swaroop) is killed by Shankar (Kota Srinivasa Rao), a local goon with the help of his son (Supreet). Murthy sends Rishi to Hyderabad and gets him admitted to a college as a Hindi lecturer as part of an undercover operation. Rishi meets Vinamra (Richa Gangopadhyay) at a temple & falls in love at first sight. Incidentally, she studies in the same college and in the same class to which Rishi teaches Hindi. Their love blossoms. At this juncture, Vaishali (Deeksha Seth), daughter of Kittu Bhai, joins the same college. Grabbing the opportunity, the IB chief asks Rishi to extract information about Kittu from Vaishali.",raviteja richagangopadhyay deekshaseth prakashraj kotasrinivasarao,harishshankar,
226298,Virodhi,2011-07-01,2011,te,"[18, 28]",1.1383,0.0,0,"Political journalist Jayadev (Meka Srikanth) unearths several scams made by a politician (Ahuti Prasad) who in turn invites him to bribe him. The but idealistic Jayadev refuses to relent, and as they discuss, a group of Maoists attack the politician and kill him off and Jayadev is held as their hostage. Along with Jayadev, the group of Maoists led by Gogi (Ajay) head to their base camp in a dense forest. During the journey, their ideologies are tested; good and bad are exposed, in a dramatic way.",srikanth kamalineemukherjee ajay ahutiprasad kamalkamaraju,g.neelakantareddy,political thriller
63376,Mr. Perfect,2011-04-21,2011,te,"[10749, 35]",1.209,6.5,36,"Vicky breaks his engagement with Priya, his childhood friend, after he learns that she is making many compromises for his sake. However, time makes him realise the need for compromises in life.",prabhas kajalaggarwal taapseepannu muralimohan prakashraj,dasaradh,love
80281,Oosaravelli,2011-10-06,2011,te,"[28, 53]",1.0617,5.3,23,"A youngster, who does anything for money, avenges on those who killed the family of Niharika.",n.t.ramaraojr. tamannaahbhatia payalghosh prakashraj jayaprakashreddy,surenderreddy,
80276,Dookudu,2011-09-23,2011,te,"[28, 35, 53]",2.3746,6.79,50,"To protect his father recovering from a coma, a relentless cop must pose as the political leader his father always envisioned while hunting the men who tried to kill him.",maheshbabu samantharuthprabhu prakashraj sonusood brahmanandam,sreenuvaitla,coma undercover mafia boss deception revenge mafia tv show in film make believe father son relationship love story reality tv tv show
63372,Shakti,2011-04-01,2011,te,"[28, 14]",1.2179,3.3,13,"The central minister's daughter who secretly goes on a trip is targeted by some evil Egyptians who want her and a holy diamond in their custody, while a guide gets linked to the fight as he protects her from all possible dangers.",n.t.ramaraojr. ileanad'cruz prabhu sonusood brahmanandam,meherramesh,daughter temple diamond fight sword son tourist guide gunfight protector adopted child journey trident ganges stabbed
308202,Jai Bolo Telangana,2011-02-04,2011,te,[36],0.8567,0.0,0,Film from Nimmala Shankar,jagapatibabu smritiirani meeranandan sangapratapkumar,nimmalashankar,
200297,Rajanna,2011-11-12,2011,te,[18],0.9101,4.3,3,"The film is set in the Nelakondapalli village of khammam district in Nizam Princely State of Hyderabad of the late 1940s. The feudal society is under the vice-like grip of an aristocratic family and its head, a Dorasani (Shwetha Menon). Mallamma (Baby Annie) is the darling of the village, who is living in perpetual humiliation. They seek solace in her songs. Brought up by Sambayya, an old man, she develops a mysterious attachment to a basil tree which is regarded as holy by the entire village.",annie nagarjunaakkineni sneha nassar shwetamenon,vijayendraprasad,tragedy
77715,Badrinath,2011-06-10,2011,te,"[28, 18, 10749]",1.2608,3.8,28,"Trained by a religious martial arts guru, Badri becomes the protector of Badrinath temple and tries to revive Alakananda's faith in God, unaware of the fact that she has fallen for him.",alluarjun tamannaahbhatia prakashraj brahmanandam kellydorji,v.v.vinayak,
79820,Vastadu Naa Raju,2011-02-11,2011,te,[35],0.7478,5.5,2,"Vastadu Naa Raju is a 2011 Indian Telugu-language action film directed by Hemant Madhukar. It stars Vishnu Manchu, who has also produced the film and Taapsee Pannu in the lead roles. While Gopal Reddy S has handled the camera, the music is composed by Mani Sharma.",vishnumanchu taapseepannu prakashraj brahmanandam sayajishinde,hemantmadhukar,
63377,Teen Maar,2011-04-14,2011,te,[18],0.7803,3.7,11,"Michael Velayudham is a chef specialized in Italian cuisine in Cape Town. He falls in love with Meera Sasthri - another Indian staying in Cape Town. Meera is a restoration specialist and she is moving to India. Since it is not possible to continue the relationship across the seas, they bid good bye to each other. Michael finds a local white girl in Cape Town and Meera finds a local politician back in India. The rest of the story is all about how their true love unites them despite them being so casual about their relationship. There is also another story dealing with Arjun Palwai that runs parallel with a time difference of 30 years in Waranasi.",pawankalyan trishakrishnan pareshrawal sonusood kritikharbanda,jayantparanji,
81080,Mogudu,2011-11-04,2011,te,[18],0.9104,3.5,6,"Mogudu is a 2011 Telugu film directed by Krishna Vamsi starring Gopichand, Taapsee Pannu, Shraddha Das in the lead roles with Gadde Rajendra Prasad, Roja and Naresh in supporting roles. The film is all about how a man truly becomes mogudu (husband) when he understands his wife and wins her love. The film released on 4 November 2011",gopichand taapseepannu shraddhadas rajendraprasad naresh,pasupuletikrishnavamsi,
85818,Pilla Zamindar,2011-10-14,2011,te,"[35, 18]",0.956,7.2,26,PJ is the grandson of a wealthy zamindar and an irresponsible youngster who is spoilt by the pampering and excessive money. His grandfather writes a will with several conditions before he dies. He writes the will that PJ will inherit his entire wealth only if he completes his graduation as a common man without any luxeries. The rest of the story is all about how PJ learns about values and life as he achieves his goal.,nani hariprriya raoramesh srinivasavasarala dhanrajsukhram,ashokg.,rich brat
67677,Golconda High School,2011-01-14,2011,te,[],1.0167,7.2,4,"Set on the backdrop of cricket, the story begins with the Golconda High School which housed the best cricket team about fifteen years ago.",sumanth santoshshoban srinivasasayee surajgontla farookh,mohanakrishnaindraganti,
85952,Madatha Kaaja,2011-09-30,2011,te,"[35, 10751]",0.8311,6.0,1,"An average tale, the story begins at Vizag and here lives Kalyan (Allari Naresh) who works as a police informer and ensures crime is zero in his area. His life takes a turn when he sees Swapna (Sneha) and falls in love with her. With some tricks he manages to woo her and finally gets her love. The story takes a turn when Kalyan is given an assignment by the police to expose the illegal dealings of two dons KP and JP (Jayaprakash reddy, Ahuti prasad) along with their big boss in Bangkok Nanda (Ashish Vidyarthi). To add to it, Swapna is the daughter of JP and her marriage is fixed to KP's son (Subbaraju). What happens from there forms the rest of the story.",allarinaresh snehaullal maryamzakaria subbaraju ashishvidhyarthi,seetaramarajudantuluri,
69924,Veera,2011-05-20,2011,te,"[28, 35, 18]",1.0884,5.1,12,"Veera Venkata Satyanarayana aka Veera is the son of a landlord. But his step mother and step sister stay in city away from them. Meanwhile, his father gets killed from a goon and Veera too murders him. However, a big industrialist plans for a power project in their village and wants to vacate the entire village and takes the help of a local don Rayudu. But Veera halts their efforts. At this juncture, Veera marries Kabaddi Chitti and his brother marries the daughter of commissioner of police.....",raviteja kajalaggarwal alibasha taapseepannu sridevivijayakumar,rameshvarma,
63378,100% Love,2011-05-06,2011,te,"[35, 18, 10749]",0.7299,6.1,35,"Balu and Mahalakshmi are both very competitive in college, which leads to ego clashes. When they meet again after a few years, they try to outdo each other until they realize that they are in love.",nagachaitanyaakkineni tamannaahbhatia nanduvijaykrishna vijayakumar krvijaya,sukumar,genius love ego
200339,Veedu Theda,2011-11-18,2011,te,"[35, 18]",0.6538,0.0,0,"Katthi Seenu (Nikhil Siddharth) is a carefree and brash youngster from Tirupati, who lives with his sister (Hema) and her husband (Krishna Bhagavaan). A chance meeting with Love Kumar (Ali) leads him to Bheemavaram, where he comes across Meghana (Pooja Bose). It is love at first sight for Seenu but Meghana does not reciprocate his feelings.  As the story progresses, it is revealed that Meghana has a past that is connected to the notorious don Liquor Shankar (Sayaji Shinde) and a jailed convict Das (Suman). They start pursuing Meghana and it is now up to Seenu to step in as her saviour.",nikhilsiddhartha pujabanerjee brahmanandam krishnabhagavan,chinnikrishna,
94987,Sri Rama Rajyam,2011-11-17,2011,te,[18],0.6001,6.2,6,"Lord Sri Rama retains his wife Sita comes back to their kingdom Ayodhya, after killing Ravana. And Sri Rama will continue his charisma in ruling the kingdom after his Pattabhishekam. On one day he will hear the sweet news that Sita is pregnant. Everything looks fine, but on one day Sri Rama came to know that people in his kingdom are having discussions about Sita’s character, as she spent some time in Ravana’s place. So, Rama decides himself to leave Sita and she is sent to the forest. There she was protected by Valmiki and was given shelter in his Ashram. Later she gives birth at Ashram to twins; Lava and Kusa. Later she gives birth at Ashram to twins; Lava and Kusa. What are the incidents that happens next forms the Sri Rama Rajyam Story.",nandamuribalakrishna nayanthara gaurav dhanushkumar srikanth,bapu,
82901,Katha Screenplay Darsakatvam Appalaraju,2011-02-18,2011,te,[18],0.6362,4.2,5,"An aspiring director works hard to fulfill his dream of making a movie. However, in the purely commercial process of turning a script into the final product, he faces so many challenges and is forced to make so many changes that his original story completely loses its authenticity. In the end, it becomes a comic farce, but will it become a success at the box office?",sunilvarma swathireddy sakshigulati brahmanandam ajay,ramgopalvarma,satire
79819,Dhada,2011-08-11,2011,te,"[80, 18]",0.8624,3.2,5,"A carefree man inadvertently frees a group of kidnapped young women from a criminal gang of traffickers and earns their wrath. His girlfriend's wealthy father arranges her wedding with an equally wealthy, but psychotic man. Will the man succeed in defeating his enemies and protect his girlfriend?",nagachaitanyaakkineni kajalaggarwal srikanth samekshaoswal eijazkhan,ajaybhuyan,
82895,Chattam,2011-03-25,2011,te,[80],0.686,0.0,0,Chattam is a 2011 action Telugu film directed by P. A. Arun Prasad. Natti Kumar and Rama Satyanarayana are jointly producing this movie. Jagapathi Babu acts in the lead role along with Vimala Raman in the opposite lead role,jagapatibabu vimalaraman brahmanandam muralisharma,p.a.arunprasad,vigilante injustice criminal justice system
69926,Vareva,2011-01-29,2011,te,[10749],0.5054,0.0,0,"Rishi (Gautam) is a happy going engineering student who falls in love with Sandhya (Shambavi), his classmate. Sandhya’s father (Devan) is a rich business man but he accepts their love. Gautam takes the heroine to Vizag to take the blessings of his mom. Suddently, he’ll be attacked in Vizag by some goons and everyone feels that it is Devan who did it. But it is by a Vizag goon Bhupathi (Ashish Vidyarthi), as Gautham accidentally kills his brother while saving one of his friends. Bhupati’s batch chase him and how Gautham solves the problem is all about the movie.",brahmanandam,,
72440,Once Upon a Warrior,2011-01-14,2011,te,"[12, 14, 28, 10751]",1.0107,6.1,29,"In a teardrop-shaped land called Sangarashtra, a 9-year-old girl with special healing powers tries to save her homeland from the tyranny of an evil queen with the help of a blind swordsman.",siddharth harshita shrutihaasan lakshmimanchu vallabhaneniramji,prakashkovelamudi,
108340,Bejawada,2011-12-01,2011,te,"[28, 18, 80]",0.6315,4.0,4,"A fearless young man sets out to avenge his brother's death by eliminating the devious criminals responsible for the murder. In the process, he must also fight for justice and save the labourers' and students' unions from the gangster's ruthless tyranny. Will he succeed in his mission?",nagachaitanyaakkineni amalapaul prabhu subhalekhasudhakar abhimanyusingh,vivekkrishna,
81236,Solo,2011-11-25,2011,te,"[18, 10749]",0.8006,5.2,6,Gautham Nara Rohith is an orphan who always wishes to get married to a girl from a joint family to experience the love of relationships and elders. He falls in love with Vaishnavi Nisha Aggarwal who belongs to a joint family. He tries to woo her and finally she agrees and fall in love with him too. Vaishnavi shares a very good relationship with everyone at home especially her dad Naidu Prakash Raj. One day he gets to know about his daughter and Gautham's relationship. He dislikes it as he always wanted to get his daughter married to a guy who belongs to a good family. He sets an alliance with someone else. What happens next forms the rest.,nararohith prakashraj nishaagarwal sayajishinde jayasudha,parasurampetla,
57010,Ala Modalaindi,2011-01-21,2011,te,"[10749, 18]",0.6225,6.7,27,"Gowtam works as a reporter for a television channel. He is nursing a heart break after his girlfriend dumped him for another guy. He attends the wedding of his girlfriend where he meets the another girl Nitya dumped by the groom (her boy friend). They hit off well and become instant friends. Nitya stays in Bangalore and Gowtam stays in Hyderabad. They keep bumping in to each other over a period of years. Though both these people like each other, the fate intervenes to separate them at crucial moments. The rest of the story is all about how this couple finally realises that they are made for each other after few years of courtship.",nani nithyamenen rohini ashishvidhyarthi thagubothuramesh,b.v.nandinireddy,unlikely lovers woman director
69927,Parama Veera Chakra,2011-01-12,2011,te,[28],0.4345,5.0,3,"Major Jayasimha (Balakrishna) is a great patriot and he is proud of his profession. With the help of a covert, he catches a terrorist Afzhal Ghani and puts him behind bars. A crooked politician gets himself kidnapped and the terrorists demand the release of Ghani from custody. Again Major enters the scene and brings back the politician along with a girl called Razia from the terrorists"" base camp. Though, he believes that Razia is the daughter of the politician, she is a member of the terrorists gang. She robs information about Ghani""s movement from Jayasimha""s personal computer and takes him away from the army custody, while he is being shifted from one jail to another.",nandamuribalakrishna ameeshapatel sheelakaur nehadhupia nagineeduvellanki,dasarinarayanarao,
69925,Seema Tapakai,2011-05-13,2011,te,[35],0.6913,5.8,5,Sri Krishna is the son of a multimillionaire. He falls in love with the girl named Satya who hates millionaires and serves the poor. Sri Krishna bluffs her that he is a poor man and also makes his family to act like poor people. But he doesn't know about Satya's background which will put him and his family in furthermore trouble.,allarinaresh poorna sayajishinde brahmanandam vennelakishore,g.nageswarareddy,
99354,Prema Kavali,2011-02-25,2011,te,"[10749, 35]",0.453,3.3,3,"A story about Sreenu, an NCC cadet who loves Prema in his college, and his heroic efforts to gain his love",aadisaikumar ishachawla devgill nassar alibasha,k.vijayabhaskar,
59900,Gaganam,2011-02-11,2011,te,"[28, 18, 53]",0.608,6.2,15,"When terrorists hijack a plane from Chennai, a struggle with the pilots damages the engine forcing them to make an emergency landing in Tirupati. NSG commando Ravi is entrusted with rescue operations.",nagarjunaakkineni prakashraj poonamkaur sanakhaan elangokumaravel,radhamohan,airplane hijacking rescue operation
80539,Panjaa,2011-12-09,2011,te,[28],1.1601,5.7,19,"Jai, an orphan, falls into bad company after Bhagwan, a gangster, gives him shelter and hope to live. However, Jai and Munna, Bhagwan's son, fight with each other after Munna kills an innocent woman.",pawankalyan sarah-janedias anjalilavania jackieshroff atulkulkarni,vishnuvaradhan,hitman fight betrayal shootout orphan one man army knife fight car explosion gunplay action hero
86712,Kandireega,2011-08-12,2011,te,"[10749, 35, 18]",0.4234,4.3,13,"Sreenu (Ram) is the son of Vishwanatham (Chandra Mohan). He is a high school drop out in Anakapalle and wants to marry his uncle’s (Dharmavarapu Subramanyam) daughter Bujji (Swati Reddy). She rejects him stating that he doesn’t have college education. Sreenu, who is clever and street-smart decides to go to Hyderabad for further education. While travelling in the train, he bashes up a bunch of rowdies teasing college girls. At the college in Hyderabad, he meets Shruthi (Hansika Motwani) and falls in love with her. The city gangster Bhavani (Sonu Sood) is in love with her and blackmails her to marry him. He beats anyone moving closely with Shruthi. Meanwhile, henchmen of Warangal Rajanna (Jaya Prakash Reddy), a dreaded chieftain, are looking for Sreenu in the city.",rampothineni sonusood hansikamotwani akshapardasany vineetkumar,santoshsrinivas,
67676,Raaj,2011-03-18,2011,te,[18],0.5344,5.7,3,"Raaj, a fashion photographer, who has been forcibly married by his father to Mythili even though he is in love with a girl named Priya, who has disappeared mysteriously.",sumanth vimalaraman priyamani giribabu alibasha,v.n.aditya,
281951,Kshetram,2011-12-29,2011,te,"[10749, 53, 18]",0.3346,0.0,0,"Kshetram is a 2011 romantic action Telugu movie produced by G. Govinda Raju on Sri Balaji Movie Makers banner, directed by T Venugopal. Starring Jagapati Babu, Priyamani, Kick Shaam in the lead roles and music composed by Koti.",shaam priyamani jagapatibabu brahmanandam tanikellabharani,tvenugopal,
86717,Oh My Friend,2011-11-11,2011,te,[10749],0.513,6.3,20,"Two childhood friends, who believe they share a platonic bond. When complications arise in their romantic relationships due to their friendship, how will their relationship evolve?",siddharth shrutihaasan hansikamotwani navdeep tanikellabharani,venusriram,
137364,Money Money More Money,2011-08-26,2011,te,"[35, 18]",0.5476,4.0,1,"Four small time crooks, turn towards kidnapping for some quick money. They kidnap a millionaire's daughter, and they demand money (1 crore). They are forced to barge into the home of a vegetarian family of 35. Their stay in the house gets extended when they learn than the hostage's father has gone abroad and they have to wait until he returns. The kidnappers are forced to take more hostages to keep their identity secret and prevent the kidnapping venture from failing. Eventually other people are stuck in the house, such as: pizza guy, a police constable, a guy who wants money from the goon, real estate guy What follows is a ""mad-mad comedy of errors"", along with a sales girl who is dragged into the fray when she arrives in the house in order to sell them shampoo.",j.d.chakravarthi taraalishaberry brahmanandam mukuldev brahmaji,j.d.chakravarthi,sequel remake
137249,Dongala Mutha,2011-04-18,2011,te,"[53, 80, 28]",0.8763,2.8,6,Sudheer and Rani break down near a resort and quickly realize they are in a do or die situation.,raviteja charmykaur sunilvarma prakashraj lakshmimanchu,ramgopalvarma,
282600,Rakta Patham,2011-03-18,2011,te,[10749],0.646,0.0,0,"Rakta Patham is a 2011 Telugu film directed by Raghava Loki. The film stars Shivaraj Kumar, Genelia Dsouza, Ajay and Jayaprakash Reddy in lead roles. Music was composed by Gurukiran.",shivarajkumar geneliad'souza ajay subbaraju narsingyadav,raghavaloki,
82201,Nuvvila,2011-11-03,2011,te,"[18, 10749, 35]",0.6732,6.0,1,"Nuvvila is the story that revolves around three guys and girls on same age. We will get introduced to three characters and three girls with having their respective problems.  Anand (Ajay) who is a graduate thinks about doing job or to continue studies further. In this dilemma, he will be idle for one year and mean while, he falls for his neighbor archana (yami). Everything goes well for him until he came to know that archana is in love with a cricketer Vishnu.  And the next guy Mahesh (Hayish) dream of becoming an aspiring model. He faces several problems in his way to accomplish his dream.  Coming to the third character Raja (Prasad) is a guy who wants to become a musician. He always thinks his classmate Rani as sign of bad luck for him. But to the funny, he marries that girl in an unavoidable situation.  Whether these three guys achieved their dreams forms the final crux….",yamigautamdhar remyanambeesan vijaydeverakonda ravibabu sarayumohan,ravibabu,
148265,Eega,2012-07-05,2012,te,"[14, 28]",3.392,7.1,239,"Nani is a flower decorator, madly in love with his neighbor Bindhu. He gets killed by the baddie, Sudeep, a powerful businessman. Nani comes back as a housefly to get his revenge.",sudeepa samantharuthprabhu nani adithyamenon thagubothuramesh,s.s.rajamouli,afterlife reincarnation revenge murder torture bilingual
153860,Endukante Premanta,2012-06-08,2012,te,"[10749, 35, 18]",1.2826,5.0,13,Two young people are confused by their feelings for each other.,rampothineni tamannaahbhatia sumantalwar richardrishi sayajishinde,a.karunakaran,
83889,Businessman,2012-01-13,2012,te,"[28, 80]",2.4102,7.198,58,"Just as the cops have declared the end of Mafia in Mumbai, a man named Surya arrives in the city with the intentions of conquering it.",maheshbabu kajalaggarwal prakashraj sayajishinde nassar,purijagannadh,corruption loss of loved one gangster anti hero murder vigilante organized crime extortion mafia orphan corrupt politician gun violence rise to power political corruption crime syndicate mumbai violence intense powerful
120956,Rachcha,2012-04-05,2012,te,"[28, 18, 10749]",1.2085,4.2,20,"A betting teenager, Raj gets involved in a larger bet than he had imagined to earn 2 million rupees for his father's treatment. Will he be able to save his father?",ramcharan tamannaahbhatia ajmalameer nassar brahmanandam,sampathnandi,
111836,Gabbar Singh,2012-05-11,2012,te,"[28, 35]",1.1833,6.1,25,"A boy runs away from home, angry with his stepfather and half-brother. Years later, he becomes a police inspector and fights a notorious criminal.",pawankalyan shrutihaasan alibasha kotasrinivasarao abhimanyusingh,harishshankar,
104069,Nippu,2012-02-17,2012,te,"[18, 35]",0.5871,4.2,6,"Surya is a gym coach and he is very close to Sri and his family. Murthy is Sri’s father and Meghana is his sister. Surya is a man who fights against any injustice he comes across and this brings him into direct conflict with Raja Goud. In a separate track, Sriram gets into major trouble in Saudi Arabia and Ravi Teja must do everything he can to save his friend’s life. In a curious twist of fate, only Raja Goud has the ability to save Sriram from certain death. Will Surya enter into a compromise with Raja Goud? How can Raja Goud save a man in trouble in Saudi Arabia? That forms the story",raviteja deekshaseth srikanth bhavana brahmanandam,gunasekhar,
155738,Sudigaadu,2012-08-24,2012,te,[35],1.083,6.5,6,"Shiva, born with heroic powers, can stop bullets. He decides to take revenge against his sworn enemy, Thikkal Reddy, in order to rescue his kidnapped parents.",allarinaresh kovaisarala monalgajjar jayaprakashreddy raghubabu,bhimanenisrinivasarao,satire parody spoof
152875,Daruvu,2012-05-24,2012,te,"[18, 28, 35, 14]",0.9663,5.2,10,"In Yamalokam retirement age comes from Senior Yama and he gives charge to his Son. However experienced Chitragupta is retained much to his disappointment. He decides to teach a lesson to new Yama and plans to get a person from Bhulokam who can create chaos in Yamalokam. That person turns out to be Bullet Raja a mass character. He falls in love with Taapsee. Though he is yet to complete his lifespan,Chitragupta plays a game and Bullet Raja gets killed only to come to hell. Here he discovers the plot and demands to get back to earth. Since his body has perished, Yama and Chitragupta send him inside the home ministers body. What happens from there and how things change forms rest of the story.",raviteja taapseepannu sayajishinde prabhu kaikalasatyanarayana,siva,politics
122783,Lovely,2012-03-30,2012,te,[10749],0.7973,5.8,7,"The story is about two youngsters a boy and girl and their relationship. The story begins with Kittu (Vennela Kishore), who is addicted to Facebook. He develops the friendship with Lalli (Chinmayee). They both become good friends and decide to meet each another. When the time for meeting comes up, both of them develop cold feet. While Kittu sends his friend Akash (Aadi) to meet Lalli, she, on the other hand, sends her friend Lavanya (Shanvi) to meet Kittu.When Akash and Lavanya meet, it is love at first sight for them. Akash is now in love with Lavanya and she too reciprocates his feelings. Here comes the twist. Maharadhi (Rajendra Prasad) father of Lavanya does not approve love of Akash and Lovely. The reason is he does not like the behavior and attitude of Akash.",aadisaikumar shanvishrivastava ahutiprasad vennelakishore rajendraprasad,jayab,
113728,Dhammu,2012-04-27,2012,te,"[28, 18]",0.7154,4.2,17,"Rama Chandra, an orphan, gets involved in a feud between two royal families while trying to woo Sathya, his lady love. He soon realises that the lives of his fellow villagers depend on his choices.",n.t.ramaraojr. trishakrishnan karthikanair kotasrinivasarao chalapathirao,boyapatisrinu,
531048,Memu Vayasuku Vacham,2012-06-23,2012,te,[],0.5885,7.5,2,"Lucky loves Dil, a Muslim girl, who does not reciprocate his love. She realises her feelings after getting engaged but is reluctant to break off her engagement for the sake of her family.",tanishalladi thagubothuramesh dhanrajsukhram ramaprabha nititaylor,trinadharaonakkina,
199544,Devudu Chesina Manushulu,2012-08-15,2012,te,"[28, 35, 14]",0.761,3.3,8,"The movie opens with Lord Vishnu (Bramhanandam) trying to pacify Lakshmi Devi (Kovai Sarala), who is quite disappointed after listening to words of Narada that Lord Vishnu didn't gave any present to Lakshmi Devi on the eve of her Birthday (Akshaya Tritiya). Lord Vishnu shows a love story between 2 orphans Ravi Teja (Ravi Teja), a settlement broker in Hyderabad and Ileana (Ileana D'Cruz), a taxi driver living in Bangkok.",raviteja ileanad'cruz prakashraj brahmanandam m.s.narayana,purijagannadh,
138078,Shirdi Sai,2012-09-06,2012,te,[18],0.5327,4.2,4,"Based on the life of Indian guru Shirdi Sai Baba, who taught love, forgiveness, charity and devotion.",nagarjunaakkineni srikanth srihari saikumar sayajishinde,kraghavendrarao,mythology hinduism
155730,Life Is Beautiful,2012-09-14,2012,te,"[35, 18, 10751]",0.5875,6.2,15,"The official synopsis for Life Is Beautiful says, ""It is a coming of age story of six youngsters, set in the beautiful nostalgic world of a working-middle class neighborhood. The film tracks their journey through the different seasons, festivals, romances, street cricket, colony fights, and family gatherings. With the beginning of responsibilities, and adulthood looming around the corner, their dreams and aspirations bring them all together, to make the whole experience magical. Life is Beautiful is a story about new beginnings. It is a celebration of life and its smaller joys",abijeetduddala sudhakarkomakula kaushikdarbha rashmishastry kavya,sekharkammula,coming of age
149262,Yeto Vellipoyindhi Manasu,2012-12-13,2012,te,"[10749, 18]",0.6585,6.5,10,"The romantic lives of two people – Varun and Nithya, are chronicled in this film from their school days until their adult lives. They fall in love multiple times and keep breaking up over minor issues. But deep down, they are so madly in love with each other that they keep giving themselves another chance.",nani samantharuthprabhu krishnudu anupamakumar vidyullekharaman,gauthamvasudevmenon,high school college young love
196801,Yamudiki Mogudu,2012-12-27,2012,te,[35],0.5599,4.2,5,Yamudiki Mogudu: Ee Nela Thakkuvodu is a 2012 released Telugu socio-fantasy and comedy film directed by E. Satti Babu.,allarinaresh richapanai sayajishinde ramyakrishnan,e.sathibabu,afterlife heaven
154337,Andala Rakshasi,2012-08-10,2012,te,"[10749, 18]",0.6971,6.3,8,"Gautham, a wealthy man, falls for a woman named Mithuna only to learn that she loves another man. However, a sudden chain of events changes their lives forever.",lavanyatripathi rahulravindran naveenchandra c.v.l.narasimharao pragathimahavadi,hanuraghavapudi,love
168119,Adhinayakudu,2012-06-01,2012,te,"[28, 18]",0.4967,2.3,3,"Harischandra Prasad (Nandamuri Balakrishna) is an influential leader in Rayalaseema and he treats all his people as his children. To provide jobs to them, he decides to build a huge steel plant with the assistance of foreign collaborators. But Ramappa (Pradeep Rawat) and his assistant (Kota Srinivasa Rao) oppose this. They hatch a plan to eliminate him. His son Ramakrishna (Nandamuri Balakrishna) thwart the villain’s plans. But the story takes a cruel twist as the villains strike at the heart of the family by using Bobby (Nandamuri Balakrishna).",nandamuribalakrishna raailaxmi saloniaswani johnkokken jayasudha,muraliparuchuri,
199994,Sarocharu,2012-12-21,2012,te,"[18, 35]",0.8191,4.8,13,"Sandhya (Kajal Aggarwal) is a student who is madly in love with Karthik (Ravi Teja), a techie based in Italy. She decides to travel with him to India, confident that the travel time would be enough for her to get Karthik to fall in love. Karthik reciprocates her gestures in a friendly way, but finally reveals that he is married to Vasudha (Richa Gangopadhyay) but is waiting to seek Divorce.",raviteja kajalaggarwal richagangopadhyay jayasudha nararohith,parasurampetla,love
146819,Krishnam Vande Jagadgurum,2012-11-30,2012,te,"[28, 80]",0.8968,5.8,8,A boy is adopted by his grandfather after his parents are murdered. He grows up to be an actor to honor a promise to his dying grandfather that he would perform in a play in his native village. The performance leads him to his parents' murderers.,ranadaggubati nayanthara kotasrinivasarao muralisharma brahmanandam,radhakrishnajagarlamudi,
91833,Poola Rangadu,2012-02-18,2012,te,"[18, 35]",0.4661,4.3,3,"An educated and ingenious young man from the city seeks to recoup his struggling family's fortunes through a rural real estate deal that proves to have potentially deadly -- and VERY funny -- consequences, when he innocently comes between two rich landlords who hate each other so much that each will kill to keep the other from any advantage.",sunilvarma ishachawla devgill alibasha satyamrajesh,veerabhadram,
125835,Julayi,2012-08-09,2012,te,"[28, 35, 80, 53]",0.5989,6.4,39,An intelligent young man and a timid cop team up to catch a criminal who wants revenge after a foiled bank robbery.,alluarjun ileanad'cruz sonusood rajendraprasad tanikellabharani,trivikramsrinivas,
833870,Mythri,2012-11-30,2012,te,[],0.4869,4.0,1,"Deepu's (Navdeep) dream is to make a music album and become famous. He approaches a channel head Murthy (Brahmanandam) who, impressed by his concept, offers to finance the shooting and also suggests his obese secretary as the heroine. Disappointed first, Deepu takes up the offer as he has no choice and chooses an old bungalow for the shoot at a secluded spot. As work begins, Mythri (Sadha), the owner of the property, arrives for a short stay and Deepu convinces her to be the heroine of the album and removes Murthy's secretary. Meanwhile, the death of a unit member and a series of strange incidents take place. The unit leaves after the work is wrapped up without any doubts. Deepu stays back with Mythri and unravels the mystery of the house. Towards the end of the story, the mystery behind the deaths and the strange incidents is revealed.",navdeep sadha,,
414231,Ko Antey Koti,2012-12-28,2012,te,"[10749, 53]",0.4164,6.0,3,"Vamsi, a thief adept at scaling high-rises, is hired by Maya along with two others to carry out a huge burglary. The events unfold to reveal Maya's true motives as well as Vamsi's painful past.",sharwanand priyaanand srihari vinayvarma prabhakar,anishkuruvilla,
138667,Cameraman Ganga Tho Rambabu,2012-10-17,2012,te,"[18, 28]",0.4843,4.2,12,"Ganga, a camerawoman, helps Rambabu, a fiery mechanic, become a journalist. When Rana, an evil politician, kills a journalist, Rambabu decides to destroy his political career.",pawankalyan tamannaahbhatia brahmanandam alibasha kotasrinivasarao,purijagannadh,cameraman
171384,Dhenikaina Ready,2012-10-23,2012,te,"[35, 18, 10751]",0.777,4.3,7,"Veera Narasimha Naidu (Prabhu) is a faction leader in Kurnool who raised his sister Saraswati (Seetha) with love and Affection to make her forget the loss of their Mother. During the marriage time, she eloped with Basha (Suman), whom she loved which led the death of Narasimha Naidu's Father. Thus enraged Narasimha Naidu cuts the leg of Basha which created a rift between the two families. On a case to win the property belonging to Saraswati, Basha wins the case on Narasimha Naidu after a long gap of 25 years. Seeing the sorrow of Saraswati, her son Sulaiman (Vishnu Manchu) vows to unite the two families and waits for a situation.",vishnumanchu hansikamotwani brahmanandam kotasrinivasarao seetha,g.nageswarareddy,slapstick comedy remake
260458,Tuneega Tuneega,2012-07-22,2012,te,"[35, 10749]",0.5178,0.0,0,"Rama Swamy (Prabhu) and Ravindra Babu (Nagababu) are childhood friends who stay together. Their kids Karthik (Sumanth) and Nidhi (Rhea) are of the same age but they hate each other and torment each other by playing pranks. After a while, Nidhi is sent abroad for her further studies.  After a gap of 12 years, Nidhi comes back and meets Karthik at a family function. It’s love at first sight for Karthik, but he hides his identity. Slowly Nidhi comes to know the truth, and in the process, falls for Karthik’s charms. Just when everything seems rosy, Nidhi’s family wants her to marry someone else. The rest of the story is about how Karthik solves all the issues and wins his love.",sumanthashwin rheachakraborty prabhu nagendrababu manishayadav,m.s.raju,
542047,Artificial,2012-04-27,2012,te,[],0.2971,0.0,0,A 2012 Telugu short film.,abhinavgomatam,vijayvemuri,
155731,Naa Ishtam,2012-03-23,2012,te,[18],0.6495,3.5,4,"Krishnaveni runs away from home to elope with her lover, Kishore, who does not show up. Gani, a self-centred man, plans to take her to her father, hoping to make a quick buck.",ranadaggubati geneliad'souza brahmanandam hamsanandini subbaraju,prakashtholeti,
207920,Mithunam,2012-12-21,2012,te,"[18, 10751]",0.445,7.2,2,An elderly couple live by themselves while their children are settled abroad; they take each day as special and enjoy their life.,s.p.balasubramaniam lakshmi prakashraj brahmanandam mohanakrishnaindraganti,tanikellabharani,love elderly couple
94372,Ishq,2012-02-24,2012,te,[10749],0.4437,6.9,19,"Fate brings two individuals together after their flight to Hyderabad is forced to land in Goa. Along the way, they forge a special bond that changes their lives forever.",nithiin nithyamenen ajay rohini nagineeduvellanki,vikramkumar,
176104,Avunu,2012-09-21,2012,te,[27],0.3943,6.2,5,A newly-wed couple moves to a new house where they begin to witness some eerie activities. Things take an unexpected turn when a boy informs them that a spirit lives in their house.,poorna harshvardhanrane ravibabu jeeva chalapathirao,ravibabu,
642024,Kulu Manali,2012-03-05,2012,te,"[80, 18, 53]",0.4837,0.0,0,"Three couples go honeymooning to a scenic place - away from city life. Nothing can go wrong, except may be a voyeur cab driver, a suspicious hotel manager, an inquisitive inspector, and everybody's dark pasts.",vimalaraman krishnudu shashank archana samikshasingh,satishvegesna,
166460,Routine Love Story,2012-11-23,2012,te,"[10749, 35]",0.4416,5.0,4,"While Sanju falls in love with Tanvi, his friends help him as he tries to impress her. As the two grow fonder of each other, their reservations cause problems for their relationship.",sundeepkishan reginacassandra m.s.narayana vennelakishore chandramohan,praveensattaru,
104728,Ayyare,2012-01-20,2012,te,[18],0.62,6.0,2,"The movie tries to caution common man from becoming a prey to the designs of conmen and fake godman, says Rajendra Prasad. “The bitter social message is delivered with humour acting as a sugar coating and my role portrays how by a quirk of fate, a person turns into a godman and then a pawn in the hands of villains,” he says.",rajendraprasad sivajisontineni saikumar,sagarchandra,
145335,Damarukam,2012-11-23,2012,te,"[28, 18, 14]",0.5163,4.6,9,"The film revolves around an atheist named Mallikarjuna who falls in love with an ardent devotee of Lord Shiva; when an evil power threatens the world and his beloved, he decides to stand up against it and fight to save the world.",nagarjunaakkineni anushkashetty prakashraj ganeshvenkatraman abhinaya,srinivasreddy,
250649,Uu Kodathara Ulikki Padathara,2012-07-23,2012,te,"[28, 14]",0.4388,4.5,2,"Uu... Kodathara? Ulikki Padathara?, commonly referred to as UKUP, is a 2012 Indian Telugu socio-fantasy film written and directed by Sekhar Raja, produced by Lakshmi Manchu and starring Manoj Manchu",gazalsomaiah manchumanoj lakshmimanchu nandamuribalakrishna sonusood,sekharraja,
86719,Bodyguard,2012-01-14,2012,te,"[28, 35, 10749]",0.3305,5.0,9,"A remake tale, the story begins with Venkatadri (Venkatesh) who has great respect for Varadarajulu Naidu (Prakash Raj) as he saves his life. However, he keeps getting into fights wherever he sees injustice. To bring some discipline, Venkatadri’s uncle (Tanikella) sends him to Varadarajulu Naidu as his personal bodyguard.However, Varadarajulu’s enemy Siva Reddy (Kota) wants revenge and he wants to kill Keerthi (Trisha), Varadarajulu’s daughter. Knowing this threat, Venkatadri is assigned the task of protecting Keerthi. But she along with her friend Swathi (Saloni) don’t like the bossy and over protective nature of Venkatadri.To play a prank, Keerthi starts calling Venkatadri from a private number and says she is in love with him. After few hesitations, Venkatadri starts falling in love with the caller not knowing it is Keerthi.",venkatesh trishakrishnan saloniaswani prakashraj reshmarathore,gopichandmalineni,bodyguard remake
137462,Nuvva Nena,2012-03-16,2012,te,[35],0.3466,4.4,5,"Nuvva Nena (English: You or me) is a Telugu Romantic comedy film directed by debutante P. Narayana and produced by Vamsi Krishna under SVK Cinema banner. The film stars Shriya Saran, Allari Naresh, Sharvanand, and Vimala Raman in lead roles with Brahmanandam, Ali, Jeeva, Srinivasa Reddy, Raghu and Kovai Sarala appearing in other significant role.[4] Bheems composed the film's soundtrack with Mani Sharma providing the background score for the film.It is based on Hindi film Deewana Mastana.",allarinaresh sharwanand shriyasaran alibasha vimalaraman,p.narayana,
420507,SMS,2012-02-10,2012,te,[10749],0.3009,4.0,2,"Siva, a carefree young man working in a courier company, falls in love with Shruthi, a radio jockey. However, they share a love-hate relationship after Siva lies to her.",sudheerbabu reginacassandra vennelakishore subbaraju thagubothuramesh,tatinenisatya,remake
241119,Aravind 2,2013-03-29,2013,te,"[53, 27]",1.484,4.0,1,"A movie production crew sets out to shoot a film in the Dandeli Forest. The hero (Kamal Kamaraju), second hero (Sri), Heroine (Adonika), Director (Srinivas Avasarala) and Producer (Anchor Vijay) rent out a guest house and wait for their backup crew to arrive.  A psychotic masked killer roams around in the forest with the sole aim of killing anyone that crosses his path. And now the production crew crossed his path.",mangamsrinivas madhavilatha adonica kamalkamaraju srinivasavasarala,shekarsuri,
193197,Seethamma Vakitlo Sirimalle Chettu,2013-01-11,2013,te,"[10751, 18]",2.5398,6.895,38,"An exuberant and evocative family drama, that primarily revolves around the close bond between two brothers with radically different personalities, highlighting the complex process of choosing an ideal life partner for each of them.",venkatesh maheshbabu prakashraj jayasudha anjali,srikanthaddala,sibling relationship brotherhood family relationships slice of life family drama class differences family values brother brother relationship melodrama feel good romantic family melodrama comforting emotional turmoil feel-good family struggles moments of life
244025,Jagadguru Adi Shankara,2013-08-15,2013,te,"[18, 9648]",1.8444,5.8,2,Jagadguru Adi Sankara is a 2013 ensemble cast Telugu biographical-devotional film directed by J. K. Bharavi. It is the cinematic of life of Adi Sankara. The crux of the story forms the clash between Chandaludu and Lord Siva,kaushikbabu nagarjunaakkineni chiranjeevi mohanbabu saikumar,j.k.bharavi,mythology
168246,Jabardasth,2013-02-22,2013,te,"[10749, 35]",1.1317,3.1,4,Telugu romantic comedy film written and directed by Nandini Reddy under the banner of Sri Sai Ganesh Productions.,siddharth samantharuthprabhu srihari nithyamenen,b.v.nandinireddy,wedding planner wedding woman director
176590,Mirchi,2013-02-08,2013,te,"[28, 18]",1.0284,6.3,36,"A man returns to his country in order, ostensibly, to reform his girlfriend's violent family, but he seems to have a strange connection and a rather dark past.",prabhas anushkashetty richagangopadhyay sathyaraj brahmanandam,koratalasiva,
197999,Iddarammayilatho,2013-05-31,2013,te,"[28, 10749]",1.1483,5.5,29,"A young woman becomes embroiled in a financial and political conspiracy while studying in Spain, as she meets a young musician with a somewhat dark past unfolded through the pages of his lover's diary.",alluarjun amalapaul catherinetresa brahmanandam tanikellabharani,purijagannadh,
204395,Tadakha,2013-05-10,2013,te,"[28, 10749, 10751]",1.2181,4.0,7,"A gentle and introverted young man is given employment in the police department, when his father, an inspector, dies of a sudden heart attack. In the line of duty, when he earns the wrath of a dangerous gangster, he and his brother must fight to defeat their powerful enemy. Will they succeed in doing so?",nagachaitanyaakkineni sunilvarma tamannaahbhatia andreajeremiah ashutoshrana,kishorekumar,
204275,Balupu,2013-06-29,2013,te,"[28, 35]",1.0337,5.9,17,"Ravi, a collection agent for a bank, learns from his friend about a man and woman who cheat gullible people. Soon, he resolves to teach the couple a lesson.",raviteja prakashraj shrutihaasan anjali brahmanandam,gopichandmalineni,
264023,Masala,2013-10-23,2013,te,"[28, 35, 18]",1.096,4.5,5,"Masala (English: Mixture of Spices) is a 2013 Telugu film directed by K. Vijaya Bhaskar and jointly produced by Daggubati Suresh Babu and Sravanthi Ravi Kishore. It is a remake of the 2012 Hindi film Bol Bachchan and Venkatesh and Ram Pothineni reprised the roles of Ajay Devgan and Abhishek Bachchan respectively. The film released worldwide on November 14, 2013. Upon release, the film received positive reviews from critics albeit the lead actors and the comedians' performances were appreciated.",venkatesh rampothineni anjali shazahnpadamsee brahmanandam,k.vijayabhaskar,
181928,Shadow,2013-04-26,2013,te,"[28, 18, 10749]",0.9426,5.4,5,"Raghurman infiltrates Nana Bhai's criminal organisation to find evidence of his wrongdoings. When Nana learns of his plans, he massacres Raghurman's family and only his son Rajaram escapes. When he grows up, Rajaram sets out to destroy Nana Bhai.",venkatesh taapseepannu adityapancholi nassar srikanth,meherramesh,
181882,Baadshah,2013-04-05,2013,te,"[28, 35]",0.8571,5.4,22,"Rama Rao fails to get a job with the police force due to his father's connections with a gangster. But when his brother is killed by the gangster, Rama Rao becomes Baadshah to oppose him.",n.t.ramaraojr. kajalaggarwal brahmanandam navdeep kellydorji,sreenuvaitla,
200013,Ongole Githa,2013-02-01,2013,te,"[28, 35]",0.6227,3.5,7,White(Ram) enters the Chilli market yard in Ongole at the age of 12. Adikeshava (Prakash Raj) is the chairman of that Chilli yard. White comes to know of Adikeshava's real character and asks him to arrange a marriage with his daughter in certain situations to which Adikeshava agrees. Then what happens to White and Adikeshava?? Why White is doing all these things? Is there any intention for his deeds?? Watch the movie and find out,rampothineni kritikharbanda prakashraj ajay raghubabu,bhaskar,
224061,Atharintiki Daaredi,2013-09-27,2013,te,"[28, 35, 18]",0.969,6.6,35,"Goutham promises his grandfather that he will reunite him with his estranged daughter, Sunanda. Posing as a driver, Goutham enters Sunanda's house but trouble soon follows.",pawankalyan samantharuthprabhu pranithasubhash bomanirani nadhiya,trivikramsrinivas,family relationships broken family pawan kalyan
241120,Doosukeltha,2013-10-17,2013,te,"[35, 18]",0.6019,5.7,6,"Chinna (Vishnu) is a very witty and resourceful person who knows how to get things done. As kids, Chinna and Piccheshwar (Vennela Kishore) have a tiff and Piccheshwar leaves the village in a huff. Piccheshwar’s outraged grandfather (Kota Srinivasa Rao) orders the execution of Chinna’s family, forcing them to flee as well.  As the years go by, Chinna grows into a tall and fearless young fellow. He applies for a job as a journalist and he is sent on an assignment by his boss Avatar (Posani). The assignment is to conduct a sting operation on Minister Dilleeswara Rao (Pankaj Tripathi). Chinna succeeds in capturing incriminating footage, but he is caught and thrashed by the minister’s goons.",vishnumanchu lavanyatripathi brahmanandam ahutiprasad kotasrinivasarao,veerupotla,
182954,Naayak,2013-01-09,2013,te,"[28, 18]",0.787,4.8,23,A young man and his lookalike team up to fight injustice and settle their personal scores with the evildoers.,ramcharan kajalaggarwal amalapaul pradeepramsinghrawat brahmanandam,v.v.vinayak,cult leader
263977,Dalam,2013-08-15,2013,te,[],0.6635,0.0,0,"Dalam is a 2013 Telugu-Tamil bilingual action thriller film by debutant director M Jeevan,a protégé of noted Indian director Ram Gopal Varma. The Telugu version Dalam was produced by M. Sumanth Kumar Reddy under the banner of Mammoth Media & Entertainment and released on the first week of 15 August 2013, while Koottam, the Tamil version, will release in 2014. The film starring Naveen Chandra, Piaa Bajpai and Kishore, tells the story of a group of former naxals and their struggles agains the police and politicians to start their lives afresh.",naveenchandra piabajpiee nassar kishore ajay,m.jeevan,
181930,Greeku Veerudu,2013-05-02,2013,te,"[18, 10749]",0.6184,4.1,7,"Chandu (Nagarjuna) is a very selfish, self made and cut throat businessman in New York who runs a successful Event Organizing Agency and is aided by his uncle Sundar (M. S. Narayana), friends Bharath (Bharath Reddy) and Maya (Meera Chopra). Chandu never believes in relationships and family bonding citing them as a mess to discard. He is always involved in romantic activities with many girls sans commitment. Maya loves Chandu but as fate would have it, She marries Kamaraju (Brahmanandam), an aged yet wealthy doctor to rob his wealth. On the advice of Chandu, she applies for divorce and gets the money from him.",nagarjunaakkineni nayanthara meerachopra k.viswanath bharathreddy,dasaradh,romcom family relationships
360857,Telugabbai,2013-03-09,2013,te,[10749],0.6835,6.0,1,"Arun (Tanish) and Bulan (Remya Nambeesan) are childhood friends, who are staying with their parents in Malaysia. Arun is in love with a model Megha (Tashu Kaushik). Bulan shares a good relationship with her and she tries to patch up the couple whenever tiffs and misunderstandings arise between them.",tanishalladi tashukaushik remyanambeesan sonanair nagendrababu,avinashosridhar,
227056,Ramayya Vasthavayya,2013-10-10,2013,te,"[18, 28]",1.1942,4.1,14,"Nandu, a happy-go-lucky college student falls head over heels in love with Akarsha and goes all out to woo her. But only after Akarsha falls for him does she realize that he has revenge on his mind.",n.t.ramaraojr. samantharuthprabhu shrutihaasan mukeshrishi raoramesh,harishshankar,
224219,Action 3D,2013-06-21,2013,te,[35],0.4802,4.0,1,"Four guys head to Goa for a bachelor’s party, wake up with a huge hangover and realise things have gone awry.",allarinaresh shaam vaibhav rajusundaram brahmanandam,anilsunkara,
241123,Bhai,2013-10-25,2013,te,"[35, 28]",0.569,3.0,2,"David, a don, sends Bhai, a hitman, to Hyderabad to kill a policeman who is disrupting mafia operations. However, when Bhai learns that the officer is his own brother, he decides to protect him.",nagarjunaakkineni richagangopadhyay hamsanandini byrongibson prasanna,veerabhadram,revenge
242301,Venkatadri Express,2013-11-30,2013,te,"[53, 28, 35]",0.593,6.0,10,"Ram Murthy is a retired headmaster who does not tolerate mistakes and threatens to banish any family member who makes more than a 100 mistakes. His youngest son Sundeep, who has racked up a score of 99, gets separated from his family when he misses the Venkatadri Express to Tirupati on the way to his brother's wedding. How can he catch up with the train to cover up his mistake and avoid being banished?",sundeepkishan rakulpreetsingh nagineeduvellanki brahmaji thagubothuramesh,merlapakagandhi,
181929,Gunde Jaari Gallanthayyinde,2013-04-19,2013,te,[10749],0.6071,6.7,17,Karthik works in a software company. He falls in love at first sight with a girl Sruthi who attends his friend’s wedding. He gets hold of the phone number of the girl and while noting it down he makes a mistake. And he ends up calling another girl. Meanwhile Sruthi falls in love with Karthik’s colleague Madhu. The rest of the story is all about comedy of errors and how Karthik finds about his true love.,nithiin nithyamenen ishatalwar madhunandan alibasha,vijaykumarkonda,romcom
247501,Uyyala Jampala,2013-12-25,2013,te,[10749],0.3855,6.0,5,"Close relatives, Suri and Uma Devi grow up together living next door to each other. They are made for each other but Suri takes a while to figure that out.",rajtarun avikagor punarnavibhupalam peelagangadhar allurihanuma,virinchivarma,
395061,Naa Bangaaru Talli,2013-11-21,2013,te,"[80, 18]",0.4367,7.0,1,"The film was co-produced by M. S. Rajesh and Dr. Sunitha Krishnan, an internationally known anti-trafficking crusader. It explores the consequences of sex trafficking, testing the vulnerability of trust in human relations.",siddique anjalipatil rathnashekarreddy lakshmimenon neenakurup,rajeshtouchriver,
226808,Alias Janaki,2013-07-26,2013,te,[28],0.3772,0.0,0,"Janaki Ram alias Janaki is an honest government official, who imbibes good ethical and moral values from his father (Naga Babu). He ends up having a confrontation with a goon Mysa when the later tries to forcefully grab the lands of poor people. Naturally, he ends up facing trouble from various quarters. Even his lady love Chaitra (Anisha) fails to understand his motives. The rest of the film shows how Janaki wins the situation and eventually wins over his girl by staying true to his ideals.",venkatrahul anishaambrose nagendrababu tanikellabharani shatru,kodavatigantidayaa,
240823,Potugadu,2013-09-13,2013,te,[],0.3919,5.5,2,Potugadu is a Telugu film directed by Pavan Wadeyar. It is a remake of the Kannada film Govindaya Namaha which was also directed by Pavan Wadeyar. It is being produced by Sirisha and Sridhar under Ramalakshmi Cine Creations banner.,manchumanoj sakshichaudhary simrankaurmundi posanikrishnamurali anupriyagoenka,,
258913,Paisa,2013-12-05,2013,te,"[28, 35]",0.3877,6.0,5,"Street-smart Sherwani model Prakash dreams of earning 1 crore to secure his future. Unaware of his neighbor Noor's love, he sees his chance through wealthy politician's daughter Sweety. When an unexpected incident sends Prakash and Noor on the run with stolen money, they must confront their feelings and dreams.",nani catherinetresa siddhikasharma charanraj bharathreddy,pasupuletikrishnavamsi,money laundering
225547,Kevvu Keka,2013-07-19,2013,te,[35],0.4206,6.4,5,"Comedy King Allari Naresh has teamed up with Sharmila Mandre and director Devi Prasad for the comedy film ‘Kevvu Keka’. Boppana Chandrasekhar is the producer. The movie has released today, so let us see of if it is going to entertain as promised.  Story :  Buchi Raju (Allari Naresh) is a salesman in Kalanikethan Mall. He lives with his uncle Abrakadabra Appa Rao (Krishna Bhagawan), who is a magician. Buchi Raju happens to come across Maha Lakshmi (Sharmila Mandre) one fine day and falls in love with her. Maha Lakshmi also responds to Buchi Babu and they fall in love.  Maha Lakshmi’s father Subba Rao (M.S.Narayana) does not approve of this alliance as Buchi Raju is not a rich guy. To win Maha Lakshmi’s hand, Buchi Raju promises to earn a lot of money within 6 months and leaves.  What happens next? Will Buchi Raju succeed in his efforts? That forms the story of this film.",allarinaresh sharmielamandre mumaithkhan krishnabhagavan khayyum,deviprasad,funhouse
208417,Sahasam,2013-07-12,2013,te,"[28, 12]",0.5103,5.9,16,"Gowtam is a guard employed by a security agency. One rainy night, he finds out that his grandfather has a treasure stashed away in Pakistan which was his place before partition happened. Srinidhi is a staunch devotee and her goal is to visit a Hindu temple which is located in Hinglaj, Pakistan. Gowtam’s treasure is located in and around that temple. Gowtam joins Srinidhi’s journey to Pakistan temple where they have a security guy (Ali) helping them. Meanwhile, Sultan takes over the Pakistan’s archeology department’s team that is searching for treasure in the same area. The rest of the story is all about how Gowtam manages to get hold of diamonds which rightfully belongs to him.",gopichand taapseepannu shaktikapoor parugambhir rajsingharora,chandrasekharyeleti,
174877,Gundello Godari,2013-03-08,2013,te,[18],0.4501,4.0,4,"The story of the film is loosely based on a novel named 'Godavari Kathalu', written by BVS Rama Rao. The film is set in 1986, in Bangarappeta village near Rajahmundry. Malli (Aadhi) and Chitra (Lakshmi Manchu) is a newlywed couple who are forced to battle it out against a devastating flood of the River Godavari. They lose all hope of survival, so they decide to narrate the darkest moments of their lives to each other after they find a support to rest on.",aadhipinisetty lakshmimanchu sundeepkishan taapseepannu ravibabu,kumarnagendra,newlywed flood
410275,Om 3D,2013-07-18,2013,te,"[28, 53]",0.2732,7.5,2,A man who loves his father dearly and protects him from all dangers is shocked to realize certain things that don't seem to be what they are.,kalyanram kritikharbanda nikeshapatel sampathraj karthikmuthuraman,sunilkumarreddy,
217225,Anthaka Mundu Aa Tarvatha,2013-08-23,2013,te,"[10749, 18]",0.3279,5.5,11,Anil (Sumanth Ashwin) is a happy go lucky guy from a town. Ananya (Eesha) is an independent girl from Hyderabad whose parents are going through arguments. Anil and Ananya meet at a mutual friend’s wedding and become friends. Ananya is good with creative greeting cards. Anil has some business ideas and they start a new company and they fall in love. But both of them are afraid of committing to each other due to the experience of their parents. Hence they want to test their compatibility by living together in a secret place. The rest of the story is all about what they learn from it.,sumanthashwin eesharebba raoramesh ravibabu srinivasavasarala,mohanakrishnaindraganti,
410305,Adda,2013-08-15,2013,te,[],0.3439,6.0,1,"Abhi (Sushanth) is a young bloke who provides a unique service - that of creating rifts between couples. He provides this service mostly to the couples’ parents. He builds crevices between lovebirds who plan to marry against the wishes of their parents and gets paid big bucks for his services. But when he wants to, he also helps those in love and even helps them get married.",sushanth shanvishrivastava raghubabu kotasrinivasarao thagubothuramesh,saikarthik,
303305,DK Bose,2013-11-14,2013,te,[35],0.3435,0.0,0,"DK Bose is story of 2 fraudulent friends who are always on run after committing a fraud. This time time they have a big plan to commit a Diamond fraud in Mangalore (Coastal region of Karnataka). While they had a clear plan to execute, they encounter unanticipated situations and characters leading to a series of Comical Situations, misunderstandings and an action-packed climax.",sundeepkishan nishaagarwal sampathraj saptagiri,anbose,
868832,3G Love,2013-03-15,2013,te,"[18, 10749]",0.3624,7.0,1,"Set in the backdrop of a graduation college, the film seeks to mirror how love has evolved in the age of 3G connectivity. It is all about teenage love, infatuations, heartbreaks, betrayals and other such tribulations amidst ten couples in love.",siddharthvarma raoramesh neelima sravani joshiram,govardhankrishna,romance love
409083,Kamalatho Naa Prayanam,2013-06-01,2013,te,[18],0.2611,0.0,0,It is about a woman who is striving to get out of her job as a sex worker and the betrayal she faced from the person she loved after believing rumors about her private life.,sivajisontineni archana pavalashyamala,narasimhanandi,prostitution
253540,D for Dopidi,2013-12-25,2013,te,"[12, 35, 28]",0.2361,7.0,2,"here is a bunch of four friends (Varun Sandesh, Sundeep Kishan, Naveen and Rakesh) are desperate for quick money. The only way of making money is to rob a bank. They devise a plan and get into a bank wearing masks and carrying fake guns. They take the money and are about to escape. A surprise followed by police round-up leads to a complicated situation. The rest of the story is all about how these four turn virtuous and victorious at the end",varunsandesh sundeepkishan melaniekannokada tanikellabharani rakeshrachakonda,sirajkalla,
930433,Welcome obama,2013-09-20,2013,te,"[18, 10751]",0.24,7.0,1,"Yashoda agrees to be a surrogate mother to Lucy, an American lady. Unfortunately, during her pregnancy, Yashoda meets with an accident which jeopardises the child's life.",urmillakothare rachelwise ananthasriram bhuvanachandra,singeetamsrinivasarao,surrogacy
931201,Pavithra,2013-06-07,2013,te,"[10749, 35]",0.3899,4.5,2,"Pavitra resorts to prostitution in order to save her cancer-stricken mother. However, things take a turn when she meets Siva, a womaniser who blackmails his female companions.",shriyasaran rojaselvamani kaushikbabu saikumar shivaji,janardhanmaharshi,en peyar pavithra pavithra
262227,Race Gurram,2014-04-11,2014,te,"[35, 28]",1.9768,6.7,53,"Ram and Lakshman, aka Lucky, are brothers who are polar opposites in nature. Their mother wishes to see them united.",alluarjun shrutihaasan ravikishan brahmanandam shaam,surenderreddy,
249772,1: Nenokkadine,2014-01-10,2014,te,"[28, 53, 9648]",1.3421,6.6,91,A rock star must overcome his psychological inhibitions to seek revenge for his parents' death.,maheshbabu kritisanon nassar kellydorji pradeepramsinghrawat,sukumar,"london, england rock star identity hallucination identity crisis crime boss illusion revenge memory psychological thriller assumed dead psychological disorder green revolution belfast"
253533,Manam,2014-05-23,2014,te,"[35, 18, 14, 10751]",1.4167,7.1,58,"A married couple die in an accident, leaving behind a son. As he grows up and becomes successful, he comes across reincarnations of his father and mother as youngsters, and vows to bring them back together.",nagarjunaakkineni nageshwararaoakkineni nagachaitanyaakkineni shriyasaran samantharuthprabhu,vikramkumar,reincarnation karma
294413,Aagadu,2014-09-19,2014,te,"[28, 35, 18]",1.0317,4.5,20,"Shankar, a trigger-happy encounter specialist with a tragic past, is posted to Bokkapatnam village , to halt the illegal operations of the influential don Damodar, whose dream project is to build a power plant also with whom Shankar has a personal score to settle.",maheshbabu tamannaahbhatia sonusood brahmanandam rajendraprasad,sreenuvaitla,corruption police revenge orphan construction power plant encounter
215248,Yevadu,2014-01-12,2014,te,"[28, 53]",1.6366,6.1,61,"Satya is given a different face after he suffers burn-related injuries. After being released from the hospital, he deals with the murderer of his lover Deepti. But his new face has given him new foes.",ramcharan saikumar jayasudha shrutihaasan amyjackson,vamshipaidipally,
307614,Rabhasa,2014-08-28,2014,te,"[28, 35]",1.1501,4.9,18,"US return student Karthik pledges to marry his uncle Dhanunjay's daughter Indu, which was his mother's wish. A small family feud ends with both the families getting separated. He joins Indu's college to convince her to marry him, but mistakenly assumes Bhagyam as Dhanunjay's daughter. Later, Karthik realizes that Indu is his cousin but she is already in love with another guy. He gets entangled in a risky situation when he tries to help a stranger. The rest of the story is all about how he controls the damage and fulfills the wish of his mother.",n.t.ramaraojr. samantharuthprabhu pranithasubhash brahmanandam jayasudha,santoshsrinivas,
262119,Legend,2014-03-28,2014,te,"[28, 18]",0.9218,5.8,16,"Krishna, who lives in Dubai, falls in love with Sneha. He comes to India to seek the blessings of his grandmother, unaware that don Jeetendra's gang is seeking revenge.",nandamuribalakrishna jagapatibabu sonalchauhan radhikaapte kaveri,boyapatisrinu,
292139,Power,2014-09-12,2014,te,"[28, 35]",1.0177,5.7,19,"Ravi Teja plays a young man desperate to become a police officer, who becomes embroiled in a plot to pose as his lookalike in order to re-capture an infamous thug from rogue cops. The film revolves around two similar looking people, Baldev Sahay - a corrupt ACP in Kolkata and Tirupathi - a person aspiring to become a police officer in Hyderabad. The home minister of Kolkata recruits Tirupathi to play as Baldev to catch a gangster rescued by Baldev. Rest of the story is all about why Baldev became a corrupt cop and how Tirupathi executed the unfinished mission of Baldev.",raviteja hansikamotwani reginacassandra prakashraj mukeshrishi,bobbykolli,
315934,Alludu Seenu,2014-07-25,2014,te,"[28, 35]",0.8324,5.7,9,"Deep in debt, Seenu and his uncle, Narasimha, flee to Chennai but land up in a different city. They then discover that Narasimha is the lookalike of the local don and use it to their advantage.",bellamkondasrinivas samantharuthprabhu brahmanandam prakashraj pradeepramsinghrawat,v.v.vinayak,
312324,Joru,2014-11-07,2014,te,[35],0.7687,6.3,2,"Sundeep, a youngster from Vizag, meets Anu, a NRI girl who comes to India to meet her father, and falls in love with her. Soon, he realises that Anu’s life is in danger. How he sets everything right forms the rest of the story.",sundeepkishan raashiikhanna priyabanerjee brahmanandam sushmaraj,kumarnagendra,
284837,Run Raja Run,2014-08-01,2014,te,"[18, 80, 10749]",0.8582,6.1,15,"Raja, son of a vegetable vendor, is a simple man. His girlfriends dump him because of his honesty. However, things take a turn when he meets his true love Priya, the daughter of a police commissioner.",sharwanand seeratkapoor sampathraj adivisesh jayaprakash,sujeeth,romance
298536,Oka Laila Kosam,2014-10-17,2014,te,"[10749, 35, 18]",0.5757,5.4,14,"A carefree young man leading an aimless life falls in love with a cultured and simple woman, but she does not reciprocate his emotion. However, when circumstances force her to marry him, he embarks upon a journey to make his wife fall in love with him. Will he succeed in his mission?",nagachaitanyaakkineni poojahegde alibasha sumantalwar sayajishinde,vijaykumarkonda,
315170,Mukunda,2014-12-26,2014,te,[28],0.8881,6.4,7,"Set in a small town in Andhra Pradesh, the film revolves around a youngster, Mukunda, who challenges the domination of the Municipal Chairman and the rest of the story is about how he ends up inspiring everyone around him.",varuntej raoramesh prakashraj alibasha poojahegde,srikanthaddala,
308034,Chinnadana Nee Kosam,2014-12-25,2014,te,"[18, 10749]",0.4482,5.8,6,"Nithin falls in love with Nandini and tries to woo her while their friendship blooms. However, Nandini leaves for a Europe trip with Reddy Garu without informing him which causes him to tail them.",nithiin mishtichakravarty nassar naresh sithara,a.karunakaran,
331939,Current Theega,2014-10-31,2014,te,[28],0.4599,5.1,8,"Shiva Rama Raju, a noted good Samaritan in Parvatipuram who has a bet with Veerraju in the same village that ""if any of his 3 daughters fall in love he will either kill them or cut down his ears"" and he takes a vow that he will marry off his daughters to the grooms of his choice, neither love marriage nor elopement. Kavita is his third daughter. Raju is a wayward youth who is in deeply in love with an English teacher Sunny in a junior college. Kavita is one of Sunny's students. Raju uses Kavita as courier to love Sunny; as the things proceed, Raju and Kavita fall in love. The rest of the story is all about what happens when they want to get married.",manchumanoj jagapatibabu rakulpreetsingh vennelakishore tanikellabharani,g.nageswarareddy,fight father love good samaritan
360863,Maaya,2014-08-01,2014,te,"[18, 53]",0.5293,0.0,0,"Meghana is a TV journalist who has a rare gift of extra-sensory perception (ESP). One day, she meets Siddharth Varma, a fashion designer, for an assignment and slowly, they start getting closer. Soon, she discovers that Siddharth has a dark past and rest of the story is about how she unravels the mystery.",avantikamishra harshvardhanrane sushmaraj nandinirai nagendrababu,g.neelakantareddy,
262487,Rowdy,2014-04-04,2014,te,"[28, 10749]",0.6168,5.0,4,Anna is a much revered Rowdy who is law onto himself. He opposes the construction of a dam that would displace villagers from 30 villages. His enemies plan to eliminate him by manipulating Anna's elder son. But they have to contend with the younger son Krishna.,mohanbabu vishnumanchu jayasudha shanvishrivastava kishore,ramgopalvarma,
280548,Oohalu Gusagusalade,2014-06-20,2014,te,"[35, 10749]",0.6124,6.8,18,"Venky, who aspires to become a newsreader, must face the challenges posed by his boss, Uday. Things get worse when Uday seeks Venky's help to woo a girl in return for his desired post.",nagashaurya raashiikhanna srinivasavasarala posanikrishnamurali prudhviraj,srinivasavasarala,
253584,Autonagar Surya,2014-02-07,2014,te,"[28, 80, 53]",0.5997,4.3,6,"Surya, a juvenile offender, completes his education in prison and upon release embarks on his dream project. However, he has to overcome numerous obstacles to turn his dream into a reality.",nagachaitanyaakkineni samantharuthprabhu saikumar brahmaji brahmanandam,devakatta,
331316,Lakshmi Raave Maa Intiki,2014-12-05,2014,te,"[10749, 18]",0.4187,5.0,1,"Lakshmi Raave Maa Intiki, one expected a hat trick of sorts. About 30 minutes after a breezy start, the director makes",nagashaurya avikagor raoramesh naresh pavitralokesh,nandyalaravi,
295587,Loukyam,2014-09-26,2014,te,"[28, 35, 10749]",0.8954,5.7,11,"Venky, a man who values his friends, goes against a local crime lord, Babji, when he helps his best friend elope with the gangster's daughter. Consequently, Babji orders a manhunt for Venky.",gopichand rakulpreetsingh sampathraj brahmanandam prudhviraj,sriwass,
253047,Paandavulu Paandavulu Thummeda,2014-01-31,2014,te,"[35, 10751, 18]",0.4719,5.0,4,"When Naidu confronts his son's rival group to end their squabbles, he encounters their mother Satya, his long lost love, separated by the twist of fate. As Honey learns the secret between Naidu and Satya, she is kidnapped by her father's arch rival Suyodhana Goud, who sees an opportunity to unwillingly ensnare her into a marriage with his son. Although these unfortunate turn of events bring Naidu, Satya and their sons together, they must devise a clever escape plan for Honey in this comedy-action journey.",mohanbabu manchumanoj pranithasubhash hansikamotwani raveenatandon,sriwass,
295590,Govindudu Andarivaadele,2014-10-01,2014,te,"[18, 10751]",0.7532,4.7,20,"Balaraju, the head of his village, lives with his wife Baby along with his two sons Chandrasekhar Rao and Bangari and two daughters. He helps Chandrasekhar become a doctor and builds a local hospital. On the day it opens, Chandrasekhar comes back home with his lover Kausalya, also a doctor. Both express their wish to marry and settle abroad, which upsets Balaraju, leading to their separation.  25 years later, Chandrasekhar, a successful doctor in London, tells the story to his son Abhiram and daughter Indu. Abhiram decides to go home to Balaraju and attempt a reconciliation. He meets his friend, Bunny, at the airport and goes to the village on Bunny's bike the next day.",ramcharan prakashraj srikanth kajalaggarwal kamalineemukherjee,pasupuletikrishnavamsi,
292140,Anukshanam,2014-09-12,2014,te,"[80, 18, 53]",0.5064,7.3,3,"Based on real-life events, this crime thriller traces the terrible trail left by a serial rapist and killer, highlighting the ensuing media coverage, public panic and one police officer's personal crusade to capture the psychopath.",vishnumanchu revathi kotasrinivasarao suryabhagawandas brahmanandam,ramgopalvarma,serial killer
348123,Boochamma Boochodu,2014-07-09,2014,te,"[27, 35]",0.5798,2.5,2,"Boochamma Boochodu is a 2014 Sleeper Hit Telugu Horror-Comedy film directed by Rewan Yadu. The film features a honeymooning couple, Karthik (Shivaji) and Sravani (Kainaaz Motiwala),in their new farm house are punctuated by an aberration - ominous signs of the palatial house. The mysterious of the terrorizing spirits form the storyline. Supporting cast include comedians Brahmanandam, Vennela Kishore, Posani Krishna Murali, Venu, Tagubothu Ramesh, Dhanraj and Chammak Chandra.",sivajisontineni kainazmotivala brahmanandam vennelakishore posanikrishnamurali,rewonyadhu,
260439,Bangaru Kodipetta,2014-03-07,2014,te,"[80, 35, 53]",0.4083,3.5,2,"Bhanumathi (Swathi) works in the sales department of an energy drinks company. She is in need of money and her lecherous boss (Harshavardhan) tries to take advantage of her position. Fed up with everything, Bhanumathi conspires with Vamsi (Navdeep), who works as a sound technician cum electrician in the mall, and plans the robbery of a truck containing some gold coins belonging to her company. As their plan unfolds, their fate becomes unexpectedly connected to the lives of a pizza delivery boy as well as a rich landlord from Bhimavaram. Can Bhanumathi and Vamsi pull off the heist? That is the story of ‘Bangaru Kodipetta’",navdeep swathireddy harshavardhan kotashankarrao,pippallaraj,
303733,Red Bus,2014-11-14,2014,te,"[10751, 10749]",0.264,8.0,1,"Erra Bus (For English: Red Bus) is a 2014 Tollywood movie which is directed and produced by veteran actor and director Dasari Narayana Rao under his banner Tharaka Prabhu Films. The movie features Vishnu Manchu and Catherine Tresa in lead roles. Dasari Narayana Rao plays a crucial role in the movie. Chakri has composed the music for the movie while Anji has taken care of the cinematography. The movie is a remake of N. Ragavan’s Tamil film, Manjapai (2014). The principal photography of Erra Bus started on July 28, 2014 in Hyderabad. The audio for this movie launched on 31 October 2014.  The movie released on November 14, 2014.",vishnumanchu dasarinarayanarao catherinetresa brahmanandam,dasarinarayanarao,
422578,Jump Jilani,2014-06-12,2014,te,[35],0.4284,5.0,1,"Jump Jilani is a South Indian Tollywood Telugu romance comedy film. Jump Jilani is about a family vilas which has been passed down the generations and is now on its uppers. In parallel to the tale about its renaissance are love stories involving its two owners, Satti (Allari Naresh) falls for Madhavi (Isha Chawla) not having a clue that she is the sanitary inspector who serves notice to Satyanarayana Vilas, but wins her heart. Meanwhile, Ram Babu (Allari Naresh) the robber and convict brother enters the scene to change the course of Vilas, which is giving up to the modern restaurants.",allarinaresh ishachawla swatidixit kotasrinivasarao posanikrishnamurali,e.sathibabu,
253172,Emo Gurram Egaravachu,2014-01-25,2014,te,[],0.5455,0.0,0,Emo Gurram Egaravachu is a 2013 Telugu romantic comedy directed by Chandra Siddhartha. It is also known by its abbreviation EGE. It features Sumanth and Pinky Sawika Chaiyadech in the lead roles.,savikachaiyadej sumanth thagubothuramesh pavalashyamala annapoorna,chandrasiddhartha,
264306,Chandamama Kathalu,2014-04-25,2014,te,[18],0.4212,7.5,4,"Chandamama Kathalu is an upcoming Telugu anthology film directed by Praveen Sattaru and produced by Chanakya Bhooneti.The film has eight sub-stories revolving around love.The lives of the central characters in the sub-plots get intertwined with each other.Lakshmi Manchu, Aamani, Naresh, Krishnudu, Chaitanya Krishna, Abhijeet, Naga Shaurya, Vennela Kishore, Amitha Rao and Richa Panai play the lead roles.[4] Mickey J Meyer composed the music.The shooting was wrapped up in December 2013.",lakshmimanchu kishore naresh aamani krishnudu,praveensattaru,anthology
651744,Romeo,2014-10-10,2014,te,[18],0.5347,4.0,1,"In Rome, a young man starts following an expat Indian girl around. It turns out he's harboring a dark secret, and insists that the girl accompany him back to India.",sairamshankar adonika subbaraju pragathimahavadi raviteja,gopiganesh,
279450,Drushyam,2014-07-11,2014,te,"[80, 53, 18]",0.8052,7.9,23,"Rambabu, a cable operator, lives with his beloved wife Jyothi and two daughters. One day, his family inadvertently gets involved in a grave crime and he must go to great lengths to protect them.",venkatesh meena nadhiya naresh kruthikajayakumar,sripriya,remake
253513,Heart Attack,2014-01-31,2014,te,"[10749, 28]",0.4087,4.8,11,"A romantic drama which aims to allure the urban crowd, stars Nithiin Reddy and Adah Sharma. With a tagline `I need one hour kiss to burn 300 calories` - that suggests the film is high on romantic quotient",nithiin adahsharma vikramjeetvirk prakashraj brahmanandam,purijagannadh,
297674,Lovers,2014-08-15,2014,te,"[10749, 35]",0.9644,0.0,0,"Siddhu has been endeavouring to get a girlfriend but all his efforts are nullified by Chitra, whom he has never seen. However, things take a turn when he falls in love.",sumanthashwin nanditaraj tejaswimadivada saptagiri varshinisounderajan,harinath,
305349,Paathshala,2014-10-10,2014,te,[],0.3067,0.0,0,"A group of friends nearing the end of their graduation decide to visit each other's native places. On their journey, they have adventures and spend moments that lead them towards self-discovery.",nanduvijaykrishna saironak anupriyagoenka sirishavanka suryabhagawandas,mahiv.raghav,
253560,Minugurulu,2014-01-24,2014,te,[],0.2801,0.0,0,`Raju` a mother-less child is orphaned by his father as he is blinded while editing a video that he has made in a local photo studio. He is admitted to a residential blind orphanage run by a depraved man `Narayana` who battens on the money meant for the welfare of the blind and keeps the children in deplorable conditions.,deepaksaroj suhasinimaniratnam ashishvidhyarthi raghubiryadav,kumarkrishnamsetty,
300214,Karthikeya,2014-10-24,2014,te,"[9648, 53]",0.1735,6.2,22,Nikhil Siddharth and Swathi Reddy are back once again onscreen with Karthikeya. The mystery of the Subramanian Swamy temple which has remained closed for years is the crux of the movie. Local people in the village are curious why the temple has been locked up for years? The lead protagonists take the initiative to solve the mystery.,nikhilsiddhartha swathireddy praveen satya tanikellabharani,chandoomondeti,temple hindu mythology
401044,Kshatriya,2014-01-01,2014,te,"[28, 53]",0.3708,4.5,1,"London-born Madhu (Kunkum) comes to India to settle down here. With the help of her relatives, she manages to uprise her house. Dawood (Jaya Prakash Reddy) appoints Srikanth to follow Madhu. Meanwhile, her grandfather (Kota Srinivas Rao) plans to kill Madhu by kshudra Pooja. Due to which Madhu faces hard time in her home. As she doesn’t believe in these kind of incidents, she meets up with a psychiatrist (Rao Ramesh) where she finds out some interesting facts about the incidents happening around her. Will Srikanth help her? Who is Dawood? Why did Madhu’s Grandfather plan to kill her forms the rest of the storyline.",srikanth kumkum kotasrinivasarao jayaprakashreddy raoramesh,k.udaychandu,
344711,Nee Jathaga Nenundali,2014-08-22,2014,te,[],0.4737,8.0,1,Nee Jathaga Nenundali is a Telugu romantic musical drama film directed by Jaya Ravindra. It the official remake of the Bollywood blockbuster romantic film Aashiqui 2.,sachiinjoshi naziahussain shubhangilatkar posanikrishnamurali raoramesh,jayaravindra,remake
304791,Ra Ra Krishnayya,2014-07-04,2014,te,"[35, 18, 10749]",0.5339,5.7,6,"Kittu / Krishna is a cab driver who saves his money with the cab owner. When the owner refuses to return his money back, Kittu kidnaps owner’s daughter Nandu. Nandu who is fed up with her father’s unilateral decision about her marriage is happy with the kidnapping. They fall in love with each other in the process. When they were about to accept the ransom money, she gets kidnapped by another kidnapper. The rest of the story is all about who kidnapped her and the kidnapper’s connection with Kittu",sundeepkishan reginacassandra jagapatibabu tanikellabharani brahmaji,maheshp,
307344,Shivam,2015-10-02,2015,te,"[28, 35, 10749]",7.2198,4.8,8,"A fearless young man with a knack for helping couples elope finds himself on the run when a powerful gangster targets him, leading to a high-stakes chase where his own love life is the ultimate prize.",rampothineni raashiikhanna abhimanyusingh brahmanandam jayaprakashreddy,sreenivasareddy,
256040,Bāhubali: The Beginning,2015-07-10,2015,te,"[28, 18]",5.0122,7.5,909,"The young Shivudu is left as a foundling in a small village by his mother. By the time he’s grown up, it has become apparent that he possesses exceptional gifts. He meets the beautiful warrior princess Avanthika and learns that her queen has been held captive for the last 25 years. Shividu sets off to rescue her, discovering his own origins in the process.",prabhas ranadaggubati tamannaahbhatia anushkashetty ramyakrishnan,s.s.rajamouli,kingdom medieval india ancient india bilingual
370986,Akhil,2015-11-11,2015,te,"[28, 14, 10749]",2.1621,3.5,11,A cruel business official attacks a tribal village for a stone which the people treat it as something special a guy who thinks he is somehow related to the stone comes to their aid.,akhilakkineni sayeshasaigal brahmanandam byrongibson rajendraprasad,v.v.vinayak,
401027,Gaddam Gang,2015-02-06,2015,te,"[80, 35]",1.0723,5.0,1,"Dasu and his gang of newbies kidnap a rich politician's son to extract money from him, with his new-found uncanny rules of kidnapping. All his plannings go haywire when an insane cop is brought to handle the case.",dr.rajasekhar sheenashahabadi naresh satyamrajesh nagendrababu,santhoshp.jayakumar,remake
325699,Temper,2015-02-13,2015,te,"[28, 18, 80]",1.5517,6.4,37,"Daya is a corrupt cop who joins hands with the local don. When Daya's girlfriend gets kidnapped, it triggers Daya to go against Vasu and his empire, leading him to uncover a bigger motive behind the kidnapping.",n.t.ramaraojr. kajalaggarwal prakashraj posanikrishnamurali nyrabanerjee,purijagannadh,corruption anti hero dirty cop gang rape corrupt official
333876,Son of Satyamurthy,2015-04-09,2015,te,"[18, 28, 35, 10751]",1.3163,6.7,58,"The son of a rich businessman struggles to save his father's wealth after his demise. However, he faces many challenges when he becomes the sole breadwinner of his family.",alluarjun samantharuthprabhu upendra rajendraprasad prakashraj,trivikramsrinivas,
353533,Srimanthudu,2015-08-07,2015,te,"[28, 18]",1.933,6.825,57,"Harsha, a multi-millionaire guy who has everything but there is something else he's looking for and in the process he adopts a complete village trying to bring change in the people.",maheshbabu shrutihaasan jagapatibabu mukeshrishi sampathraj,koratalasiva,crime boss political intrigue  wrongful conviction family values political corruption social issues false arrest remote village father son relationship infrastructure social responsibility romantic uplifting message rural development
379697,Raju Gari Gadhi,2015-10-16,2015,te,"[53, 27]",0.8468,6.2,4,More than thirty people were killed in a haunted house in Nandigama. A TV channel plans a reality show by sending seven participants to spend seven days in that haunted palace. They were lured by an attractive prize money of 3 crore. But they will soon come to know that they are surrounded by ghosts and evil spirits in that palace. Will they survive or is there any uncovered secret about the place?,dhanrajsukhram shakalakashankar chethancheenu ashwinbabu eshanyamaheshwari,ohmkar,haunted castle
401901,Mama Manchu Alludu Kanchu,2015-12-25,2015,te,[],1.0019,0.0,0,"Bhaktavatsalam Naidu, who has married two women and has successfully managed to keep the secret of the other woman to both the ladies..Later part reveal why Naidu married two of them and also his wives knowing the truth.",allarinaresh mohanbabu meena ramyakrishnan poorna,srinivasreddy,
468515,Tippu,2015-06-19,2015,te,"[10749, 28]",0.637,4.0,1,Satya is a college going youth who falls in love with Vaishnavi. He joins her college and woos herbut this is also the time when a dreaded gangster called Keshu Bhai lays his eyes on Vaishnavi. Things go out of hand as Keshu Bhai starts torturing Vaishnavi. This angers Satya who suddenly kills Keshu Bhai. Why did Satya kill Keshu Bhai? Is there a personal motive behind the killing? Will the police nab Satya?,kanikakapoor satyakarthik m.s.narayana posanikrishnamurali samskruthyshenoy,jagadeeshdaneti,
363152,Bengal Tiger,2015-12-10,2015,te,"[10749, 28, 35]",0.9733,4.7,13,"A happy-go-lucky Aakash who becomes the right hand man of a powerful politician who arranges for him to be married to his daughter Shraddha who falls in love with him, until he reveals the truth that he is already in love with another woman Meera.",raviteja tamannaahbhatia raashiikhanna bomanirani posanikrishnamurali,sampathnandi,
332831,Who is Subramanyam?,2015-03-21,2015,te,"[12, 35, 18]",1.2466,7.3,19,A corporate man who sets out on a journey of self-discovery and heads to the Himalayas.,nani malavikanair vijaydeverakonda rituvarma nassar,nagashwin,
263995,Janda Pai Kapiraju,2015-03-21,2015,te,"[28, 10749, 53]",0.9908,6.5,1,"A naive rural newcomer fights a wrongful bribe charge, teaming with friends to expose police corruption through a daring sting operation while applying for identity cards under an anonymous persona.",nani amalapaul raginidwivedi vennelakishore nassar,samuthirakani,corruption politics
413546,Panileni Puliraju,2015-06-24,2015,te,[35],0.725,0.0,0,Panileni Puliraju is a complete comedy entertainer movie which is featuring Jabardasth fame Dhanadhan Dhanraj in the main lead role.,dhanrajsukhram swetaavarma raghubabu thagubothuramesh kondavalasalakshmanarao,chacha,
530581,365 Days,2015-05-22,2015,te,[10749],0.7041,4.8,21,This film tracks a hasty marriage through its first 365 days.,nanduvijaykrishna anaikasoti krishnudu posanikrishnamurali surekhavani,ramgopalvarma,marriage crisis newlywed
315009,Rudhramadevi,2015-10-09,2015,te,"[36, 28, 18]",0.8661,5.2,35,"Rudraba, daughter of Ganapatideva, the emperor of the Kakatiya dynasty, was officially designated a son through the ancient Putrika ceremony and given the name Rudradeva so that she could succeed her father after his death. Despite opposition, she became of the most prominent rulers of the Kakatiya dynasty and one of the few ruling queens in Indian history.",anushkashetty alluarjun ranadaggubati nithyamenen catherinetresa,gunasekhar,
364080,Bruce Lee - The Fighter,2015-10-16,2015,te,"[10749, 28, 18]",0.6574,5.8,37,"When a stuntman is mistaken for a police officer, he begins fighting crime.",ramcharan rakulpreetsingh kritikharbanda chiranjeevi nagendrababu,sreenuvaitla,
332832,Surya Vs Surya,2015-03-05,2015,te,"[10749, 18]",0.3879,6.1,11,"Surya has a rare genetic disorder that is deadly if he is exposed to sunlight. To prevent this from happening, Surya lives his life by night. When he falls in love with Sanjana, things become complicated for them both.",nikhilsiddhartha tanikellabharani satya tridhachoudhury madhoo,karthikghattamaneni,
339925,Avunu 2,2015-04-03,2015,te,[27],0.633,3.0,1,The lustful spirit of Captain Raju stalks Mohini till the end in this continuation of the first part. A true part 2 in the sense that the second part picks up from exactly the same shot from where the first part ended.,poorna harshvardhanrane ravibabu gayatribhargavi chalapathirao,ravibabu,rape attempt mature vengeful spirit
348655,Lion,2015-05-14,2015,te,[28],0.9347,3.8,4,"He (Balakrishna Nandamuri) gets injured and goes into coma at a hospital in Mumbai. When he wakes up he vaguely remembers what happened to him. He remembers himself as Bose. But, he is identified as Godse, CEO of a company in Mumbai. As he is having memory issues, he goes to Hyderabad to search for his past. He finds his parents and his lover. But they deny him. Are they his real parents or is it just a feeling of deja vu? Rest of the story is all about what led to his injury and how he fights his way back!",nandamuribalakrishna trishakrishnan radhikaapte raviprakash prakashraj,satyadeva,
466403,Asura,2015-06-05,2015,te,"[10749, 28, 53]",0.6324,6.0,2,The story deals with the ego between a jailor(cop) and the prisoner who is subjected to death.,nararohith ravivarma priyabanerjee sreevishnu satyadevkancharana,krishnavijay,jailor
344823,Pandaga Chesko,2015-05-29,2015,te,"[10749, 18, 10751]",0.4891,5.5,11,"Karthik, a money minded businessman, gets engaged to another money-minded girl Anushka. When his factory gets shut down by an environment activist Divya, he goes back to India only to fall in love with her.",rampothineni rakulpreetsingh sonalchauhan brahmanandam raoramesh,gopichandmalineni,
78639,Mosagallaku Mosagadu,2015-05-22,2015,te,"[28, 35, 80]",0.7836,7.0,2,,sudheerbabu nandinirai abhimanyusingh chandramohan pankajkesari,bosenelluri,
367553,Bhale Bhale Magadivoy,2015-09-04,2015,te,"[10749, 35]",1.0973,6.4,20,Forgetful Lucky falls in love with the demure Nandana. But she doesn’t know he has trouble remembering things and her dad does!,nani lavanyatripathi muralisharma naresh sithara,maruthidasari,psychological thriller
377668,Subramanyam For Sale,2015-09-24,2015,te,"[10751, 35, 10749]",0.8172,4.7,13,Subramanyam and Sita have a chance meeting in the USA. Their act of a husband and wife to win a 'best couple' contest lands them in trouble as they have to continue the act. But the feelings of their families are at stake.,saidurghatej reginacassandra brahmanandam ajay adahsharma,harishshankar,
369215,Cinema Chupista Maava,2015-08-14,2015,te,"[35, 10751, 10749]",0.4783,7.3,3,"Kaththi (played by Raj Tharun) is a happy-go-lucky boy, who enjoys life with his friends. But, his father always scolds him as he fails Intermediate two times. One day, he falls in love with Parineeti (played by Avika Gor), who is the daughter of Somnath Chaterjee (played by Rao Ramesh).  With his tricks and techniques, Kaththi makes Parineeti to fall in love with him. The twist in the tale rises when Somnath Chaterjee comes to know about their relationship. In order to get marry with his daughter, Somanath keeps a challenge for Kaththi and he promises that he will give his daughter to him, if he passes the test.  What is the challenge given by Somanth Chaterjee? What did Kaththi do for his love? What is the twist in the story forms the rest of the story.",rajtarun avikagor raoramesh,trinadharaonakkina,
371676,Loafer,2015-12-18,2015,te,"[18, 10751, 28, 10749]",0.7641,5.6,7,"Raja, who thinks his mother is dead, turns into a thief. However, his life changes when he falls for Mounika, a girl who is escaping a forced marriage, and eventually meets her aunt.",varuntej dishapatani revathi posanikrishnamurali mukeshrishi,purijagannadh,
370817,Kick 2,2015-08-27,2015,te,"[10749, 35, 28]",0.6638,4.5,12,"A doctor living abroad returns to India to sell his property, where he falls in love with a woman who tries to get him to help the people in her village.",raviteja rakulpreetsingh brahmanandam tanikellabharani ravikishan,surenderreddy,comfort loving kick loving
436399,Sher,2015-10-30,2015,te,"[28, 35, 10749]",0.5762,10.0,1,"Gautham, a young man, gets into the bad books of Pappi, a local thug, by disrupting his marriage. Later, Pappi vows to take revenge from Gautham and threatens to ruin his life at any cost.",kalyanram sonalchauhan mukeshrishi sayajishinde posanikrishnamurali,mallikarjun,indian wedding
331596,Pataas,2015-01-23,2015,te,"[28, 35]",0.4874,6.6,8,A corrupt cop gets himself transferred to Hyderabad where he has a change of heart while trying to teach his estranged but dutiful father a lesson.,kalyanram shrutisodhi saikumar m.s.narayana ashutoshrana,anilravipudi,
400719,Tungabhadra,2015-03-20,2015,te,[18],0.3864,0.0,0,Sai Korrapati who has not only produced big films like Eega and Legend has also made few small movies with different themes. Coming from his production house Tungabhadra caught the attention of Telugu movie lovers.,thrigun dimplechopade charandeep sathyaraj kotasrinivasarao,srinivasakrishna,
336082,Dohchay,2015-04-24,2015,te,"[28, 80, 35]",0.6656,3.8,7,A conman faces his biggest threat when he is in urgent need for a lump sum and a policeman is after him to catch him red handed.,nagachaitanyaakkineni kritisanon ravibabu brahmanandam jeeva,sudheervarma,
326153,Malli Malli Idhi Rani Roju,2015-02-06,2015,te,"[10749, 18]",0.5017,7.2,13,"An unfortunate incident separates a state-level athlete from his lover, who then moves to Malaysia. Years later, she returns to India but certain misunderstandings threaten to keep them apart.",sharwanand nithyamenen pavitralokesh pavanigangireddy nassar,kranthimadhav,
400761,Jadoogadu,2015-06-26,2015,te,"[28, 10749]",0.5147,6.0,1,"Krishna, a villager who is determined to become wealthy, bumps into a moneylender, Anakonda, and joins a gang. However, after climbing the ranks, he realises that his gang leader plans to trap him.",nagashaurya sonarikabhadoria ashishvidhyarthi ajay zakirhussain,yogie,
381677,Dongata,2015-05-08,2015,te,"[35, 53]",0.9233,5.2,5,Three goons manage to successfully kidnap an actress. Hilarious situations ensue when the detective who takes up the case realizes that the actress is hidden in his own house.,lakshmimanchu adivisesh madhunandan brahmanandam prabhakar,vamseekrishna,kidnapping
360902,Beeruva,2015-01-23,2015,te,"[35, 18, 10749]",0.3734,0.0,0,"Sanju, a careless young man, falls head over heels in love with Swathi. He, however, gets more than he bargained for when he learns that she is the daughter of an underworld kingpin.",sundeepkishan surbhi mukeshrishi saptagiri,kanmani,
412579,Columbus,2015-10-22,2015,te,"[18, 35, 10749]",0.4877,7.7,3,"Ashwin is a college student who falls for Indu. His love for her becomes so distracting that he ignores his former career goals to concentrate on her. His zeal begins to annoy her. She irritably ignores him and goes to Delhi. Heartbroken, he follows her and becomes involved in a murder mystery and is unfortunately arrested. When released from jail he finds that she has left for good. He crosses paths with Neeraja  who promises to help him track her down. Neeraja and Ashwin start getting close to each other.",sumanthashwin mishtichakravarty seeratkapoor saptagiri rohini,r.samala,love triangle
456983,Courier Boy Kalyan,2015-09-17,2015,te,"[28, 10749]",0.5018,6.8,5,A courier boy's life turn into unexpected consequences because of a courier received from a social service activist.,nithiin yamigautamdhar nassar ashutoshrana,premsai,
307615,Rey,2015-03-27,2015,te,[28],0.8497,2.0,1,"Film starring Sai Dharam Teja, Shubra Ayyappa and Ali, directed by Y.V.S. Chowdary",saidurghatej saiyamikher shraddhadas farhadshahnawaz arpitranka,y.v.s.chowdary,
457453,Best Actors,2015-08-28,2015,te,[10749],0.2823,0.0,0,,nyrabanerjee keshakhambhati,arunpawar,
429755,Mister 420,2016-10-28,2016,te,"[28, 10749]",1.3675,0.0,0,Mister 420 movie is a romantic action entertainer written and directed by S.S.Ravikumar and produced by Hari Kumar Reddy Gajjala under Saanvi Creations,varunsandesh priyankabharadwaja sayajishinde prudhviraj ajayghosh,s.s.ravikumar,
405924,Janatha Garage,2016-09-01,2016,te,"[28, 18]",1.4435,7.3,45,"Anand is an environmental activist who lives in Mumbai. A chance exchange programme takes him to Hyderabad and here, a chance encounter with Satyam results in him taking over the Janatha Garage from the latter.",n.t.ramaraojr. mohanlal unnimukundan samantharuthprabhu nithyamenen,koratalasiva,garage environmental
456446,L7,2016-10-21,2016,te,[53],0.844,0.0,0,A man must go to great lengths to save his wife.,ajay thrigun poojajhaveri jagadishtalasila,mukundpandey,
376998,Nenu.. Sailaja...,2016-01-01,2016,te,"[35, 10749]",1.1761,6.3,20,"Hari (Ram), a DJ in Vizag, proposes to many girls none of them accept his love. One day he sees a beautiful girl Sailaja (Keerthi Suresh) and also impresses her but doesn't propose to her fearing that he would be rejected. Hari spends some good times with Sailaja and right when he proposes his love, she rejects him point blank. An upset Ravi continues with his life and as time passes by, he gets a huge clue which could help him getting back his love.",rampothineni keerthysuresh sathyaraj naresh pradeepramsinghrawat,kishoretirumala,family drama
419560,Nirmala Convent,2016-09-16,2016,te,[10749],0.8521,6.8,2,,roshanmeka shriyasharma nagarjunaakkineni induanand adithyamenon,g.nagakoteswararao,
418434,Charusheela,2016-09-16,2016,te,[53],0.8452,0.0,0,"Verendranath is the author of the famous novel Charusheela. His fan, Jyotsna, finds her life story similar to that of the book but things take a turn when the author meets with an accident.",rashmigautham rajivkanakala brahmanandam rajagoutham banerjee,srinivasreddyvuyyuru,
426614,Ekkadiki Pothavu Chinnavada,2016-11-18,2016,te,"[10749, 53]",0.8702,6.1,17,A visual effects artist gets possessed by an evil spirit and tries to get rid of it until he meets another innocent soul possessed by spirits.,nikhilsiddhartha nanditaswetha hebahpatel satya vennelakishore,vianand,supernatural possessed
369925,Oopiri,2016-03-25,2016,te,"[18, 10751, 10749]",1.6421,7.1,50,A true story of two men who should never have met – a quadriplegic aristocrat who was injured in a paragliding accident and a young man from the projects.,nagarjunaakkineni karthi tamannaahbhatia jayasudha prakashraj,vamshipaidipally,friendship paraplegic male friendship remake based on movie unlikely friendship paralyzed
410994,Dhruva,2016-10-07,2016,te,"[80, 53, 28]",1.1226,6.8,33,"A committed police officer is on a very dangerous mission to destroy the most corrupt person in the country, Siddharth Abhimanyu.",ramcharan rakulpreetsingh arvindswamy nassar posanikrishnamurali,surenderreddy,
420843,Jaguar,2016-10-05,2016,te,[28],0.915,4.5,4,"Krishna, a young medical student, strikes against corrupt figures of power as a vigilante and tries to decribes his father's injustice death while trying to win the love of his friend's sister as a college student.",nikhilkumar jagapatibabu deeptisati raoramesh brahmanandam,mahadev,
374954,Sarrainodu,2016-04-08,2016,te,"[28, 18]",1.1779,6.3,44,"Ghana, a jobless young man who left military to bring justice to the society, whiling away timing beating up goons. Life takes a turn when he brushes the shady Vairam Dhanush the wrong way.",alluarjun rakulpreetsingh aadhipinisetty catherinetresa srikanth,boyapatisrinu,corrupt politician ex soldier landgrabbing
409255,Premam,2016-09-09,2016,te,"[10749, 18]",0.6881,6.5,16,Vikram falls in love with three women at different stages of his life which changes him as a person until he finally meets the love of his life.,nagachaitanyaakkineni shrutihaasan madonnasebastian anupamaparameswaran praveen,chandoomondeti,
365187,Nannaku Prematho...,2016-01-13,2016,te,[28],0.7709,6.9,38,"Subramanyam, a businessman, is on his deathbed when he tells his sons about a cunning man who stole most of his wealth. Hearing this, Abhiram, the youngest son, lays out a plan to seek his revenge.",n.t.ramaraojr. rakulpreetsingh jagapatibabu rajendraprasad madhoo,sukumar,father revenge for cheating
372399,A Aa,2016-06-02,2016,te,"[10751, 35, 10749, 18]",1.2688,6.6,26,"The love affair, conspired by creation, between Anasuya Ramalingam and Aanand Vihari.",nithiin samantharuthprabhu anupamaparameswaran naresh nadhiya,trivikramsrinivas,entertainer family relationships romance
432342,Vangaveeti,2016-12-22,2016,te,"[80, 28]",0.6957,5.0,3,The life story of slain legislator Vangaveeti Mohan Ranga Rao who was assassinated during the NT Rama Rao regime in 1989.,sandeepmadhav nainaganguly vamseechaganti shritej,ramgopalvarma,
371363,Brahmotsavam,2016-05-20,2016,te,"[10751, 18]",1.0851,4.4,15,"When a charming NRI girl falls in love with a wealthy businessman, she unwittingly sparks conflict within his large joint family. How will her lover find a way to marry her, while still ensuring that his large family remains happy and harmonious?",maheshbabu kajalaggarwal samantharuthprabhu revathi pranithasubhash,srikanthaddala,family relationships nri family values father son relationship traditional values melodrama family rivalry family melodrama emotional turmoil cultural heritage family struggles
420506,Shourya,2016-03-04,2016,te,"[53, 10749]",0.8314,4.5,2,"Shourya (Manoj) completes his studies in the renowned Harvard University but comes to India to lead a life of a teacher. He helps the needy people. One chance meeting with Netra (Regina), a MP's daughter, turns into friendship and love blossoms. One day, they head to Kotilingala to do the jagaranam (staying awake at the night) in the temple. Late in the night, Netra's throat is slit by some unknown persons and immediately they take her to the hospital. Naturally Shourya becomes the suspect. What really happened? Who did this? Or has Shourya slit her throat as the police believe?  Shourya (Manchu Manoj) is a highly educated individual who is in deep love with Nethra (Regina Cassendra). Due to unknown reasons, the couple decide to elope but an unfortunate series of events lead to Nethra being murdered. Twist in the tale arises when Shourya gets framed for the murder.",manchumanoj reginacassandra prakashraj brahmanandam sayajishinde,dasaradh,
393841,Pelli Choopulu,2016-07-29,2016,te,"[10749, 35]",0.6474,7.2,38,"Fed up with his carefree attitude, Prasanth's father fixes his marriage to make him responsible. However, meeting an ambitious girl changes his life for the better.",rituvarma vijaydeverakonda priyadarshipullikonda abhaybethiganti nanduvijaykrishna,tharunbhascker,arranged marriage marriage love first date
370720,Dictator,2016-01-15,2016,te,"[18, 28]",0.6418,3.2,6,"Chandu lives a normal life with his in laws in Hyderabad. One fine day, he comes across an aspiring actress and helps her in a critical situation. The problems gets big and Chandu lands himself in a huge mess. He also takes the blame for a crime committed at the store. While in prison, he learns secrets about his life, but he is hiding a secret and there's another world where people fear even the mention of his name. Why is he living in hiding?",nandamuribalakrishna anjali sonalchauhan nassar kalyaninatarajan,sriwass,
402099,Okka Ammayi Thappa,2016-06-10,2016,te,"[28, 18, 10749]",0.8621,3.0,1,"In an attempt to free their jailed terrorist boss, Aslam, a group of terrorists plants a bomb on a flyover in Hyderabad. Their idea is to cause a traffic jam on the flyover and blackmail the government into releasing Aslam.  Krishna is an average young man who goes out to withdraw money from an ATM.  Unfortunately, he along with Nithya Menen and many others get caught in the traffic jam on the same flyover. What happens next? Watch to find out",sundeepkishan nithyamenen ravikishan rahuldev alibasha,rajasimhatadinada,terrorist bombing flyover bomb
400721,Lacchimdeviki O Lekkundi,2016-01-29,2016,te,"[35, 53]",0.8179,0.0,0,"Devi works in a bank as cashier, and is very smart. Naveen works in the same bank at the help desk and likes her. Naveen wants to become rich in life and agrees to a gang’s plan to steal the data of unclaimed accounts. Apart from the Bank’s manager, only Devi has access to this data. He impresses her and gets close to her. One day he steals the data and hands it over to the gang headed by Mahesh. Using the details in the data, Mahesh wants to claim them. Rest of the story is how Naveen manages to escape from this trap and saves the money along with Devi.",naveenchandra lavanyatripathi ajay sampoorneshbabu jayaprakashreddy,jagadishtalasila,
434296,Chuttalabbai,2016-08-19,2016,te,[],0.8491,5.0,1,"Babji, a loan recovery agent, decides to help Kavya when he finds her being chased by her family. However, Kavya's brother thinks that Babji and her sister are lovers and attacks his family.",aadisaikumar namithapramod saikumar nelloresudharshan johnkokken,veerabhadram,
847995,Garam,2016-02-12,2016,te,"[28, 10749]",0.6079,4.0,1,"Varala Babu (Aadi), who is poor at studies, would always face criticism from his father (Tanikella Bharani) and, he is jobless. He is asked to leave the house and challenges his father that he will prove to himself. He leaves for Hyderabad in search of a job, but he ends up falling in love with Sameera (Adah Sharma). In the process of wooing her, Varala Babu comes across Ravi (Chaitanya Krishna), a childhood rival of Babu in studies in a paralyzed and bedridden state in a hospital, and he saves Ravi from the baddies. Sameera is already facing an issue with Biju (Kabir Duhan Singh). Varala Babu is now left with a responsibility to save his friend and loved one from Biju.",aadisaikumar adahsharma brahmanandam madhunandan tanikellabharani,madan,
384420,Krishna Gaadi Veera Prema Gaadha,2016-02-12,2016,te,"[10749, 35, 28]",0.6713,7.3,20,Krishna and Mahalakshmi have been in love since childhood. But he is a coward and she is the sister of a local factionist.,nani mehreenpirzada sampathraj brahmaji sravanraghavendra,hanuraghavapudi,
460769,Abbayitho Ammayi,2016-01-01,2016,te,"[18, 10749]",0.7241,3.0,1,"A young man and woman are Facebook friends, they don’t know each other but continue to be in touch. They both fall in love not knowing they are the same friends on FB with fictitious identity. Somewhere along the line, the man comes to know the woman he loves is the same person who is his best friend on FB, yet he refrains from revealing his identity. Why he does that drives the entire plot to its finale.",nagashaurya palaklalwani brahmanandam mohan raoramesh,rameshvarma,facebook
526078,Eluka Majaaka,2016-02-26,2016,te,[35],0.4985,6.0,2,"Balu falls in love with Swapna and her father Chakravarthy, a strict disciplinarian, agrees to their marriage. On the day of their engagement, Balu's friend Surya, drags a reluctant Balu to Lord Ganesh's temple. Balu is afraid that Chakravarthy may cancel the engagement if he is late. So he insists with Surya that they leave the temple. In the ensuing argument between them, Balu ends up insulting Lord Ganesha. Ganesha's mount, Shri Dinka murti is enraged and sends a mouse to teach Balu a lesson. The mouse wreaks havoc in the lives of Balu and Swapna.",brahmanandam vennelakishore harshakrishnamurthy raghubabu pavanireddy,narasimharaorelangi,
408014,Guntur Talkies,2016-03-04,2016,te,"[10749, 35, 80]",0.7736,5.0,4,Giriand Hari work in a medical shop. They turn petty thieves when the shop-owner cuts their salary for their late-coming. It is on one of these adventures of breaking into people’s houses that lands them in big trouble.,naresh rashmigautham shraddhadas karatekalyanipadala siddhujonnalagadda,praveensattaru,
449733,Speedunnodu,2016-02-05,2016,te,"[10749, 28, 35]",1.072,3.8,6,A happy-go-lucky Shobhan tries to help his friend improve his love life until things become complicated for both of them and tests their friendship.,bellamkondasrinivas sonarikabhadoria prakashraj srinivasareddy posanikrishnamurali,bhimanenisrinivasarao,male friendship
400247,Gentleman,2016-06-17,2016,te,"[10749, 53]",0.483,6.8,18,"Two girls, Catherine and Aishwarya, meet on a flight and become friends. They share stories about their respective boyfriends, and Catherine is shocked to find that the man she is dating is a lookalike of Aishwarya's boyfriend. Even more shocking is the fact that when she reaches home, she finds out that her boyfriend has died in a car crash. Catherine decides to investigate the lookalike boyfriend and uncovers a thrilling mystery.",nani nivethathomas surbhi srinivasavasarala tanikellabharani,mohanakrishnaindraganti,
396378,Supreme,2016-05-05,2016,te,"[10749, 28, 35]",0.9972,5.5,13,"A taxi driver and orphan join a battle to save royal heirs from a corrupt, greedy businessman.",saidurghatej raashiikhanna ravikishan rajendraprasad posanikrishnamurali,anilravipudi,
419245,Hyper,2016-09-30,2016,te,"[10749, 28, 10751]",0.6325,5.5,14,Surya is a carefree youth who lives with his father Narayana Murthy. He loves his father and is very protective about him. This obsession often lands him in trouble. A political don troubles Narayana Murthy to get his signature for a file. Murthy objects for this signature and lands in deep trouble. The rest of the film deals with how Surya encounters the minister and solves his father's problem.,rampothineni raashiikhanna sathyaraj raoramesh tulasi,santoshsrinivas,father son relationship
410508,Manamantha,2016-08-05,2016,te,"[18, 10751, 53]",0.9739,6.9,12,"Sairam, an assistant manager in a supermarket treads on an unethical path for a promotion, leading to dire consequences. Gayatri a thrifty housewife manages her middle class household. Mahitha's friend, a street child goes missing and she goes out of her way to find him. Abhiram, the bright student falls in love with Aira and pursues her. Four stories seemingly unrelated are all bound by one string called family.",mohanlal gautamitadimalla viswantduddumpudi rainarao anishaambrose,chandrasekharyeleti,
392939,Eedo Rakam Aado Rakam,2016-04-15,2016,te,"[10749, 35]",0.4395,6.6,5,What happens when the lives of two friends take an unexpected turn? A whole lot of confusion follows! Will they be able to get out of the mess? That forms the crux of the story.,vishnumanchu rajtarun hebahpatel sonarikabhadoria rajendraprasad,g.nageswarareddy,
422592,Ism,2016-10-21,2016,te,"[28, 80, 53]",0.3739,6.0,6,An undercover journalist finds himself hunted by corrupt politicians and the gangster whose daughter he betrayed in order to obtain evidence against him.,kalyanram aditiarya jagapatibabu posanikrishnamurali alibasha,purijagannadh,journalist undercover chase fight action hero
378777,Soggade Chinni Nayana,2016-01-15,2016,te,"[18, 10751, 14]",0.4577,5.9,18,Ramu and Seetha have come to India for divorce. Ramu's mother Satyabhama  is helpless and desperately remembers her dead husband Bangarraju. Lord Yama decides to send him to earth to help her.,nagarjunaakkineni ramyakrishnan lavanyatripathi nassar sampathraj,kalyankrishna,reincarnation god spirit
430121,Selfie Raja,2016-07-15,2016,te,[35],0.615,5.7,3,"Selfie Raja is a carefree young man who marries the daughter of a police commissioner. However, things take a humorous turn after a criminal creates problems in his marital life.",allarinaresh sakshichaudhary nagineeduvellanki prudhviraj saptagiri,g.nageswarareddy,
411601,Srirastu Subhamastu,2016-08-05,2016,te,[],0.5313,3.5,2,"Sirish belongs to a well to do family which is headed by Prakash Raj. Things in his family get disturbed when Srirish’s brother loves and marries a middle class girl against his father’s will. In this crunch situation, Sirish falls in love with a yet another middle class girl called Anu(Lavanya) and reveals about this to his father. An upset Prakash Raj, gives him a piece of his advice and asks him to back off from the relationship. An adamant Sirish, challenges his father that he will win his love by not using his family name. In this process, he woos Anu and right when the time things start getting positive, Anu’s father arranges her marriage with some one else.Rest of the story is as to how Sirish manages to convince both Anu’s parents and his and finally comes out victorious.",allusirish lavanyatripathi prakashraj raoramesh tanikellabharani,parasurampetla,
409254,Majnu,2016-09-23,2016,te,"[35, 10749]",0.6624,6.1,14,"Aditya, an assistant director, tries to impress Suma by narrating his old love story. However, while narrating the story, he realizes his true feelings for his ex-lover.",nani anuemmanuel riyasuman satya vennelakishore,virinchivarma,
407424,Terror,2016-02-26,2016,te,"[53, 28]",0.4755,5.4,5,Vijay realises that the state politicians have evil intention and are joining hands with terrorists. He wants to ensure the public is safe. He starts off on a journey to find and put the terrorists to justice.,srikanth nikitathukral kotasrinivasarao nassar uttej,satishkasetty,
371811,Sardaar Gabbar Singh,2016-04-15,2016,te,"[35, 28]",0.522,4.2,13,Gabbar Singh arrives at the empire of Rathanpur to save the princess and the civilians from the ruthless criminal Bhairav Singh.,pawankalyan kajalaggarwal sharadkelkar brahmanandam alibasha,bobbykolli,
439057,Nenu Local,2017-02-03,2017,te,"[28, 35]",3.9168,5.8,23,"This story is about a happy-go-lucky young man, Babu, who falls in love with a girl. However, he runs into a problem while convincing her father to permit them to be together.",nani keerthysuresh naveenchandra sachinkhedekar tulasi,trinadharaonakkina,teenage love wooing
350312,Bāhubali 2: The Conclusion,2017-04-27,2017,te,"[28, 12, 14]",3.7744,7.5,835,"When Mahendra, the son of Bāhubali, learns about his heritage, he begins to look for answers. His story is juxtaposed with past events that unfolded in the Mahishmati Kingdom.",prabhas ranadaggubati anushkashetty sathyaraj nassar,s.s.rajamouli,kingdom bilingual
460699,Nene Raju Nene Mantri,2017-08-11,2017,te,"[28, 10749, 53]",2.4636,6.6,21,"Nene Raju Nene Mantri is the story of Radha Jogendra and the love of his life, Radha. His whole world revolves around her and he can go to any lengths to make her happy. But what happens when such profound love takes the shape of cavernous ambition?",ranadaggubati kajalaggarwal catherinetresa navdeep ashutoshrana,teja,corrupt politician political satire political thriller
458641,Rarandoi Veduka Chudham,2017-05-26,2017,te,"[18, 10751, 10749]",1.0238,5.7,12,"A happy-go-lucky boy falls in love with a village belle and after initially facing rejection from her, realises that he has a lot to do to win her love.",nagachaitanyaakkineni rakulpreetsingh jagapatibabu sampathraj kausalya,kalyankrishna,village love
442405,The Ghazi Attack,2017-02-17,2017,te,"[28, 10752, 53, 36]",0.9495,7.0,97,India’s first underwater war film tries to decode the mystery behind the sinking of Pakistani submarine PNS Ghazi during the Indo-Pak war of 1971.,kaykaymenon ranadaggubati atulkulkarni taapseepannu amitabhbachchan,sankalpreddy,submarine 1970s india pakistan war indian navy
494061,Hello!,2017-12-22,2017,te,"[28, 10751, 10749]",1.55,7.2,28,"Avinash/Seenu is a street urchin brought up by his loving adoptive parents Saru and Prakash. The love of his life is the girl he meets during childhood Junnu/Priya, whom fate had snatched away from him. Fourteen long years and they still wait for the day they will meet again. Will destiny help them?",akhilakkineni kalyanipriyadarshan ramyakrishnan jagapatibabu ajay,vikramkumar,foster parents family relationships destiny childhood love adopted son lovestory
443635,DJ: Duvvada Jagannadham,2017-06-23,2017,te,"[28, 35, 80]",0.9944,5.8,57,"A righteous young man who helps everyone gain their rightful justice, gets recruited as an undercover agent to work on a high profile case that involves a crime lord working for a corrupt minister who also happens to be the father of his romantic interest.",alluarjun poojahegde raoramesh muralisharma tanikellabharani,harishshankar,
466147,Jaya Janaki Nayaka,2017-08-11,2017,te,"[10749, 28, 53]",1.0644,5.1,19,"Gagan is very much in love with Sweety aka Janaki, a sweet-natured girl, ever willing to lend a helping hand to those in need. But she ends up rejecting Gagan and later finds herself in a situation from which there seems no escape. Why did Sweety reject Gagan and what does he do when he finds her in a dangerous predicament.",bellamkondasrinivas rakulpreetsingh pragyajaiswal jagapatibabu r.sarathkumar,boyapatisrinu,
457648,Radha,2017-05-12,2017,te,"[28, 35, 10749]",1.0644,5.4,8,"Radha Krishna, a young boy gets inspired to become a police officer following his belief that Lord Krishna rescued him in the avatar of a cop when he was a child, and does so. Radha Krishna is transferred to Hyderabad, where a bomb goes off at politician Sujatha's election campaign. Radha vows to take revenge, only to discover that all is not what it seems.",sharwanand ravikishan lavanyatripathi akshapardasany saptagiri,chandramohanchintada,
482477,Oxygen,2017-12-01,2017,te,"[28, 53]",1.4498,6.0,6,"Krishna arrives in India to get married to Shruti, but when Krishna saves her father from an attack, it is revealed he has a hidden agenda.",gopichand raashiikhanna anuemmanuel shaam jagapatibabu,jyothikrishna,
101736,Jai Lava Kusa,2017-09-21,2017,te,"[28, 53]",0.9138,6.6,32,"Jai, Lava and Kusa are triplets who get separated during their childhood because of small clashes. While Jai becomes an evil blooded criminal, the other two, Kusa and Lava end up as small-time crook and bank manager respectively. The twist in the tale arises when Jai kidnaps both the brothers and asks them to help him in his political growth. What is Jai’s agenda? Why did he kidnap his brothers? How can the innocent Lava and Kusa manage the criminal Jai?",n.t.ramaraojr. nivethathomas raashiikhanna ronitroy hamsanandini,bobbykolli,
435410,Shatamanam Bhavati,2017-01-14,2017,te,"[18, 10751]",0.8857,6.3,12,"The anguish that negligent children can cause is depicted here from the parents' perspective.  Raghavaraju (Prakash Raj) is a farming landlord in Atreyapuram village of Andhra Pradesh. He lives with his wife Janakamma (Jayasudha), along with his son Bangararaju (Naresh) his wife, and his son Raju (Sharwanand). Raghavaraju lives in this ancestral house built by his forefathers consisting of many generations living in the same household as a Joint family. However with changing times Ragahvarju's NRI sons and NRI daughter live in the United States, Canada, and Australia as nuclear families. After a gap of 10 years, all his children arrive in the village during the holiday season of Makar Sankranti, under mysterious circumstances after they receive an email from Raghavaraju who expresses his wish to divorce his wife Janakamma. What happens next and the events leading to this mysterious situation, and how Raghavaraju conveys his midlife crisis to his children forms the crux of the story.",sharwanand anupamaparameswaran prakashraj jayasudha naresh,satishvegesna,
484423,PSV Garuda Vega,2017-11-03,2017,te,"[28, 18]",0.7259,6.2,9,"A dedicated NIA officer is torn between love for his family and his duty. On the brink of sacrificing his career for his family, he stumbles upon a plot with international ramifications. Does he stick to his decision to quit or will the call of duty prove too strong for him?",dr.rajasekhar poojakumar kishore shraddhadas alibasha,praveensattaru,spy thriller
474473,Vellipomakey,2017-09-02,2017,te,[10749],0.5807,0.0,0,"Chandu is a bachelor and works for an animation company. Amidst the daily hustle, what he really craves for is a relationship. And that's when he meets Shruti and Shweta. The events that follow afterwards form the crux of the story.",vishwaksen nithyasreereddy supraja swetha,alimohammad,
412326,Khaidi No. 150,2017-01-15,2017,te,"[28, 10749, 53]",0.7386,5.9,22,A convict who plans to escape the country unexpectedly switches his place with a good Samaritan who fights for the rights of poor farmers.,chiranjeevi kajalaggarwal tarunarora alibasha ramcharan,v.v.vinayak,remake farmer corporate crime landgrabbing
456431,Raja the Great,2017-10-18,2017,te,"[28, 35]",0.8413,6.0,27,Raja is a blind man who's trained by his head constable mother to use his disability to his advantage. Lucky is the pampered daughter of a police officer and they're each other's whole world. What happens when Lucky's world is shaken by a goon Deva? How does Raja fit into this picture?,raviteja mehreenpirzada srinivasareddy vivanbhatena radikaasarathkumar,anilravipudi,blind man
473234,Arjun Reddy,2017-08-25,2017,te,"[18, 10749]",0.916,7.0,116,"A brilliant but impulsive young surgeon spirals into self-destruction after a painful breakup, struggling to cope with love, loss, and the consequences of his own temper.",vijaydeverakonda shalinipandey rahulramakrishna kamalkamaraju kanchana,sandeepreddyvanga,depression self-destruction drug addiction break-up alcoholic impulsive mentally unstable
493274,Juliet Lover of Idiot,2017-12-15,2017,te,"[18, 10749, 35]",0.6458,10.0,1,"Vara is an orphan, vagabond valet driver who has a massive pile-up of debt to pay. Julie is the quintessential rich girl he loves to stalk. But when their relationship goes south and he ends up embroiled in a comedy of errors, how will Vara cope?",naveenchandra nivethathomas alibasha abhimanyusingh esternoronha,ajayvodhirala,rich girl
480812,Raju Gari Gadhi 2,2017-10-13,2017,te,"[80, 27, 53]",0.8098,4.7,10,"Three friends — Ashwin, Kishore and Praveen get into business by purchasing a resort. Pretty soon, they find that they've got more than what they've bargained for. Apparently, the resort is haunted by a ghost. Unwilling to sell the resort, they seek the help of a mentalist, Rudra, to exorcise the ghost.",nagarjunaakkineni samantharuthprabhu seeratkapoor ashwinbabu vennelakishore,ohmkar,haunted hotel
459259,Rakshaka Bhatudu,2017-05-12,2017,te,"[14, 53, 18]",0.6626,0.0,0,Rakshaka Bhatudu is a Telugu movie starring Prabhakar and Richa Panai in prominent roles. The cast also includes Brahmanandam Brahmaji and Chitram Seenu. It is a action drama directed by Vamshi Krishna Akella with Sekhar Chandra as the Music composer forming part of the crew.,richapanai prabhakar brahmanandam brahmaji supreet,vamsikrishnaakella,
467649,Fidaa,2017-07-20,2017,te,"[18, 10749, 35]",0.9643,7.4,35,Two young people embark on a winding and rocky path to love after meeting at a wedding.,saipallavi varuntej saichand saranyapradeep rajachembolu,sekharkammula,village love
440794,Katamarayudu,2017-03-24,2017,te,"[28, 10751]",0.8049,5.2,13,"A violent man Rayudu tries to redeem himself to impress the love of his life, until he gets pushed into a situation that forces him to act.",pawankalyan shrutihaasan raoramesh alibasha ajay,kishorekumarpardasani,mass hero
462248,Kaadhali,2017-06-16,2017,te,"[18, 10749]",0.6595,0.0,0,"Two men in her life and she does not know who to choose to be her life partner. Tough decision to take but by not taking a decision she makes it more tough not just for herself but for all around her. Taking a decision matters but taking it at right time matters more. And taking the right decision, of course, all important.",saironak harishkalyan poojak.doshi mohanraman gururajmanepalli,pattabhichilukuri,
447458,Dwaraka,2017-03-03,2017,te,[18],1.0254,5.6,9,"A petty thief gains great wealth by pretending to be a baba. However, he has a change of heart after falling in love but finds himself getting pushed deep into the world of crime.",vijaydeverakonda poojajhaveri prakashraj prudhviraj surekhavani,srinivasaravindra,
460735,Jawaan,2017-12-01,2017,te,"[53, 28, 80]",0.7031,6.4,9,Jai  is a patriotic man for whom the nation always comes first. He harbours the dream to work for the DRDO and wants nothing else from life. But what happens when an evil mastermind Keshav makes a plan to harm the nation?,saidurghatej mehreenpirzada prasanna satyamrajesh kotasrinivasarao,bvsravi,terrorist plot bomb attack defence research
459803,Babu Baga Busy,2017-05-05,2017,te,[35],0.6458,5.3,3,A man's sexual affairs with different woman in different stages of life comes to an end when he meets a girl accidentally.,srinivasavasarala mishtichakravarty tejaswimadivada raviprakash supriyaaysola,naveenmedaram,
443653,Winner,2017-02-24,2017,te,"[10749, 28]",0.6105,4.3,9,A fashion editor who hates horses decides to pursue horse racing to impress the girl (Rakul Preet Singh) of his dreams.,saidurghatej rakulpreetsingh jagapatibabu thakuranoopsingh aadarshbalakrishna,gopichandmalineni,love interest
483839,Vunnadhi Okate Zindagi,2017-10-27,2017,te,"[10749, 18]",0.5959,5.7,9,The solid friendship between two men takes a beating when a woman enters their lives.,rampothineni anupamaparameswaran lavanyatripathi priyadarshipullikonda sreevishnu,kishoretirumala,friendship
465099,Ninnu Kori,2017-07-07,2017,te,"[35, 10749, 10751]",0.5535,6.5,24,"Pallavi invites Uma, her ex-boyfriend, to stay with her and her husband to convince him that she is happy in her marriage. Uma tries to create a rift between the couple, hoping to win Pallavi back.",nani nivethathomas aadhipinisetty tanikellabharani muralisharma,shivanirvana,
461092,Angel,2017-11-03,2017,te,"[28, 14, 10749]",0.8106,5.5,2,"During the course of an excavation work for the construction of a new capital at Amaravati in Andhra Pradesh, workers chance upon an antique idol of a young woman. A smuggler strikes a fancy deal to smuggle the statue abroad, but first it has to be transported to Hyderabad by road. And the antique idol suddenly comes to life!",nagaanvesh hebahpatel kabirduhansingh saptagiri sumantalwar,palani,smuggling (contraband) fallen angel guardian angel idol theft
489689,Devi Sri Prasad,2017-11-24,2017,te,"[28, 18]",0.6634,5.0,1,"A group of three close friends, including Devi, Sri and Prasad live a happy life and when everything seems as well for them, a major car accident involving the popular heroine, Leela, changes their life drastically. Who is Leela? and What changes does her accident bring in the life of these friends, forms the crux.",manojnandam dhanrajsukhram poojaramachandran venu posanikrishnamurali,srikishore,
446008,Kittu Unnadu Jagratha,2017-03-03,2017,te,"[35, 10749]",0.7022,6.3,3,"Kittu, a young man, kidnaps pet dogs of rich people to hold as hostage for ransom, so he can pay off his debts. Things take a turn when he falls in love with Janaki and tries to woo her",rajtarun anuemmanuel arbaazkhan nagendrababu prudhviraj,vamseekrishna,
471331,Paisa Vasool,2017-09-01,2017,te,"[27, 28, 35]",0.6874,4.2,7,A self-proclaimed criminal Theda Singh who’s just been released from Tihar Jail is recruited by India’s premier intelligence agency RAW (Research and Analysis Wing) to infiltrate the gang of mafia don Bob Marley  and ultimately eliminate him.,nandamuribalakrishna shriyasaran vikramjeetvirk kyradutt alibasha,purijagannadh,
492261,Malli Raava,2017-12-08,2017,te,"[18, 10751, 10749, 35]",0.6982,8.1,15,"Karthik and Anjali are childhood sweethearts who fell in love when they're fourteen. Despite having immense love for each other, circumstances forced them apart many a time. Will things change when they grow older? Will their love story finally have a happy ending?",sumanth aakankshasingh preethiasrani abhinavgomatam annapoorna,gowtamtinnanuri,childhood love childhood sweethearts
434395,Gautamiputra Satakarni,2017-01-12,2017,te,"[36, 18, 28]",0.574,5.6,13,"The emperor of Satavahana kingdom, Satakarni comes across many challenges when he attempts to convince his wife that their son is bound to take part in battles and vanquish his enemies.",nandamuribalakrishna shriyasaran hemamalini shivarajkumar davidblazejko,radhakrishnajagarlamudi,2nd century
465378,Goutham Nanda,2017-07-27,2017,te,"[28, 18]",0.8096,6.3,16,"Goutham is a billionaire and his father gives him a year’s time to enjoy his life to the fullest. The deal between the two is that after a year, he’ll take over his father’s businesses. The catch is that, beneath his seemingly perfect life, Goutham is clueless about what happiness or hunger feels like. On the other hand, Nanda, who hails from a lower-middle class background, wants to die rich and his father keeps criticising his aspirations.One fine day, Goutham and Nanda bump into each other, and since both of them are quite vexed up with their respective lives & they decide to swap their places to lead a new life for 30 days.",gopichand hansikamotwani catherinetresa chandramohan seetha,sampathnandi,
485869,M.C.A,2017-12-21,2017,te,"[28, 35, 10751]",0.8136,5.2,20,"Nani's brother and his friends are his world. But he shares a love-hate relationship with his sister-in-law Jyothi. What happens when Shiva threatens his family, is what 'MCA' is all about.",nani bhumikachawla saipallavi vijayvarma rajivkanakala,venusriram,family relationships
461253,Mister,2017-04-14,2017,te,"[28, 10749, 35]",1.0599,4.6,8,"Chay is a happy-go-lucky guy living in Spain with his relatives.  A  mistaken identity at the airport results in him reaching out to Meera, with whom he falls in love at first site.  So far, so good.  All hell breaks loose for Chay when he comes to know that Meera is in love with one Siddharth, who ditches her in the last minute.  A heart-broken Meera falls back on Chay for emotional support.  Chay, who has this typical hero's quality of going to any extent to solve others' problems, takes it upon himself to bring smile back on Meera's face. In the process, the hero bumps into Chandramukhi, a village belle who has no idea what a mobile phone is, and a bunch of quirky characters.",varuntej lavanyatripathi hebahpatel nassar nikitindheer,sreenuvaitla,love triangle
443640,Om Namo Venkatesaya,2017-02-10,2017,te,[18],0.84,4.3,3,"Raama, who is a devotee of Lord Venkateswara, denounces worldly pleasures including his soon-to-be-bride and maradalu Bhavani and ends up at Tirumala. He decides to change the face of Tirumala by turning it into ‘Kaliyuga Vaikuntham’ both for pilgrims and the deity with the help of Krishnamma. His endeavours to do so, the hurdles and his encounters with the Lord himself is the story.",nagarjunaakkineni anushkashetty jagapatibabu sourabhraajjain saikumar,kraghavendrarao,biography spirituality devotional hindu god
466926,Shamantakamani,2017-07-14,2017,te,"[28, 35, 18]",0.4309,5.3,7,"A 5 Crore INR worth of vintage Rolls Royce car called Shamanthakamani owned by a millionaire Krishna gets stolen from the parking lot of a 5 Star hotel which leads into an aftermath. Inspector Ranjith Kumar is assigned with the job of finding the missing car. During the investigation, Ranjith Kumar suspects three people as accusing; a car mechanic Uma Maheswara Rao / Mahesh Babu, a villager Siva and a middle-class youngster Karthik and arrests them. Rest of the story is what happened to the car? Who is the actual culprit? How does Ranjith Kumar solve the crime?",nararohith sudheerbabu sundeepkishan aadisaikumar rajendraprasad,sriramadittya,vintage car shamantakamani
540468,Geetha Govindam,2018-08-15,2018,te,[10749],3.6918,7.0,79,"Vijay Govind, a young college lecturer who dreams of marriage falls for Geetha, a level-headed woman who's wary of strangers and isn't easy to convince. While things seem to go smoothly, Vijay makes a terrible mistake which not only derails any hope for his love story, but also potential repercussions with his family.",vijaydeverakonda rashmikamandanna vennelakishore subbaraju rahulramakrishna,parasurampetla,
535369,RX 100,2018-07-12,2018,te,"[18, 28, 10749]",1.3999,5.6,25,"When a city-bred girl comes home to her village, she falls for the macho village boy and asks him out. As a passionate romance brews, the guy falls madly in love with her, but does she feel the same way? Or is it just a passionate summer fling?",kartikeyagummakonda payalrajput raoramesh ramki laxmanmeesala,ajaybhupathi,
501987,Bharat Ane Nenu,2018-04-20,2018,te,"[18, 28]",1.5208,6.5,68,"Bharat, a graduate from Oxford, is forced to take up his father's position as the chief minister after his sudden demise. He is not happy with the way government is functioning in the state and tries to reform the corrupt society but faces obstacles from his enemies.",maheshbabu kiaraadvani prakashraj r.sarathkumar aamani,koratalasiva,new love corruption politics political activism class differences election political intrigue  death of parent integrity social change family legacy youth political drama loss of parent social responsibility leadership romantic political heir
461126,Rangasthalam,2018-03-29,2018,te,"[28, 18]",1.2731,7.1,75,Chitti Babu begins to suspect his elder brother's life is in danger after they team up to lock horns with their village president and overthrow his unlawful 30 year old regime.,ramcharan aadhipinisetty samantharuthprabhu jagapatibabu prakashraj,sukumar,period drama caste politics
500494,Naa Peru Surya - Naa Illu India,2018-04-27,2018,te,"[28, 18]",1.1034,5.8,40,"Despite having serious anger management issues, Surya, an Indian Army officer is a brilliant officer but when anger takes control of him he is impossible to subdue. In spite of this issue, he achieves his goal of serving the country by overcoming the hurdles.",alluarjun arjunsarja anuemmanuel nadhiya r.sarathkumar,vakkanthamvamsi,anger management army officer
534530,Aravinda Sametha Veera Raghava,2018-10-11,2018,te,"[28, 18]",1.5498,7.2,34,A young scion of a powerful family with a long history of violence decides to put an end to the bloodshed which leads him to a path of self discovery.,n.t.ramaraojr. poojahegde jagapatibabu naveenchandra eesharebba,trivikramsrinivas,
459713,Mahanati,2018-05-09,2018,te,"[18, 36]",1.2921,7.6,57,"Mahanati depicts the life and career of one of Telugu cinema's greatest and most iconic starlets, the first Indian female super star, Savitri.",keerthysuresh dulquersalmaan samantharuthprabhu vijaydeverakonda prakashraj,nagashwin,biography autobiography crying director secret marriage savitri love marriage
540189,Goodachari,2018-08-03,2018,te,"[53, 28, 80]",1.4965,6.9,46,"Gopi, is the son of an ex-RAW agent Raghuveer. Brought up by his uncle Sathya, he wants to be an agent just like his father and uncle. But Satya wants him to lead a normal life and not be killed like his father was. What happens in Gopi’s life that turns everything upside down?",adivisesh prakashraj jagapatibabu supriyayarlagadda sobhitadhulipala,sashikirantikka,spy
568212,Next Enti?,2018-12-07,2018,te,"[18, 10749, 35]",1.15,4.0,7,"Tammy ‘hates boys’ and will only settle for the kind of standards her father sets for her; both with the way he is and the 'knowledge' he imparts her with. Sanju is one of the men she dates, a man-child who refuses to grow up. But when both part ways on such uncertain terms, what brings them together again?",tamannaahbhatia sundeepkishan navdeep poonamkaur sarathbabu,kunalkohli,complicated relationships
532789,Ee Nagaraniki Emaindi?,2018-06-29,2018,te,"[35, 18]",1.0248,7.4,22,"Four friends, with a bittersweet history, get drunk and embark on a journey to Goa. On the trip, they lose an expensive ring which threatens to derail one of their engagement. They end up confronting one another and their own fears, as they enroll in a short film making competition in Goa to try and win the prize money for the ring.",vishwaksen saisushanthreddy abhinavgomatam venkateshkakumanu anishaambrose,tharunbhascker,friendship goa friends trip
544795,C/o Kancharapalem,2018-09-07,2018,te,"[18, 10749]",0.9661,7.3,34,"From a schoolboy’s crush to a middle-aged bachelor’s office romance, four love stories spanning age, religion and status unfold in a small Indian town.",kancharapalemraju radhabessy kesavakarri nityasri karthikrathnam,venkateshmaha,
505908,Saakshyam,2018-07-27,2018,te,"[28, 10749, 14]",1.1027,5.3,6,"A group of people commit unspeakable crimes and are confident of getting away with it since there are no witnesses. But nature is witness to their crimes and when all five elements of nature combine to take revenge, can they survive against its wrath?",bellamkondasrinivas poojahegde r.sarathkumar meena jagapatibabu,sriwass,video game supernatural
596244,My Dear Marthandam,2018-12-29,2018,te,"[35, 80]",0.7414,0.0,0,,prudhviraj kalpikaganesh rakendumouli,harishk.v,falsely accused
495362,Agnyaathavaasi,2018-01-09,2018,te,"[18, 28]",1.0788,3.7,19,A billionaire Govinda Bhargav and his son are murdered with the aim of a hostile takeover of their company. But what his enemies do not know is that he has an heir that no one knows of.,pawankalyan keerthysuresh anuemmanuel aadhipinisetty bomanirani,trivikramsrinivas,father murder billionaire disguise
540180,Brand Babu,2018-08-03,2018,te,"[35, 10749]",0.6439,4.5,2,"Diamond Babu (Sumanth Shailendra) is person who is obsessed with brands, he inherits the quality from his father who ensures even the match box used in his house is of reputed brand and dress code at a funeral is white and white, he moulds his son like him.",sumanthshailendra eesharebba muralisharma nalini pujitaponnada,p.prabhakar,
565278,Hushaaru,2018-12-13,2018,te,[35],0.7108,5.8,7,"Four engineering graduates, clueless about what life is bound to offer them, enjoy being in each other's company, making the most of their vivacious energy, sometimes desperate to get into relationships. Just when the going seems fairly smooth, a personal setback hits them hard.",dineshtej tejuskancherla medishettiabhinav rahulramakrishna tejkurapati,sreeharshakonuganti,
500723,Awe!,2018-02-16,2018,te,"[10749, 28, 18]",0.8373,7.1,38,"‘Awe’ charts the journey of a motley of characters that have nothing to do with each other but are yet connected by a single, fragile string. Who are these people and what about their lives connect them to each other is what the film is all about.",kajalaggarwal eesharebba nithyamenen reginacassandra priyadarshipullikonda,prasanthvarma,
551508,Natakam,2018-09-28,2018,te,"[28, 27]",0.7352,0.0,0,"Hailing from Chintakapudi village, Bala Koteswara Rao falls in love with the mysterious Parvati at first sight, who reciprocates to his love. Having never seen Parvati before in his village, Koti begins to dig deep into her past to learn about her.",ashishgandhi ashimanarwal jeeva raviprakash manavakoteswararao,kalyanjigogana,
557252,Veera Bhoga Vasantha Rayalu,2018-10-26,2018,te,"[80, 53]",0.7218,7.2,4,"Missing are a flight consisting of 300 VIPs, a house along with the couple that inhabit it and an orphaned girl child. Embroiled in midst of all three cases are two young boys and a man calling himself Veera Bhoga Vasantha Rayalu. What is the mystery behind either of these cases?",sreevishnu nararohith sudheerbabu shriyasaran srinivasareddy,r.indrasena,
534333,Tej... I Love You,2018-07-06,2018,te,"[10749, 18]",0.5234,7.3,6,"Tej, a youngster who's highly attached to his family, is banished from his home by his uncle. He then finds himself in London, where he falls in love with Nandini. After long pursuit, he manages to win over her heart, but before she could even tell him, a tragic incident puts a full stop to their love story.",saidurghatej anupamaparameswaran pavitralokesh jayaprakash surekhavani,a.karunakaran,
566139,Padi Padi Leche Manasu,2018-12-21,2018,te,"[10749, 18]",0.9367,6.3,19,A young couple navigates through the highs and lows of a budding relationship.,sharwanand saipallavi muralisharma priyaraman vennelakishore,hanuraghavapudi,loving
520393,Taxiwala,2018-06-01,2018,te,"[53, 35, 27]",1.1113,5.9,30,"A job monger, Shiva who ends up as a taxiwala only to realise his ride is a beyond what anyone can expect.",vijaydeverakonda priyankajawalkar malavikanair raviprakash uttej,rahulsankrityan,
549938,Ee Maaya Peremito,2018-09-21,2018,te,[],0.7559,7.3,3,Sri Ramachandra Murthy aka Chandu is a happy-go-lucky ‘rebel’ with no ambition in life. Sheetal Jain is the precious daughter of Pramod Jain. She falls in love with Chandu’s good nature but what happens when her father decides that he needs to change to be worthy of his daughter.,rahulvijay kavyathapar rajendraprasad nani muralisharma,ramukoppula,
500686,Show Time,2018-12-25,2018,te,"[53, 10749, 28]",0.7649,0.0,0,"Upcoming Telugu movie Directed by SS Kanchi,Starring Randhir, Ruksaar Mir",randhirgatla rukshardhillon,s.s.kanchi,
540396,Srinivasa Kalyanam,2018-08-09,2018,te,"[18, 10751]",0.7041,5.3,7,The film highlights the sacred bond with another human being through nuptial rituals and the sanctity of the institution of marriage.,nithiin raashiikhanna nanditaswetha prakashraj jayasudha,satishvegesna,marriage love dil raju
508868,Kirrak Party,2018-03-16,2018,te,"[18, 35, 10749]",0.6162,8.0,2,Krishna is a happy-go-lucky first year engineering student with not a care in life. He falls in love with his senior Meera who’s a do-gooder and urges him to tap into the unseen side of him. But what happens when an unforeseen incident brings a change in him that even she couldn’t predict?,nikhilsiddhartha simranpareenja samyukthahegde rakendumouli brahmaji,sharankoppisetty,college president college life
536429,Shailaja Reddy Alludu,2018-08-31,2018,te,"[35, 18]",1.2332,4.5,12,Chaitanya and Anu are neighbours who fall for each other. However their path towards marriage is far from easy. A haughty would-be mother-in-law complicates the proceedings. The couple put up a united front to clear their roadblocks.,nagachaitanyaakkineni anuemmanuel ramyakrishnan vennelakishore kalyaninatarajan,maruthidasari,
507839,Manchi Lakshanalunna Abbayi,2018-03-23,2018,te,"[28, 18]",0.5027,7.7,3,"A young man decides to contest in the village elections and defeat a corrupt politician in order to impress his girlfriend's father and marry her, but with time realizes life holds something else for him.",kalyanram kajalaggarwal brahmanandam vennelakishore manalirathod,upendramadhav,fight politician
540215,Chi La Sow,2018-08-03,2018,te,"[10749, 35]",0.6995,7.6,15,"While Arjun doesn't want to get married, his parents set up a blind date for him at his place. The story revolves around Arjun, how he falls for the girl he's about to meet, why and how he changed his decision to get married.",sushanth ruhanisharma vennelakishore anuhasan rahulramakrishna,rahulravindran,love
625802,Sharabha,2018-11-22,2018,te,"[14, 53]",0.4326,0.0,0,"When Chandraksha releases a horde of evil spirits that soon attack various villages, Parvathamma and her son, Sharabha, try to stop them with the help of their deity, Lord Narasimha.",mishtichakravarty jayaprada napoleon nassar puneetissar,,
495121,Jai Simha,2018-01-12,2018,te,"[28, 35, 18, 10751]",0.6336,4.0,4,"Narasimha is a man on the run with his one-year-old son. He reaches Kumbakonam and stays at the house of the village temple's dharma karta's house. But while there, he bumps into Gowri who seems to dislike him for some reason, despite being his childhood friend. A death row inmate Rami Reddy also seems to hold a grudge against Narasimha. Who is Narasimha and what did he do to make so many enemies?",nandamuribalakrishna nayanthara prakashraj brahmanandam ashutoshrana,k.s.ravikumar,
517508,Hello Guru Prema Kosame,2018-10-18,2018,te,"[10749, 10751]",0.6435,6.3,19,"After a rocky start, a friendship develops between a happy-go-lucky youth and a girl from the city.",rampothineni anupamaparameswaran prakashraj pranithasubhash posanikrishnamurali,trinadharaonakkina,
507040,Raa Raa,2018-02-23,2018,te,"[35, 27]",0.6585,0.0,0,"An aspiring filmmaker unexpectedly falls in love with a devil, following which chaos ensues in his life. Will he be able to come out of this trip?",srikanth naziahussain alibasha jeeva raghubabu,shankar,haunted mansion
565277,Kavacham,2018-12-07,2018,te,"[28, 53]",0.5677,5.1,12,"After being framed for a kidnapping, an honest cop races against time to clear his name and catch the conspirator.",bellamkondasrinivas kajalaggarwal neilnitinmukesh mehreenpirzada harshvardhanrane,sreenivasmamilla,
485789,Bhaagamathie,2018-01-26,2018,te,"[53, 27, 80]",0.8719,6.0,36,"Accused of murdering her husband, IAS officer Chanchala, is taken to a haunted house called Bhaaghamathie Bungalow, where police and CBI officials interrogate her to dig up dirt on a politician she had worked under. As she's left alone in the haunted house, spirits take control of her and IAS Chanchala transforms into an unrecognisable person. How this impacts her and everyone around her forms the crux of the story.",anushkashetty jayaram ashasarath unnimukundan muralisharma,ashokg.,modern-day thriller
530198,Sammohanam,2018-06-15,2018,te,"[10749, 18]",0.8263,7.0,18,"A cartoonist, who detests films and movie stars, finds himself in an awkward situation when he falls in love with a film actress",sudheerbabu aditiraohydari naresh pavitralokesh harshinikoduru,mohanakrishnaindraganti,cartoonist
500527,Tholi Prema,2018-02-09,2018,te,"[35, 10749]",0.5729,7.2,20,Aaditya  is an impulsive individual who takes decisions spontaneously and is unafraid to speak his mind. The love of his life Varsha is his extreme opposite — she chooses not to let her emotions control her actions or words. Will these two differing individuals ever make their relationship work?,varuntej raashiikhanna sapnapabbi priyadarshipullikonda suhasinimaniratnam,venkyatluri,
566486,Antariksham 9000 KMPH,2018-12-20,2018,te,"[878, 53]",0.5309,5.6,11,"The coordinates of an old satellite from India, Mihira, are lost with the potential for it to wreak havoc with communications worldwide. Astronaut Dev’s life was turned upside down five years ago and he now teaches science at a government school. He’s brought in to fix the satellite but is that the only reason he agrees to come back?",varuntej aditiraohydari lavanyatripathi rahman srinivasavasarala,sankalpreddy,astrophysicist astronaut
527862,Officer,2018-06-01,2018,te,[28],0.8008,4.3,3,"An honest officer fights to bring down a corrupt and dangerous cop, and attempts to bring down the entire Mumbai mafia with him.",nagarjunaakkineni myrasareen ajay sayajishinde anwarkhan,ramgopalvarma,organized crime tough cop
500565,Krishnarjuna Yudham,2018-04-12,2018,te,"[53, 28, 10749]",0.5831,5.1,16,"Krishna is the hot-blooded, aimless, flirt of a man from Chittoor whose only aim in life is to find a girl who will love him back. Continents away in Prague is his look-alike Arjun, the playboy rockstar who doesn’t have a problem bedding girls at all. But what happens that brings Krishna and Arjun together is what the film is all about.",nani anupamaparameswaran rukshardhillon prabhassreenu brahmaji,merlapakagandhi,look-alike dual role
454292,Saaho,2019-08-29,2019,te,"[28, 12, 53]",2.6729,5.8,108,"A battle for power ensues as warring gangters thrive to gain possession of a ""black box"" that can make them richer than they already are, and an undercover cop intervenes with the help of his sharp intellect and an instinct to kill.",prabhas shraddhakapoor neilnitinmukesh chunkypanday mandirabedi,sujeeth,truck gunfight motorcycle chase action hero sujeeth cinematic universe
496495,Sye Raa Narasimha Reddy,2019-09-27,2019,te,"[18, 36, 10752]",1.9996,6.2,37,"Gwalior Fort, during the Indian Rebellion of 1857. In a moment of despair, Lakshmibai, Rani of Jhansi, encourages her men by telling them the heroic story of Uyyalawada Narasimha Reddy, a brave Telugu chieftain who took up arms in 1846 to protest against the numerous arbitrariness and crimes perpetrated by the leaders and military forces of the East India Company.",chiranjeevi sudeepa vijaysethupathi ravikishan jagapatibabu,surenderreddy,freedom fighter historical figure british colonialism colonial india 19th century history of india indian guru indian king telugu popular uprising
566143,Mr. Majnu,2019-01-25,2019,te,"[18, 10749]",1.3643,5.1,17,A playboy finds himself in a spot of bother when he falls in love with the right girl.,akhilakkineni nidhhiagerwal subbaraju raoramesh vidyullekharaman,venkyatluri,
566914,F2: Fun and Frustration,2019-01-12,2019,te,[35],1.0639,5.5,32,"After Venky, Varun also gets married thinking he can keep the wife in control but both of them gets frustrated with the marital life which generates fun.",venkatesh varuntej tamannaahbhatia mehreenpirzada rajendraprasad,anilravipudi,
628776,Sivaranjani,2019-08-02,2019,te,[],0.9686,0.0,0,"Mystery surrounds the past of a young woman suffering from memory loss. As she tries to make peace with her lost past and move on with her new life as Madhu, people from her former life resurface claiming that her actual name is Sivaranjani and there are unresolved issues she needs to face. Will she ever find out the truth about herself?",rashmigautham nanduvijaykrishna nandinirai dhanrajsukhram delhirajeshwari,naagaprabhakar,
592898,Jersey,2019-04-19,2019,te,[18],1.2953,8.1,70,"After his career fails to take off, a gifted cricketer in his mid-thirties decides that he’s not ready to give up quite yet.",nani shraddhasrinath ronitkamra harishkalyan viswantduddumpudi,gowtamtinnanuri,cricket indian cricket team
605245,Kousalya Krishnamurthy,2019-08-23,2019,te,[18],0.9004,0.0,1,"A teenage girl from a remote village in Andhra Pradesh makes her way to the Indian cricket team, but her path is not devoid of obstacles.",aishwaryarajesh rajendraprasad sivakarthikeyan vennelakishore karthikraj,bhimanenisrinivasarao,sports women's cricket
616211,Special,2019-06-21,2019,te,[53],0.939,6.0,1,"Ranga is a mind reader who tells what is in the minds of the people by just touching them. Over the years, because of certain people, he becomes a psycho and his only motto is to kill the people who made him like this. Seeing this crazy situation, the police department appoints a special officer. Rest of the story is as to this special officer nabs Ranga and puts him behind the bars.",ajay ranga saiakshitha jabardasthapparao ashokkumar,vastav,mind reading
563604,Dear Comrade,2019-07-25,2019,te,"[18, 28, 10749]",1.0047,6.9,44,A hot-blooded student union leader falls for a state-level cricketer but his anger management issues and violent streak threatens to derail their love story .,vijaydeverakonda rashmikamandanna shrutiramachandran suhas rajarjun,bharatkamma,
609108,iSmart Shankar,2019-07-18,2019,te,"[28, 878, 53]",1.2967,5.1,19,A contract killer goes on the run after eliminating a target and eventually finds himself linked to a slain cop whose memory is transferred to his brain.,rampothineni nidhhiagerwal satyadevkancharana nabhanatesh sayajishinde,purijagannadh,
566402,Vinaya Vidheya Rama,2019-01-11,2019,te,"[28, 18]",1.0302,3.9,26,"Ram is one among the five orphaned boys in Visakhapatnam, adopted by a doctor who ensures them a roof to live under, with dignity. Ram goes to any extent to protect his family and he's a handful for the baddie to handle in a time of crisis. How does Ram protect his family when they need him the most?",ramcharan kiaraadvani vivekoberoi sneha prashanth,boyapatisrinu,
568522,N.T.R: Kathanayakudu,2019-01-09,2019,te,[18],1.2449,4.9,14,"Based on the journey of the legendary Telugu actor, filmmaker and ex-Chief Minister Late Taraka Rama Rao Nandamuri.",nandamuribalakrishna vidyabalan kalyanram poonambajwa ranadaggubati,radhakrishnajagarlamudi,autobiography
625452,Edaina Jaragocchu,2019-08-23,2019,te,[],0.6985,0.0,0,"Three close friends who are born on April 1 want to change their fate and become millionaires. When one of them gets a new job and falls in love, the trio decide to help her out by making easy money. But what happens when they end up in situations they did not perceive?",bobbysimha nagendrababu vennelakishore ajayghosh vijayraja,k.ramkanth,
613853,Venky Mama,2019-12-13,2019,te,"[10751, 35, 18, 28]",1.0097,4.2,13,"When his sister and her husband die in a car accident, a rice-mill owner decides to raise his nephew as his own child. They become inseparable over the course of time, but there are evil forces at work that are trying to separate them.",venkatesh nagachaitanyaakkineni raashiikhanna payalrajput nassar,bobbykolli,
622478,Tenali Ramakrishna BA.BL,2019-11-15,2019,te,"[35, 18]",0.6618,4.0,3,Tenali Ramakrishna is a small-time lawyer who makes his living via compromises between warring parties. He is looking for a big case that could turn his life.,sundeepkishan hansikamotwani varalaxmisarathkumar muralisharma brahmanandam,g.nageswarareddy,
614236,Mouname Ishtam,2019-03-15,2019,te,"[18, 10749]",0.7848,0.0,0,"Varun is an ad filmmaker, son of alcoholic father, who lost his mother in an accident, growing up in a grandfather's upbringing. He falls for Maya, an IT employee, with a sense of helping nature & humanity. Both of them become good friends. That friendship gradually turns into love.But she has a problem to propose to Love. Why can't Varun and Maya propose love to each other?",ramkarthik parvathyarun nassar abhaybethiganti induanand,ashokkoralath,single father family tragedy alcoholic father
541487,Maharshi,2019-05-09,2019,te,"[18, 28]",1.546,7.0,33,"Rishi Kumar is a billionaire and the CEO of Origins, someone who has always strived for the success he now owns. His friend Ravi needs help, how will he come through?",maheshbabu poojahegde allarinaresh jagapatibabu prakashraj,vamshipaidipally,businessman protest agriculture millionaire social justice social issues environmental issues downtrodden farmers social responsibility loss of father
657853,Mathu Vadalara,2019-12-25,2019,te,"[80, 35, 53]",0.9662,7.6,26,"Babu is a delivery boy living with his friends Yesu and Abhi. Due to his meagre salary, he decides to quit, but then Yesu gives him an idea. The idea, however, soon spirals out of control and Babu finds himself deep in trouble. Will he survive the circumstances of his own actions?",srisimha satya nareshagastya athulyachandra brahmaji,riteshrana,
653781,Madhanam,2019-12-06,2019,te,[],0.6642,0.0,0,A love drama based on true incidents.,tanikellabharani ajayghosh sithara bhavanarao srinivasasayee,ajaysaimanikandan,
657170,Ruler,2019-12-20,2019,te,"[28, 18, 10749]",1.224,6.5,5,"A business tycoon decides to adopt a stranger after he saves her life when someone tries to kill her. It turns out, the stranger has a murky past and while she tries everything she can to save him from it, fate brings him at crossroads with his past life.",nandamuribalakrishna sonalchauhan vedhika bhumikachawla chalapathirao,k.s.ravikumar,
607091,Oh! Baby,2019-07-04,2019,te,"[35, 18, 14, 10751]",0.7861,6.7,28,"A 70-year-old woman transforms into her 24-year-old self after she's photographed at a studio, changing her life and those of the people around her forever.",samantharuthprabhu lakshmi rajendraprasad raoramesh tejasajja,b.v.nandinireddy,remake body switch
657777,Iddari Lokam Okate,2019-12-25,2019,te,"[18, 10749]",0.7636,4.0,7,"A series of coincidences brings two star-crossed lovers together, but fate pulls them apart until they encounter each other again in Hyderabad.",rajtarun shalinipandey masterbharath nassar darbhaappajiambarisha,krishnareddygangadhasuu,
606224,Rakshasudu,2019-07-18,2019,te,"[80, 53, 28]",0.995,7.7,9,"Arun, a newly recruited sub-inspector, sets out in pursuit of a mysterious serial killer who targets young girls and murders them. After a series of murders, Arun confirms that it's being done by a psychopath with an anti-social disorder. The killer continues his spree, but Arun is no mood to stop his pursuit.",bellamkondasrinivas anupamaparameswaran rajivkanakala y.kasiviswanath suzanegeorge,rameshvarma,psychopath serial killer
612402,Nani's Gang Leader,2019-09-13,2019,te,"[35, 80, 53]",1.2399,7.1,33,A crime novelist is approached by a group of bereaved women to help them plot revenge against those responsible for the loss of their loved ones.,nani kartikeyagummakonda lakshmi saranyaponvannan priyankaarulmohan,vikramkumar,revenge novelist
521714,Yatra,2019-02-08,2019,te,[36],0.6028,6.7,5,The film focus especially on the period from 1999-2004 when YSR undertook his famous Padayatra which ultimately proved instrumental in catapulting him to a comprehensive victory in the 2004 polls.,mammootty suhasinimaniratnam jagapatibabu ashritavemuganti raoramesh,mahiv.raghav,
609118,Ninu Veedani Needanu Nene,2019-07-12,2019,te,"[27, 53]",0.7288,6.1,7,"A young couple gets involved in an accident in the middle of nowhere. When they go out looking for help, they stumble across an old cemetery. They somehow reach home and things seem normal, except when they look into the mirror, they see someone else.",sundeepkishan anyasingh vennelakishore posanikrishnamurali muralisharma,caarthickraju,
610266,1st Rank Raju,2019-06-21,2019,te,[],0.6913,3.0,2,"Raju, an engineering student is obsessed with academics until he is thrown into the real world where he stumbles and tries to learn some very important life lessons.",chetanmaddineni kashishvohra brahmanandam naresh posanikrishnamurali,nareshkumarh.n.,
607310,Evaru,2019-08-15,2019,te,"[53, 80]",0.6791,7.0,34,"When a high-ranking police officer is killed by his alleged rape victim, Sub-inspector Vikram Vasudev is entrusted with investigating what seems like an open-and-shut case. However, as he delves deeper, Vikram finds the case spiralling into a dark tale filled with unexpected surprises.",adivisesh reginacassandra naveenchandra muralisharma pavitralokesh,venkatramji,rape victim murder investigation
606714,Manmadhudu 2,2019-08-09,2019,te,"[35, 10749, 18]",0.8057,5.2,12,"Under pressure to marry, a perennial bachelor hires a much younger woman to act as his fiancée, but her bond with his family throws his plan for a loop.",nagarjunaakkineni rakulpreetsingh vennelakishore raoramesh lakshmi,rahulravindran,
588708,Jessie,2019-03-15,2019,te,"[27, 18, 53]",0.5021,4.4,6,"Set in an abandoned house, the film follows a team of professional ghost hunters trying to conduct a paranormal investigation to unveil the mystery of two sisters, Jessie and Amy, where Amy shows unusual mental and physical behaviour.",ashimanarwal pavanigangireddy archana kabirduhansingh atulkulkarni,v.aswanikumar,
571610,Majili,2019-04-05,2019,te,"[18, 10749]",0.6456,6.4,37,Poorna fails to appreciate the blessings in his life due to his unfulfilled dream of a cricket career and a failed romance that changes him.,nagachaitanyaakkineni samantharuthprabhu divyanshakaushik raoramesh posanikrishnamurali,shivanirvana,
319832,Guna 369,2019-08-02,2019,te,"[10749, 28]",0.4806,5.7,3,"Guna is a happy-go-lucky guy who believes the solution to solving issues is not through violence but through compromise.When he is framed for a crime he didn't commit by someone close to him, Guna is left with no choice and forced to the extremes to prove his innocence.",kartikeyagummakonda anagha adithyamenon shivajiraja saikumar,arjunjandyala,gang rape rape and revenge
590012,Chitralahari,2019-04-13,2019,te,"[18, 10749]",0.7849,6.9,19,Vijay is a down-on-luck mechanical engineer who’s looking for that big break in life. Both his personal and professional lives are a mess; will he ever catch a break?,saidurghatej kalyanipriyadarshan nivethapethuraj brahmaji posanikrishnamurali,kishoretirumala,
611054,Gaddalakonda Ganesh,2019-09-19,2019,te,"[28, 53]",0.4828,6.2,9,Abhi wants to make a feature film with an antagonist as his lead and finds the perfect muse in the ruthless Gaddalakonda Ganesh. How he finally manages to make his debut forms the crux of the tale.,varuntej atharvaamurali mirnaliniravi satya brahmaji,harishshankar,
578207,Seven,2019-06-05,2019,te,[],0.6112,4.3,9,"A police officer is bewildered by conflicting statements about Karthik's identity. Several young women seem to share a mysterious connection with him. An old man claims to know Karthik as Krishnamurthy, who died thirty years ago.",havish reginacassandra rahman nanditaswetha anishaambrose,nizarshafi,
653895,90ML,2019-12-06,2019,te,[10749],0.6728,5.5,1,"An alcoholic who drinks 90ml of alcohol, three times a day, falls in love with a physiotherapist whose family would never approve of him and his habit.",kartikeyagummakonda nehasolanki ajay alibasha duvvasimohan,sekharreddyyerra,alcoholic
604434,Sita,2019-05-24,2019,te,[],0.7871,5.8,10,"Sita is a materialistic woman who only cares about materialistic gains and nothing else. MLA Basava Raju lusts for her and wants her to give him what she promised him for helping her. The villain of their tale is Ram, a man who’s way too innocent for his own good. How does Ram help Sita out of the fix she’s in forms the crux of the story.",bellamkondasrinivas kajalaggarwal sonusood mannarachopra payalrajput,teja,
610023,Voter,2019-06-21,2019,te,"[28, 18, 80, 10751]",0.4847,0.0,0,"Gautam is an NRI who returns to India to cast his vote. When challenged by the woman he loves, Bhavana, to make a politician fulfil his campaign promises if he wants to win her over, Gautam sets off on a path to change the system.",vishnumanchu surbhi posanikrishnamurali brahmaji supreet,karthikreddy,police politics election
611403,Burra Katha,2019-06-29,2019,te,"[10749, 878]",0.5964,6.0,1,Abhiram  is a man born with two brains – splitting into the massy Abhi and classy Ram whenever triggered by loud noises. How he copes with it forms the crux of the story.,aadisaikumar mishtichakravarty prudhviraj rajendraprasad posanikrishnamurali,diamondratnababu,
640559,Raju Gari Gadhi 3,2019-10-18,2019,te,"[35, 27, 53]",0.502,7.8,2,"Ashwin and Maya, a couple in love, learn of the presence of an evil spirit in their life. Determined to bring their life back to normalcy, Ashwin sets out on a spooky journey to safeguard his love.",ashwinbabu avikagor alibasha brahmaji urvashi,ohmkar,remake
628241,Ala Vaikunthapurramuloo,2020-01-12,2020,te,"[28, 35, 18, 10751]",2.4963,6.6,103,"After growing up enduring criticism from his father, a young man finds his world shaken upon learning he was switched at birth with a millionaire's son.",alluarjun poojahegde muralisharma jayaram sushanth,trivikramsrinivas,coma exchange hospital class differences rich neglected child poor child exchange
607313,Sarileru Neekevvaru,2020-01-10,2020,te,[28],2.192,6.0,61,A tough army major is deployed to Kurnool on a mission to keep the country safe from external threats.,maheshbabu vijayashanti rashmikamandanna prakashraj sangeethakrish,anilravipudi,rescue army corruption orphan political intrigue  family dynamics
648705,Nishabdham,2020-10-02,2020,te,"[53, 27]",1.5493,5.2,20,"Seattle PD is investigating the murder of a man and Sakshi, a deaf and mute artist, and her husband Antony, a renowned cello player, are related to it.",anushkashetty r.madhavan anjali michaelmadsen subbaraju,hemantmadhukar,haunted house cello female painter
669146,Jaanu,2020-02-06,2020,te,"[18, 10749]",1.5932,5.6,13,"Decades post-high school, Ram and Jaanu meet at their school's reunion and explore their past thoughts consisting of affection, care, depth and grieve all over the period of one evening.",sharwanand samantharuthprabhu gourigkishan saikirankumar vennelakishore,c.premkumar,childhood love
678391,HIT: The First Case,2020-02-27,2020,te,"[80, 53, 28]",1.3717,6.5,49,"Vikram Rudraraju is a 30-year-old cop working for the Telangana State Police. While Vikram is battling with his own traumatic past, the stakes get high when a girl called Preethi mysteriously disappears in Hyderabad and Vikram has to solve the case at any cost.",vishwaksen ruhanisharma muralisharma bhanuchander brahmaji,saileshkolanu,hit vishwaksen
777637,Dirty Hari,2020-12-18,2020,te,"[53, 10749]",0.8454,6.4,4,"Hari is a man torn between his wife Vasudha and Jasmine. In his greed to lust after both, will he end up losing everything?",ruhanisharma shravanreddy simratkaur surekhavani darbhaappajiambarisha,m.s.raju,erotic thriller
780592,Murder,2020-12-24,2020,te,[53],0.6405,0.0,0,This is going to be a heart wrenching story based on the Amrutha and Maruthi Rao saga of the DANGERS of a father LOVING a daughter too much,gayatribhargavi sahithiavancha srikanthiyengar,anandchandra,
683342,V,2020-09-05,2020,te,"[28, 80, 53]",1.0803,6.7,128,"A celebrated cop, DCP Aditya, faces his toughest challenge when a taunting serial killer begins targeting victims and leaving notes meant for him. Teaming with an aspiring crime novelist, he must stop four more murders to save his medals, career, and reputation while uncovering the killer's past.",nani sudheerbabu nivethathomas aditiraohydari vennelakishore,mohanakrishnaindraganti,revenge thriller
681433,Madha,2020-03-13,2020,te,"[9648, 53]",0.8159,3.5,8,"A proof-reader named Nisha begins dating a cinematographer called Arjun, unknowing of his devious plans for her.",trishnamukherjee venkatrahul anishkuruvilla bikramjeetkanwarpal,srividyabasawa,
764667,Dhira,2020-11-14,2020,te,[16],0.6344,9.0,2,"When South India was under foreign treachery in the 14th century, Vidhyaranya Swami along with his disciples Hari Hara and Bukka Raya saved the country. They established a new kingdom called Vijayanagara, hid the war loot in Kishkindha mountain and protected it by dividing the secret in two. Swamy then extracts a vow from forest tribe leader and Vijayanagara Minister to guard this secret.",vijaysethupathi vivekoberoi pratikgandhi jeet bellamkondasrinivas,arunkumarrapolu,
633146,Entha Manchivaadavuraa,2020-01-15,2020,te,"[28, 18, 10749]",0.7693,5.7,6,"Abandoned after his parents' death, a short film actor assumes multiple identities to bond with people in need of love and affection.",kalyanram mehreenpirzada rajivkanakala vennelakishore tanikellabharani,satishvegesna,good samaritan
658113,Aswathama,2020-01-31,2020,te,"[28, 80, 53]",0.9184,6.3,14,"After learning his sister has been mysteriously impregnated, Gana sets out to hunt down the culprit as he discovers similar cases in the city.",nagashaurya mehreenpirzada princececil posanikrishnamurali harishuthaman,ramanateja,
679053,Raahu,2020-02-28,2020,te,"[80, 18, 53]",0.6747,4.2,2,"Bhanu suffers from 'conversion disorder a.k.a hysterical blindness' where she goes temporarily blind under severe stress, in her case triggered upon seeing blood, must fight her enemy who inflicts more bloodshed than she ever imagined.",kritigarg aberaamvarma chalakichanti dineshakki ganeshbandi,subbuvedula,
765718,Middle Class Melodies,2020-11-20,2020,te,"[35, 18, 10749]",0.469,6.8,17,"Raghava, who runs a breakfast center in his village, dreams of starting a small hotel in the city. Against his father's wishes, he plans to buy an old shop with his friend Gopal. The shop happens to be owned by Nageswara Rao, father of his love interest Sandhya. How will Raghava's love life and his dream to establish his own hotel clash?",ananddeverakonda varshabollamma chaitanyagarikipati divyasripada goparajuramana,vinodanantoju,
757305,Miss India,2020-10-04,2020,te,[18],0.8644,4.2,20,"Uprooted to America, an aspiring Indian entrepreneur confronts disapproval, sexism and rivalry as she draws from her culture to start a tea business.",keerthysuresh jagapatibabu rajendraprasad nadhiya naveenchandra,narendranath,
680986,Palasa 1978,2020-03-06,2020,te,"[28, 80, 18]",0.5713,6.3,3,"Mohan Rao and his elder brother face Pedda Shavukar and Chinna Shavukar, a political battle where low caste fights the high caste power.",rakshithatluri nakshatra laxmanmeesala mirchimadhavi prawinyendamuri,karunakumar,
670450,Savaari,2020-02-07,2020,te,"[35, 18, 10749]",0.6785,6.1,4,"Raju who rents his Badshah for weddings, meets Baagi who has been in quench of real love after her step-parents try to get her married against her wish. How did she escape that marriage is the crux of the story.",nanduvijaykrishna priyankasharma shivaramachandravarapu srikanthreddyganta,saahithmothkuri,
674779,Bheeshma,2020-02-21,2020,te,"[10749, 28, 35]",0.5014,6.2,38,"Bheeshma Prasad, a simple meme creator has his life turned around when he wages a war against a powerful agro company that creates harmful chemicals to increase the crop yield and make more money.",nithiin rashmikamandanna anantnag vennelakishore jisshusengupta,venkykudumula,
535172,Disco Raja,2020-01-24,2020,te,"[28, 878, 53]",0.6477,6.5,11,"Found frozen and brain-dead in Ladakh, Vasu is brought back to life but with no memories of who he was, until he starts to regain his past and piece it together to find the people responsible for his murder.",raviteja bobbysimha sunilvarma payalrajput tanyahope,vianand,
721109,Bhanumathi & Ramakrishna,2020-07-03,2020,te,"[35, 18, 10749]",0.6978,6.4,8,"Ramakrishna migrates to Hyderabad from Tenali, in search of greener pastures and meets Bhanumathi - a no-nonsense urban woman. Seeking out love in your thirties, post-breakup stress, and the cultural difference between urban and rural India make up the story.",naveenchandra salonyluthra harshachemudu shalinivadnikatti rajachembolu,srikanthnagothi,workplace romance
718693,Naked,2020-06-27,2020,te,"[10749, 18]",0.4975,1.2,4,Story of a married couple in whose house a servant boy works. The couple are constantly fighting and on the verge of a break-up and then one day something happens which puts all 3 of them through a dizzying tension.,sweety muni deepak,ramgopalvarma,
677096,Pressure Cooker,2020-02-21,2020,te,"[35, 18]",0.5409,5.6,4,"A young man faces immense pressure from his family to move to America, get a job and have his life settled abroad.",preethiasrani saironak c.v.l.narasimharao jhansi keshavdeepak,sushilkarampuri,
690565,Colour Photo,2020-10-23,2020,te,"[18, 10749]",0.4334,7.2,21,"Jayakrishna is a dark-skinned guy who falls head over heels on Deepu but keeps his feelings to himself. As time passes by, a gang in his college beats him up and this issue brings Deepu closer to him. Slowly the friendship turns into love and this does not go well with Deepu’s brother Rama Raju. The rest of the story is as to how the couple reunites after facing several problems.",suhas chandinichowdary sunilvarma harshachemudu divyasripada,sandeepraj,
713235,Solo Brathuke So Better,2020-12-24,2020,te,"[35, 10749]",0.868,5.4,8,Virat is a new-age baba with a book of slokas that recite how singlehood is the best way of life and a bunch of loyal followers. But what happens when he gets a taste of his own medicine?,saidurghatej nabhanatesh rajendraprasad naresh raoramesh,subbumangadevi,
732957,Johaar,2020-08-14,2020,te,[18],0.3758,5.0,2,An anthology of 4 stories of people struggling to make their lives better and how those plans are thrown into disarray when a politician decides to divert welfare funds to satiate his ego.,nainaganguly estheranil chaitanyakrishna ankithkoyya rohini,tejamarni,
760981,Gatham,2020-11-06,2020,te,[],0.4155,5.7,5,"Rishi and his girlfriend Adithi are on their way to visit Rishi's father and their car breaks down. A stranger offers them a stay at his house. What is Rishi's connection with the stranger, and how does they come out of the weird situation",bhargavapoludasu rakeshgalebhe poojithakuraparthi lakshmibharadwaj harshavardhanpratap,kirankondamadugula,
659674,World Famous Lover,2020-02-14,2020,te,"[10749, 18]",0.5566,5.4,23,"An amalgamation of four different love stories: Seenayya and Suvarna, a middle-class couple in a small town; Gautham, an uber-cool youngster romancing in the streets of Paris with his girlfriend Iza, Union Leader Srinu head over heels in love with his boss lady, and and the first college romance.",vijaydeverakonda raashiikhanna catherinetresa aishwaryarajesh izabelleleite,kranthimadhav,
748818,Orey Bujjiga,2020-10-01,2020,te,"[18, 10749]",0.4819,6.5,4,"Bujji and Krishnaveni run away on the same day to avoid getting married, leaving their village to believe that they have eloped. The two soon fall in love, unaware of their mutual circumstances.",rajtarun malavikanair hebahpatel posanikrishnamurali vaniviswanath,vijaykumarkonda,
687355,Valayam,2020-02-21,2020,te,"[18, 9648, 53]",0.58,5.5,2,"When his wife goes missing, Arvind must solve the mystery of her disappearance before time runs out and he becomes the prime suspect.",diganganasuryavanshi lakshchadalavada kalpalatha kireetidamaraju noelsean,rameshkadumula,
718745,Krishna and His Leela,2020-06-24,2020,te,"[10749, 35]",0.4218,5.1,11,"Torn between his past and present girlfriends, a confused bachelor’s indecisiveness spins a web of lies and cheating as he struggles to commit.",siddhujonnalagadda shraddhasrinath seeratkapoor shalinivadnikatti samyuktahornad,ravikanthperepu,
727030,Uma Maheswara Ugra Roopasya,2020-07-30,2020,te,"[35, 18]",0.5362,7.1,14,"Defeated and humiliated in a fight while trying to defuse a conflict among his fellow villagers, a photographer vows revenge on his attacker.",satyadevkancharana harichandana naresh roopakoduvayur suhas,venkateshmaha,
794985,Narthanasala,2020-10-24,2020,te,"[36, 14]",0.3755,0.0,0,"Pandavas, after completing the 12 years of exile in the forest along with their wife Draupadi, choosing their disguised avatars for the remaining 1 year of incognito life until the Vijaya Dasami festival. If caught, they will have to repeat another exile of 13 years if anyone spotted their real identities.",nandamuribalakrishna sarathbabu srihari soundarya saikumar,nandamuribalakrishna,
722248,Shiva 143,2020-02-14,2020,te,"[18, 10749]",0.2971,7.0,1,"Shiva, a dance choreographer, is hired by the rich and arrogant Ammu for her sangeet performance. But Ammu gets in trouble when she accidentally records a murder, leaving it up to Shiva to save her life. At the same time Rubina, who had financially helped Shiva once, demands that he love her in return.",dheerenramkumar yeishaadaraha hrithikasingh d.s.rao sagarsailesh,sagarsailesh,
734413,Metro Kathalu,2020-08-14,2020,te,[18],0.3154,0.0,0,"Revolving around Hyderabad, a city like no other, are the lives of eight people grappling with life-changing choices as their fates entwine with each other. However, they're determined to rise above the occasion and make room for life and a little more.",rajivkanakala gayatribhargavi nakshatra nandinirai alireza,karunakumar,
810698,Beautiful,2020-01-06,2020,te,[],0.2875,1.0,2,Rini (Naina Ganguly) and Mayank (Parth Suri) are lovers who live in Dharavi and have different outlooks of life. What happens when she begrudgingly finds success and misunderstandings crop up between them?,nainaganguly parthsuri,agasthyamanju,
766426,Anaganaga O Athidhi,2020-11-20,2020,te,"[53, 18]",0.3519,8.0,2,"Subbaiah and his family live in abject poverty and a soothsayer tells them that their fortune will change overnight. The peace in the house is stirred when a stranger knocks on their door seeking shelter for a night, and the consequences are deadly.",payalrajput chaitanyakrishna darbhaappajiambarisha chakrapaniananda veenasundar,dayalpadmanabhan,
744160,Amaram Akhilam Prema,2020-09-18,2020,te,"[18, 10749]",0.2431,0.0,0,Akhila is a pampered young daddy’s girl who studies engineering in Kakinada. She moves to Hyderabad to prepare for civil services. Amar is an aspiring musician who falls for her and puts all his effort into getting her attention. Why did Akhila really move to Hyderabad and what makes her fall for Amar is what the film is all about.,shivshaktisachdev keshavdeepak vijayram nareshgaru srikanthiyengar,jonathanvesapogu,
672449,3 Monkeys,2020-02-07,2020,te,"[35, 18, 10749]",0.4019,0.0,0,"A drama film directed by G Anil Kumar, starring Getup Srinu, Jabardasth Ram Prasad and Sudigali Sudheer in the lead roles.",getupsrinu jabardasthramprasad karunyachowdary sudigalisudheer kautilyacasper,ganilkumarraju,
724826,302,2020-03-12,2020,te,"[80, 10749, 53]",0.3847,0.0,0,A reservation call is made by a prostitute for a particular room number 302 where she lures her clients and attacks them.,bhavikadesai vennelakishore thagubothuramesh ravivarma jabardasthrakesh,karthikeyamiriyala,
770391,Bombhaat,2020-12-03,2020,te,"[28, 18, 878]",0.35,6.0,3,"Vicky is a man who’s brought up being told by his parents he’s the unluckiest fellow on earth. His girlfriend Chaitra  goes against the world and even her own father to prove him wrong. Life goes for a toss, more than usual, when he rescues his mentor’s daughter Maya.",saisushanthreddy simranchoudhary chandinichowdary priyadarshipullikonda makranddeshpande,raghavendravarmaindukuri,
690957,Pushpa: The Rise,2021-12-16,2021,te,"[28, 18, 53]",2.2281,6.774,177,"As Pushpa, a labourer, rises in the world of red sandalwood smuggling, he ends up making many enemies. However, violence ensues when the police try to topple his illegal business.",alluarjun rashmikamandanna jagadeeshbandari sunilvarma anasuyabharadwaj,sukumar,rags to riches smugglers sandalwood egotistical authoritarian
884909,Pelli SandaD,2021-10-15,2021,te,"[18, 10751, 10749]",1.3833,4.5,2,Is a young man's will power and a young woman's destiny enough for them to be together?,roshanmeka sreeleela prakashraj kraghavendrarao vithikasheru,gowrironanki,marriage
850166,Skylab,2021-12-04,2021,te,"[18, 35]",1.3127,8.2,5,"Gauri, Anand and Ramarao are some of the many inhabitants of an eccentric village -Banda Lingampally. When the people of Banda lingampally hear that a Space station, Skylab, is falling right on their village, chaos ensues and it doesn't take long for this tragic turn of events to turn into a comedy.",nithyamenen satyadevkancharana rahulramakrishna tanikellabharani vishnuoi,vishvakkhanderao,
799676,Shyam Singha Roy,2021-12-24,2021,te,"[10749, 53, 18]",1.2105,6.8,42,"A young filmmaker is in a soup right when he’s about to find his footing in the film industry. When he sets out to find an answer, turns out it’s in the past.",nani saipallavi krithishetty madonnasebastian muralisharma,rahulsankrityan,
759845,Crazy Uncles,2021-08-19,2021,te,[],0.986,0.0,0,Telugu Movie,sreemukhi mano rajaravindra posanikrishnamurali,,
842992,Raja Vikramarka,2021-11-12,2021,te,"[28, 53]",0.8163,7.2,2,"Vikram is a newly recruit N.I.A. Officer who is getting accustomed with the nuances of his new job, has to handle his first major case due to ironic circumstances, during the course of which his life takes a drastic turn in all aspects.",kartikeyagummakonda tanyaravichandran saikumar pasupathy tanikellabharani,srisaripalli,
755166,Ninnila Ninnila,2021-02-26,2021,te,"[35, 10749]",1.3438,6.9,11,"In London, Dev, an overweight, genius chef who suffers with muscle spasms, meets Tara and love blossoms, but things take an interesting turn when he crosses paths with Maya.",ashokselvan rituvarma nithyamenen nassar satya,anii.v.sasi,chef
794961,Akhanda,2021-12-02,2021,te,"[28, 18]",1.3979,5.7,24,"Brothers Murali Krishna and Akhanda are separated at birth. They grow up to lead completely separate lives, Murali as a local hero, and Akhanda as a secluded Shiva devotee. But when the lives of Murali and his family are in danger, his long-lost brother finally returns.",nandamuribalakrishna pragyajaiswal poorna nitinmehta srikanth,boyapatisrinu,
796368,Jathi Ratnalu,2021-03-11,2021,te,"[35, 80]",1.642,7.2,25,"Three young men leave their village to find decent jobs in the city. However, they find themselves in a pickle when a minister blackmails them for a lost mobile phone.",naveenpolishetty priyadarshipullikonda rahulramakrishna fariaabdullah muralisharma,anudeep,
890486,Romantic,2021-10-29,2021,te,[10749],1.1151,4.9,5,Vasco De Gama Alberto and Monica are youngsters oh-so-in-love with each other. The only problem? Vasco is a wanted gangster.,akashpuri ketikasharma ramyakrishnan sunaina makranddeshpande,anilpaduri,
785354,Alludu Adhurs,2021-01-14,2021,te,"[10749, 35]",0.9244,5.0,10,"A love failure in high school prompts Sreenu to stay away from girls, but fate introduces him to the daughter of a notorious goon, with whom he falls in love immediately. However, his path to win over the girl of his dreams is far from as easy.",bellamkondasrinivas sonusood nabhanatesh anuemmanuel prakashraj,santoshsrinivas,
1119071,Poster,2021-11-19,2021,te,"[18, 10751, 10749]",0.7542,0.0,0,"Without problems no human being is on earth it can be love, study, career or anything else. Suicide is not the solution to any problem. We can make our future bright and beautiful, if we can give some space to move ahead, Our film is based on a person story, to whom, first avoided and neglected by everyone. But later the same people welcomed him.",vijaydharandatla raashisingh akshatasonawane shivajiraja madhumani,tmr,
681435,Red,2021-01-14,2021,te,"[80, 9648, 53]",0.9739,5.3,59,"When civil engineer Siddharth is arrested for a murder on the basis of a pictorial evidence, cops discover his lookalike Aditya and realize they have only 48 hours to solve the case.",rampothineni nivethapethuraj malavikasharma amrithaaiyer sampathraj,kishoretirumala,remake twins
716255,Most Eligible Bachelor,2021-10-15,2021,te,"[10749, 18]",0.7961,6.1,14,"A well-educated, ‘settled’ NRI falls for a stand-up comedian and wants to marry her. But when she knows what she wants from her husband, will he fit the bill?",akhilakkineni poojahegde jayaprakash aamani muralisharma,bhaskar,romance love family drama
673732,Vakeel Saab,2021-04-09,2021,te,"[28, 53, 80, 18]",1.0543,6.4,17,Three girls find themselves accused of attempt to murder after escaping molestation. Their only hope is an alcoholic lawyer who agrees to take up the case.,pawankalyan prakashraj shrutihaasan nivethathomas anjali,venusriram,sexual violence remake lawyer false accusations legal drama
784963,Tuck Jagadish,2021-09-09,2021,te,"[18, 28, 10751]",0.8262,4.7,10,"In a village with greedy property fights among the families, Jagadish carries on his father's legacy to reform all the property issues in his village while trying to reunite his family, which is also split due to property issues.",nani rituvarma jagapatibabu danielbalaji aishwaryarajesh,shivanirvana,village land war
872408,Sundari,2021-08-13,2021,te,"[10749, 53]",0.8052,8.0,1,A village girl is married to a software employee who is head over heels with her beauty. Life takes an unexpected turn when her husband loses his job and she is forced to take a few steps that she has to go through an emotional turmoil.,poorna arjunambati rakendumouli darbhaappajiambarisha chatrapathisekhar,kalyanjigogana,
801466,April 28th Em Jarigindi,2021-02-27,2021,te,"[27, 53, 18]",0.7447,6.0,1,"To get fresh thoughts for writing his script, a famous writer, Vihari goes on a road trip. At a place named Siripuram, Vihari observes some weird incidents taking place in a guest house and decides to stay there to get inspiration. This is the time Vihari finds out that there are four evil spirits who are behind all the crazy incidents.",rajaranjithelchuri sherryagarwal tanikellabharani ajay rajivkanakala,veeraswamy,screenwriter haunted mansion
791390,30 Rojullo Preminchadam Ela?,2021-01-29,2021,te,"[10749, 14]",0.6962,5.7,3,"Two college students, Arjun and Akshara, get off on the wrong foot and develop an instant hatred for each other. However, they land in a pickle and realise their connection from a past life.",pradeepmachiraju amrithaaiyer posanikrishnamurali hema bhadram,dhulipudiphanipradeep,
802068,Wild Dog,2021-04-02,2021,te,"[28, 53]",0.9124,5.5,22,"Wild Dog aka Vijay Varma is an NIA agent who’s brought back to field from a desk job to handle a terrorism case. Despite having a personal motive, he moves heaven and earth to ensure justice is served for the sake of the country.",nagarjunaakkineni diamirza saiyamikher atulkulkarni anishkuruvilla,ahishorsolomon,
606718,Uppena,2021-02-12,2021,te,"[10749, 18]",0.7795,5.9,17,Aasi has been in love with Bebamma since their childhood. But it is more than her father Rayanam that threatens to form a chasm between the lovers.,panjavaisshnavtej krithishetty vijaysethupathi gayatrijayaraman rajsekharaningi,buchibabusana,
789358,Check,2021-02-20,2021,te,"[80, 53]",0.7129,5.4,12,Aditya is a death row prisoner facing charges of terrorism. His only hope for living lies in the game of chess.,nithiin rakulpreetsingh priyaprakashvarrier simranchoudhary posanikrishnamurali,chandrasekharyeleti,
795104,Rang De,2021-03-26,2021,te,"[35, 10749]",0.7112,6.0,23,Arjun detests Anu because she has always stolen his thunder ever since she step foot in their colony years ago. Will he ever find it in his heart to love her like she loves him?,nithiin keerthysuresh naresh kausalya rohini,venkyatluri,
859946,Paagal,2021-08-20,2021,te,"[35, 10749]",0.8056,4.6,7,"After his mother's death, Prem, a young man, searches for love in every woman he comes across. However, when he finds true love in Theera, they face several challenges in their quest to unite.",vishwaksen nivethapethuraj muralisharma rahulramakrishna maheshachanta,nareshkuppili,
784572,Krack,2021-01-09,2021,te,"[28, 80, 18]",0.9387,6.0,26,"Pothuraju Veera Shankar is a hot-headed circle inspector from Andhra who doesn’t like to hear the word ‘background’. Wherever he is appointed in the state, he brings all the notorious gundas to their knees with his signature policing style. When Shankar is appointed in Ongole, the brutal Katari commits a spine-chilling murder and angers Shankar. How the rivalry between Pothuraju Veera Shankar and Katari turns worse is what Krack is all about.",raviteja shrutihaasan samuthirakani varalaxmisarathkumar p.ravishankar,gopichandmalineni,honest cop
870706,Dear Megha,2021-09-03,2021,te,"[10749, 18]",0.5386,10.0,1,This film is about the coming of age of Megha from teen to woman. Her love stories and how they affect her life. Her heartbreaks and her trauma form the crux of the story.,thrigun meghaakash arjunsomayajula pavitralokesh chakrapaniananda,sushanthreddy,
791303,Seetimaarr,2021-09-10,2021,te,"[28, 18]",0.761,4.1,4,All a full-time bank employee and part-time kabaddi coach wants is to bring national relevance to the school his father built and help young kabaddi players in his village win the national championship. It might prove difficult than just coaching them though.,gopichand tamannaahbhatia diganganasuryavanshi bhumikachawla rahman,sampathnandi,sports
900741,#Bro,2021-11-26,2021,te,"[10751, 10749]",0.8028,6.0,1,"Madhav is sent away from home to earn for his family at the tender age of fifteen. When he returns back home after the death of his little sister, he must go through a journey of healing and forgiveness.",naveenchandra avikagor saironak sanjanasarathy pramodinipammi,karthikthupurani,
881478,Konda Polam,2021-10-08,2021,te,"[53, 80, 10749]",0.7563,5.0,3,"Jobless since four years despite being well-educated, a young man heads to Nallamala forest with his father to help him with konda polam. Will he come out a changed man?",panjavaisshnavtej rakulpreetsingh nassar kotasrinivasarao saichand,radhakrishnajagarlamudi,
666564,Narappa,2021-07-20,2021,te,"[18, 28]",0.8917,6.9,14,"Narappa is forced to flee into the forest with his younger son, Sinappa, after Sinappa murders an upper caste landlord to avenge his older brother’s death. And now Narappa must make more sacrifices and navigate a deeply unjust justice system to give his son a chance at future.",venkatesh priyamani karthikrathnam prakashraj muralisharma,srikanthaddala,remake social injustice
899331,Missing,2021-11-19,2021,te,"[80, 53]",0.5149,4.5,1,"Newly married  couple Gowtham and Sruthi meet with an accident one night and Sruthi goes missing. Gowtham with the help of his friends and Meena, decides to track down the four men he believes are responsible. .",harshanarra nikkesha mishanarang chatrapathisekhar ramdutt,srinijosyula,
807079,Mosagallu,2021-03-19,2021,te,"[80, 53]",1.0336,4.7,7,"Arjun and Anu are fraternal twins who manage to run a scam in the US from India via a call center. With police officer Kumar hot on their heels, will they manage to escape the system?",vishnumanchu kajalaggarwal sunielshetty venkatesh navdeep,jeffreygeechin,scam scam call center
843756,True,2021-04-30,2021,te,"[53, 18]",0.5958,6.9,6,"The mysterious circumstances around the death of Vignesh's father leads him down a path filled with unexpected twists and turns. Nothing is as it seems, but will the truth finally set him free?",mandalasyam harishvinay lavanya madhusudhanrao,,based on true story treuhand true telugu treu
811949,Ee Kathalo Paathralu Kalpitam,2021-03-26,2021,te,"[80, 53]",0.6008,0.0,0,"Krishna, a young man wants to test his luck as hero in movies. In this process he falls for heroine Shruti & lands in a trouble accidentally.",pavantejkonidela meghnakumar abhaybethiganti naveenneni raghubabu,m.abhiram,
811938,Maestro,2021-09-17,2021,te,"[80, 9648, 53]",0.9668,5.1,8,"A piano player pretending to be visually-impaired, unwittingly becomes entangled in a number of problems as he witnesses the murder of a former film actor.",nithiin nabhanatesh tamannaahbhatia jisshusengupta naresh,merlapakagandhi,murder pianist blind man
801505,Varudu Kaavalenu,2021-10-29,2021,te,"[10751, 10749, 18]",0.6094,7.3,9,"Bhoomi’s mother wants her to get married soon but she’s particular about what she wants. Akash returns to India after a successful stint abroad and while these opposite poles attract, will they make it work?",nagashaurya rituvarma muralisharma nadhiya vennelakishore,lakshmisowjanya,
801518,Lakshya,2021-12-10,2021,te,"[28, 18]",0.5468,5.0,4,Pardhu is an archer who wants to represent India at the World Championships. How does he bounce back and achieve what he wants after losing track?,nagashaurya jagapatibabu sachinkhedekar ketikasharma raviprakash,santoshjagarlapudi,sports archer
889057,Arjuna Phalguna,2021-12-31,2021,te,"[28, 80, 10749]",0.8185,6.5,3,"Arjun, an unemployed youngster, with his friends plan to start a soda factory, but a lack of money hinders their plans. By taking smuggling route, they agree to transport Ganja as a quick route to earn money and land in a mess. A cat and mouse game between the police and the friends begin.",sreevishnu amrithaaiyer maheshachanta chaitanyagarikipati rajkumarkasireddy,tejamarni,
890931,Manchi Rojulochaie,2021-11-04,2021,te,"[10751, 35, 10749]",0.7701,4.0,3,"A young lady, who is in a live-in relationship with the man she loves, has to deal with an obsessive, controlling father who takes pride in the way he raises his daughter. How the two youngsters manage to convince him about and accept their love for each other forms the crux of the story.",santoshshoban mehreenpirzada ajayghosh rajitha vennelakishore,maruthidasari,
1095006,Plan B,2021-09-17,2021,te,"[53, 80]",0.5228,6.0,2,"The story begins with the demise of a lawyer named Vishwanath and travels through multiple twists, suspense and turns without leaving a single clue for the police to find.",srinivasareddy muralisharma naveenareddy suryavasishta dimple,k.v.rahamahi,
579974,RRR,2022-03-24,2022,te,"[28, 12, 18]",7.9737,7.725,1559,A fictional history of two legendary revolutionaries' journey away from home before they began fighting for their country in the 1920s.,n.t.ramaraojr. ramcharan oliviamorris raystevenson alisondoody,s.s.rajamouli,rescue revolution liberation slavery male friendship freedom fighter british empire interracial romance historical fiction period drama historical 1920s history of india killed in action war amused
894803,Sita Ramam,2022-08-05,2022,te,"[36, 10749, 18]",3.7677,7.8,100,"Afreen, a rebellious Pakistani student sets ablaze the car of an Indian in London. Angered Afreen returns to Pakistan to ask for money from her grandfather that she has to pay in a month's time as damages. However, she gets to know that he is no more and the only thing he has left for her is a letter-delivering task, written by Ram to Sita. As Afreen sets out to find Ram, there begins her journey of discovering the secret behind the 20-year-old letter.",dulquersalmaan mrunalthakur rashmikamandanna sumanth gauthamvasudevmenon,hanuraghavapudi,loving love in war pure love intense romantic classic admiring awestruck vibrant pure heart
673392,Radhe Shyam,2022-03-10,2022,te,"[18, 10749]",1.4275,5.1,37,"Vikramaditya, a world-renowned palmist, believes love does not exist in his stars, until he meets Prerana. But when destiny tries to pull them apart, will love prevail?",prabhas poojahegde sachinkhedekar krishnamraju sathyaraj,radhakrishnakumar,europe romance
605153,Major,2022-06-03,2022,te,"[28, 36, 18]",1.6166,7.0,40,"This biopic follows the life of Indian Army officer Major Sandeep Unnikrishnan, from his childhood to his heroic actions during the 2008 Mumbai attacks.",adivisesh saieemanjrekar sobhitadhulipala muralisharma prakashraj,sashikirantikka,hotel operation escape wife gun war on terror based on true story attack terrorism parent terrorist attack military 2000s radical islam terror attack
1024989,Kotha Kothaga,2022-09-09,2022,te,"[10749, 10751, 18]",1.9054,0.0,0,"Sidhu, a simpleton studying in an engineering college, falls for Rajee, his wealthy junior. An incident in Rajee's 10th class makes her draw clear-cut boundaries with boys, making Sidhu’s life difficult, and he struggles to communicate his love for her.",ajayaman virtivaghani pavantejkonidela lavanyareddy y.kasiviswanath,hanumaanvasamsetty,
1032698,Nachindi Girl Friendu,2022-11-11,2022,te,"[10749, 35, 28]",1.1872,0.0,0,"Raja Ram aka Raja, a confident youngster who has just completed his graduation, heads out with a friend to join a finance course. On the way, he falls in love with Sandhya aka Sandy, a software developer who heads an IT firm. From that instance, his life takes several mysterious turns in a few hours.",udayshankar jeniferemmanueljohn madhunandan sumantalwar srikanthiyengar,gurupawan,
1031948,Nenu C/o Nuvvu,2022-09-30,2022,te,[18],1.1711,0.0,0,"Maruthi, a son of a shopkeeper falls in love with Deepika, the only sister of Prathap Reddy, a zamindar and has deep political connections and believes in the caste system. Things take a fatal turn when Deepika accepts Maruthi`s love. Will Maruthi and Deepika be able to fight all odds and live happily ever after?",rathnakishore sanyasinha sagareddythumma mahaboobbasha dhanrajsukhram,sagareddythumma,
787163,Liger,2022-08-25,2022,te,"[28, 10749]",1.9349,4.2,36,"The journey of Liger, from Karimnagar to Mumbai, from a nobody to a competitor, in his search for recognition while navigating his weaknesses, relationships, and love life.",vijaydeverakonda ananyapanday ramyakrishnan ronitroy makranddeshpande,purijagannadh,
811942,Bheemla Nayak,2022-02-25,2022,te,"[28, 18, 53]",1.3567,5.7,19,A sub-inspector and the egoistic son of an ex-MP get in an egotistical war when the former arrests the latter for bringing in liquor from Telangana to AP.,pawankalyan ranadaggubati samuthirakani muralisharma nithyamenen,sagarchandra,
863931,GodFather,2022-10-05,2022,te,"[28, 18]",1.5416,5.9,18,"The sudden demise of the celebrated leader PKR leaves the ruling party in a political crisis and shakes up the family. The party has to elect a leader, and more than one player is in contention. Everyone’s intentions are blurred, and loyalties are in question. Brahma is a game changer in this squabble. Who will succeed as the leader and become the CM?",chiranjeevi nayanthara satyadevkancharana salmankhan tanyaravichandran,mohanraja,remake
834654,Ante... Sundaraniki!,2022-06-10,2022,te,"[35, 10749, 10751]",1.691,7.0,41,"A man from a Brahmin family falls in love with a Christian girl. In order to convince their parents, they say contrasting lies which complicates the situation and leads to a comedy of errors.",nani nazriyanazim naresh rohini n.azhagamperumal,vivekathreya,inter religion relationship
679919,Acharya,2022-04-29,2022,te,"[28, 18]",1.5206,4.1,22,"Acharya, a middle-aged Naxalite-turned-social reformer, launches a fight against the Endowments Department over misappropriation and embezzlement of temple funds and donations.",chiranjeevi ramcharan sonusood jisshusengupta ajay,koratalasiva,
918004,Sehari,2022-02-11,2022,te,"[10749, 35]",1.1434,7.0,2,"Varun who leads a joyful life with his girlfriend, until he breaks up with her. In anger, he takes a senseless decision to enter next phase of life by entering wedlock. But he realizes that she is not the right choice after becoming close with his fiancée’s elder sister.",harshkanumilli simranchoudhary abhinavgomatam anishaalla salurikoteswararao,gnanasagardwaraka,
868666,The Ghost,2022-10-05,2022,te,"[28, 18, 53]",1.0692,4.9,17,"An ex-Interpol officer wreaks havoc and sends shock waves across the global underworld but goes missing in action, only to remerge years later, for his beloved family.",nagarjunaakkineni sonalchauhan gulpanag anikhasurendran ravivarma,praveensattaru,
1047902,Masooda,2022-11-18,2022,te,"[27, 18]",1.1823,6.8,10,"A mother and her teen daughter from a middle-class background, whose humble life goes upside down, when the daughter gets possessed by a ghost and her single mother seeks the help of their cowardly neighbour.",sangeethakrish bandhavisridhar thiruveerreddy subhalekhasudhakar satyamrajesh,saikiran,
784696,Sarkaru Vaari Paata,2022-05-11,2022,te,"[28, 35, 18]",3.0746,5.6,25,"After being conned by the woman he loves, a finance agent arrives in India from the USA to retrieve his money from her father, a powerful MP and industrialist.",maheshbabu keerthysuresh samuthirakani vennelakishore subbaraju,parasurampetla,gambling debt protest debt collector debt loan social justice activism social change loss of parents death of parents
947354,Ettulu,2022-09-11,2022,te,"[18, 80]",0.9348,0.0,0,A violent chess loving loan shark cum gangster plays chess with one of his kidnapped borrowers.,jagadeeshbandari pawanramesh dakshiguttikonda campsasi kalyangunner,campsasi,
1015581,Wanted PanduGod,2022-08-19,2022,te,"[35, 18, 28]",0.9692,7.0,1,"Pandugadu, the most wanted criminal, escapes out of jail and hides in a forest. One crore rupees award is announced by the government to catch him.. A group of individuals begin their woodland paths in an effort to capture Pandugadu. Each of them has a goal to achieve with this prized money.",sunilvarma anasuyabharadwaj brahmanandam vennelakishore sudigalisudheer,sridharseepana,
900222,Yashoda,2022-11-11,2022,te,"[80, 53, 18, 878]",0.8855,6.5,21,"Looking to save her sister, Yashoda, a desperate woman agrees to be a surrogate and move in to a plush facility - but nothing is as it seems. In the world outside Eva, a Hollywood starlet dies under mysterious circumstances, so do a tycoon and a super model. An unknown drug seem to hold the key to the whole mystery.",samantharuthprabhu varalaxmisarathkumar unnimukundan madhurimanarla raoramesh,hareeshnarayan,
790993,Ghani,2022-04-07,2022,te,"[28, 18]",0.8009,5.6,8,The life of a boxer whose passion is sports who has been training since a young age to reach his dreams suddenly things take a tough turn which totally changes his life.,varuntej saieemanjrekar jagapatibabu upendra sunielshetty,kirankorrapati,
794417,Khiladi,2022-02-11,2022,te,"[28, 53]",1.0433,5.6,12,"Mohan Gandhi is a wanted criminal who’s serving time for a crime he might or might not have committed. With large sums of money, lies and deceit involved, who is he really?",raviteja meenakshichaudhary dimplehayathi arjunsarja anasuyabharadwaj,rameshvarma,
1012977,Gangster Gangaraju,2022-06-24,2022,te,"[28, 10749]",0.7099,6.0,1,"Apart from wanting to win the girl he loves, Gangaraju, a good-for-nothing guy, becomes a Gangster to save his village.",lakshchadalavada vediekadutt charandeep vennelakishore satyakrishnan,eeshaansurya,
943286,Shikaaru,2022-07-01,2022,te,"[35, 18]",0.7866,7.0,3,A housewife enters into an extra-marital relationship and almost gets caught red-handed by her cop-husbandand her relatives.,saidhanshika kishore medishettiabhinav surekhavani tejkurapati,harikolagani,
891354,Panchathantram,2022-12-09,2022,te,"[35, 18, 10751]",0.8244,0.0,0,"Veda Vyas Murthy is a retired All India Radio announcer whose daughter doesn't want him to work any longer. When a publishing house announces a story-narration contest, Veda Vyas' interest to tell stories is kindled. He narrates five different stories with the theme of the five senses: Sight, Smell, Sound, Taste, and Touch.",brahmanandam swathireddy samuthirakani rahulvijay shivathmika,harshapulipaka,
865497,Bangarraju,2022-01-14,2022,te,"[18, 35, 14, 10751]",0.9487,6.2,13,Chinna Bangarraju is taking forward his grandfather Bangarraju's legacy of being a massive flirt. His worried grandmother however wants to ensure he's not lonely anymore before she passes on.,nagarjunaakkineni nagachaitanyaakkineni ramyakrishnan krithishetty vennelakishore,kalyankrishna,
899000,Shekar,2022-05-20,2022,te,"[80, 53, 18]",1.0212,0.0,0,An alcoholic ex-cop lives a somewhat peaceful life with his pampered daughter. An unfortunate incident forces him to lead an investigation again.,dr.rajasekhar athmeeyarajan shivanirajashekar muskaankhubchandani abhinavgomatam,jeevitha,remake organ trafficking
850161,Ramarao On Duty,2022-07-29,2022,te,"[28, 80, 18]",0.9353,5.5,4,"Ramarao, a mandal revenue officer who was formerly removed from the position of deputy collector, is posted in Chittoor in the year 1995 and he decides to find out about a few unsolved murders in his area. He learns from his own investigation that an illegal smuggling ring is responsible for the deaths. Can Ramarao stop the smugglers?",raviteja divyanshakaushik rajishavijayan venuthottempudi rahulramakrishna,sarathmandava,
888234,Dhamaka,2022-12-23,2022,te,"[28, 35]",1.1526,4.4,18,"Swamy and Anand Chakravarthy are lookalikes. Swamy is a jobless guy, while  Anand is the son of Nanda Gopal Chakravarthy, running a company called People Mart. Under dicey circumstances Pranavi, a pretty young girl falls in love with both of them. When JP, a monstrous corporate honcho seeks to acquire People Mart through unethical means, Anand and Swamy’s lives get intertwined.",raviteja sreeleela jayaram sachinkhedekar tanikellabharani,trinadharaonakkina,
933476,Bhamakalapam,2022-02-11,2022,te,"[53, 80, 35]",0.9723,6.7,7,"Anupama, a YouTuber who has over a million subscribers, uploads a new recipe each week. An ancient egg whose value is around Rs 200 crore goes missing from a museum and a murder too happens, and then things take a dark turn. Anupama is also nosy about the happenings in her apartment, she finds herself getting pulled into a tricky situation.",priyamani johnvijay saranyapradeep pammisai shanthirao,abhimanyutadimeti,
894762,Karthikeya 2,2022-08-13,2022,te,"[9648, 12, 53, 28]",0.9007,6.2,22,"Before the Kalyug begins, Lord Krishna hands over an anklet that holds the answer to all of world’s miseries. Years later a doctor finds himself in the thick of things when the pursuit for the anklet carries on. A doctor with a curious mind, Karthikeya, aka Karthik, believes in pursuing the truth. The quest leads Karthik to discover the power of the ancient Indian belief system and the essence of Krishna.",nikhilsiddhartha anupamaparameswaran srinivasareddy harshachemudu adithyamenon,chandoomondeti,truth krishna ancient india power
802065,F3: Fun and Frustration,2022-05-27,2022,te,"[35, 10749, 10751]",0.9832,4.4,18,"Venky and Varun Yadav are ordinary guys with ordinary lives. Their struggle is all about money. One day they hear about a wealthy industrialist in Vijayanagaram who is looking for his heir. What happens when Venky, Varun and the gang arrive at his doorsteps pretending to be his heir.",venkatesh varuntej tamannaahbhatia mehreenpirzada rajendraprasad,anilravipudi,
927909,The Warriorr,2022-07-14,2022,te,"[28, 18]",0.8277,4.9,13,"A young, naïve and idealistic Satya moves to Kurnool in hopes of a bright future. Discontent with how the city remains in the grip of a gangster, he decides to change the ‘treatment’ for the ‘disease’.",rampothineni aadhipinisetty krithishetty nadhiya jayaprakash,n.linguswamy,
968732,Ammu,2022-10-19,2022,te,[18],0.7478,8.0,10,"Ammu's thought marriage was a fairy tale – full of love and magic, ends when her cop-husband Ravi hit her for the very first time. What Ammu thought was a one-off incident soon turned into a never-ending cycle of abuse, trapping her and breaking her soul and spirit. Pushed to her limits, Ammu teams up with an unlikely ally to break free.",aishwaryalekshmi naveenchandra bobbysimha maalaparvathi satyakrishnan,charukeshsekar,
889630,Mishan Impossible,2022-04-01,2022,te,"[53, 35]",0.8428,6.4,6,Three little kids from Vadamalapeta want to hunt down Dawood Ibrahim and claim prize money. An investigative reporter and her sidekicks want to bring down a child trafficking nexus. How does this motley crew cross paths?,harshroshan bhanuprakashan jayateerthamolugu taapseepannu ravindravijay,swarooprsj,
862946,Saakini Daakini,2022-09-16,2022,te,"[28, 12, 35]",0.9662,5.7,14,Two trainee female police officers find themselves in an endless race against time after they witness a kidnapping and decide to use their knowledge.,reginacassandra nivethathomas rjhemant laharishari prudhviraj,sudheervarma,remake
811945,HIT: The 2nd Case,2022-12-01,2022,te,"[80, 53, 28]",0.9843,6.9,42,"Krishna Dev aka KD, a laidback cop working in Andhra Pradesh State HIT, takes on a gruesome murder case. As KD unravels the layers of the crime, the stakes rise unbelievably high and the threat comes unusually close.",adivisesh meenakshichaudhary komaleeprasad magantisrinath raoramesh,saileshkolanu,
1055536,Repeat,2022-12-01,2022,te,"[80, 53]",0.8591,5.0,1,"When the stories from a crime novel begin to get recreated in the city, Vikram Kumar, an astute undercover police officer steps in to investigate a bizarre missing case and unravel the mystery.",naveenchandra smruthivenkat madhoo mimegopi nelloresudharshan,arvindhsrinivasan,kidnapping police investigation crime investigation
609096,Viraata Parvam,2022-06-17,2022,te,"[18, 10749]",0.7249,4.8,8,Vennela has fallen for Aranya aka Ravanna’s poetry and the man both. What happens when she sets out on an arduous journey to be with him?,saipallavi ranadaggubati priyamani nanditadas naveenchandra,venuudugula,
999696,Ginna,2022-10-21,2022,te,"[28, 35]",0.7796,5.4,5,"Childhood buddies Renuka and Ginna reunite after years of separation, but things are no longer the same. Will Ginna be able to navigate his way through the complex web of love, lies and lethal rivalries?",vishnumanchu payalrajput vennelakishore sunnyleone sunilvarma,eeshaansurya,
903283,Sebastian P.C. 524,2022-03-04,2022,te,"[53, 35]",0.7685,4.5,4,"Sebastian is a police constable suffering from night blindness. With the weakness hidden from world, he faces lot of challenges.When a murder takes place on his watch, how will he solve the crime?",kiranabbavaram nuveksha komaleeprasad rohini srikanthiyengar,balajisayyapureddy,
770906,Salaar: Part 1 - Ceasefire,2023-12-21,2023,te,"[28, 80, 18]",4.3493,6.7,105,"Set in the fictional dystopian city-state of Khansaar, the film follows the friendship between Deva, a tribesman, and Varadha, the prince of Khansaar. When a coup d'état is planned by his father's ministers and his relatives, Varadha enlists Deva's help to become Khansaar's undisputed ruler.",prabhas prithvirajsukumaran shrutihaasan easwarirao jagapatibabu,prashanthneel,drama action salaar
1068452,Hi Nanna,2023-12-07,2023,te,"[18, 10751, 10749]",3.5158,7.8,61,"Six-year-old Mahi, a spirited child with cystic fibrosis, shares a deep yet complex bond with her father, Viraj, a dedicated single parent and successful fashion photographer. Her curiosity about her absent mother leads to a journey of discovery when she runs away with her loyal dog, Pluto. A chance encounter with a kind woman named Yashna sparks unexpected revelations, intertwining their lives in ways they never anticipated. Set against a backdrop of love, sacrifice, and redemption, Mahi’s story is a heartfelt exploration of family, resilience, and the enduring power of connection.",nani mrunalthakur babykiarakhanna jayaram shilpatulaskar,shouryuv,
979669,Bhagavanth Kesari,2023-10-19,2023,te,"[28, 18, 53]",1.931,5.0,15,"Bhagavanth Kesari's life takes an unexpected turn when he becomes the guardian of Vijaya Lakshmi aka Vijji, daughter of his jailer. Kesari, with his unwavering sense of justice, embarks on a journey to nurture Vijji into a resilient young woman aspiring to join the Indian army. Intertwined in this narrative is the presence of Rahul Sanghvi, a power-hungry tycoon whose connection with Bhagavanth and Vijji, unravels hidden secrets.",nandamuribalakrishna sreeleela kajalaggarwal arjunrampal johnvijay,anilravipudi,
886436,Agent,2023-04-27,2023,te,"[28, 53]",1.7309,4.0,6,"Ramakrishna aka Ricky's only one goal in life is to be a RAW recruitee and undertake some Planet-saving mission. Mahadev, RAW head, ropes him in for the most important mission ever known and unknown to even the Prime Minister of India. Ricky must tame The God, the megalomaniacal lynchpin of a giant-sized crime syndicate.",akhilakkineni mammootty dinomorea sakshivaidya sampathraj,surenderreddy,
1031983,Ustaad,2023-08-12,2023,te,"[35, 10749, 28]",1.2584,5.8,5,"Surya, an aimless youngster, gets emotionally attached to his first bike ‘Ustaad’, playing a catalyst in his personal and professional journey, stimulates him to conquer acrophobia and to become a pilot and to win over the love of his life, Meghna.",srisimha kavyakalyanram anuhasan ravishivateja gauthamvasudevmenon,phanideep,
965489,Kushi,2023-08-31,2023,te,"[10749, 35, 18]",1.358,5.2,23,"Worlds and families collide when the son of a prominent atheist falls head over heels for the daughter of his father’s nemesis, a revered Hindu leader.",vijaydeverakonda samantharuthprabhu jayaram sachinkhedekar muralisharma,shivanirvana,
1034590,Virupaksha,2023-04-20,2023,te,"[27, 9648, 53]",1.3911,6.9,37,"Set in a village named Rudravanam in 1990's, Surya along with his mother, visit there after a long time. Suddenly a series of mysterious deaths occur due to an unknown person's occult practice and whole village is scared. Will Surya find the person causing the deaths and save the village?",saidurghatej samyuktha brahmaji rajivkanakala ravikrishna,karthikvarmadandu,
989017,Waltair Veerayya,2023-01-13,2023,te,"[28, 18]",1.8003,5.3,30,"A notorious smuggler Waltair Veerayya is hired by a CI Seethapathi, reaches Malaysia with the ostensible mission of kidnapping a drug mafia leader named Solomon, who escaped India after wreaking havoc on the RAW agents and local policemen. Veerayya manages to pummel Solomon, who is fiercely protected by his ruthless gang-lord brother Kaala. Tables are turned, when Veerayya reveals that he shares a turbulent past with Kaala & an ACP Vikram Sagar who is hell-bent on ending his smuggling activities.",chiranjeevi shrutihaasan raviteja catherinetresa bobbysimha,bobbykolli,
1105261,Mr. King,2023-02-24,2023,te,"[18, 10749, 53]",1.407,7.0,1,Shiva is an RJ who is doing his thesis on airplane mechanism while Seetharama is cunning and complex. Umadevi and Vennela both fell in love with Shiva. How will Shiva untangle the love triangle and manage Seetharama Raju's twisted game?,tanikellabharani s.s.kanchi mirchikiran vennelakishore sharrankumar,sashidharchavali,
896669,Veera Simha Reddy,2023-01-12,2023,te,"[28, 18]",1.2497,4.7,22,"Jai Simha Reddy, a businessman in Turkey and doting son of Meenakshi falls in love with Eesha. On the verge of his marriage, Jai comes to know the secret about his father Veera Simha Reddy who comes to Turkey to settle the marriage, which is when Jai meets his father for the first time. Things take a drastic turn around when Veera's  past follows him to Turkey.",nandamuribalakrishna varalaxmisarathkumar duniyavijay honeyrose lal,gopichandmalineni,
1034587,Amigos,2023-02-10,2023,te,"[28, 53]",0.9624,4.8,12,"Siddharth, a youngman who runs a family business is astonished to find his doppelgängers Manjunath and Michael on getdopple.com. After meeting up in Goa, they come down to Hyderabad to help Siddarth win over Ishika, a girl looking for superman to be her husband. But things take a drastic turn when NIA swings into action to nab Michael, aka Bipin Roy.",kalyanram ashikaranganath brahmaji jayaprakash saptagiri,rajendrareddy,
1187075,MAD,2023-10-06,2023,te,"[35, 10749, 18]",1.0038,6.5,25,"Set in an engineering college and revolves around the antics of the students there, primarily the boys, who get a kick out of torturing the hostel warden.",sangeethshobhan narnenithin ramnithin vishnuoi srigouripriyareddy,kalyanshankar,
893653,Tiger Nageswara Rao,2023-10-20,2023,te,"[36, 28]",1.2892,5.6,15,"Based on the life of the notorious thief Nageswara Rao, who was the most wanted thief of south India& managed to evade the authorities on several occasions in the 1970s, earning him the moniker of 'Tiger.'",raviteja anupamkher gayatribhardwaj nupursanon renudesai,vamseekrishna,period film based on real person
964132,Spy,2023-06-29,2023,te,"[28, 53]",1.1482,5.3,10,"A RAW agent is in search of his brother’s killer, unravels the connection between a notorious arms dealer and the hidden secrets of Netaji Subhash Chandra Bose, risking everything to protect India from impending chaos.",nikhilsiddhartha iswaryamenon abhinavgomatam jisshusengupta nitinmehta,garrybh,spy thriller
1199878,Vidhi,2023-11-03,2023,te,"[80, 53]",0.9541,5.0,1,"Surya, an innocent young man is burdened by financial struggles and injustice, discovers a mysterious pen with a secret. He must acrefully navigate through the blurred lines between revenge and righteousness.",rohitnanda anandhi maheshachanta meesamsuresh,srikanthranganathan,
1137914,Rangabali,2023-07-07,2023,te,"[10749, 35, 28]",1.0416,5.6,5,"Shaurya aka Show, a self-centered & attention seeking youngster moves from Rajavaram to Vizag, and falls for a brilliant medico student Sahaja at Vizag. While attempting to convince Sahaja’s father, Show faces an unique problem and new revelations about his beloved hometown.",nagashaurya yuktithareja shinetomchacko goparajuramana kalyaninatarajan,pawanbasamsetti,
965203,Custody,2023-05-12,2023,te,"[28, 53]",1.2975,5.0,10,"Siva, a police officer, has to escort a witness to the court. He learns that all the police service wants to kill the witness. An escape begins.",nagachaitanyaakkineni arvindswamy krithishetty priyamani r.sarathkumar,venkatprabhu,
1150622,Extra Ordinary Man,2023-12-07,2023,te,"[28, 18]",0.8853,5.1,7,"Abhi, from his childhood, revels in the art of playing other people. His mother recognizes his extraordinary talent, propelling him into the world of acting. As he matures, he becomes a sought-after junior artist, always relegated to the background. The lines between reel and real life blur as Abhi faces a complex situation at home, with a supportive mother and a nagging and concerned father. A chance encounter with Likitha , the MD of a company, leads to love, and Abhi finds himself playing the role of a CEO. However, a conniving director presents an intriguing script, introducing Abhi to Nero, a self-absorbed and evil character with conquest on his mind.",nithiin sreeleela raoramesh rohini sampathraj,vakkanthamvamsi,
1069884,Aadikeshava,2023-11-23,2023,te,"[28, 10749]",0.8898,6.2,2,A man battles criminals exploiting child labour.,panjavaisshnavtej sreeleela jojugeorge aparnadas radikaasarathkumar,srikanthnreddy,
1074641,Ramabanam,2023-05-05,2023,te,"[28, 35]",1.1368,3.7,7,"Years after running away from his pacifist brother Rajaram, Vicky lives as a gangster in Kolkata. When Vicky returns home, Rajaram's organic food business empire is in the doldrums because his rival GK is conspiring against it. Can Vicky save his brother's business in time and teach GK a lesson?",gopichand dimplehayathi jagapatibabu khushboo vennelakishore,sriwass,
1188003,Month of Madhu,2023-10-06,2023,te,"[18, 10749]",0.898,6.3,3,"Madhumati, a 19-year-old Indo-American girl, whose visit to Vizag for a family wedding takes an unforeseen turn after a clash with her mother. Meanwhile, Madhusudhan, a separated and unemployed man, grapples with his failing marriage to Lekha. Their paths cross one evening, setting the stage for profound explorations of relationships and self.",naveenchandra swathireddy shreyanavile gnaneswarikandregula chaitubabu,srikanthnagothi,abusive marriage
1088935,Sridevi Shoban Babu,2023-02-17,2023,te,"[10749, 35, 10751]",0.7229,7.0,1,"Sridevi, daughter of Sekhar, i is a budding costume designer whose creative urges take her to Araku, where she meets Shoban Babu either by design or by accident and falls for him. But there is a catch. Sridevi's father and Shoban's mother are estranged siblings.",santoshshoban gourigkishan nagendrababu rohini mahaboobbasha,prashanthkumardimmala,
1043665,Das Ka Dhamki,2023-03-22,2023,te,"[28, 35]",0.9038,5.8,7,"Krishna Das, a waiter by profession, falls for Keerthi. His look alike, Dr. Sanjay Rudra, dies in an accident the night before Das loses his job and love. A series of events turn Das's life upside down and he ends up in Sanjay's place. When Das decides he wants to live life large at least for a day, he ends up in circumstances he could not have foreseen.",vishwaksen nivethapethuraj raoramesh hyperadhi maheshachanta,vishwaksen,
885184,Dasara,2023-03-30,2023,te,"[28, 53]",1.063,6.7,26,"In 1990s, Set in small village Veerlapally, Dharani, Vennela, and Suri are childhood friends. Dharani loves Vennela, but she has Suri in her mind. Knowing Suri’s interest in Vennela, Dharani sacrifices his love and helps get them married. But Local politics between Rajanna, Shivanna and the latter's son Chinna Nambi threaten to disrupt their lives.",nani keerthysuresh dheekshithshetty shinetomchacko saikumar,srikanthodela,
864221,Bhola Shankar,2023-08-10,2023,te,"[28, 80, 18, 53]",0.9413,4.0,5,"A reformed gangster now taxi driver unwittingly draws the vengeance of a crime syndicate after aiding the police in busting a smuggling operation. Fueled by a burning desire for justice and to protect his adopted sister, he embarks on a relentless quest to hunt down the mobsters responsible.",chiranjeevi keerthysuresh tamannaahbhatia sushanth muralisharma,meherramesh,remake brother sister 
913046,Shaakuntalam,2023-04-14,2023,te,"[10749, 36, 14]",1.3799,4.2,6,"Shakuntala, daughter of Meneka and Rishi Vishwamitra lives in forest with her teacher, Rishi Kanva. In the forest she meets King Dushyant, falls in love with him and the two get married. After she has their baby (Prince Bharata), Dushyant leaves her in the forest with a promise to come back for her soon. However, due to a sage's curse, Dushyant forgets all about Shakuntala, until destiny brings them together again.",samantharuthprabhu devmohan aditibalan ananyanagalla sachinkhedekar,gunasekhar,
894730,Baby,2023-07-14,2023,te,"[10749, 18]",0.7286,6.3,10,A pair of high school sweethearts face challenges in their relationship when they take different directions in life.,vaishnavichaitanya ananddeverakonda virajashwin kusumadegalamari sathvikanandbandela,sairajeshneelam,
1181893,Tantiram,2023-10-06,2023,te,"[27, 14, 9648]",0.6033,5.8,4,"Balachandran avoids interaction with women, preferring to seek time alone due to a traumatic past with his mother. Everything changes when he meets the beautiful Alagini, who changes him into a jovial and loving person. However, wedded bliss doesn't last when a tricky supernatural entity enters Balachandran's life.",srikanthgurram priyankasharma avinash sukanyagadavir kalidindi,muthyalameherdeepak,married couple jinn demonic spirit independent film
994333,Keedaa Cola,2023-11-02,2023,te,"[35, 80]",0.9764,6.8,7,"Vaasthu, Lancham, and Thatha stumble upon a cockroach in a cola bottle and devise a plan to profit by filing a case in the consumer court. Simultaneously, Jeevan, an egocentric local thug with political aspirations, gains momentum as his brother, Naidu, is released from a 20-year prison sentence. The convergence of these two distinct worlds brings forth unexpected and hilarious consequences for everyone involved.",chaitanyarao ragmayur brahmanandam tharunbhascker jeevankumar,tharunbhascker,
1031973,Skanda,2023-09-27,2023,te,"[28, 10749, 18]",0.9704,3.0,9,The prodigal son of a respected leader takes on two political rivals and forms bonds with their daughters.,rampothineni srikanth sharathlohitashwa ajaypurkar sreeleela,boyapatisrinu,
1092632,Balagam,2023-03-03,2023,te,"[35, 18]",0.781,7.0,14,"A boisterous, bawdy, meddling village patriarch Komurayya’s death just before the engagement changes the course of  his grandson Saayilu's life and the other family members, rattling some skeletons in the closet, exposing the rifts present within the family, causing bigger sociological calamities in the small village.",priyadarshipullikonda kavyakalyanram sudhakarreddy muralidhargoud v.s.roopalakshmi,venu,
1045385,Miss. Shetty Mr. Polishetty,2023-09-07,2023,te,"[35, 18, 10749, 53]",0.5989,6.2,26,"Miss Shetty is a feminist living in London and wants to be single forever. Mr. Polishetty from Hyderabad in Telangana, India, wants to be in a committed relationship. The two appear to be in different stages of life but somehow connect.",anushkashetty naveenpolishetty muralisharma tulasi harshavardhan,maheshbabup,feminism romcom
1181985,Yaan Superstar,2023-09-22,2023,te,"[35, 18]",0.6858,0.0,0,A struggling Padhubidri actor's life is upended by the arrival of a Bangalore superstar.,dayanandshetty salballal anshasayed naveend.padil bhojrajvamanjoor,santoshshetty,struggling actor bangalore actor
1093012,Mangalavaaram,2023-11-17,2023,te,"[53, 9648]",0.8547,5.5,11,"Fear engulfs a village as murders pile up mysteriously. Shailu, a young woman, is the heart of the story and the enigmatic tale unravels with a suspenseful cinematic journey.",payalrajput ravindravijay chaitanyakrishna nanditaswetha divyapillai,ajaybhupathi,
1098249,Mr. Kalyan,2023-03-10,2023,te,"[10749, 35, 28]",0.6052,0.0,0,"Chapel, aka Coach runs a business with a bunch of call boys, but his earnings take a hit when Kalyan, aka CB, enters the market. Parallelly, Kalyan is deeply in love with Sarika. Under what circumstances did Kalyan turn into CB?",maanyamkrishnaa archanaravi raajvara saptagiri mahimagupta,pandu,
1150097,O Saathiya,2023-07-07,2023,te,"[10749, 35]",0.8731,8.0,1,"A carefree engineering student, Arjun’s  life takes an unexpected turn when Keerthy enters his world.Just as it appears their romance is beginning to blossom, Keerthy moves out of the town, leaving Arjun in great despair. Determined to find his lost love, he embarks on a journey filled with challenges and surprises.",aryangowra mishtichakravarty deviprasad kalpalatha pramodinipammi,divyabhavana,
1034155,Gandeevadhari Arjuna,2023-08-24,2023,te,"[28, 53]",0.8365,6.5,7,"Ex-special forces officer turned Private security bodyguard Arjun Varma, agrees to protect Central Environment Minister Adtiya Raj Bahadur while he’s in London for a Climate Change Conference at the UN. But a series of events force him to protect much more than his client.",varuntej sakshivaidya nassar vimalaraman vinayrai,praveensattaru,
982875,Organic Mama Hybrid Alludu,2023-03-03,2023,te,"[10751, 35, 18]",0.8249,7.0,3,"Vijay, a failed but talented film director starts selling Kondapalli toys made by his sculptor parents to make a living. He falls in love with Hassini, the daughter of a rich landlord and a businessman Organic Venkataramana, who gets furious when he comes to know Hassini’s relationship with Vijay. When Munikonda offers Vijay a chance to direct, Vijay lands in desperate situation to prove himself to win over his dream, love and life.",syedsohelryan mirnaliniravi rajendraprasad meena sunilvarma,s.v.krishnareddy,
1087948,Prem Kumar,2023-08-18,2023,te,"[18, 10749]",0.6891,6.0,3,A story of an unfortunate groom whose dream of getting married remains distant for long which makes him become a detective with specialization in weddings.,madhoo santoshshoban nelloresudharshan harshachemudu krishnateja,abhishekmaharshi,
892269,Ravanasura,2023-04-07,2023,te,"[28, 53, 35]",0.9579,4.9,15,"An investigating officer is assigned to investigate few brutal murders, where he zeroes in on Ravindra, a criminal lawyer who has penchant for secretly committing murders as the mastermind behind the crime.",raviteja anuemmanuel meghaakash sushanth fariaabdullah,sudheervarma,
811941,Devara: Part 1,2024-09-26,2024,te,"[28, 18]",5.9481,6.9,212,"Devara, a fearless man from a coastal region, embarks on a perilous journey into the treacherous world of the sea to safeguard the lives of his people. Unbeknownst to him, his brother Bhaira is plotting a conspiracy against him. As events unfold, Devara passes on his legacy to his mild-mannered and timid son, Varada.",n.t.ramaraojr. saifalikhan prakashraj srikanth kalaiyarasan,koratalasiva,sea ship red sea boat fear battle unassuming swords ships violence boats
801688,Kalki 2898-AD,2024-06-26,2024,te,"[18, 28, 14, 878]",4.1113,6.4,167,"In the year 2898 AD, around 6000 years after Kurukshetra war, Ashwatthama gears up for his final battle of redemption at the sign of hope in a dystopian world and Bhairava, a wisecracking and self-interested bounty hunter, tired of the perilous life becomes the hurdle in the process.",amitabhbachchan prabhas deepikapadukone kamalhaasan saswatachatterjee,nagashwin,rebellion hero temple dystopia villain desert religious statue futuristic society quest imperialism ancient temple indian folklore evil empire fantasy indian gods mahabharat
857598,Pushpa 2 - The Rule,2024-12-04,2024,te,"[28, 18, 53, 80]",2.8697,6.342,130,"As his smuggling empire grows, a brazen Pushpa longs for power and respect on his vengeful journey, while facing old rivals and new.",alluarjun rashmikamandanna fahadhfaasil jagadeeshbandari raoramesh,sukumar,sequel ego clash
1250852,Geethanjali Malli Vachindi,2024-04-11,2024,te,"[35, 27]",1.6385,7.3,2,A group of boisterous artists come to film a horror movie in a seemingly haunted bungalow but their plans are soon derailed by intercepting ghosts and spirits inhabiting the premises.,anjali srinivasareddy satyamrajesh shakalakashankar satya,shivaturlapati,haunted house sequel female protagonist horror filmmaking haunted doll
1211233,Mangampeta,2024-04-20,2024,te,"[28, 18]",1.5261,0.0,0,Plot details TBA.,chandrahaskotla ankitasaha kabirduhansingh nagamahesh esternoronha,goutamreddy,
868660,Guntur Kaaram,2024-01-11,2024,te,"[28, 18]",1.6792,5.7,27,"Years after his mother left him and remarried, Ramana is asked to sign documents denying any relations with his mother, but he refuses and demands answer to why his mother left him.",maheshbabu sreeleela ramyakrishnan prakashraj jayaram,trivikramsrinivas,sacrifice redemption betrayal political intrigue  wrongful conviction mother son relationship mother son estrangement
1141320,The Family Star,2024-04-04,2024,te,"[10751, 10749, 35, 18, 28]",1.891,4.7,16,"Govardhan, a devoted architect from Hyderabad, juggles supporting his extended family while seeking a partner who understands his commitments. When he discovers Indu thesis on his family, he challenges her, leading to unexpected twists as they navigate misunderstandings and eventually find love amidst sacrifice and understanding",vijaydeverakonda mrunalthakur rohinihattangadi vasukianand abhinaya,parasurampetla,
1273448,Viswam,2024-10-11,2024,te,"[28, 35]",1.7659,3.0,4,"When terrorists target a young girl who witnessed an assassination, a heroic taxi driver comes to the rescue.",gopichand kavyathapar babyiyal jisshusengupta sunilvarma,sreenuvaitla,taxi driver terrorism witness to murder mental illness action comedy action thriller comedy thriller
1243124,Raajadhani Files,2024-02-15,2024,te,[18],1.214,0.0,0,Based on the conflict of the farmers fighting with the government after selflessly giving their land to build the states capital.,akilan vishalpatni vinodkumar vaniviswanath veenapanchaparvala,bhanu,
1282465,Aa Okkati Adakku,2024-05-03,2024,te,[35],1.3853,0.0,0,"Gana, ironically a registrar who marries young couples regularly, faces enormous peer pressure to get married especially after being rejected by some 50-odd women. He gives a matrimonial platform called Happy Matrimony a shot, where Platinum members get to meet 10 women. He meets Siddhi through the matrimony service and pursues her. However siddhi has other plans ..",allarinaresh fariaabdullah jamielever ravikrishna kalpalatha,malliankam,
1306961,Aho Vikramaarka!,2024-08-30,2024,te,[28],1.2521,0.0,0,,devgill chitrashukla maheshmanjrekar sayajishinde pujabanerjee,triekotipeta,
1239511,Lucky Baskhar,2024-10-30,2024,te,"[53, 80, 18]",1.6561,7.6,72,A cash-strapped bank cashier embarks on a risky investment scheme and soon gets drawn into the murky world of money laundering.,dulquersalmaan meenakshichaudhary rajkumarkasireddy ramki magantisrinath,venkyatluri,money laundering anti hero bank employee investment
869760,Hanu-Man,2024-01-11,2024,te,"[14, 28, 35, 878]",1.2955,6.5,35,"In a small village, Hanumanthu, a petty thief, finds a mysterious gem, that gives him god-like powers. Will he succeed in keeping these powers from falling into the wrong hands and save his village?",tejasajja vinayrai amrithaaiyer varalaxmisarathkumar vennelakishore,prasanthvarma,hanuman prasanth varma cinematic universe
1400515,RRR: Behind & Beyond,2024-12-20,2024,te,[99],1.3514,7.0,6,"An in-depth look at the making of S.S. Rajamouli's magnum opus, RRR, with behind-the-scenes footage and exclusive interviews. Explores the vision, challenges, and dedication involved in creating this cinematic phenomenon.",s.s.rajamouli n.t.ramaraojr. ramcharan ajaydevgn aliabhatt,s.s.rajamouli,filmmaking
1243485,Bhoothaddam Bhaskar Narayana,2024-03-01,2024,te,"[53, 14, 80]",1.8538,6.0,1,"A small town detective, entangled in a rash of unsolved murders spanning the past 18 years, searches for the truth.",shivakandukuri raashisingh arunkumar deviprasad varshinisounderajan,purushothamraaj,
1263868,Ananya,2024-03-22,2024,te,[27],0.9437,4.0,1,"The movie revolves around the girl called Ananya, who comes from great orthodox family, Even though she comes from a great family. The Antagonist of the film is also from her family where he abuses Ananya from the childhood.",sumantalwar jabardasthapparao chandanalopinti satyanarayanbuddala sujatha,prasadrajubommidi,
1304060,Dear Nanna,2024-06-14,2024,te,"[10751, 18]",0.7562,0.0,0,"A touching tale of a father, Ravi, who hopes his son Surya will take over the family pharmacy. But Surya's passion lies in the culinary arts. How do their conflicting aspirations shape their relationship?",chaitanyarao suryabhagawandas yashnachowdary shashank madhunandan,anjisaladhi,
1194915,Saripodhaa Sanivaaram,2024-08-29,2024,te,"[28, 53]",1.4932,6.5,29,"Set in Sokulapalem, bound by a promise to his mother, Surya, an LIC agent leads a normal life on six days, maintains a careful ledger of everyone made him angry,unleashing his anger only on Saturdays, solely for justifiable reasons. A tragic incident pits him on a collision course with the ruthless and borderline-manic cop Daya.",nani s.j.suryah priyankaarulmohan saikumar muralisharma,vivekathreya,
1039482,(Tillu)²,2024-03-29,2024,te,"[10749, 35, 53, 80]",0.9213,6.4,12,"Balagangadhar Tilak, also known as Tillu, is rebounding from the heartbreak inflicted by Radhika. He returns to what he excels at: being a DJ, embodying a flamboyant lifestyle, and managing the Tillu Events company with his family and friends. He becomes the center of attraction at every gathering. Just when life seems favorable, Lilly enters his life, captivating him completely. But who is Lilly? Is she akin to Radhika, or is there more to her than meets the eye?",siddhujonnalagadda anupamaparameswaran muralidhargoud muralisharma anishkuruvilla,mallikram,sequel
1353436,KA,2024-10-31,2024,te,"[28, 53]",1.2659,6.5,6,"Set in 1970s Abhinaya Vasudev, an orphaned and happy-go-lucky postman, treats the Krishnagiri village populace as his extended family. When several women missing and Vasudev’s loved one is nearly abducted, he is determined to find answers.",kiranabbavaram nayansarika tanviram ajay redinkingsley,sujith,sex trafficking abduction
1336352,Maruthi Nagar Subramanyam,2024-08-23,2024,te,[35],0.7959,6.5,1,A father and son's life changes dramatically after their bank account is mysteriously credited with a large amount of money.,raoramesh ankithkoyya indraja ramyapasupuleti ajay,lakshmankarya,
1315143,Darling,2024-07-19,2024,te,"[10749, 35]",0.8951,5.0,1,"Raghav works diligently at a tourist office, saving money for his sole ambition, dream honeymoon in Paris with his future wife. Accidentally meeting and marrying Anandhi changes his life forever.",priyadarshipullikonda nabhanatesh moin ananyanagalla brahmanandam,aswinraam,romcom split personality hasty marriage erratic
1318310,Raju Yadav,2024-05-24,2024,te,"[35, 10749]",1.0733,5.0,1,"As a victim of medical negligence, Raju Yadav's  life takes a dramatic turn after an accident, resulting in a rare facial disorder that forces him to smile constantly. This condition complicates his everyday life and romantic aspirations, especially his love for Sweety.",getupsrinu ankithakarath chakrapaniananda v.s.roopalakshmi rocketraghava,k.krishnamachary,
1127824,Double iSmart,2024-08-15,2024,te,"[28, 878, 53]",1.0941,3.8,12,"Big Bull, a notorious assassin, wants to achieve immortality by transferring his memories to ""iSmart"" Shankar, who already has another's person's memories, leading to the intense confrontation between Shankar and Big Bull.",rampothineni sanjaydutt kavyathapar sayajishinde getupsrinu,purijagannadh,
1171693,Gangs of Godavari,2024-05-31,2024,te,"[28, 18]",1.0958,6.0,4,A man journeys from rags to riches with absolute grit and determination in the Eluru and Godavari coastal regions of India.,vishwaksen nehashetty anjali nassar saikumar,krishnachaitanya,
1034158,Operation Valentine,2024-03-01,2024,te,"[28, 53, 12]",0.9252,5.2,6,"Showcasing the indomitable spirits of the Indian Air Force heroes on the frontlines and the challenges they face during one of the biggest, fiercest aerial attacks that India has ever seen.",varuntej manushichhillar mirsarwar ruhanisharma pareshpahuja,shaktipratapsinghhada,
1233327,Matka,2024-11-14,2024,te,"[28, 80]",0.9948,4.9,11,"Set between the years 1958 and 1982, Matka tells the story of Vasu, who rises from poverty to create a powerful gambling empire in India, ultimately leading the nation into a battle with the government. Based on real events, the tale explores themes of love, moral choices, and the consequences of ambition.",varuntej meenakshichaudhary norafatehi naveenchandra ajayghosh,karunakumar,bet casino crime boss betting
1352962,Kalinga,2024-09-12,2024,te,[27],0.751,3.8,4,A village is terrorized by a demonic entity and a deadly ancient curse.,tanikellabharani aadukalamnaren shiju dhruvavaayu pragyanayansinha,dhruvavaayu,curse supernatural horror
886385,Gaami,2024-03-08,2024,te,"[12, 53, 878, 14]",0.7716,6.7,6,"Shankar is a wounded, reluctant and reclusive aghora on a quest to find the cure for his very rare human condition – the one that will be cured, only when he can confront and conquers the haunting ironical questions of his life.",vishwaksen mohammadsamad harikapedada chandinichowdary abhinaya,vidyadharkagita,spiritualism sacred journey hindu mythology mystical quest indian folklore aghora fantasy shiva
1232219,Mr Bachchan,2024-08-15,2024,te,"[28, 18, 10749]",0.831,3.0,6,"Just four days before wedding, a fiercely honest Income Tax officer Bachchan’s life takes a dramatic turn when he is reinstated from suspension and tasked with raiding the home of the powerful and ruthless politician Mutyam Jaggaiah.",raviteja bhagyashriborse jagapatibabu tanikellabharani sachinkhedekar,harishshankar,remake
1171096,Naa Saami Ranga,2024-01-15,2024,te,[28],0.8857,6.3,9,Three brothers brought together by chance navigate their love lives while jealousy from village elders brews.,nagarjunaakkineni allarinaresh rajtarun ashikaranganath mirnaa,vijaybinni,
1399790,Bachhala Malli,2024-12-20,2024,te,"[28, 18]",0.7331,4.3,3,"The story is set in the 1990s and follows the emotional and action-filled journey of Bachhala Malli, a rural hero. The narrative combines intense drama with romance, focusing on the protagonist’s challenges and personal growth in a rustic backdrop.",allarinaresh amrithaaiyer hariteja rohini raoramesh,subbumangadevi,
1035998,Zebra,2024-11-22,2024,te,"[80, 28, 53]",0.8575,7.0,5,"Surya is a street-smart bank employee, in a bid to protect his loved one, gets entangled in a complex multi-crore scam. He must do whatever it takes to prove his innocence.",satyadevkancharana dhananjay priyabhavanishankar satya sathyaraj,eashvarkarthic,
1249902,Mathu Vadalara 2,2024-09-13,2024,te,"[35, 80, 53]",0.6683,6.8,6,"Babu and Yesu, former delivery agents, embark on a thrilling mission as special agents, facing extraordinary challenges with humor, surprises, and nonstop excitement.",srisimha satya fariaabdullah sunilvarma rohini,riteshrana,
1321718,Purushothamudu,2024-07-26,2024,te,"[10751, 28, 10749]",0.8824,0.0,0,"Rachit Ram, heir to a multi-billion-dollar corporate conglomerate, sets off on his journey to fulfill a daunting challenge of living like a commoner for 100 days in the middle of nowhere with absolutely no money and privileges, while his aunt and cousin brother conspire together to make him fail his challenge.",rajtarun hassinisudhir ramyakrishnan prakashraj brahmanandam,rombhimana,
1357414,Maa Nanna Superhero,2024-10-11,2024,te,[18],0.9115,5.7,3,"Johnny, a car mechanic,  who grew up thinking of his adopted father Srinivas as a superhero,  prepared to go to any length to save his father, unknowingly embarks on a journey with his biological father.",sudheerbabu saichand sayajishinde annie aarnavohra,abhilashreddy,road trip father son relationship
1319864,Veeranjaneyulu Vihara Yatra,2024-08-14,2024,te,"[10751, 35, 18]",1.0066,0.0,0,"A man in his 50’s convinces his family of misfits to go on a road trip to Goa to immerse his father’s ashes, unaware of the adventures and goof-ups that the journey has in store for them.",naresh srilakshmi priyavadlamani ragmayur ravitejamahadasyam,anuragpalutla,
1029449,Vidya Vasula Aham,2024-05-17,2024,te,"[10749, 35, 18]",0.8903,0.0,0,"Vasu and Vidya, both harbor a strong aversion to marriage, unexpectedly find themselves united in matrimony as fate intervenes, forced to explore the twists and turns of their newly married life.",rahulvijay shivanirajashekar srinivasavasarala abhinaya srinivasareddy,manikanthgelli,
1252542,Swag,2024-10-04,2024,te,"[35, 18]",0.8009,6.0,3,The eternal battle of the sexes is played out across several generations of a family who seek to obtain a fortune.,sreevishnu rituvarma meerajasmine saranyapradeep dakshanagarkar,hasithgoli,battle of the sexes
1399236,Oka Manchi Prema Katha,2024-12-19,2024,te,"[18, 10751]",0.7503,0.0,0,"A 50-year-old corporate executive battling depression finds healing and redemption through reconnecting with her 80-year-old mother, discovering that parental love can restore what ambition has broken.",rohinihattangadi rohini samuthirakani,akkinenikutumbarao,
1511417,Bāhubali: The Epic,2025-10-29,2025,te,"[28, 18]",38.8807,6.0,34,"When a mysterious child is found by a tribal couple near a roaring waterfall, they raise him as their own. As he grows, Sivudu is drawn to the world beyond the cliffs, where he discovers the ancient kingdom of Mahishmati, ruled by a cruel tyrant, haunted by rebellion, and bound to his past. What begins as a quest for love soon unravels a legacy of betrayal, sacrifice, and a forgotten prince.",prabhas ranadaggubati anushkashetty ramyakrishnan sathyaraj,s.s.rajamouli,affectation flashback revenge alternate history historical fiction fratricide ancient india regicide multi generational absurd hindu shiva multiple timelines remastered epic film director's cut
1403735,Laila,2025-02-14,2025,te,"[35, 10749]",21.8171,4.6,7,"Sonu Model, a renowned beautician from the old city, is forced to disguise himself as Laila, leading to a series of comedic, romantic, and action-packed events. Chaos ensues in this hilarious laugh riot",vishwaksen akankshasharma bablooprithiveeraj abhimanyusingh vineetkumar,ramnarayan,
1440700,Little Hearts,2025-09-05,2025,te,"[35, 10749, 18]",2.9356,6.6,14,"Akhil, when failed in EAMCET exam, is forced into long-term coaching after heartbreak teaches him the difference between true and shallow love. At the center, he meets Katyayani and falls for her, only to be rejected for a strange reason. Determined not to lose her, his humorous and transformative journey to win her heart becomes the soul of the story.",mouli shivaninagaram rajivkanakala s.s.kanchi anithachowdary,saimarthand,
1428301,#Single,2025-05-09,2025,te,"[35, 10749]",2.1763,5.2,12,"Vijay, a bank employee, falls in love with Purva at first sight and attempts to get closer to her in hopes of winning her affection. Meanwhile, Harini who secretly harbours feelings for Vijay, begins to follow him—turning his love life into a comedic triangle.",sreevishnu ketikasharma ivana vennelakishore vtvganesh,caarthickraju,
1222479,Mirai,2025-09-12,2025,te,"[28, 12, 14]",2.2376,6.2,18,"Following the historic Kalinga battle, where King Ashoka of the Maurya dynasty emerged as the winner, he chose to walk the path of peace instead of continuing warfare. Yet, the kingdom appointed nine warriors to protect some ancient scriptures rumored to have the ability to make someone divine or godlike.",tejasajja manchumanoj ritikanayak rajzutshi ranadaggubati,karthikghattamaneni,mirai collection
1448170,CHAMPION,2025-12-25,2025,te,"[36, 18]",2.1788,6.8,6,"An aspiring football star desperately seeks a way to travel to England to play for a famous team, but his journey leads him to a village waging a bloody conflict.",roshanmeka anaswararajan nandamurikalyanachakravarthy santhoshprathap kaykaymenon,pradeepadvaitham,sports drama football
1120762,Robinhood,2025-03-28,2025,te,[28],2.3486,5.3,9,"Ram, a modern-day Robin Hood, is a master thief who unexpectedly finds himself switching sides. When fate forces him to become the personal security officer for Neera, a rollercoaster ride of action, comedy, and unexpected twists follows.",nithiin sreeleela vennelakishore rajendraprasad ketikasharma,venkykudumula,
811944,Game Changer,2025-01-09,2025,te,"[28, 18]",1.8718,4.7,24,"Ram, a newly appointed district collector, takes charge in a city in Andhra Pradesh and immediately confronts the deeply entrenched corruption and inefficiency plaguing the government. Determined to bring reforms, he initiates sweeping changes, sparking a fierce conflict with a powerful state Minister.",ramcharan anjali kiaraadvani s.j.suryah srikanth,shankar,bureaucrat anti-corruption
1171101,Kuberaa,2025-06-19,2025,te,"[80, 53, 18]",2.2893,6.9,18,"A ruthless billionaire, Neeraj, uses beggars as benamis to launder money, with the help of a disgraced civil submit servant, Deepak. One of the beggars, Deva, escapes with ₹10,000 crores and becomes the target of a deadly manhunt. He meets Sameera, who joins him in his mission to use the money to uplift society's poor. With Deepak's help, Deva fights back.",dhanush nagarjunaakkineni jimsarbh rashmikamandanna k.bhagyaraj,sekharkammula,rags to riches political thriller
1381405,Mass Jathara,2025-10-31,2025,te,"[28, 80, 53]",1.6079,4.4,5,A transport officer battles a violent drug lord and his criminal clan.,raviteja sreeleela rajendraprasad naveenchandra naresh,bhanubogavarapu,
1124838,Kingdom,2025-07-30,2025,te,"[28, 53, 18]",1.658,6.6,28,"Soori, a modest police constable, is unintentionally dragged into a dangerous undercover spy operation in Sri Lanka for the Indian government. His journey is intimately linked to his estranged brother Siva, and the risks involved on their reunion.",vijaydeverakonda satyadevkancharana venkiteshvp bhagyashriborse ronitkamra,gowtamtinnanuri,
1449364,Subham,2025-05-09,2025,te,"[27, 35]",1.7978,6.7,11,"Set in the early 2000s, in the pre-internet days of coastal Bheemili, A group of married men band together to find solutions, after their wives get possessed while watching a cable TV soap opera serial.",harshithmalgireddy srinivasgavireddy charanperi shriyakontham shravanilakshmi,praveenkandregula,
727121,Hari Hara Veera Mallu: Part 1 – Sword vs Spirit,2025-07-23,2025,te,"[28, 12, 18]",1.5246,6.3,7,"Set in the 1650s Mughal Era, Veera Mallu, a Robin Hood-like outlaw with secret motives is hired to steal the Koh-i-Noor from Aurangzeb’s palace. He is joined by a crew of misfits, each talented in their own way, to complete the mission.",pawankalyan bobbydeol nidhhiagerwal nassar sunilvarma,jyothikrishna,"delhi, india outlaw historical fiction hyderabad based on myths, legends or folklore mughal empire historical drama 17th century period film historical epic"
1407437,Andhra King Taluka,2025-11-27,2025,te,"[28, 18, 10749, 10751]",1.3524,6.1,9,"A heartfelt tribute to fan culture, the story follows Sagar, an ardent fan whose life, relationships, and identity revolve around his admiration for his cinematic idol, 'Andhra King' Surya Kumar.",rampothineni upendra bhagyashriborse raoramesh muralisharma,maheshbabup,love story
1359490,(MAD)²,2025-03-27,2025,te,"[18, 10749, 35]",1.7191,7.4,9,"After his wedding turns into a disaster, Laddu and his pals — Manoj, Ashok and Damodar — find themselves traveling to Goa for another wild adventure.",sangeethshobhan narnenithin ramnithin vishnuoi muralidhargoud,kalyanshankar,
1060046,HIT: The Third Case,2025-04-30,2025,te,"[80, 53, 28]",1.5568,6.8,49,The Homicide Intervention Team (HIT) sends ruthless police officer Arjun Sarkaar to find a group of killers and stop their grisly murder spree.,nani srinidhishetty komaleeprasad raoramesh suryasrinivas,saileshkolanu,investigation violent death anxious brutal murder
1232232,Kannappa,2025-06-26,2025,te,"[14, 36, 18]",1.4155,4.6,10,"After witnessing the cruel sacrifice of his childhood friend, an atheist warrior rejects religion until love forces him to find his own faith.",vishnumanchu preitymukhundhan akshaykumar mohanbabu mohanlal,mukeshkumarsingh,historical fantasy
1196348,The Girlfriend,2025-11-07,2025,te,"[10749, 18]",1.1862,6.7,14,"A college literature student falls for a charming man with a domineering streak, forcing her to confront the toxic truth of his desire.",rashmikamandanna dheekshithshetty anuemmanuel raoramesh rohini,rahulravindran,
1424217,Court: State vs. A Nobody,2025-03-14,2025,te,"[18, 10749, 80]",1.1961,7.5,24,"A determined lawyer takes on a high-stakes case to defend a 19-year-old boy, challenging a system that has already branded him guilty.",priyadarshipullikonda harshroshan srideviapalla sivajisontineni saikumar,ramjagadeesh,trial courtroom legal battle hopeful
1447219,Arjun S/O Vyjayanthi,2025-04-18,2025,te,"[28, 80, 53]",1.2071,7.3,5,"Arjun, an IPS aspirant turned kind-hearted gangster, learns that Pathaan, a notorious terrorist, wants to exact revenge on his principled mother Vyjayanthi, an honest IPS officer, and sets out to protect Vyjayanthi and their bond is put to the test.",kalyanram vijayashanti saieemanjrekar sohailkhan arjunrampal,pradeepchilukuri,
1450340,12A Railway Colony,2025-11-21,2025,te,"[27, 53]",1.0895,5.0,2,"When easygoing Karthik falls head over heels for his charming neighbour, he thinks love is simple. But the closer he gets, the more tangled his world becomes, full of hidden truths, shocking lies, and unexpected twists",allarinaresh saikumar kamakshibhaskarla harshachemudu getupsrinu,nanikasaragadda,
1496241,Jigel,2025-03-07,2025,te,"[10749, 35, 53, 28]",0.9185,0.0,0,Jigel is a romantic comedy thriller. The hero Nandu is an expert 'locker technician' who cracks anylocker or safe in his own inimitable style. His character is very stylishly mountedwith all new and old gimmicks.,thrigun meghachowdhury avinashmukku raghubabu posanikrishnamurali,,
1446056,Junior,2025-07-18,2025,te,"[18, 10751]",1.2053,4.1,4,"A free-spirited young man suffocated by his father’s obsessive love escapes to the city in search of freedom, but his carefree attitude soon puts him at odds with his emotionally distant corporate boss. He embarks on a heartwarming journey of redemption and connection discovering the true depth of sacrifice love and the fleeting nature of time.",kireetireddy sreeleela geneliad'souza v.ravichandran sudharani,radhakrishnareddy,
1249926,Ghaati,2025-09-04,2025,te,"[18, 80]",0.9782,1.0,1,Follows the story of an empowered woman who gets entangled with weed trade due to circumstances.,anushkashetty vikramprabhu ramyakrishnan jagapatibabu ravindravijay,radhakrishnajagarlamudi,
1372588,Akhanda 2: Thaandavam,2025-12-12,2025,te,"[28, 18]",1.0312,6.4,11,"When all hope died, Akhanda arrived. He saved his family, protected his people, killed the wrongdoers, and retreated into isolation. But years later, new threats emerge putting the world in danger. And as the world burns, Akhanda returns.",nandamuribalakrishna pragyajaiswal samyuktha aadhipinisetty aksharanunnasujana,boyapatisrinu,
1580640,Raju Weds Rambai,2025-11-21,2025,te,"[18, 10749, 35]",1.0223,4.1,9,"Raju Weds Rambai is inspired by a real story of a carefree band drummer whose love for a compounders daughter triggers a clash of ego and honour, turning their sweet village romance into an emotional journey filled with conflict, pain, and ultimately redemption.",akhilrajuddemari shivajiraja chaitujonnalagadda anithachowdary kavithasrirangam,saailukaampati,romcom
1417846,Mokshapatam,2025-01-14,2025,te,"[80, 53]",0.7377,7.0,1,"Mokshapatam Gayatri is a middle-class woman working as a floor manager at a hotel. She has dreams of giving a better life to her kid and making a decent living with her savings until her family loses money to her husband's friend, who dies in an accident. On a fateful day, she discovers a bag forgotten by a customer in the hotel room. Will this bag change her fate or throw her into more problems? Watch now!",thiruveerreddy poojakiran shanthirao jenniferemanuel tarunponugoti,rahulvanajarajeshwar,
1263029,Thammudu,2025-07-04,2025,te,"[28, 18]",0.7901,5.4,7,A troubled man reunites with his sister to protect her and a group of villagers from the brutal plans of a violent criminal businessman.,nithiin sapthamigowda laya varshabollamma swasika,venusriram,
1370032,8 Vasantalu,2025-06-20,2025,te,"[18, 10749]",0.7188,7.7,6,A talented karate student embarks on a journey of self-discovery where she experiences both love and loss.,ananthikasanilkumar ravithejaduggirala hanureddy kannapasunoori sanjanahardageri,phanindranarsetti,romantic admiring comforting
1425233,Premante,2025-11-21,2025,te,"[10749, 35, 53]",0.8921,6.0,1,A new bride's happiness is put to the test when she notices her husband's suspicious behaviour.,priyadarshipullikonda anandhi sumakanakala vennelakishore hyperadhi,navaneethsriram,
1241725,Jack,2025-04-10,2025,te,"[35, 80, 10749]",1.0444,6.0,9,"Jack, an aspiring but overeager intelligence agent, goes against protocol and the real spies, to foil a potential attack on home turf.",siddhujonnalagadda vaishnavichaitanya prakashraj naresh brahmaji,bhaskar,
1380920,Sankranthiki Vasthunam,2025-01-14,2025,te,"[28, 35]",1.298,5.5,12,"When a renowned tech entrepreneur is kidnapped upon returning to India, a police officer recruits her ex-boyfriend, a former cop now living a quiet family life, to assist in the rescue mission.",venkatesh aishwaryarajesh meenakshichaudhary upendralimaye saikumar,anilravipudi,
1202235,Daaku Maharaaj,2025-01-12,2025,te,"[28, 80, 18, 53]",1.3495,5.6,16,A violent outlaw takes a job as a personal driver in order to protect the life of a little girl.,nandamuribalakrishna bobbydeol pragyajaiswal shraddhasrinath vedhaagarwal,bobbykolli,
1262548,Uppu Kappurambu,2025-07-04,2025,te,"[35, 18]",0.7568,6.5,6,"A fictional village faces an extraordinary crisis as the cemetery runs out of space. Uproarious chaos ensues as the community rallies together, finding inventive solutions to overcome this unusual predicament.",keerthysuresh suhas babumohan shatru rameshwaritalluri,anii.v.sasi,
1439747,Kishkindhapuri,2025-09-12,2025,te,"[27, 53, 35, 18]",0.7953,5.5,9,"A ghost walking tour group visits an abandoned radio station, inadvertently awakening a vengeful spirit.",bellamkondasrinivas anupamaparameswaran hyperadhi makranddeshpande tanikellabharani,koushikpegallapati,radio station ghost vengeful spirit supernatural horror
1208735,Thandel,2025-02-07,2025,te,"[10749, 28, 18, 53]",1.0666,6.1,14,"Fisherman Raju is deeply in love with Satya. However, at one point, she urges him to stop going to the sea and look for other jobs. Ignoring her plea, Raju ventures out and accidentally drifts into Pakistani waters, where he is arrested.",nagachaitanyaakkineni saipallavi sundipved prakashbelawadi kalpalatha,chandoomondeti,fisherman romantic thriller india pakistan border romantic drama
1257693,Odela 2,2025-04-17,2025,te,"[53, 12, 80]",0.9407,6.2,14,"A savior, Odela Mallanna Swamy, protects a village from evil forces.",tamannaahbhatia hebahpatel vasishtan.simha nagamahesh muralisharma,ashokteja,
1507617,Solo Boy,2025-07-04,2025,te,"[18, 10749, 10751]",1.1261,5.5,2,"After heartbreak, left shattered by love, fate, and betrayal, Krishnamoorthy discovers purpose helping the struggles of Indian farmers. He builds a tech solution that transforms his life and the lives of many, while healing his spirit.",gauthamkrishna.d shwetaavasthi ramyapasupuleti anithachowdary posanikrishnamurali,p.naveenkumar,
1490629,Veeraaraju 1991,2025-05-22,2025,te,"[80, 18, 28]",0.6192,0.0,0,"A brave fisherman fights a corrupt politician to defend his village on Nellore Sea Shore after coastal displacement. His rebellion ignites a revolution that spreads beyond Krishna Lanka, showcasing courage and sacrifice.",ruudraviraaj archanakottige ajayghosh banerjee goparajuramana,,
1585219,Paanch Minar,2025-11-21,2025,te,"[35, 53, 80]",0.5171,7.5,2,"When Chotu`s surprise party for his don father ends in tragedy, he inherits the criminal empire and uncovers his uncle Murthy`s deceit. Meanwhile, Kittu, a struggling cab driver pretending to be deaf, becomes entangled in danger after unknowingly helping twin murderers.",rajtarun raashisingh srinivasareddy brahmaji ajayghosh,rameshkadumula,
