tmdb_id,title,release_date,release_year,language,genres,popularity,vote_average,vote_count,overview,cast,director,keywords
282565,Shaapa,2000-11-16,2000,kn,[10749],0.8027,0.0,0,Shaapa movie is a love story that gets entangled with the Cauvery water dispute  between Karnataka and Tamil Nadu. Shaapa means a curse.Ramesh plays a man haunted by his father,ramesharavind b.c.patil anuprabhakar jaijagadish,ashokpatil,
282569,Karpoorada Gombe,2000-11-16,2000,kn,[18],0.6655,0.0,0,"Karpoorada Gombe is a 2000 Kannada film directed by S Mahender and produced by Chandrashekhar. The film stars Ramesh Aravind, Shruti, Lokesh and Doddanna in lead roles. Music was composed by Hamsalekha.",ramesharavind shruti doddanna masteranand rekhadas,smahender,
282567,Shriasthu Shubhamasthu,2000-08-10,2000,kn,[10749],0.567,0.0,0,"Shriasthu Shubhamasthu is a 2000 Kannada film directed by Seetaram Karanth and produced by Prakash Babu NK. The film stars Ramesh Aravind, Anu Prabhakar, Srinivasa Murthy and Naveen Krishna in lead roles. Music was composed by K Kalyan.",ramesharavind anuprabhakar srinivasamurthy naveenkrishna chitrashenoy,seetaramkaranth,
1503611,Devara Maga,2000-06-15,2000,kn,"[10751, 18, 28]",0.4557,0.0,0,"On learning that he is an orphan, Bharath leaves his home heartbroken. Though he is brought back home by his foster father, Rajegowda, some people in the family resent it.",shivarajkumar ambareesh bhanupriya laila srinath,d.rajendrababu,
282566,Nan Hendthi Chennagiddale,2000-11-30,2000,kn,[18],0.3393,0.0,0,"Nan Hendthi Chennagiddale is a 2000 Kannada film directed by Dinesh Baboo. The film stars Vishnuvardhan, Ramesh Aravind, Ananth Nag and Umashri in lead roles. Music was composed by Rajesh Ramanathan.",vishnuvardhan ramesharavind umashree rameshbhat anantnag,dineshbaboo,
235423,Shabdavedhi,2000-01-02,2000,kn,"[80, 18]",0.5193,7.3,5,"Shabdavedi is about Sandeep Rajkumar, a strict police officer crusading against narcotics. The man is so straight that when his wife Jaya Prada refuses to reveal the identity of a key link in the drug ring that he is investigating. He beats her in lockup. Eventually he overcomes all the usual attempts to throw him off the chase like tarnishing his reputation and implicating him in lock-up death cases and tracks the ring down to its last man.",dr.rajkumar jayaprada k.s.ashwath mukhyamantrichandru umashree,s.narayan,crusader police narcotics
1506169,Soorappa,2000-03-27,2000,kn,"[18, 28]",0.4281,0.0,0,"When a woman from a neighbouring village falsely accuses the village head of harassing her, tension spreads between the two villages, which ultimately leads to a riot making the situation worse.",vishnuvardhan shruti charanraj rameshbhat bankjanardhan,b.naganna,
1519395,Chamundi,2000-05-04,2000,kn,"[28, 18]",0.4694,0.0,0,"When Chamundi kills a criminal to put an end to his atrocities, the court acquits her due to lack of evidence. Notwithstanding, her sister, a lawyer, is determined to put her behind bars.",malashri khushboo prakashraj anantnag sureshheblikar,a.mohangandhi,
334058,Preethse,2000-01-01,2000,kn,[],0.3175,0.0,0,"Preethse is a 2000 psychological thriller Kannada film starring Upendra, Shivrajkumar and Sonali Bendre.",upendra sonalibendre shivarajkumar,d.rajendrababu,
1514690,Deepavali,2000-05-08,2000,kn,"[35, 18]",0.2229,0.0,0,"The sudden death of a rich woman's son paves way for her relatives to exploit her. However, when a young man enters her life, she finds a ray of hope as he vows to protect her.",vishnuvardhan ramesharavind bhavanaramanna chandini rameshbhat,dineshbaboo,
282568,Maduve,2000-07-10,2000,kn,[10749],0.2176,0.0,0,Maduve (2000) is a 2000 Kannada film directed by Umakanth V and produced by Ramalingeswara Rao. The film stars Ramesh Aravind and Charulatha in lead roles. Music was composed by S A Rajkumar.,ramesharavind charulatha kumargovind,umakanthv,
1338442,Nagadevathe,2000-01-28,2000,kn,[],0.234,0.0,0,"Naganna, a devotee of the Snake goddess, vows celibacy in her honour only to be seduced by a dancer. Soon, he is found dead because of a snake bite which leads to his brother's hatred for the goddess.",prema soundarya,omsaiprakash,
408593,Munnudi,2000-10-27,2000,kn,[18],0.1987,0.0,0,"A film based around the life of a Muslim woman, Rukhia Begum, set in the coastal regions of Dakshina Kannada. She gets married to an Arab businessman who later deserts her. The story essays Rukhia Begum's struggles to protect her daughter.",tara h.g.dattatreya shashikumar chayasingh,pattabhiramaiahsheshadri,
256041,Sparsha,2000-06-09,2000,kn,"[10749, 18, 53, 35]",0.2532,5.7,5,"Sudeep accidentally knocks down Radha on the railway tracks and she loses a leg. Guilt-ridden, he offers to marry her without letting her know that he was behind the accident.",sudeepa sparsharekha sudharani naveenmayur sihikahichandru,sunilkumardesai,
1513679,O Nanna Nalle,2000-11-09,2000,kn,"[10749, 18]",0.2572,0.0,0,"A young woman loses her eyesight and has to struggle to get accustomed to her surroundings. In a twist of events, she receives help from a musician that she disliked in the past.",v.ravichandran ishakoppikar srinivasamurthy sadhukokila kishoriballal,v.ravichandran,
715567,Yajamana,2000-12-01,2000,kn,"[18, 10751]",0.1904,5.0,1,"Shankar sacrifices his own interests and refuses to marry in order to support and educate his younger brothers. However, his life changes when a girl falls in love with him.",vishnuvardhan shashikumar prema rameshbhat pavitralokesh,radhabharathi,
991350,Durgada Huli,2000-02-24,2000,kn,[18],0.1686,0.0,0,An archaeologist races against time to find a buried treasure after someone kidnaps his family and holds them hostage to make a trade.,saikumar vinita shobaraj hemachaudhary b.v.radha,ayyappap.sharma,
1507388,Galate Aliyandru,2000-09-20,2000,kn,"[35, 10749]",0.1824,0.0,0,"A young man runs away from his house when his father asks him to get married to his friend's daughter. Later, unknowingly, he comes across the same girl and falls in love with her.",shivarajkumar sakshishivananda s.narayan mukhyamantrichandru doddanna,s.narayan,
1168021,Preethsu Thappenilla,2000-05-12,2000,kn,[18],0.1238,0.0,0,"A happy-go-lucky man falls head over heels in love with a girl at first sight. By a twist of fate, they become victims of a tragic incident, which takes their relationship to the next level.",v.ravichandran rachanabanerjee chitrashenoy sadhukokila k.s.ashwath,v.s.reddy,
761639,Husharagiri,2000-01-01,2000,kn,[],0.0769,0.0,0,An adult themed Kannada movie,rekhadas badariprasad vasanthkumark sabhapathi drsugunarthi,chvenkataganesh,
1548935,Yaarige Salutthe Sambala,2000-05-22,2000,kn,[],0.0071,0.0,0,"Three unemployed men challenge their wives to get into high-salaried jobs. However, they seek help from their wives when they get involved in illegal activities in order to make money.",,,
1659242,Nannavalu Nannavalu,2000-10-19,2000,kn,"[10749, 35, 18]",0.0,0.0,0,"Chandu can inherit her ancestor's wealth only if she gets married. She wants the wealth all for herself and marries Gopi, as she is told that he will not live long due to a hole in his heart.",,,
256161,Huccha,2001-07-06,2001,kn,"[28, 10749, 18, 35]",0.578,5.9,5,"Sachidananda, a popular student, wins the collegiate elections through influence and violence. Simultaneously, he makes some enemies and ends up falling in love with a conservative girl.",sudeepa rekhavedavyas avinash shivaram pavitralokesh,omprakashrao,
66519,Sri Manjunatha,2001-06-22,2001,kn,"[10751, 18, 36, 10402]",0.9861,6.3,3,"Manjunatha, an atheist, fights against social evils. He marries Kathyayini, a staunch devotee of Lord Shiva. As the days go by, Manjunatha realizes the existence of God.",arjunsarja soundarya chiranjeevi meena ambareesh,kraghavendrarao,atheist god king
1180988,Neelambari,2001-10-09,2001,kn,"[14, 27]",0.2678,0.0,0,"Vinod, a reporter, and his crew arrive in Neela Betta to film a supernatural occurrence. However, things take a turn when after interviewing Akhila, a villager, the entire crew goes missing.",ramyakrishnan devaraj sumantalwar prema charulatha,surya,
761694,Usire,2001-04-06,2001,kn,[],0.3141,0.0,0,"The story revolves around Mutthu (Ravichandran) who works for the Zamindar Rudre Gowda (Prakash Raj). He falls in love with Gowda's daughter Chandri (Rachana). Chandri also feels the same way, however, their differing castes become a barrier and they hesitate to start a relationship. Will they get married towards the end is the crux of the story.",v.ravichandran rachanabanerjee prakashraj sadhukokila doddanna,prabhusolomon,
1081568,Amma Nagamma,2001-09-18,2001,kn,[18],0.2183,0.0,0,,charanraj damini ragasudha shobaraj gurudathmusuri,chbalajisingh,
1181371,Nanna Preethiya Hudugi,2001-04-06,2001,kn,[],0.3523,0.0,0,"Nanna Preethiya Hudugi (transl. The Girl I Love) is a 2001 Indian Kannada-language romance film directed and written by Nagathihalli Chandrashekar. It stars newcomers Dhyan and Deepali in lead roles and actors such as Lokesh, Bhavya and Suresh Heblikar in other prominent roles.  The story is based on Chandrashekar's own decade-old short story ""Malenada Hudugi, Bayaluseeme Huduga"".",sammirdattani deepali lokesh,nagathihallichandrashekar,
1090076,Diggajaru,2001-01-26,2001,kn,[18],0.1993,0.0,0,"A rich landlord and his servant bond well irrespective of their status. When the landlord wife is murdered, the servant decides to take the blame on himself to save landlord family prestige.",vishnuvardhan umashree ambareesh doddanna lakshmi,rajeshbabu,
435000,Kotigobba,2001-11-16,2001,kn,"[10749, 18, 80, 28]",0.2715,9.0,1,"A humble auto driver leads a happy and content life with his ambitious siblings. However, his siblings are unaware of their brother's past.",vishnuvardhan priyankaupendra avinash devaraj rameshbhat,b.naganna,
1438809,Vaalee,2001-10-19,2001,kn,"[18, 53]",0.3352,0.0,0,Deva secretly loves his twin brother's wife Priya. He tries everything to separate the two and goes to the extent of killing his twin brother.,sudeepa sadhukokila bankjanardhan vaijayanthi,smahender,
1321382,The Dusk,2001-07-25,2001,kn,[],0.1258,0.0,0,The story revolves around the struggles faced by old people to cope with the changing times and values.,h.g.dattatreya pavitralokesh bhargavinarayan srinivasaprabhu masterhirannayya,prramadasnaidu,
1518194,Mathadana,2001-01-12,2001,kn,[],0.3198,0.0,0,Ram Linge Gowda and Markhande Gowda are at odds with each other as the former refuses the latter to help win the upcoming elections. Film reveals the caste based politics and other dynamics that grip the democratic institution of ballot box in India,anantnag devaraj avinash prakashbelawadi sudhabelawadi,t.n.seetharam,
282561,Kurigalu Saar Kurigalu,2001-03-22,2001,kn,"[35, 18]",0.2172,0.0,0,"Three ex-convicts Rummi, Nani, Moni along with a police officer save a couple from committing suicide and help to put an evil man and his son behind bars.",ramesharavind s.narayan mohanshankar umashree ruchitaprasad,svrajendrasinghbabu,
282562,Kotigalu Saar Kotigalu,2001-12-27,2001,kn,[35],0.2939,0.0,0,"Kotigalu Saar Kotigalu is a 2001 Kannada film directed by S. V Rajendra Singh Babu and produced by Jai Jagadish. The film stars Ramesh Aravind, S. Narayan, Mohan Shankar and Prema in lead roles. Music was composed by Hamsalekha.",ramesharavind s.narayan mohanshankar prema tara,,
1512170,Jodi,2001-12-07,2001,kn,"[10749, 18]",0.1182,0.0,0,"When Vinod gets a random call from Shalini, he falls in love with her. The situation, however, turns interesting when Sunil, Shivu's best friend, too falls in love with Shalini.",shivarajkumar jaggesh vaijayanthi mukhyamantrichandru doddanna,kishoresarja,
1008144,Banallu Neene Buviyallu Neene,2001-10-29,2001,kn,"[10749, 18]",0.2691,0.0,0,"Gopala Krishna is forced into rehabilitating Lalitha, an amnesiac. He pretends to be her husband in order to help her recover but problems arise when her real husband shows up.",divyaaunni s.narayan shashikumar rekhavedavyas shobaraj,s.narayan,
1242232,Vande Matharam,2001-01-05,2001,kn,"[28, 18]",0.0977,0.0,0,"Gayathri, a police officer, is entrusted with the responsibility of eliminating terrorists. When her younger brother is lured into terrorism, she has to overcome personal loss and save the country.",vijayashanti ambareesh girishkarnad ashishvidhyarthi kazankhan,omprakashrao,
282560,Amma Ninna Tolinalli,2001-09-14,2001,kn,[18],0.1383,0.0,0, Amma Ninna Tolinalli movie tells about the relation between mother and child.,ramesharavind shruti,b.naganna,
282564,Hoo Anthiya Uhoo Anthiya,2001-04-06,2001,kn,[18],0.1498,0.0,0,Hoo Anthiya Uhoo Anthiya is a 2000 Kannada film directed by Praveenkumar K and produced by Usha Sandeep and Kumar B. The film stars Ramesh Aravind and Anu Prabhakar in lead roles. Music was composed by Karthik Raja.,ramesharavind anuprabhakar ishakoppikar,praveenkumark,
282563,Premi No. 1,2001-05-04,2001,kn,[10749],0.1845,0.0,0,Premi No. 1 is a 2001 Kannada film directed by Kodlu Ramakrishna. The film stars Ramesh Aravind and Prema in lead roles. Music was composed by Gurukiran.,ramesharavind prema,kodluramakrishna,
1503633,Ellara Mane Dosenu,2001-03-30,2001,kn,"[10751, 18]",0.1057,0.0,0,"Three sisters, Ramani, Mandara and Vasanta, are forced to marry against their will. Their tryst with the evils of a male-dominated society begins shortly after their marriage.",ramkumar shruti bhavanaramanna kashi umashree,h.s.prakash,
1510318,Kanasugara,2001-08-03,2001,kn,"[10402, 10749, 18]",0.2026,0.0,0,"An illegitimate girl lives with her father and his family. However, the situation gets twisted when she develops feelings for her father's brother-in-law.",v.ravichandran prema mandyaramesh srinath doddanna,karan,
1659245,Anjali Geethanjali,2001-04-20,2001,kn,"[10749, 18]",0.0,0.0,0,"Wildlife photographer Sagar visits a village, where the head's daughter Anju falls for him, but he loves her widowed sister Geeta, whose family opposes their marriage.",,,
1343112,Afternoon Song,2001-12-31,2001,kn,[],0.0,0.0,0,"In a world which runs on the steam of individualism, how satisfying can the inner journey be? Does a worldview that looks at a purpose beyond the self, hold currency in a society drained of cultural values and driven solely by market considerations? This is the dilemma that haunts the protagonist. Integral to this experience is the loss of intensity and social integrity that marked the cultural movement of the '70s, particularly after the Emergency. The film aims to capture this existential predicament in its various shades and tones. It is this struggle, perhaps vain, that forms the central theme. And, quite fatalistically, see no logical conclusion. Leaving the protagonist suspended in the grey area between ideals and reality...",,msprakashbabu,
830349,Balagalittu Olage Baa,2002-01-01,2002,kn,[],0.655,0.0,0,A 2002 Kannada movie.,rameshbhat mukhyamantrichandru bankjanardhan s.narayan sathyapriya,dineshbaboo,
339861,Hollywood,2002-12-06,2002,kn,[],0.5177,7.7,6,"Hollywood is India's First Robot sci-fi feature film. The plot follows a scientist who creates a humanoid robot named ""US 47"" to help win over a girl, but the robot eventually falls in love with her and turns against its creator.",upendra felicitymason anantnag rameshbhat emmadean,dineshbaboo,joyful
1500650,Majestic,2002-02-08,2002,kn,"[28, 18, 10749]",0.4707,0.0,0,"Daasa is an orphan, raised by a corrupt policeman, Ranadheera. who becomes a gangster when he grows up. His life changes when he falls in love with Kiran, his enemy's daughter, who aids him after her father's truth comes to light and rest of the story forms the plot.",darshanthoogudeepasrinivas sparsharekha jaijagadish vanithavasu malathisardeshpande,p.n.sathya,
265663,The Island,2002-12-27,2002,kn,[18],0.5029,6.5,6,"Nagi is the pillar of her small family that includes her husband and her rigid father-in-law. Faced with the possibility of losing her home due to the construction of a dam, Nagi proves her strength.",soundarya avinash vasudarrao harishraj,girishkasaravalli,island
1200694,Ekangi,2002-01-01,2002,kn,[],0.5202,0.0,0,"Ekangi is a psychological thriller which portrays the peace and joy in lonely life. Ravi, an adult who happily lives alone in a big house and always follows his father's last words ""Be happy to be alone, Be alone to be happy"". One day at a bar, he falls for a beautiful lady and invites her to his house. From that moment, how Ravi's life takes wrong turn forms the rest of the story.",v.ravichandran ramyakrishnan prakashraj,v.ravichandran,
1513563,Make Up,2002-11-08,2002,kn,"[28, 35]",0.3212,0.0,0,"To gather important information about a case, Jaggesh, a police officer, disguises himself as an old woman. During his investigation, he falls in love with a woman.",jaggesh lailakhan shaktikapoor komalkumar yathirajjaggesh,singeetamsrinivasarao,
895120,Nagarahavu,2002-08-22,2002,kn,[53],0.3875,0.0,0,"Ajay Sharma is set out to kill Madan Chopra and destroy his family, who is responsible for Ajay's father, Vishwanth's death. Will Ajay succeed?",upendra jyothika ambika sadhukokila doddanna,s.muralimohan,
282559,Ninne Preethisuve,2002-08-09,2002,kn,[10749],0.3127,0.0,0,"Ninne Preethisuve is a 2002 Kannada film directed by Om Prakash Rao. The film stars Shivaraj Kumar, Ramesh Aravind and Raasi in lead roles. Music was composed by Rajesh Ramanathan.",shivarajkumar ramesharavind raasi,omprakashrao,
610993,Dhruva,2002-09-13,2002,kn,[18],0.5061,0.0,0,An honest police officer who has taken an oath to clean up society must make some hard decisions when his friend becomes a criminal.,darshanthoogudeepasrinivas sherinshringar ompuri avinash datthatreya,m.s.ramesh,
66214,Dhum,2002-09-27,2002,kn,"[28, 18]",0.4861,0.0,0,The story follows a young man who becomes a target after inadvertently witnessing a crime. He then tries to protect the victim's sister from the criminals.,sudeepa rakshita nassar srinath sumithra,m.s.ramesh,
1503707,Nandhi,2002-12-27,2002,kn,"[28, 18]",0.2972,0.0,0,"A young man is falsely imprisoned for a crime he did not commit which forces him to join hands with a gangster. However, he decides to leave his criminal activities to reunite with his family.",sudeepa sindhumenon radhikachaudhari ashishvidhyarthi ambika,d.rajendrababu,
755499,Chandu,2002-05-10,2002,kn,[],0.4103,2.0,1,A 2002 Kannada film,sudeepa soniaagarwal sadhukokila,p.a.arunprasad,
690920,Appu,2002-04-26,2002,kn,"[10749, 35, 28]",0.565,0.0,0,,puneethrajkumar rakshita srinivasamurthy sumithra ashok,purijagannadh,
1514666,Parva,2002-01-18,2002,kn,"[10402, 18, 10749]",0.3197,0.0,0,"Sagar, a singer-turned-alcoholic, decides to mend his ways and rekindle his passion after falling in love with Suma. However, all hell breaks loose when she does not turn up for his concert.",vishnuvardhan prema rojaramani keremaneshambhuhegde radharavi,sunilkumardesai,
1504089,Ninagagi,2002-05-03,2002,kn,"[10749, 18]",0.3032,0.0,0,Vijay and Radhika are best friends. Their lives take a new turn when their parents decide to take their friendship to the next level.,vijayraghavendra radhikakumaraswamy ramakrishna tara avinash,s.mahendar,
515121,Guest,2002-08-08,2002,kn,[18],0.1321,0.0,0,"Atithi is an attempt to examine the 'other face' - flashes of humanity - of a young man totally immersed in the cult of terrorism. Strange as it may sound, we also see flashes of violence (at times) that trickle into the thinking of another man with total belief in non-violence as the ultimate truth of life.",prakashraj h.g.dattatreya lakshmichandrashekar,pattabhiramaiahsheshadri,
339867,Super Star,2002-01-01,2002,kn,[18],0.2369,0.0,0,,upendra keerthireddy ramakrishna,nagathihallichandrashekar,
339866,Naanu Naane,2002-01-01,2002,kn,[],0.1717,0.0,0,A 2002 Kannada film.,upendra,d.rajendrababu,
1180992,Dakota Express,2002-04-11,2002,kn,[35],0.1461,0.0,0,"Owners of a bus, Krishna and Sundar, face numerous problems due to poor conditions. However, their life takes a turn when the daughter of the minister takes refuge in their bus.",rocklinevenkatesh omprakashrao amruthaanandamayi ashok mimicrydayanand,msrajashekar,
1501690,Kitty,2002-11-29,2002,kn,"[28, 18]",0.1222,0.0,0,"Vijay, an arrogant college boy, gets into frequent clashes with Kitty and Priya, and tries different ways to defame them.",darshanthoogudeepasrinivas navya bhavya namratha ananthavelu,gkmudduraj,
1504101,Prema Khaidi,2002-08-02,2002,kn,"[10749, 18]",0.1581,0.0,0,"A 2002 Kannada Drama, Romance movie by B Naganna starring: Vijay Raghavendra, Radhika Kumaraswam",vijayraghavendra radhikakumaraswamy pragathimahavadi ashokrao doddanna,b.naganna,
1504110,Romeo Juliet,2002-10-11,2002,kn,"[10749, 18]",0.162,0.0,0,"Though two college friends become inseparable, the boy is in pursuit of his dream girl. However, with time, he realises that his close friend is his soulmate.",vijayraghavendra radhikakumaraswamy reethusingh v.nagendraprasad bharathbhagavathar,gunakumar,
1501685,Ninagoskara,2002-09-27,2002,kn,"[10749, 35]",0.1036,0.0,0,"Manoj and Apoorva are two individuals betrayed by their respective lovers Varsha and Jay. After several years, Jay and Varsha are married and live in a posh locality. Coincidentally, Manoj and Apurva meet up and plan to shift next to the married couple. Somehow, they bug the couple's room with cameras to spy on them. In this process, Manoj starts developing a soft corner for Apurva.",darshanthoogudeepasrinivas naveenmayur bhavnapani ruchitaprasad bulletprakash,yogishhunsur,
1514671,Jameendarru,2002-04-03,2002,kn,"[28, 18, 10751]",0.1649,0.0,0,The daughter of a rich businessman falls in love with a man she presumes is a landlord. Things change when she learns his true identity.,vishnuvardhan prema raasi srinivasamurthy anuprabhakar,s.narayan,
1515332,Friends,2002-01-22,2002,kn,"[35, 18]",0.0938,0.0,0,Five friends get curious about the opposite gender and decide to have physical relationship with women. They befriend a girl in the neighbourhood and try to get her consent to fulfil their wish.,vasu shyam hari sharan masteranand,m.d.shridhar,
282591,Thavarige Baa Thangi,2002-11-01,2002,kn,"[10751, 18]",0.1157,0.0,0,,shivarajkumar radhikakumaraswamy,omsaiprakash,
1107402,Simhadriya Simha,2002-06-07,2002,kn,"[28, 18]",0.0946,6.0,1,"Narasimhe Gowda (Vishnuvardhan), head of 48 villages has high regards for his sincerity and wisdom in his judgements. After his untimely death, his elder son Gowda (Vishnuvardhan) takes his throne and passes a wrong judgement against his brother Chikka (Vishnuvardhan). What circumstances lead to this",vishnuvardhan,,
343151,H2O,2002-03-29,2002,kn,[],0.1972,7.0,1,A 2002 Kannada film.,upendra priyankaupendra prabhudeva bankjanardhan sadhukokila,,
1343519,Three Months of Solitude,2002-12-31,2002,kn,[],0.0409,0.0,0,"When you’re in a crowd you prefer  to be alone. When you’re alone,  you want to be part of a crowd.  You’re never satisfied with yourself,  Wherever you are……  The protagonist of this film is an Indian  who is in Finland for three months on  a scholarship. His sense of alienation  Is not merely because of physical detachment  from life familiar to him but also due to a subjective  point of view. He feels he is trapped in  a dream…a reverie that doesn’t satisfy his soul.",,msprakashbabu,
1070983,Kiccha,2003-04-11,2003,kn,"[18, 10749]",0.4973,0.0,0,"Kiccha, an unemployed gold medalist tries his best to get a job but due to corrupt bribe system, he fails to get any job. This story tells how an intelligent unemployed youth enters politics and turns big playing their own game against them.",sudeepa shwetaagarwal sujatha ajairao sadhukokila,p.a.arunprasad,politics
1499018,Mani,2003-12-12,2003,kn,[],0.485,0.0,0,"Chami (Rangayana Raghu) cheats Shantakka (Umashri) who comes to city with big dreams of marrying Chami but pushed to prostitution by him. Gowri (Radhika), an orphan was brought up by Shantakka while another boy Kummi (Mayur) an orphan too was brought up by Dasanna (Kashi) - Umasri and Radhika in Manian auto driver. The way Shantakka struggle to mould her daughter's life, protect her from the hands of pimps, her affection, frustration, innocence of Gowri, Kummi's true love, corrupt police officers, brutal pimp Chami - every single frame of the film is so aptly done, you have to watch the film to experience it. Whether the two hearts come together? Will Shantakka be able to safeguard her daughter from brutal hands? etc form the story.",mayurpatel radhikakumaraswamy umashree rangayanaraghu avinash,yogarajbhat,
339860,Raktha Kanneeru,2003-09-18,2003,kn,"[35, 18]",0.5611,8.0,7,"A young Indian man becomes westernised and starts hating the Indian rituals and culture. He falls in love with a sex worker, but marries a girl from his village to fulfil his parents' wish.",upendra ramyakrishnan kumarbangarappa abhirami jyothilakshmi,sadhukokila,
1499051,Daasa,2003-11-21,2003,kn,"[28, 18]",0.4137,0.0,0,"A poor man, Mohan Das, who is close to his mother is shattered when he finds out that his mother is charged with murder. He decides to prove her innocence.",darshanthoogudeepasrinivas amrutha satyajith avinash lohithaswa,p.n.sathya,
1310964,Chigurida Kanasu,2003-10-02,2003,kn,"[18, 10751, 10749]",0.5432,0.0,0,"Shankar, a city lad, pays a visit to his ancestral village. When he decides to settle there for good, he faces opposition from his own family and from a village bigwig.",shivarajkumar vidhyavenkatesh rekhaunnikrishnan anantnag avinash,t.s.nagabharana,based on novel or book returning to roots
1504256,Heart Beats,2003-01-31,2003,kn,"[10749, 18]",0.4282,0.0,0,"Though Vicky loves Vandana, her best friend, Sapna, is also in love with him. Vandana, being a true friend, decides to sacrifice her love for Sapna.",vijayraghavendra ashithachandrappa deepa ramakrishna v.nagendraprasad,s.k.nagendraurs,
1507392,Kushalave Kshemave,2003-05-02,2003,kn,"[10749, 18]",0.3993,0.0,0,"Murali, a struggling singer, starts liking Priya, after bonding with her over the telephone. While he finds various ways to meet her, her marriage gets fixed with another man, Darshan.",ramesharavind srilakshmi ramkumar h.g.dattatreya darshanthoogudeepasrinivas,s.mahendar,
1499058,Paartha,2003-11-28,2003,kn,"[28, 10749]",0.3685,0.0,0,"After a man tries to woo the love of his life, they end up falling madly in love with each other. However, their relationship hits rock bottom when the girl's parents disapprove of their togetherness.",sudeepa hardeep dr.vijay geethas.rao b.v.radha,omprakashrao,
1499033,Khushi,2003-10-02,2003,kn,"[35, 18, 10751]",0.3876,0.0,0,"Ajay, Vijay and Shashank, the irresponsible sons of two wealthy industrialists, accept the challenge posed by their fathers of earning money on their own.",vijayraghavendra tarunchandra harishprabhath sindhumenon madhuribhattacharya,prakashveer,
1394750,Chandra Chakori,2003-08-15,2003,kn,"[10749, 18]",0.376,0.0,0,"Sudha arrives at her village for her wedding with Mahesh, where she meets Puttaraju, a mute and kindhearted boy. Due to a prank, Sudha learns that Puttaraju was a talkative guy and is pretending to be mute. Sudha meets Puttaraju's relative Gajendrappa and learns about Puttaraju's past.",sriimurali doddanna priyaschhabria naaz srinagarkitty,s.narayan,
716024,Swaathi Mutthu,2003-12-26,2003,kn,"[18, 10751]",0.3213,6.0,1,"Shivayya, who suffers from autism,  impulsively marries Lalitha, a young widow, against the customs of his village. They move to the city to escape from the wrath of the societal judgement.",sudeepa meena leelavathi kishanshrikanth kashi,d.rajendrababu,
1514680,Raja Narasimha,2003-03-21,2003,kn,"[28, 18]",0.3539,0.0,0,"Though Mahalakshmi is about to get engaged to an NRI, she falls in love with Raja Narasimha, and the two plan on getting married. However, everything changes when Soundarya enters their lives.",vishnuvardhan ramyakrishnan raasi annapoorna avinash,muthyalasubbaiah,
1504267,Vikram,2003-07-25,2003,kn,"[10749, 28, 18]",0.258,0.0,0,"Vikram is a Kannada Romance Drama Directed by M.K.Maheshwaran, Starring Vijay Raghavendra and Sindhu Menon in lead roles.",vijayraghavendra sindhumenon avinash bankjanardhan rekhadas,m.k.maheshwaran,
339862,Kutumba,2003-03-27,2003,kn,[],0.364,0.0,0,A 2003 Kannada film.,upendra natanyasingh gurukiran m.n.lakshmidevi b.c.patil,b.naganna,
680660,Excuse Me,2003-12-05,2003,kn,"[10749, 18, 10402]",0.3983,0.0,0,"Ajay makes a tune which Madhu loves, but she doesn't know who the composer is. Sunil, a selfish brat, pretends to be the composer of the tune in order to woo Madhu.",ajairao sunilraoh divyaspandana pavitralokesh sumalatha,prem,
1504259,Preethisle Beku,2003-05-02,2003,kn,"[10749, 35, 18]",0.2508,0.0,0,"Vidya sets out to look for her lover, Harish. On the way, she meets and befriends Ganesh who promises to help her search for Harish.",vijayraghavendra chayasingh avinash k.s.ashwath rameshbhat,yogishhunsur,
1321406,Artha(Purpose),2003-12-30,2003,kn,[],0.2426,0.0,0,"As the soul of the film is communal harmony Artha has been shot in an ancient fort of Gulbarga where people belonging to different communities are living in the same place. The very reason for choosing this location is to portray the past glory and the present fact on the same plane. Though the story of the film is based on a family of North Karnataka, Suresh has not used their local language to make it more generic as this can be story of any region he says.",rangayanaraghu vijaysarathy karisubbu arundhatijatkar renukammamurugodu,bsuresha,
353310,Gokarna,2003-12-25,2003,kn,[],0.3132,0.0,0,A 2003 Kannada film.,upendra rakshita madhubangarappa tenniskrishna,b.naganna,
282556,Olu Saar Bari Olu,2003-11-28,2003,kn,[18],0.2295,0.0,0,,ramesharavind anuprabhakar mohanshankar balaraj,nagendramagadipandu,
1513543,Yardo Duddu Yellammana Jathre,2003-04-04,2003,kn,"[35, 18]",0.2781,0.0,0,"A house owner requests his tenants to vacate the house so that he can sell it and repay his loan. Soon, a hilarious chain of events follow when the tenants refuse to leave.",jaggesh amrutha hemachaudhary chitrashenoy yathirajjaggesh,a.r.babu,
1361621,Paris Pranaya,2003-04-18,2003,kn,[10749],0.2035,0.0,0,"While studying music in France, a young woman falls in love and learns her uncle's boss wants to marry her.",raghumukherjee minalpatil rajesh sharathlohitashwa tara,nagathihallichandrashekar,
1510465,Sri Ram,2003-06-05,2003,kn,"[28, 18]",0.1887,0.0,0,"Shivanna, a simple man from a village, falls for Aishwarya, the daughter of a commissioner. However, Aishwarya gets shocked when her friend reveals Shivanna's true identity on their wedding day.",shivarajkumar ankitha abhirami srinivasamurthy hemachaudhary,m.s.ramesh,
691030,Abhi,2003-04-25,2003,kn,"[10749, 35]",0.3338,6.0,2,"Neighbors Abhi and Bhanu fall in love, but Bhanu's father comes to know about it and shifts to Hubli. Later, Bhanu runs away to Bangalore to tell a hidden truth to Abhi.",puneethrajkumar divyaspandana sowcarjanaki sumithra suneelpuranik,dineshbaboo,
1501723,Laali Haadu,2003-01-24,2003,kn,"[10751, 18, 10402, 10749]",0.13,0.0,0,"Sangeetha and Anand are madly in love with each other, but they plan to sacrifice their relationship for their parents' sake. However, circumstances try to bring them together.",darshanthoogudeepasrinivas abhirami umashree srinath ruthika,h.vasu,
1504270,Vijaya Simha,2003-12-12,2003,kn,"[28, 18]",0.1496,0.0,0,"""Vijayasimha"" revolves around a young man, played by Vijay Raghavendra, who attempts to reconcile with his mother-in-law, Mayor Meenakshi Devi, who is against his relationship. He ultimately succeeds in winning her over, leading to the reunion of the couple.",vijayraghavendra rakshita ambika pavitralokesh bankjanardhan,msrajashekar,
1514685,Hrudayavantha,2003-10-02,2003,kn,"[18, 10751]",0.2217,0.0,0,"Vishnu, a poor man, loves his sister and helps her become a doctor. However, Anu is suspicious about her brother's source of income and decides to investigate.",vishnuvardhan nagma anuprabhakar ashalatha pragathimahavadi,p.vasu,
1082231,Vijaya Dashami,2003-06-06,2003,kn,[18],0.1188,0.0,0,A wealthy kind hearted landlord who is very happy about the return of his son from the oversees. His happiness comes to an end when the hidden truth about his 6 year old daughter who is come down to meet her grand parents is revealed to them.,soundarya saikumar prema srinivasamurthy jayachitra,bharathikannan,
282558,Katthegalu Saar Katthegalu,2003-03-27,2003,kn,[35],0.2131,0.0,0,Katthegalu Saar Katthegalu is a 2003 Kannada film directed by S. V Rajendra Singh Babu and produced by . The film stars Ramesh Aravind and Ruthika in lead roles. Music was composed by Hamsalekha.,ramesharavind ruthika jaijagadish komalkumar meghnanaidu,svrajendrasinghbabu,
1502612,Annavru,2003-12-19,2003,kn,"[28, 18]",0.1342,0.0,0,"Surya, who was abandoned by his 14-year-old unwed mother Nirmala after his birth, grows up in the slums and finds a friend in a local criminal leader, Anna.",darshanthoogudeepasrinivas ambareesh kaniha suhasinimaniratnam sumithra,omprakashrao,
282557,Pakka Chukka,2003-03-07,2003,kn,[35],0.1722,0.0,0,"Pakka Chukka is a 2003 Kannada film directed by S. Narayan . The film stars S. Narayan, Ramesh Aravind, Ruchita Prasad and Doddanna in lead roles. Music was composed by S. Narayan.",s.narayan ramesharavind ruchitaprasad doddanna chitrashenoy,s.narayan,
991710,Ree Swalpa Bartheera,2003-09-03,2003,kn,"[35, 18]",0.1936,0.0,0,,shashikumar kausalya damini doddanna mukhyamantrichandru,,
1501729,Neenandre Ishta,2003-02-07,2003,kn,"[10749, 18]",0.1428,0.0,0,"To pursue her education, Gayatri moves to her childhood friend Ajay's house in the city. However, problems arise when she falls in love with her classmate.",darshanthoogudeepasrinivas malavika harishraju akhila srinath,b.mallesh,
1235100,Kariya,2003-01-03,2003,kn,"[28, 80]",0.1043,0.0,0,"Kariya, a gangster falls for a rich dancer Maya, but hesitant to express his love due to his criminal history. Meanwhile his enemies in the echelons of underworld conspire to have him murdered.",darshanthoogudeepasrinivas abhinayasri sureshsharma jayashreeb. miconagaraj,prem,gangster
1509151,Kasu Iddone Basu,2003-08-29,2003,kn,"[35, 18]",0.0784,0.0,0,Kasu Iddone Basu is a 2003 Indian Kannada comedy film starring Jaggesh and his younger brother Komal opposite Radhika Chaudhari in the lead roles. The film directed by A. R. Babu has musical score by V. Manohar.,jaggesh radhikachaudhari komalkumar doddanna bankjanardhan,a.r.babu,
824585,Ondagona Baa,2003-10-23,2003,kn,[],0.1479,0.0,0,A Kannada language remake of Telugu blockbuster film Kalisundam Raa (2000).,v.ravichandran shilpashettykundra,udayasankar,
1501741,Namma Preethiya Ramu,2003-11-14,2003,kn,[18],0.1266,0.0,0,"Ramu, a singer with visual impairment, tries to earn a living for his family through his meagre income. However, his life changes when an evil man with hidden motives promises him his eyesight.",darshanthoogudeepasrinivas navyanatarajan hamsavijetha doddanna pavitralokesh,sanjay-vijay,
1631050,Preethi Prema Pranaya,2003-08-01,2003,kn,[18],0.0949,0.0,0,2003 Indian Kannada-language drama film,anantnag prakashraj bharathirao sudharani bhavanaramanna,kavithalankesh,
1501735,Lankesh Pathrike,2003-05-16,2003,kn,"[28, 18]",0.0865,0.0,0,"Preethi, a journalist, falls in love with Indra, her colleague. However, their relationship hits a roadblock when her father, a state chief minister, gets caught in a scandal.",darshanthoogudeepasrinivas vasundharadas anantnag aditigowitrikar devaraj,indrajitlankesh,
340922,Omkara,2004-09-18,2004,kn,[],2.5469,0.0,0,A 2004 Kannada movie.,upendra preetijhangiani rahuldev rangayanaraghu shwetamenon,,
1499109,Pakkadmane Hudugi,2004-08-20,2004,kn,[35],1.9627,0.0,0,"Balu, a 26-year-old bachelor, falls in love with his neighbour's daughter, Indu. He decides to woo her with the help of his music composer friend, Chakravarthy.",raghavendrarajkumar ranjitha anantnag karibasavaiah doddanna,msrajashekar,
1230476,Kadamba,2004-01-16,2004,kn,[],0.8731,0.0,0,"Rajashekar overhears his police officer father's conversation with his abductor, Sharat Chandra, to kill him. This incident changes the course of his life and turns him into a criminal.",vishnuvardhan bhanupriya naveenkrishna,sureshkrissna,
1499005,Ranga SSLC,2004-04-23,2004,kn,"[28, 18, 10749]",1.0013,0.0,0,"Ranga, a rickshaw driver, attempts to clear his SSLC exams, but in vain. His ongoing rivalry with Bomb Naga, who thinks that Ranga killed his son, takes a toll on his life.",sudeepa divyaspandana rangayanaraghu bankjanardhan umashree,yogarajbhat,
1142451,Sahukara,2004-09-24,2004,kn,[18],0.7383,0.0,0,Sahukara is a 2004 Indian Kannada-language film directed by Om Prakash Rao and produced by K. Manju. It stars V. Ravichandran and Rambha in lead roles.  It was a remake of Tamil film Muthu.,v.ravichandran vishnuvardhan rambha shashikumar anuprabhakar,omprakashrao,
1499064,Bhagavan,2004-08-06,2004,kn,"[28, 18]",0.6061,0.0,0,"When Bhagawan, an unemployed man, rescues a film actress, Nanditha, from a few unruly thugs, she falls in love with him.",darshanthoogudeepasrinivas daisybopanna bhavanaramanna saikumar rangayanaraghu,h.vasu,
1502616,Dharma,2004-03-05,2004,kn,"[28, 18]",0.7259,0.0,0,"Dharma, a gangster, is challenged by Sindhu to write a poem in exchange for her house, which he forcibly wants to extort. As he continues to write, he experiences a life transformation.",darshanthoogudeepasrinivas sindhumenon manisha doddanna rangayanaraghu,k.v.chandranath,
1502640,Sardara,2004-12-03,2004,kn,"[28, 18]",0.5319,0.0,0,"An abandoned child is raised by a rich landlord after a priest finds him. Years later, he falls in love with his benefactor's daughter, which creates problems as he is against their union.",darshanthoogudeepasrinivas gurleenchopra srinivasamurthy padmavasanthi loknath,p.n.sathya,
280189,Love,2004-07-09,2004,kn,[35],0.8432,7.5,3,"Ganga, who mistakes Vikram to be a womaniser, understands his character when he saves her from a fire accident. They become lovers, but things change when a mysterious woman enters their lives.",adityasingh rakshita mohanlal amrishpuri kotasrinivasarao,svrajendrasinghbabu,
1219383,Durgi,2004-04-28,2004,kn,[28],0.6054,0.0,0,"Durgi was living happily with her family in a small village. But 2 businessmen entered the village to make a sugar mill. They used to be drunk always. One day, they raped her sister and she died in hospital. When Durgi and her family were in agony, they killed Durgi's father. After this, she promises to kill everyone.",malashri ashishvidhyarthi raghuvaran kalabhavanmani avinash,p.ravishankar,
303345,Monalisa,2004-05-07,2004,kn,[10749],0.5063,2.0,2,"Dyan's relationship ends when his girlfriend, Monalisa, dies in an accident. In order to fulfil his parent's wishes, he marries Spandana, who turns out to be an exact lookalike of Monalisa.",sammirdattani sadha ramakrishna bhavya sharan,indrajitlankesh,
1579297,Nalla,2004-11-12,2004,kn,"[18, 10749, 35]",0.5765,7.0,1,"Pachchi alias Prashant (Sudeep) finds a girl, Preethi (Sangeetha), who has lost her memory, in a car. Prashant falls in love with her. He takes care of her and admits her to a hospital. When in the hospital, her father finds her and takes her home. He thanks him and gives a driver's job.  Preethi regains her memory and starts looking for Prashant. One day Preethi meets with an accident and is taken to the hospital. Prashant reveals himself and saves her.",sudeepa sangeethakrish srinath mumtaj bulletprakash,dr.vnagendraprasad,
627192,Maurya,2004-10-22,2004,kn,"[18, 10749]",0.3943,0.0,0,"Manu, a professional kick-boxer can do anything to fulfill his mother’s wish. Through all the ups and downs, he struggles hard to become the Ultimate Champion.",puneethrajkumar meerajasmine rojaselvamani komalkumar doddanna,s.narayan,
526216,Jyeshta,2004-12-17,2004,kn,[],0.3662,0.0,0,"Jyeshta is a 2004 Indian Kannada language drama film starring Vishnuvardhan, Ashima Bhalla and Devaraj in the lead roles. The film, a remake of Malayalam film Valliettan (2000), is directed and written by director Suresh Krissna and features soundtrack from S. A. Rajkumar. The original version was directed by Shaji Kailas and featured Mammootty and Shobhana in lead roles.",vishnuvardhan ashimabhalla devaraj aniruddh sindhumenon,sureshkrissna,
1502622,Darshan,2004-04-09,2004,kn,"[18, 53]",0.2734,0.0,0,"Rahul(Darshan)poses as a software engineer and meets Ramamurthy’s family and stays with them.They killed his parents. Nandini (Navneeth), Ramamurthy’s daughter loves him. She comes to know that Rahul is a terrorist. This leads to his arrest.",darshanthoogudeepasrinivas navaneetkaur srinath sujanlokesh renukammamurgod,rameshkitty,
282552,Bisi Bisi,2004-01-22,2004,kn,[18],0.2751,0.0,0,"Bisi Bisi is a 2004 Kannada film directed by Ramnath and produced by Ajay Chandani. The film stars Ramesh Aravind, Anu Prabhakar and Shankar Rao in lead roles. Music was composed by Milind Dharmasena.",ramesharavind anuprabhakar shankarrao madhuribhattacharya,ramnath,
691046,Veera Kannadiga,2004-01-01,2004,kn,"[28, 18]",0.2397,5.0,2,A man protects a slum and strives to keep its inhabitants safe from the negative elements. He also aims to avenge his father's death against the criminals who killed him.,puneethrajkumar anitahassanandanireddy bulletprakash avinash sayajishinde,meherramesh,
282548,Joke Falls,2004-12-03,2004,kn,[35],0.1666,0.0,0,Joke Falls is the comedy movie.Ananth Patil (Ramesh) falls in love with Sulekha (Neethu) and marries her. But her brother-in-law is not interested.she is always thinking that her brother-in-law is great.So ananth decided prove that he is better than her brother-in-law.,ramesharavind h.g.dattatreya neethushetty sharan sihikahichandru,ashokpatil,
925811,Monda,2004-04-01,2004,kn,[18],0.4793,0.0,0,,saikumar pavitralokesh sharathlohitashwa vinayaprasad jayasudha,teshivenkatesh,
1230463,Kalasipalya,2004-10-15,2004,kn,[],0.1882,0.0,0,"Kencha, who is unable to pass his matriculation exam even after repeated attempts, decides to start a business. While his family supports him, the thugs in his locality oppose him at every turn.",darshanthoogudeepasrinivas rakshita rajuananthaswamy sadhukokila bulletprakash,omprakashrao,
1499041,Kanti,2004-07-09,2004,kn,"[10749, 18]",0.2052,0.0,0,"The plot revolves around a Kannada college student who upon falling in love with a Marathi girl, gets embroiled politically.",sriimurali divyaspandana govindnamdeo kishore avinash,s.bharath,
282554,Apthamitra,2004-08-27,2004,kn,"[18, 27, 53]",0.2108,8.2,4,"Apthamitra movie is based on Nagavalli (Dancer). Ramesh, an engineer buys the palace. Everyone believes that the spirit of Nagavalli, a dancer is captivated in a room of that palace. Ganga she opens  the locked room with the help of Soumya. Then start the troubles. Vijay  who came to ramesh house for holidays.",soundarya vishnuvardhan ramesharavind dwarakish prema,p.vasu,remake
1499102,Baa Baaro Rasika,2004-06-03,2004,kn,"[18, 53]",0.2266,0.0,0,"Vishwa and Sona are in love and all set to get married. But trouble strikes when Ramya, a middle-aged man-hater and Vishwa's boss, falls madly in love with him.",ramyakrishnan sunilraoh ashithachandrappa vinayakjoshi rameshbhat,dayalpadmanabhan,
265661,Haseena,2004-04-01,2004,kn,[18],0.1217,9.0,1,"Hasina marries driver Yakub against his mother's wishes. The couple have three daughters, one of whom is disabled. Pregnant with their fourth child, the couple break social codes and do a pregnancy scan to ascertain the baby's gender. When Yakub realizes it is yet another girl, he becomes at turns abusive and neglectful, eventually leaving Hasina to fend for herself.",tara chitrashenoy,girishkasaravalli,
1504275,Avale Nanna Gelathi,2004-03-05,2004,kn,"[18, 10749]",0.1458,0.0,0,"Amrita's love changes Aakash into a responsible and kind man. However, their families oppose their relationship and try to get them married to different people.",vijayraghavendra rakshita devaraj ashithachandrappa vishalhegde,omsaiprakash,
991292,Malla,2004-02-27,2004,kn,"[10749, 28]",0.1447,0.0,0,"Shiva, a florist's son, grows up to become a gangster. After his father is murdered, he sets out to take revenge against the culprits.",v.ravichandran priyankaupendra mohanshankar umashree pavitralokesh,v.ravichandran,
1541873,Sarvabhouma,2004-07-30,2004,kn,"[28, 18]",0.1223,0.0,0,"Sarvabhouma is a 2004 Kannada action-drama film directed by Mahesh Sukhadhare, starring Shivarajkumar in a double role.",mayoori sharathlohitashwa shilpashivanand shivarajkumar vikramravichandran,maheshsukadhare,kidnapping revenge dual role father son reunion india pakistan conflict
1511179,Ramakrishna,2004-05-28,2004,kn,"[35, 18]",0.0943,0.0,0,"Rama's father wants him to marry his friend's daughter, Lakshmi. In a case of mistaken identity, he ends up meeting Seetha instead of Lakshmi and falls in love with her.",v.ravichandran jaggesh laila kaveri doddanna,,
1488497,Kanakambari,2004-06-04,2004,kn,"[27, 18, 35]",0.1304,0.0,0,"When a dark but seemingly harmless game goes wrong, the spirit of Nirmala Devi enters the body of Nitya. Soon enough, Nirmala Devi sets out on a mission to avenge her death.",jyothikrishna anuprabhakar h.g.dattatreya vijayalekshmi,dineshbaboo,
1106988,Shuklambaradharam,2004-08-27,2004,kn,"[10749, 18]",0.0445,0.0,0,"Narasimha, an adopted young man, dotes on his foster sister. However, when he mishandles her finances due to a misunderstanding, the entire family's security is jeopardised.",mohanshankar durgashetty jr.narasimharaju sachinsuvarna deepa,meemastan,
1622503,Aha Nanna Thangi Madve,2004-10-15,2004,kn,"[35, 18]",0.0357,0.0,0,"The story revolves around the affectionate relationship between a brother and sister, focusing on the challenges and humorous situations involved in finding a suitable groom and conducting her marriage.",,kashinath,
1557409,Naari Munidare Gandu Parari,2004-07-19,2004,kn,[],0.0,0.0,0,"A mysterious drug causes men to behave in a weird manner. When a woman tests the drug on her friend's husband, traditional gender roles are overthrown.",,,
339863,Gowramma,2005-06-03,2005,kn,"[10751, 18, 35, 10749]",1.199,0.0,0,"Venky, a boy from a small town, comes to the city in pursuit of computer education. His father wants him to do some productive job and sends him to the city to get a job at a friends place.",upendra divyaspandana srinivasamurthy chitrashenoy rameshbhat,b.naganna,
282549,Varsha,2005-04-22,2005,kn,[18],0.9362,0.0,0,"Varsha is a 2005 Kannada film directed by S. Narayan and produced by Rockline Venkatesh. The film stars Vishnuvardhan, Manya, Ramesh Aravind and Anu Prabhakar in lead roles. Music was composed by S A Rajkumar.",vishnuvardhan manya ramesharavind anuprabhakar rameshbhat,s.narayan,
848995,Nenapirali,2005-12-02,2005,kn,[],0.598,0.0,0,"Kishore helps his friend Ekanth to woo the girl he loves, Indu, whereas Indu's sister falls in love with Kishore. However, when Ekanth marries Indu, an unfortunate incident tears them apart.",premkumar vidhyavenkatesh vijayalakshmisingh jaijagadish naveenkrishna,,
1180581,Aham Premasmi,2005-05-27,2005,kn,[10749],0.6149,0.0,0,"A poor slum boy, detests love and meets Arati in college. She wants to find out, whether his love for her is not mere infatuation, but he overcomes all obstacles and his love breeds forever",v.ravichandran aartichabria ramakrishna chitrashenoy ganesh,v.ravichandran,
691094,Aakash,2005-04-29,2005,kn,"[10749, 18]",0.539,0.0,0,"While working odd jobs, Aakash, a wedding photographer, meets Nandini, who falls in love with his optimistic and good-natured personality. The film stars Puneeth Rajkumar and Ramya in the lead roles, while Ashish Vidyarthi and Avinash play pivotal roles. The movie was declared as a Blockbuster hit at the box office. The film found a 200 days run at the cinema halls in Karnataka.",puneethrajkumar divyaspandana avinash ashishvidhyarthi pavitralokesh,maheshbabu,
420366,Amrithadhare,2005-10-07,2005,kn,[18],0.4285,0.0,0,"Puru (Dhyan) and Amritha (Ramya) are a couple deeply in love with each other. It is a case of opposite poles attracting. Puru is everything that Amritha is not! The boy is religious and tight-fisted in money matters. His only ambition in life: to construct a house. Amritha likes to splurge and is an atheist. In the course of time, Puru realizes his ambition, and names the dream house as Amrithadhare - a birthday gift to his beloved wife. Everything is hunky dory in their small world. But fate springs an unpleasant surprise on them. Amritha is diagnosed as having brain cancer, and the doctor tells Puru that her days are numbered! A shocked Puru decides to make her remaining days as happy as possible. He takes her on a Bharat darshan. In the process, Amritha realizes a long-standing wish of hers too: to meet her favourite actor Amitabh Bachchan in Mumbai, who makes an appearance in the climax.",divyaspandana amitabhbachchan bhavya avinash rajuananthaswamy,nagathihallichandrashekar,
1503084,Kashi from Village,2005-04-01,2005,kn,"[28, 18]",0.4191,0.0,0,"In order to fulfil his ill mother's final wish, Kashi works at several places to provide education for his brother. Later, his brother falls in love with a dangerous criminal's sister.",sudeepa rakshita a.harsha shilpa pramilajoshai,omsaiprakash,
891180,Pandu Ranga Vittala,2005-12-30,2005,kn,"[10749, 35]",0.647,0.0,0,"Vithala gets married to two women, who are both unaware of each other's existence. He strives hard to keep them happy but encounters various obstacles in his endeavour.",v.ravichandran rambha prema shruti tara,dineshbaboo,
1209353,Sye,2005-07-01,2005,kn,[],0.4456,0.0,0,"Sye is a 2005 Indian Kannada-language action film directed by Arun Prasad P.A. featuring Sudeep and Kanika in the lead roles. The film features background score and soundtrack composed by Gurukiran and lyrics by Kaviraj and V. Manohar. The film was released on 1 July 2005. This film is remake of Tamil movie Dhill.  Chakri, whose ambition is to become a police officer, falls in love with Kannika. The harmony in Chakri's family is threatened when a corrupt police officer Mosale provokes Chakri.",sudeepa kaniha srinath sumithra avinash,p.a.arunprasad,
1180999,Magic Ajji,2005-06-17,2005,kn,"[18, 27]",0.4744,0.0,0,Queen Rajeshwari Devi dies on her 100th birthday. She comes back as a friendly ghost to help her disowned daughter-in-law and grandson claim their place in the palace.,sudharani rameshbhat khushboo thejaskesari chigurudatt,dineshbaboo,
282547,Vishnu Sena,2005-12-22,2005,kn,[18],0.3138,0.0,0,"Vishnu Sena movie is the based on Finding the corruption.Vishnuvardhan is the professor in College.He builds the force by youngsters to kidnap the corrupt people and kill them. Even police investigation is also over.Finally, He tells that he had his own way to cure the ills of the society.",vishnuvardhan ramesharavind lakshmigopalaswamy srinivasamurthy doddanna,b.naganna,
488566,Mahasadhvi Mallamma,2005-01-14,2005,kn,[18],0.7287,0.0,0,"Mallamma, a Shiva devotee, marries Dharanna. She is excited to start a new life with her husband, however her in-laws treat her horribly and she loses faith in Lord Shiva.",meena rajendraprasad sridhar tharika,renukasharma,
691097,Namma Basava,2005-09-09,2005,kn,"[10749, 18]",0.3233,0.0,0,"Basava (Puneet Rajkumar) runs a gym centre and lives with his brother Avinash and Sudharani (wife of Avinash), who treat him as their own son. When his brother start seeking a girl as his bride, he opines that he should select his future bride. He selects Gowri, daughter of an auditor who is working with Pampathy. Pampathys younger brother is Home Minister and Pampathys son is a vagabond womanizer. To gain her approval, Basava makes every effort, but before he can get her green signal, her engagement is fixed with the vagabond son of Pampathy. Supported by Gowris peppy and naughty grandmother (Lakshmidevi), Basava rises against the autocratic behaviour of Pampathy, challenges him in public, and wins, thereby also winning the heart and hand of Gowri.",puneethrajkumar gowrimunjal avinash sudharani tharangavishwa,veerashankar,
673257,Jogi,2005-08-19,2005,kn,"[28, 18]",0.2372,7.0,2,"After a crime lord is murdered by Madesha, Nivedhitha, a journalist, sets out to meet him. She ends up meeting an old woman and promises to help her find her son, who is none other than Madesha.",shivarajkumar jenniferkotwal arundathinag rameshbhat kishanshrikanth,prem,
1653786,Deadly Soma,2005-08-26,2005,kn,"[80, 28, 18]",0.2909,0.0,0,"Somasekhara is a bright student. After an inter-college Kabbadi match, he gets into a tiff with a gangster's brother, which gets him involved in a crime spree.",adityasingh rakshita devaraj tara avinash,ravisrivatsa,
760916,Valmiki,2005-07-29,2005,kn,[],0.2337,0.0,0,A 2005 Kannada drama film.,shivarajkumar hrishitaabhatt raailaxmi srinivasamurthy rangayanaraghu,m.s.ramesh,
79348,Ranachandi,2005-03-25,2005,kn,[18],0.2306,0.0,0,,prema harishrai shobaraj sarika jaisampath,b.r.keshava,
991302,Aadi,2005-03-04,2005,kn,[18],0.2915,0.0,0,"Aadi transforms from being an unemployed young man to a responsible and kind businessman after a chance encounter with Aishwarya and her father, Uday Chandra.",divyaspandana srinagarkitty avinash srinivasamurthy rangayanaraghu,msramesh,
78590,Rama Shama Bhama,2005-12-09,2005,kn,[35],0.2665,9.5,1,"Rama, a married man, has an affair with Priya who pursues him despite knowing about his wife. When his friend Shama learns of the affair, the latter decides to reunite him with his wife.",ramesharavind kamalhaasan urvashi shruti daisybopanna,ramesharavind,
378669,Auto Shankar,2005-09-09,2005,kn,[],0.1691,2.0,4,Auto Shankar is a 2005 Kannada film.,upendra shilpashettykundra sudharani,d.rajendrababu,
1111451,Swamy,2005-09-30,2005,kn,"[28, 18]",0.137,0.0,0,"Swamy, a police officer, arrests Desai's son for illegal possession of weapons. Desai and Swamy lock horns after this incident.",darshanthoogudeepasrinivas gayatrijayaraman avinash jaijagadish rangayanaraghu,m.s.ramesh,
1502651,Shastri,2005-06-10,2005,kn,"[28, 18]",0.1739,0.0,0,"Due to some unfortunate circumstances, a medical student follows the path of crime. Trouble ensues when he turns out to be a Good Samaritan, proving to be an enemy of the mafia.",darshanthoogudeepasrinivas manya chitrashenoy bulletprakash satyajith,p.n.sathya,
1499037,Yashwanth,2005-02-04,2005,kn,"[28, 10749, 18]",0.1653,0.0,0,"Yashwanth (Murali) an unemployed youth loses 50,000 bucks kept for his mother's operation when his folks are away from home. The whole story revolves around the consequences of how Yashwanth earns the money back before his parents return. During the course, he meets the heroine (Rakshita) who flees her home to avoid a forced marriage.",sriimurali rakshita pavankumar vinayakjoshi rameshbhat,dayalpadmanabhan,
1499044,Ayya,2005-02-11,2005,kn,[28],0.1223,0.0,0,"An upright police officer is up against a conniving group of criminals. To put them behind bars, he devises a series of unconventional methods to eliminate the criminal rings.",darshanthoogudeepasrinivas rakshita hemachaudhary srinagarkitty avinash,omprakashrao,
1499068,Rakshasa,2005-03-25,2005,kn,"[28, 18]",0.1661,0.0,0,A tough police officer goes out of his way to bring down the underworld dons and is even ready to murder them in planned encounters to rid the society of evil.,shivarajkumar gajala amrutha ruthika kishore,sadhukokila,
1638325,Beru,2005-03-04,2005,kn,[18],0.0557,0.0,0,"An old folk artist with minimal income lives in a house that is threatened by the roots of a tree. Each time he visits the corrupt district office for permission to cut the tree, he is turned away.",suchendraprasad neethushetty h.g.dattatreya t.n.seetharam m.p.venkatarao,pattabhiramaiahsheshadri,
1557465,Anna Thangi,2005-11-04,2005,kn,[],0.0741,0.0,0,"Lakshmi's husband becomes a pauper and is sent to jail after his brothers cheat him. Lakshmi's life turns upside down when she becomes dependent on Shivanna, her brother.",,,
975075,Dr. B. R. Ambedkar,2005-12-30,2005,kn,[36],0.1276,0.0,0,"Based on the life of Indian social reformer, jurist, academic-politician, B. R. Ambedkar. The film covers the period from his birth right up to his death.",vishnukanthb.j. bhavya tara c.ashwath h.g.dattatreya,sharankumarkabbur,
1499599,Nava Bharathi,2005-04-15,2005,kn,[18],0.0362,0.0,0,"Womaniser Sourav assaults Gayathri. Later, she decides to seek revenge for his atrocity.",sourav ushakiran anithanayyar kaushiki srividhya,k.ganeshan,
323148,Tananam Tananam,2006-11-24,2006,kn,"[10402, 10749, 18]",1.2072,0.0,0,"Tananam Tananam (Kannada: ತನನಂ ತನನಂ) is a 2006 Indian Kannada romantic musical drama film directed and written by Kavitha Lankesh. The film introduces Shaam, a Tamil actor, to Kannada cinema along with Ramya and Rakshita teaming up together for the first time, in the lead roles. The film was produced by N. M. Suresh and based on a Tamil short story written by Kalki. The film released on 24 November 2006. The film won two Filmfare Awards in Best Actress and Best Lyricist categories. Noted violinist L. Subramaniam was roped in to play violin bits in the film.",shaam divyaspandana rakshita girishkarnad bharathirao,kavithalankesh,
256062,My Autograph,2006-02-17,2006,kn,"[10749, 18, 10402, 35]",1.2679,6.5,7,"The story revolves around Shankar, working in an advertising agency who comes to his village to invite his friends to his marriage. He remembers the good old days and also sees how his friends are faring now. All this is told in flashback.",sudeepa meena sridevika deepa rashmikulkarni,sudeepa,
1500219,Suntaragaali,2006-02-17,2006,kn,"[28, 18]",0.7184,0.0,0,"A reckless young man works for a gangster who exploits him in order to contest the local elections. However, his life changes when he learns a secret about his upbringing.",darshanthoogudeepasrinivas rakshita ashishvidhyarthi rangayanaraghu umashree,sadhukokila,
1509158,Ashoka,2006-03-17,2006,kn,"[28, 18]",0.7716,0.0,0,"Ashoka is about to join the police department as an IPS officer, but he gets involved with criminals. Later, he becomes their don with a secret intention to wipe out the entire mafia world.",shivarajkumar sunithavarma tejashree srinivasamurthy ashok,shivamani,
282544,Tenali Rama,2006-12-07,2006,kn,[35],0.4696,0.0,0,Tenali Rama is the comedy film with funny dialogs.Ramesh Arvind is a B.Com graduate and Jaggesh is an S.S.L.C holder and both of them are searching the job but a fake employment agent tells them that he will take them to Dubai.,ramesharavind srinath jaggesh rangayanaraghu umashree,nagendramagadipandu,
50889,Cyanide,2006-01-08,2006,kn,"[80, 18, 53]",0.532,5.0,1,"""Cyanide"" is about the incidents that occurred in the peripheries of Bangalore after the assassins of former Prime Minister Rajiv Gandhi stepped into the city. The story revolves around a helpless couple who fall into the clutches of the gang and are taken hostage.",avinash malavikaavinash ushabhandary sureshheblikar bankjanardhan,a.m.r.ramesh,factory factory owner rajiv gandhi assassination
1500228,Dattha,2006-06-08,2006,kn,"[28, 18, 35]",0.3474,0.0,0,Rowdy Datta mends his ways after falling in love. Deception comes in the form of a man who asks him to pretend to be his son for the sake of his sick wife. Datta realises that his life is at stake.,darshanthoogudeepasrinivas divyaspandana keerthichawla komalkumar srinath,chigurudatt,
282638,Thavarina Siri,2006-05-19,2006,kn,[18],0.4224,0.0,0,Thavarina siri tells the brother and sister love.Mutthanna (Shivarajkumar) brings up his three sisters after his parents,shivarajkumar daisybopanna ashita mukhyamantrichandru aadarshasubramani,omsaiprakash,
357854,Aishwarya,2006-09-15,2006,kn,"[10749, 18]",0.3666,5.0,2,"Abhishek's been betrayed in love, and doesn't like girls. Aishwarya walks into his life and love starts to blossom, which is forever.",upendra deepikapadukone daisybopanna sadhukokila chitrashenoy,indrajitlankesh,
991679,Ravi Shastry,2006-09-28,2006,kn,"[18, 35]",0.4292,0.0,0,"Ravi Shastry, a barber's son, pretends to be a Brahmin to secure a livelihood. His wedding to Bhanu, the Brahmin community head's daughter, is stalled when his bluff is called.",v.ravichandran sneha anantnag doddanna vinayaprasad,msrajashekar,
39095,Mungaru Male,2006-12-15,2006,kn,"[10402, 35, 18, 10749]",0.4296,7.3,15,"Preetham loves Nandhini, whose marriage is already fixed. He feels bad and leaves the place. Nandini challenges him to win her heart. Preetham accepts the challenge.",anantnag ganesh poojagandhi sudhabelawadi padmajarao,yogarajbhat,
1511997,Sirivantha,2006-09-28,2006,kn,"[18, 35]",0.248,0.0,0,Narayana Murthy wages a courageous battle to withstand all pressures and fight against corruption to retain the values he has cherished.,vishnuvardhan shruti k.s.ashwath srinath doddanna,s.narayan,
1502664,Thangigagi,2006-10-20,2006,kn,"[28, 18]",0.251,0.0,0,"The story of a brother - Veerabhadra, who loves his only sister - Gowri a lot. Gowri marries a nice man and moves to Bangalore city. In spite of a warning, Veerabhadra gets into violence and revenge.",darshanthoogudeepasrinivas poonambajwa swethachangappa rangayanaraghu bulletprakash,p.n.sathya,
691305,Ajay,2006-05-04,2006,kn,"[18, 10749]",0.4198,6.0,3,"Ajay hides Paddu in his house without the knowledge of his father, trying to send her to Australia as she has a passport and a VISA. There is triumph everywhere for Ajay, a settled profession, a beautiful wife and defeat of his opponent Prakash Raj and his team.",puneethrajkumar anuradhamehta prakashraj sumithra srinath,meherramesh,
1109929,Hubballi,2006-11-10,2006,kn,"[28, 18]",0.2576,0.0,0,An unidentified person is badly injured but is saved by retired army man and his daughter. He recovers slowly but losses his memory. Will they able to bring back his lost memory?,sudeepa rakshita ananthavelu srinivasaprabhu swasthikshankar,omprakashrao,
1497684,Jothe Jotheyali,2006-09-21,2006,kn,[],0.2432,0.0,0,"Nakul and Divya, heading for divorce. Through flashbacks, we see their love story, marriage, and struggles.  Misunderstandings and neglect lead to separation. After the divorce, Nakul dies saving Divya from a criminal, making her realize his true love.",divyaspandana premkumar darshanthoogudeepasrinivas tharunsudhir sharan,dinakarthoogudeepa,
1169049,Chellata,2006-04-21,2006,kn,"[35, 18]",0.1735,0.0,0,A poor orphan falls in love with a wealthy industrialist.,ganesh rekhavedavyas avinash rangayanaraghu tenniskrishna,m.d.shridhar,
1039873,Neenello Nanalle,2006-07-08,2006,kn,[10749],0.2102,0.0,0,"Santhosh comes from England to India with his mother to attend a wedding. However, he meets a village girl and instantly falls in love with her.",aniruddh vishnuvardhan anantnag chitrashenoy,dineshbaboo,
265662,Naayi Neralu,2006-04-01,2006,kn,[18],0.1752,5.0,1,"A widow meets a young man who claims to be her husband, reincarnated.",pavitralokesh rameshwarivarma sringeriramanna ananyakasaravalli ashwinbolar,girishkasaravalli,
755520,Thandege Thakka Maga,2006-03-31,2006,kn,[],0.1655,7.5,1,A 2006 Kannada film,ambareesh upendra bankjanardhan,s.mahendar,
1514575,Julie,2006-05-12,2006,kn,"[18, 10749]",0.1916,0.0,0,"A couple faces challenges when the girl gets pregnant before their marriage. Her lover forces her to abort the baby, but she refuses and decides to raise it against social humiliations.",divyaspandana dinomorea sihikahichandru rameshbhat chitrashenoy,poornimamohan,
1110346,Mandya,2006-01-06,2006,kn,"[28, 18]",0.1149,0.0,0,A young and honest police officer comes to Hubli to put an end to the criminal activities. He finds it difficult to achieve his objective when he is confronted by a powerful family of,darshanthoogudeepasrinivas rakshita radhikakumaraswamy swasthikshankar diganthmanchale,omprakashrao,
276233,Sevanthi Sevanthi,2006-04-14,2006,kn,"[18, 10749]",0.1169,0.0,0,"Singer Devu attracts the attention of the lovely Sevanthi with his beautiful voice, but he misreads her appreciation as love and pursues her with purpose, only to see his world shatter when he learns she's engaged to married. The love-struck Devu then decides he will stop at nothing to prevent the wedding in this Kannada-language treat, featuring the songs ""Chellidaru Malligeya,"" ""Jaaji,"" ""Bhaggada Balegara,"" ""Mayadhanta"" and ""Namliyetanada.""",vijayraghavendra divyaspandana mukhyamantrichandru doddanna komalkumar,s.narayan,
1226908,Ganda Hendathi,2006-06-27,2006,kn,[],0.207,2.0,2,,vishalhegde sanjjanaagalrani tilakshekar praveen manjubhashini,ravisrivatsa,
721807,Care of Footpath,2006-11-24,2006,kn,"[18, 10751]",0.0764,0.0,0,"An orphan slum boy who is adopted by an old lady who finds him on a footpath. She brings him to live with her in the slums. With his friends, he makes a living picking up selling rags. An encounter with some school going students, who call him an uneducated brute, changes the life of this slum boy. He takes up a personal challenge to attend school and get educated. The film depicts how this slum boy faces hardships in getting admission and attending schools and in fulfilling his dream to become educated.",kishanshrikanth jayashreeb.,kishanshrikanth,
1508930,Hatavadi,2006-03-24,2006,kn,"[18, 10402]",0.0416,0.0,0,"Balu, a passionate singer, is shattered when he is diagnosed with a brain tumour. However, he does not give up on his dreams and struggles to make a mark as a singer.",v.ravichandran radhikakumaraswamy sharan k.s.l.swamy rameshbhat,v.ravichandran,
1513683,Odahuttidavalu,2006-09-01,2006,kn,"[18, 10751]",0.075,0.0,0,"A man, who owns a pot making business, faces several obstacles in getting his sister married. When nothing works out, he sells his land in order to collect money for the dowry.",v.ravichandran rakshita radhikakumaraswamy bhavya ashalatha,omsaiprakash,
1503626,mohini 9886788888,2006-08-11,2006,kn,[],0.0143,2.0,1,"Rajesh, a businessman, rejects Mohini and decides to stay with his family. After Mohini dies, her spirit starts following Rajesh and troubles him.",,,
1659290,Veeru,2006-01-27,2006,kn,"[18, 28]",0.0,0.0,0,Veeru (Pankaj) hailing from a downtrodden family is interested in studies. His father dies without clearing the debts of the village chieftain Mullayya (Prakash Heggodu). Mullayya does not allow the body to lift for cremation till his debts are cleared. In lieu of his loans he takes away Veeru to work as slave in the house till his father’s loan is cleared. This tragedy for Veeru’s mother Paru (Umasri) dips in misery. She works day and night with two more kinds to clear the loan of Mullayya so that her son Veeru is left free for education.,,,
282634,"#73, Shantinivasa",2007-06-15,2007,kn,[18],0.8048,6.0,1,"When Raghu enters a dysfunctional family as a cook, he clears their misunderstandings and brings the members closer to each other. However, there is more to him than what he shows.",sudeepa vishnuvardhanbabu shivarajkumar rameshbhat vaishalikasaravalli,sudeepa,
691310,Arasu,2007-01-25,2007,kn,"[18, 10749]",0.7277,5.0,3,"Shivaraj falls in love with his manager's daughter, Shruthi. However, she refuses his proposal and challenges him to first earn Rs 5000 without using any influence. Shruthi makes Shivaraj a better person, and they both fall in love. But Shruthi finds out that her best friend Aishwarya is also in love with Shivaraj so she gives up her love for her best friend. Later when Aishwarya learns about SHruthi too being in love with him, she feels guilty and backs off the relationship. Instead, Shivaraj comes up with a mind baffling situation and he sets up both the girls with two of his friends and he finds another girl for himself.",puneethrajkumar divyaspandana meerajasmine srinivasamurthy komalkumar,maheshbabu,
340923,Parodi,2007-03-02,2007,kn,[],0.8398,0.0,0,"A remake of the 1994 Hindi film Krantiveer, it follows a rebellious youth (Vijay) who combats social injustice and corruption in his community after being disowned by his family.",upendra sadhukokila pradeepramsinghrawat nehapendse umashree,omsaiprakash,
81239,Aa Dinagalu,2007-10-19,2007,kn,"[18, 80, 10749]",0.7164,7.0,6,"Chetan loves Mallika but his father hires an underworld don, Kotwal, to break their relationship. Irked by his father's actions, Chetan approaches Kotwal's rival, Jayaraj, to defeat him.",chethankumar archana sharathlohitashwa ashishvidhyarthi atulkulkarni,k.m.chaitanya,
674863,Duniya,2007-02-23,2007,kn,[],0.5523,7.0,2,"A poor manual labourer, Shivu, hopelessly tries to arrange money to carry out a funeral for his mother and rescues a girl from thugs along the way.",duniyavijay rangayanaraghu kishore yogesh m.chandru,duniyasuri,
1137123,Geleya,2007-10-19,2007,kn,[80],0.5034,0.0,0,Guru and Vishwa are the best friends from the same village. They migrate to Bangalore city in search of a job and better living.,prajwaldevaraj kishore tarunchandra kiratbhattal bulletprakash,a.harsha,
1512167,Manmatha,2007-08-03,2007,kn,"[28, 18, 10749, 35]",0.4295,0.0,0,"Putswamy wins Lakshmi's heart when he helps her regain her vision. Trouble ensues when Soorya develops an interest in Lakshmi, unaware that she has received his deceased love interest Priya's eyes.",jaggesh gurleenchopra komalkumar poojagandhi honnavallikrishna,nrajeshfernandis,
353303,Anatharu,2007-09-14,2007,kn,"[18, 28]",0.5237,0.0,0,"Abandoned at birth, Rudra lives and works in a graveyard and is socially challenged. When he lands in prison, he meets Sathya, who truly cares for him, but Sathya's death unleashes the demon in Rudra.",upendra sanghavi rambha darshanthoogudeepasrinivas radhikakumaraswamy,sadhukokila,
715601,Ee Bandhana,2007-12-21,2007,kn,"[18, 10751]",0.6426,2.0,1,"Remake of  Hindi film Bhagban(2003), which itself is an unofficial adaptation of Make Way for Tomorrow (1937). An old couple sacrifices everything so their children live a happy life. However, they are forced to separate and subjected to ill-treatment and disrespect in their children's homes.",vishnuvardhan jayaprada darshanthoogudeepasrinivas anantnag tara,vijayalakshmisingh,
521400,Milana,2007-09-14,2007,kn,"[10749, 18]",0.4745,7.3,6,"Hero is in love with a girl who is forced to marry a police officer. Hero is later forced by his parents to marry a girl liked by them. Here starts the trouble again, even she wants a divorce from him. Will hero divorce her or they are happy with each other is the later part of the story",puneethrajkumar poojagandhi parvathythiruvothu dileepraj sumithra,prakashveer,
1233890,Jambada Hudugi,2007-06-15,2007,kn,[],0.3497,0.0,0,"This movie follows Priya, a mischievous yet kind-hearted doctor, as she navigates life with a non-committal boyfriend and his family.",yash priyahassan,,
282637,Santa,2007-05-18,2007,kn,[28],0.2433,6.0,1,"Santa is a 2007 Kannada film directed by S. Muralimohan and produced by Vijayakumar and K. P. Srikanth. The film stars Shivaraj Kumar, Aarti Chhabria and Sangliana in lead roles. Music was composed by Gurukiran.",shivarajkumar sangliana aartichabria,s.muralimohan,
977041,Prarambha,2007-09-08,2007,kn,[18],0.2661,0.0,0,"A truck driver helps a boy in his quest for finding his mother, and then helps get him reinstated in school, from which he had been dismissed for being HIV-positive.",prabhudeva skandha anuprabhakar jayanthi b.sarojadevi,santoshsivan,
282632,Thayiya Madilu,2007-01-11,2007,kn,[18],0.279,0.0,0,Thayiya Madilu is the Action-Drama movie.Nandakumar (Shivarajkumar) is in the search of his mother.Nanda comes to know about the existence of his mother in Mysore.The situation is so delicate that he is not supposed to reveal that he is the son to his father and mother.,shivarajkumar rakshita jayasudha vinayaprasad doddanna,s.narayan,
256163,Maathaad Maathaadu Mallige,2007-08-24,2007,kn,[18],0.3362,5.7,5,"How a villager Hoovaiah, takes on an MNC and corrupt politicians who try to misguide villagers to acquire a village for mining?",vishnuvardhan suhasinimaniratnam sudeepa niveditha rangayanaraghu,nagathihallichandrashekar,
282635,Gandana Mane,2007-08-24,2007,kn,[18],0.2859,0.0,0,Gandana Mane is a 2007 Kannada film directed by S Mahender and produced by R S Gowda. The film stars Shivaraj Kumar and Gowri Munjal in lead roles. Music was composed by V Manohar.,shivarajkumar gowrimunjal,smahender,
1505942,Amrutha Vani,2007-05-18,2007,kn,"[10749, 18]",0.1986,0.0,0,"Vishwas and Samarth, two best friends, fall in love with the same girl. However, Samarth decides to hide his feelings and sacrifice his love.",naveenkrishna radhikakumaraswamy ajairao doddanna sadhukokila,brrajashekar,
1389195,Ee Preethi Yeke Bhoomi Melide,2007-12-28,2007,kn,[],0.2766,0.0,0,,mallikasherawat prem rohini namratha sharan,prem,
848670,Kaada Beladingalu,2007-10-03,2007,kn,[],0.2518,0.0,0,"While on an assignment,  journalist Sudheshne visits her village. Seeing everyone leaving for the city for work, she resolves to change their outlook.",loknath h.g.dattatreya ananyakasaravalli m.p.venkatrao,b.s.lingadevaru,
282543,Ekadanta,2007-03-16,2007,kn,[18],0.2859,0.0,0,Ekadhantha revolves around a couple and they don't have child.,vishnuvardhan ramesharavind prema rameshbhat mimicrydayanad,sachinpilgaonkar,
592332,Chanda,2007-11-17,2007,kn,"[28, 10749]",0.1852,0.0,0,"The movie is about Kariya (Vijay) who grows up the hard way, is a black, has a good appetite for food, drinks arrack and sleeps well. However, one thing he would not stand is insult to his mother and if that happens it brings out the beast in him. Trouble begins when Kariya hits one of the local men in the village for abusing his mother and he happens to be the family of a don in the village and in another scuffle two more from the don household get beaten up. The don’s daughter Swapna (Shuba Punj) is impressed by the valour of Kariya and expresses her love to him and Kariya with his naïve nature does not understand what love is. Swapna then changes this rock hard man into a man of feelings and sensitivity and when things are heading towards a marriage Swapna shocks Kariya by saying she did this to avenge the insult done to her family. Kariya reacts in an equally harsh manner and though he walks out he is unable to suppress his feelings.",duniyavijay shubapoonja komalkumar sundarraj shobharaghavendra,s.narayan,
282541,Sathyavan Savithri,2007-12-16,2007,kn,"[35, 18]",0.2761,7.0,1,"Sathyavan Savithri is a 2007 Kannada film directed by Ramesh Aravind and produced by Ajay Chandani. The film stars Ramesh Aravind, Jennifer Kotwal, Mohan Shankar, and Aniruddh in lead roles. Gurukiran composed the Music.  Sathyavan, a dentist, flirts with women and does not believe in marriage. But when his grandfather decides to donate their ancestral property, Sathyavan reconsiders his decision to get married.",ramesharavind jenniferkotwal mohanshankar aniruddh komalkumar,ramesharavind,
282633,Lava Kusha,2007-12-13,2007,kn,[18],0.2262,0.0,0,"Lava Kusha is a 2007 Kannada film directed by Om Saiprakash. The film stars Upendra, Shivaraj Kumar, Charmi Kaur and Jennifer Kotwal in lead roles. Music was composed by Gurukiran.",upendra shivarajkumar charmykaur jenniferkotwal sayajishinde,omsaiprakash,
1180275,krishna,2007-10-05,2007,kn,"[18, 10749]",0.137,0.0,0,A modern revision of the age-old Krishna-Rukmini-Satyabhama epic love story.,ganesh poojagandhi sharmielamandre sharan sudhabelawadi,m.d.shridhar,
282540,Soundarya,2007-04-20,2007,kn,[18],0.1327,0.0,0,"Soundarya film is the upper middle class family story who is an industrialist, his wife and daughter are dragged in the mafia land dealings.But he want to lead a peaceful life.mafia threaten the life.Finally, he involves in a criminal action innocently.",ramesharavind rahuldev shriyasharma avinash rudreshnagasandra,echannagangappa,
1180269,Cheluvina Chittara,2007-06-22,2007,kn,"[10749, 18]",0.0971,0.0,0,"A young schoolgirl, Aishwarya, from a rich local don family falls in love and elopes with a small-time mechanic, Maadesha.",ganesh amulya komalkumar,s.narayan,
1502679,Snehana Preethina,2007-07-20,2007,kn,"[10749, 35, 18]",0.1408,0.0,0,"The rich fathers of Adi and Lakshmi hatch a plot to separate them from their poor respective lovers, Sindhu and Soorya. However, Adi soon realises the truth and decides to set things right.",darshanthoogudeepasrinivas adityasingh sindhutolani raailaxmi rangayanaraghu,shahurajshindhe,
1585407,Police Story 2,2007-11-21,2007,kn,"[80, 28]",0.1368,0.0,0,"Agni and Vijay, loyal cops, kill Thimmakka’s son for rape and murder, sparking her revenge. She allies with two dons and manipulates politics to discredit the police. Agni, backed by the honest CM, fights back, killing one don inside the CM’s residence. Thimmakka unleashes Black Tiger, a criminal thought executed, who escaped via corruption. Agni tracks three officials tied to the escape, but Black Tiger kills them, staining Agni’s record. Vijay dies, leaving Agni alone. Black Tiger bombs the city, killing Agni’s mother. Agni chases him to Hong Kong for a final showdown.",shobaraj saikumar rocklinevenkatesh,thrillermanju,police corruption
1504664,Ee Rajeev Gandhi Alla,2007-01-12,2007,kn,"[28, 18]",0.1979,0.0,0,"Inspector Rajeeva and his four colleagues, who work in City Crime Branch, are tasked with eradicating crimes in the city. However, their lives are threatened and they must struggle to survive.",vijayraghavendra rakshita duniyavijay harishrai koteprabhakar,ravisrivatsa,
1180292,Hudugaata,2007-06-08,2007,kn,"[18, 35]",0.1143,0.0,0,"On a journey to Kanyakumari to interview a sports personality, reporter Balu Mahendar meets a wealthy girl who's in dire need of some help.",ganesh karibasavaiah avinash tumkurmohan satyajith,ksanjay,
1502671,Bhoopathi,2007-02-16,2007,kn,"[28, 18]",0.1123,0.0,0,"When Guru's family is assaulted by his ladylove's father's goons, he has to retaliate, which will pit him against the system, and also alienate him from his girlfriend Anita.",darshanthoogudeepasrinivas sherinshringar sumalatha k.s.ashwath mukeshrishi,s.govinda,
1636551,Ondu Preethiya Kathe,2007-03-30,2007,kn,"[10749, 18]",0.1119,0.0,0,"Dejected over his failed love, Sharath becomes a wanderer. He lands in a revolutionary gang, after which his life changes forever.",yagnashetty shankararyan ramakrishna padmavasanthi krishnegowda,krajashekharrao,
1622505,Appachchi,2007-12-14,2007,kn,"[35, 18]",0.0708,0.0,0,"Narasimha (Kashinath) marries Ragini, but his joy is short-lived due to the haunting presence of his former mother-in-law, who believes he betrayed her daughter.",,kashinath,
1511181,Ugadi,2007-07-06,2007,kn,[],0.113,0.0,0,"Kaveri dies, leaving her child with her husband, Sanjay. He plans to meet Kaveri's family, who did not accept their marriage, hoping that they would accept him and their child.",v.ravichandran kamnajethmalani jenniferkotwal srikanth,,
1181096,Gaja,2008-01-11,2008,kn,"[10749, 28]",0.9589,0.0,0,"A cat and mouse chase ensues between Gaja and a rival faction leader over a few startling events. Gaja tries to protect his friend, Krishna, and his lover, Shwetha, who are being targeted.",darshanthoogudeepasrinivas srinath pradeepramsinghrawat shobaraj chitrashenoy,k.madesh,
282630,Satya In Love,2008-03-29,2008,kn,[18],1.0217,0.0,0,"Satya In Love is a 2008 Kannada film directed by Raghava Loki and produced by Ramesh. The film stars Shivaraj Kumar, Genelia Dsouza, Srinath and Bullet Prakash in lead roles. Music was composed by Gurukiran.",shivarajkumar geneliad'souza srinath bulletprakash vinayaprasad,raghavaloki,
224568,Gaalipata,2008-01-30,2008,kn,"[35, 10749]",0.8613,7.4,5,"Three friends, Ganesh (Ganesh), Diganth (Diganth) and Kitty (Rajesh Krishnan) come to Mugilupete. Ganesh falls in love with Sowmya (Daisy Bopanna), a widow, staying with her in-laws Kodandaram (Anant Nag) and Padma (Padmaja Rao) while Diganth and Kitty fall for Kodandaram's daughters Radha (Neethoo) and Pavani (Bhavana Rao) respectively.  While Diganth-Radha and Kitty-Pavani get the green signal for marriage, Sowmya is hesitant to accept Ganesh as her life partner. The director shows how Ganesh wins her heart in a unique way.",ganesh diganthmanchale rajeshkrishnan daisybopanna bhavanarao,yogarajbhat,
587443,Rocky,2008-12-25,2008,kn,[],0.7687,3.0,2,Rocky is a young college student raised in an unloving home. Usha comes from a loving home but lost her mother in death. They meet on her first day of college and it is love at first sight for Rocky.,yash biancadesai santhosharyan k.l.thimmapparaju jaijagadish,s.k.nagendraurs,
678455,Inthi Ninna Preethiya,2008-02-29,2008,kn,"[10749, 18]",0.5523,9.0,1,"Rajeev dejected in life, after he is unable to marry his girl Namana hits the bar. Rajeev is married off to parimala, by his brother with a hope that he mends his ways. His struggle with his addiction forms the plot.",srinagarkitty sonugowda bhavanaramanna rangayanaraghu s.p.balasubramaniam,duniyasuri,
282622,Bandhu Balaga,2008-06-07,2008,kn,[18],0.4904,0.0,0,"Bandhu Balaga is a 2008 Kannada film directed by Naganna and produced by Soorappa Babu and Kamalakar. The film stars Shivaraj Kumar, Poonam Kaur, Tejaswini and Shashikumar in lead roles. Music was composed by Hamsalekha.",shivarajkumar poonamkaur tejaswiniprakash shashikumar doddanna,b.naganna,
1503341,Anthu Inthu Preethi Banthu,2008-08-15,2008,kn,"[10749, 18, 35]",0.6805,0.0,0,"Shivu falls in love with co-worker Preethi who only ignores and insults him. When Shivu goes to his friend's village to attend his wedding, he is shocked to see that the bride is Preethi.",adityababu divyaspandana harishraju srinivasamurthy loknath,veerashankar,
627197,Mussanjemaathu,2008-05-16,2008,kn,"[18, 10749, 35]",0.4144,6.0,2,"Pradeep, a radio jockey hosts a popular programme ""Mussanjemaathu"" where he listens and offers solutions to people's problems, giving them solace. He is left on the spot when he can't find anyone to talk to about his problems.",sudeepa divyaspandana gangavathipranesh mandyaramesh anuprabhakar,mussanjemahesh,
353308,Mast Maja Maadi,2008-12-12,2008,kn,[],0.3699,0.0,0,A 2008 Kannada film.,sudeepa upendra vijayraghavendra diganthmanchale rangayanaraghu,anantharaju,
587468,Bindaas,2008-02-15,2008,kn,"[28, 35, 10749, 53]",0.454,4.0,3,,puneethrajkumar hansikamotwani nassar sumantalwar rahuldev,d.rajendrababu,artist revenge terrorism portrait
587437,Moggina Manasu,2008-07-18,2008,kn,[],0.4363,8.0,3,"Moggina Manasu focuses on the confused state of mind of teenage girls and their relationships with boys. It also touches on teenage pregnancy and ragging in colleges, camaraderie with seniors, and teenagers' disrespect towards their parents and studies.",radhikapandit shubapoonja sangeethashetty manasi yash,shashank,
305223,Gulabi Talkies,2008-07-14,2008,kn,[18],0.3368,4.0,1,"Gulabi is a discarded fifty something woman, an outcast living on an island with the fisher folk. Her obsession for films is fulled with the introduction of a television in her life and her village hut becomes a hub.  Gulabi Talkies is a 2008 Kannada film by acclaimed Indian director Girish Kasaravalli. It is based on a short story by the same name by Kannada writer Vaidehi.[1]  The film premiered at the Osian's Cinefan Festival of Asian and Arab Cinema in New Delhi on 14 July 2008, where it won the Best Film and Best Actress awards in the Indian Competition section. Umashree won the National Award for Best Actress for her performance in the film.",umashree m.d.pallavi,girishkasaravalli,
282626,Paramesha Panwala,2008-12-05,2008,kn,[18],0.2713,0.0,0,"Paramesha Panwala is a 2008 Kannada film directed by Mahesh Babu and produced by Aditya Babu. The film stars Shivaraj Kumar, Surveen Chawla, Srinivasa Murthy and Ashish Vidhyarthi in lead roles. Music was composed by V Harikrishna.",shivarajkumar surveenchawla srinivasamurthy ashishvidhyarthi chitrashenoy,maheshbabu,
282539,Accident,2008-04-04,2008,kn,[18],0.376,0.0,0,Accident is all about the repercussion and aftermath of a fatal and gruesome incident.,ramesharavind rekhavedavyas poojagandhi dineshbaboo thilak,ramesharavind,
282627,Madesha,2008-08-29,2008,kn,[28],0.322,0.0,0,"Madesha is a 2008 Kannada film directed by Ravi Srivatsa and produced by B. M. Govardhan Murthy. The film stars Shivaraj Kumar, Sonu Bhatia, Muni and Ravi Belegere in lead roles.",shivarajkumar sonubhatia muni ravibelegere ravikale,ravisrivatsa,
1181127,Chaitrada Chandrama,2008-09-06,2008,kn,"[10749, 18]",0.2894,0.0,0,"Pankaj, a cricket player, falls in love with his classmate, Ammu, and elopes to Kashmir without playing the national level championship. Subsequently, Ammu's father asks Pankaj to prove his worth.",amulya vijayjatti pankajnarayan shobaraj veenasundar,s.narayan,
1502690,Indra,2008-05-30,2008,kn,"[28, 18]",0.3302,0.0,0,"Aiyanna is a good Samaritan living with his wife and a caring brother. However, when he and his wife are murdered by a gang of criminals, his brother decides to take revenge.",darshanthoogudeepasrinivas namitha sanghavi rameshbhat anandaraj,h.vasu,
1509710,Bombaat,2008-08-08,2008,kn,[],0.1648,0.0,0,"Shalini, a police commissioner's daughter, mistakes Anand for a criminal and gets him arrested with her father's help. Later, Anand rescues Shalini from a group of gangsters.",ganesh divyaspandana,,
1270012,Gooli,2008-03-21,2008,kn,[],0.1914,0.0,0,A 2008 Indian Kannada-language action film.,sudeepa mamtamohandas,p.n.satya,
936480,Mr. Garagasa,2008-04-12,2008,kn,[35],0.3912,0.0,0,"Muniya, a chatterbox, often meets a producer who has several personal problems. However, using ingenious ways, Muniya helps the producer get rid of his personal issues.",komalkumar anantnag t.s.nagabharana rameshbhat vanishri,dineshbaboo,
1181007,Ganesha Matthe Banda,2008-09-06,2008,kn,"[18, 35]",0.2178,0.0,0,"Gayathri and Savithri, with differing outlooks on marriage, marry Shankar and Ganesha. However, Gayathri's reluctance to live with her in-laws and Savithri's obsession with Ganesha creates problems.",vijayraghavendra rameshbhat doddanna anantnag vinayaprasad,phaniramachandra,
1065886,Aramane,2008-04-25,2008,kn,"[18, 10751]",0.2193,0.0,0,"A photographer named Arun befriends Rajashekhara, a wealthy but lonely man who has resorted to drinking to quell his pain. Soon, Arun agrees to help him reunite with his estranged family.",ganesh anantnag romaasrani avinash,nagashekar,family relationships family repairing family connections
1512155,Nee Tata Naa Birla,2008-06-27,2008,kn,"[35, 18]",0.2136,0.0,0,Ravi and Jaggu are friends who are good for nothing and get kicked out of their houses. Hilarious events follow when a politician sends them on a mission to get a secret code from two girls.,v.ravichandran jaggesh poojagandhi jenniferkotwal nikitathukral,nagendramagadipandu,
1283060,Haage Summane,2008-12-26,2008,kn,[],0.2036,0.0,0,"The story revolves around Preetham, who falls in love with Khushi, after reading her diary. However, he soon gets shocked to know that the diary is not hers. How will Preetham deal with this confusion?",kiransrinivas suhasidhami poojagandhi sarathbabu,preethamgubbi,
584837,Minchina Ota,2008-07-10,2008,kn,[],0.1556,0.0,0,"The Movie deals with Bhadra (Sriimurali) living in a slum,He group has rivalry with another group headed by Vijay (Vijay Raghavendra) a middle class Guy,they Both love a City girl (Raai Laxmi), their rivalry intesifies with the girl choosing bhadra over vijay.",vijayraghavendra raailaxmi rangayanaraghu umashree sriimurali,a.m.r.ramesh,
760924,Buddhivantha,2008-09-26,2008,kn,[],0.1505,7.0,1,A 2008 Kannada film.,upendra poojagandhi brindaparekh saloniaswani natanyasingh,ramnathrugvedhi,
691592,Vamshi,2008-10-02,2008,kn,"[28, 80, 18]",0.2707,6.0,2,"An aspiring police officer and trainee Vamshi (Puneeth Rajkumar) is impulsive and aggressive in his ways, with even a little thing unleashing gruesome anger in him. This attitude costs him his dream, as he fails his interview when the panel realizes that he is too compulsive. However, there is a past that warrants for this behavior of his. When he is rejected by the Police academy, he joins his late father`s gang and becomes a goon. This, he doesn`t realize until later, distance him from his mother and lady love. Understanding their importance, when he tries to walk back from the path of violence and immorality, his henchmen do not let him. Will he be able to reform his life for his, and his family`s sake?",puneethrajkumar nikitathukral lakshmi komalkumar sundarraj,prakashveer,
1512159,Kodagana Koli Nungitha,2008-08-22,2008,kn,"[35, 18]",0.168,0.0,0,"Balu postpones his marriage plans to fulfil various family responsibilities. But things change when he accidentally meets Lakshmi, who is actually a royal heiress pretending to be a poor girl.",jaggesh poojagandhi rangayanaraghu sharan sadhukokila,vasu,
1230468,Arjun,2008-08-12,2008,kn,[],0.187,0.0,0,Police officer Arjun has strong moral values and lets criminals off with a warning. But he is in a fix when he learns that his father is paying petty criminals to help him catch big criminals.,darshanthoogudeepasrinivas anantnag urvashi sanjjanaagalrani meerachopra,shahurajasindhe,
1224579,Neene Neene,2008-06-06,2008,kn,[18],0.1216,0.0,0,Two independently thinking software professionals are bound by marriage. They remain united because of the maturity they show in dealing with their differences.,aishwaryanag sammirdattani anantnag,,
1178341,Thayi,2008-05-01,2008,kn,[18],0.0706,0.0,0,"Raju is against certain policies at his workplace. So he forms a union of workers, which later clashes with the management that believes in autocratic rules.",pramilajoshai kumargovind srinivasamurthy sundarraj abhinaya,baragururamachandrappa,
1635557,Suryana Kudure,2008-01-01,2008,kn,[18],0.0362,0.0,0,"A poignant short story following an urbanized narrator, Ananthu, returning to his village and reconnecting with his childhood friend, Hade Venkata. If you feel at home and tune in to DD Chandana, you might catch this film. There is also a wonderful play by Students of Ninasam Theatre Institute 2008-09 by same director.",suchendraprasad,ganeshm,
548850,Bhanta,2008-09-13,2008,kn,[18],0.0261,8.0,1,"Bhanta is a Kannada drama movie, directed by Vishal Shekar. The cast of Bhanta includes Adi Lokesh, Rupa Sri and Pavan Kumar N R.",adilokesh rupasri pavankumarnr,vishalshekar,
1557401,Chili Pili Hakkigalu,2008-04-04,2008,kn,[],0.0,0.0,0,"A group of children are always up to no good and get into mischief. When their teacher catches them red-handed, she informs their parents and gets them into trouble.",,,
1298288,Gokula,2009-11-27,2009,kn,"[10751, 35, 18]",0.9323,0.0,0,"The film is about four orphans who unite and plan to make quick money to lead a lively life. They enter an elderly couple's home and try to loot the property by disguising themselves as the couple's children. As time passes, the situation becomes very emotional, and they grow very attached to the couple.",vijayraghavendra yash poojagandhi nakshatra srinivasamurthy,prakashveer,
256159,Veera Madakari,2009-03-20,2009,kn,"[28, 35, 18, 10749]",0.6632,5.8,6,"Madakar is an honest police officer who is murdered by a local thug, Babji, and his son Munna. After his death, his daughter is mysteriously left at the door of Sathyaraju, Madakar's lookalike.",sudeepa raginidwivedi,sudeepa,remake
1522855,Namyajamanru,2009-02-27,2009,kn,"[10751, 18]",0.7585,0.0,0,"Urmila and Shashank are a happily married couple. But their relationship is tested when Alok, a soldier, claims that Urmila is his lover and her real name is Charulatha.",vishnuvardhan navyanair vijayraghavendra lakshmigopalaswamy anantnag,t.s.nagabharana,
423343,Raam,2009-12-25,2009,kn,"[10749, 35, 18]",0.4075,5.5,4,"Pooja's rich uncles try to forcibly marry her off and Raam rescues her from this marriage. She falls in love with him, but her uncles don't approve of him. Now it is up to Raam to win their hearts.",puneethrajkumar priyamani rangayanaraghu doddanna sharathlohitashwa,k.madesh,
1321417,Kabaddi,2009-07-03,2009,kn,[],0.5158,0.0,0,"It features real life Kabaddi players as important roles, while veteran actor Kishore played the role of a passionate sports coach. The directorial debut film, is a love story based around the sport of Kabaddi. Though it didn't perform well at the box office, critics named it one of the top Kannada films of 2009",avinash kishore escortsrinivas sriraksha dharma,narendrababu,
1182708,Kempa,2009-01-09,2009,kn,"[28, 18]",0.4122,0.0,0,The story is set on the backdrop of Gopinatham village where Kempa (Santosh) is living with his sister Pragna (Nayana) and his life changes when the STF forces who arrive there in the search for Veerappan end up killing her. Kempa is out to seek revenge and in no time kills the three STF guys who did it,santhoshbalaraj saidhanshika pradeepramsinghrawat luckyshankar avinash,,
1247142,Birugaali,2009-02-06,2009,kn,"[28, 18]",0.4262,0.0,0,"Hacchi is an orphan who lives in a slum and works for a gangster. Trouble ensues when he tries to change himself for the woman he loves, while his employer's daughter also falls in love with him.",chetankumar kishore tara kuriprathap,a.harsha,b movie kannada rustic action
282615,Nanda,2009-01-22,2009,kn,[28],0.3536,0.0,0,"Nanda (Shivarajkumar) owns a canteen in the college and given his age and maturity, he is referred to as senior by all the students and they take his advise on various issues. In all this, there is one girl who goes by the name of Kavya (Sandhya) who is in love with him since Nanda helps in getting her sister married.Nanda falls in love with Kavya but as fate would have it, he tends to fall on the wrong books of Kavya",shivarajkumar sandhya maheen rangayanaraghu vanithavasu,anantharaju,
463203,Manasaare,2009-09-25,2009,kn,[10749],0.4902,7.0,1,A guy is mistakenly stuck in a mental asylum where he falls in love with a girl.,diganthmanchale aindritaray neethushetty achyuthkumar rajutalikote,yogarajbhat,
1250956,Jeeva,2009-11-27,2009,kn,"[18, 10749]",0.4936,0.0,0,"The Films Unfolds The Story Of Brat Young Man In The College, He Falls In Love With Priya. After Transformation He Decides To Marry Priya But, The Story Takes A Twist When He Gets To Know That He Is Suffering From Cancer Is The Tagline Of The Story.",ruthuva prajwaldevaraj rangayanaraghu shraddhasharma kishore,prabhusrinivas,
1337745,Gilli,2009-10-16,2009,kn,"[10749, 18, 35]",0.3448,0.0,0,"Guru a.k.a. Gilli is a young underachiever who frequently vents his frustrations through public outbursts. When Anitha, whose family has fallen on hard times, moves into his housing colony, he soon decides to pursue her with his love, but she keeps rejecting his advances.",gururajjaggesh rakulpreetsingh sudhabelawadi srinivasamurthy yathirajjaggesh,raghavaloki,remake tragic love
691609,Raaj,2009-08-14,2009,kn,[18],0.2302,4.0,2,"Hailing from a small village, Muthuraj aspires to be a great actor someday. He goes to the city to pursue his dreams and gets the role of a junior artist. His diligence gets him into the good books of an assistant director who casts him as lead in his new film. But the lead actress leaves the project when she discovers this. Or is this the real reason? Raaj the Showman finds out.",puneethrajkumar priyankakothari manjubhashini rekhavedavyas ramanithuchaudhary,prem,
282617,Devaru Kotta Tangi,2009-11-11,2009,kn,[10751],0.4011,0.0,0,Devaru Kotta Tangi movie is based on the brother-sister sentiment. Shivaraj Kumar and Meera Jasmine are playing the Brother and Sister roles.,shivarajkumar meerajasmine monica avinash sadhukokila,omsaiprakash,
1181130,Mooru Guttu Ondu Sullu Ondu Nija,2009-11-06,2009,kn,"[18, 35]",0.3548,0.0,0,"When the parents of four boys and girls go on a pilgrimage, they call over their respective lovers for a fun day. But a villager soon arrives claiming to be a distant relative, causing much confusion.",ramesharavind sudhabelawadi komalkumar mandyaramesh sharan,dineshbaboo,
521404,Male Barali Manju Irali,2009-07-31,2009,kn,"[10749, 18]",0.254,0.0,0,"Male Barali Manju Irali is a 2009 Kannada drama film directed by Vijayalakshmi Singh. The movie draws inspiration from Sabrina (1995 film) starring Harrison Ford, Julia Ormond, and Greg Kinnear and was directed by Sydney Pollack.",srinagarkitty parvathythiruvothu nagakiran jaijagadish hariprriya,vijayalakshmisingh,
1224587,Josh,2009-04-10,2009,kn,"[35, 18]",0.3031,0.0,0,"Rockey, the son of a middle-class couple, falls in love with Meena and ignores his studies. While his friends pass with flying colors, Rockey is love-struck. When he comes to know he cannot win over Meena, he falls in love with Meera who also rejects him. Aside from Rockey's path, ""Josh"" also follows Robo Meena, Meera, and Sneha's path who struggle with their studies. In this coming-of-age story, the decisions each student takes will drastically impact who they become by the end of the film.",rakeshadiga sharan nithyamenen poorna,shivamani,josh rakesh adiga shivamani
716035,Savaari,2009-04-10,2009,kn,"[18, 10749]",0.2802,0.0,0,"Abhiram, a wealthy man, falls in love with Janaki, a doctor who serves the poor and needy. He dislikes her profession and tries to change her but things get complicated.",raghumukherjee kamalineemukherjee srinagarkitty sumanranganathan h.g.dattatreya,jacobvarghese,
1033399,Junglee,2009-02-06,2009,kn,[18],0.1451,0.0,0,"Junglee, a small-time actor, joins the world of crime. Soon, he meets Padma and they fall in love, but things turn upside down when he unknowingly kills Padma's father in a fight.",duniyavijay rangayanaraghu aindritaray sureshchandra adilokesh,duniyasuri,friendship dark comedy crime scene
1180573,Circus,2009-01-15,2009,kn,"[28, 53]",0.433,0.0,0,"Dhanush tries to prank the authorities by sending a fake threatening letter to bomb a train. However, he soon realises that a terrorist group truly plans to do it and tries to thwart them.",ganesh archanagupta sadhukokila avinash pawankumar,dayalpadmanabhan,
282538,Venkata In Sankata,2009-02-19,2009,kn,[35],0.272,0.0,0,"Venkata In Sankata is a 2009 Kannada film directed by Ramesh Aravind and produced by Naren Manglani, Prakash Amarnani and Ashok Mittal. The film stars Ramesh Aravind, Sharmila Mandre and Meghana Mudhiyan in lead roles. Music was composed by Ricky Kej.",ramesharavind sharmielamandre meghanamudhiyan,ramesharavind,
908213,Ghauttham,2009-04-03,2009,kn,[],0.2848,0.0,0,"Gowtham, a cheerful young lad, hails from a well-to-do family. Unfortunately, he is often misunderstood by his father but his life changes when he falls in love.",premkumar sarah kausalya anantnag mohan,k.rajeevprasad,
1180649,Jolly Days,2009-01-23,2009,kn,[18],0.1603,0.0,0,"A group of college students, who are close friends, face several challenging situations during their four years at an engineering college.",pradeep kishoriballal hanumanthegowda sangeetha aishwaryanag,m.d.shridhar,
282621,Bhagyada Balegara,2009-09-11,2009,kn,[18],0.263,0.0,0,"Bhagyada Balegara movie tells that Bangles are a mark of feminist grace in India. In rural Karnataka and India, a Bangle seller is said to bring about fortunes to the village folk and is also considered as auspicious for ceremonies. Interestingly, the various colours of bangles hold significance for different ceremonies.Though a bangle seller is believed to bring in fortunes in the lives of others how much of fortune will he have in his own life will form the crux of the story.",shivarajkumar navyanair sudhabelawadi anuprabhakar sudharani,omsaiprakash,
1502697,Yodha,2009-06-19,2009,kn,"[28, 18]",0.137,9.0,1,"Captain Ram is a military commando who rescues Patil, the tourism minister of Karnataka from Jehadi terrorists. Taking a liking for his heroics, Patil engages him to provide security.",darshanthoogudeepasrinivas nikitathukral ashishvidhyarthi rahuldev avinash,omprakashrao,
282619,Hatrick Hodi Maga,2009-05-08,2009,kn,"[28, 80]",0.1782,0.0,0,Hatrick Hodi Maga movie is having strong story with some actions.Hodi Maga refers to a mother asking her son to beat up someone. Shivarajkumar plays the lead role.Nicolette Bird is playing the role of teacher and Manju plays mother role.,shivarajkumar manjubhargavi nicolettebird b.jaya mohanjuneja,p.n.satya,
339864,Dubai Babu,2009-05-22,2009,kn,[],0.1364,0.0,0,A 2009 Kannada film.,upendra nikitathukral saloniaswani,b.naganna,
1503059,Abhay,2009-10-02,2009,kn,"[28, 18]",0.0677,0.0,0,"Abhay falls for Aarti, a woman who is betrothed to an unpleasant man and is running away from her engagement. After Aarti shares with him her woes, Abhay devises a plan to save her.",darshanthoogudeepasrinivas aartithakur pradeepramsinghrawat omprakashrao salimbaig,maheshbabu,
1101265,Chirru,2009-11-19,2009,kn,[],0.1082,6.0,2,"A romantic tale, the story begins with Chiru (Chranjeevi Sarja) who grows as an orphan and leads a good life. But his life takes a turn with the entry of Madhu (Krithi), daughter of Home Minister (R.Raghu). Madhu is in love with Dilip, but both find it difficult to express it to their parents. Meanwhile, the Home Minister asks his PA (Bullet Prakash) to trace the man in Madhu's life. Due to a situation Madhu pretends to be Chirus's girlfriend. Chiru fights the goons and protects her and finally decides to get her to Dilip. However, Dilip is not ready. Things go twisted and Madhu feels Chiru is her choice of her life. Chiru by this time has developed a lot of intimacy towards Madhu. Finally it is as expected.",chiranjeevisarja kritikharbanda,,
1107409,Maleyali Jotheyali,2009-12-11,2009,kn,"[35, 18]",0.0336,0.0,0,Preetham escapes from his wealthy father who's hounding him to get married after an astrologer tells that it will be good for the family and meets two interesting girls on his way.,ganesh,,
742283,Kannadada Kiran Bedi,2009-03-27,2009,kn,"[28, 18]",0.063,0.0,0,"When an IPS officer is killed by a criminal gang, her father meets his late daughter's lookalike and then trains her to be just like his daughter in order to avenge her death. Kannadada Kiran Bedi is a 2009 Kannada action drama film starring Malashri in the lead role with Srinivasa Murthy, Rangayana Raghu and Ashish Vidyarthi in pivotal roles. The film released on 27 March, 2009 to mixed reviews. The film recorded as Hit at the box-office. The film has also been dubbed into Hindi as Mumbai Ki Kiran Bedi, in Telugu as Andhra Kiran Bedi, in Tamil as Tamil Kiran Bedi and in Malayalam as Kerala Kiran Bedi.",malashri,,
826181,Eddelu Manjunatha,2009-07-17,2009,kn,"[35, 18]",0.0519,0.0,0,Manjunatha is a lazy man who does not want to struggle to earn a living. He gets married to a hard working woman who works in a garment factory and decides to change his attitude towards life.,jaggesh tablanani yagnashetty guruprasad,guruprasad,
1509154,Www.Bhaya.Com (ಭಯ ಡಾಟ್ ಕಾಂ),2009-12-11,2009,kn,"[27, 18]",0.0429,0.0,0,"Prashanth and his friends, who work in a tech firm, get lost in a haunted place in a jungle and on their return, their computers start operating in a hostile manner.",santhosh madhusagar vikramsoori sunithashetty shankarashwath,v.jagannadharao,
1109482,Bellary Naga,2009-10-09,2009,kn,[],0.0387,0.0,0,"Naga lives with his stepfather, Vishwanath Gowda, and his half-siblings. His life takes a turn when his stepfather makes Naga in charge of his estate, which enrages his half-brother.",vishnuvardhan niranjansudhindra,dineshbaboo,
1001470,Putaani Party,2009-07-07,2009,kn,[10751],0.0214,0.0,0,"A Gram Panchayat (Village Governing Party) in rural India facilitates the functioning of a Makkala Samiti (Children's Committee). The committee acts as a pressure group in trying to get the local governance react to various social issues that it raises. Guided by a sympathetic school teacher, the children’s honesty and persistency ruffles many feathers among the adults, some of whom have been using the ‘Makkala Samiti’ for their own needs.",,ramchandrap.n.,
1659301,Cheluvina Chilipili,2009-08-28,2009,kn,"[10749, 18]",0.0,0.0,0,"Swapna and Balu fall in love with each other, but her father is a strict man and against their love. Problems ensue when Swapna goes missing.",,,
1659297,Chellidaru Sampigeya,2009-04-24,2009,kn,"[10749, 18]",0.0,0.0,0,"The story revolves around Soumya, who returns to her village, where her father fixes her marriage with Potha Raju. However, when Soumya gathers strength and informs her fiancé that she loves Kishore, the fiancé decides to help unite Soumya with Kishore.",,,
282535,Naanu Nanna Kanasu,2010-05-14,2010,kn,[18],1.3453,0.0,0,"Naanu Nanna Kanasu is the depiction of a father’s narration of his own coming-of-age, with the birth and growth of his daughter. It is a remake of  tamil movie, “Abhiyum Naanum”.Uthappa (Prakash Raj), who encounters a chance to meet a young father Jayanth (Ramesh Aravind) and his daughter, on his morning walk. As they introduce themselves to each other, going past the hilarity of the nature of their rendezvous Uthappa begins to narrate to Jayanth how it was to bring up his own daughter, Kanasu (Amoolya).Sharing the better half of this journey of Uthappa’s, is his wife and soulmate Kalpana (Sithara) who is seen to be the saner voice in the Uthappa household. Being quite literally, a letter from a father to a daughter, the story stands testament to the oft-quoted",prakashraj amoolya sithara ramesharavind sihikahichandru,prakashraj,
376074,Porki,2010-01-28,2010,kn,"[28, 80]",1.0619,4.8,5,A cop disguises as a gangster in order to capture a mafia leader.,darshanthoogudeepasrinivas pranithasubhash ashishvidhyarthi sadhukokila avinash,m.d.shridhar,rape fight seduction cop love murder mafia lust killer seductress
674872,Jackie,2010-10-14,2010,kn,"[35, 28]",0.838,0.0,0,"Life takes a turn for Jackie, a happy-go-lucky chap who has to go in search of a girl for whose disappearance he has taken the blame.",puneethrajkumar bhavana harshikapoonacha rangayanaraghu bulletprakash,duniyasuri,
1168160,Ugragami,2010-01-01,2010,kn,[18],0.9395,0.0,0,,kishore neethushetty karibasavaiah vatsalamohan radharamachandra,baragururamachandrappa,
995368,Mr. Theertha,2010-06-25,2010,kn,"[28, 18]",0.7393,0.0,0,"Narayan, a mathematics teacher, wants his son Theertha to pursue a career in mathematics. But Theerta has a strong knowledge of automotive parts and wants to become a mechanic.",sudeepa saloniaswani anantnag geetha doddanna,sadhukokila,
282608,Aithalakkadi,2010-06-04,2010,kn,[35],0.7616,0.0,0,Aithalakkadi is the comedy movie. Rangayana Raghu is playing the role of a director with Bullet Prakash as assistant to him. Neethu as flower seller always dreaming about crazy star V.Ravichandran. Rangayana Raghu role would look at the some of the unique nature of directors but not harm anyone.This is about one of the mad fellow who wants to become a director of a cinema.,rangayanaraghu bulletprakash neetu shivarajkumar sudeepa,jgkrishna,
123196,Super,2010-12-03,2010,kn,[],0.8461,6.2,10,"Super (Kannada: ಸೂಪರ್) (originally known only by Vitarka Mudrā hand symbol) is a 2010 Indian multilingual film written and directed by Upendra.  This utopian film garnered extraordinary reception from critics and the general public for its revolutionary concept of a contrasting futuristic India set in the year 2030, and the contemporary image of India.  With the title of the film depicted only by a symbol, it features Upendra and Nayantara in lead roles and is produced by Rockline Venkatesh, while V. Harikrishna has scored the music. Raking in more than Rs 100 million through satellite television and audio rights even before release, it was declared a superhit in Kannada where it grossed a record Rs 25 million in first three days of the opening weekend. The film grossed over 50 crore (US$9.05 million) and has been declared one of the biggest blockbusters of Kannada cinema.",upendra nayanthara tulipjoshi alibasha,upendra,future utopia symbol
1522845,School Master,2010-01-22,2010,kn,"[18, 10751]",0.5685,0.0,0,"Jagannath is an admired teacher and a doting father to his daughter, Meghana. His life turns upside down when Meghana is kidnapped by mistake for the release of a gangster, Appu.",vishnuvardhan suhasinimaniratnam devaraj avinash mukeshrishi,dineshbaboo,
627200,Shourya,2010-08-20,2010,kn,"[28, 18]",0.4876,0.0,0,"Surya and his sister, Vidya, are orphans who are often mistreated by local ruffians. Years later, Surya grows up and becomes an honest police officer and sets off to find the killers of his guardian.",darshanthoogudeepasrinivas madalasasharma reemawohra sampathraj johnkokken,sadhukokila,
461677,Suryakanthi,2010-10-14,2010,kn,"[53, 28]",0.5209,0.0,0,"Contract killer Rohit comes to Bangalore to kill a girl, but in a twist of fate, he is given charge of an industrialist""s business, and falls in love with his daughter",chetankumar reginacassandra nassar ganeshyadav kishoriballal,k.m.chaitanya,
282532,Crazy Kutumba,2010-02-11,2010,kn,"[35, 18]",0.5132,0.0,0,"Crazy Kutumba is the story of a dysfunctional family bonding during a journey from Bijapur to Bangalore to participate in a TV reality show. A drunkard angry-old man, an aspiring inventor, a fitness freak-fatso, an ideal wife, a cute little dancer girl and a kleptomaniac guy all from the same family fight, scream, laugh, tease, sing, dance and generally have a fun-filled yet highly emotional journey from their small rural hometown to big city in a hope of making all their dreams come true.It’s the journey of discovery of all their strengths and weaknesses. With every new obstacle on the way, the family becomes stronger and realizes the potential of their unity. The film is about dreams of everyone and giving hope that dreams, however big, do come true.",ramesharavind sana karibasavaiah bankjanardhan anantnag,bramamurthy,
282605,Thamassu,2010-06-11,2010,kn,[28],0.3493,0.0,0,"Thamassu is a journey from violence to humanism. Shankar (Shivaraj Kumar) is a police officer and Shanthi (Padmapriya) is a doctor. They both will marry but soon realize that their ways of thinking is different. Over the course of their confrontations, Shankar begins to question himself and realizes that like terrorists, he also believes in violence. Later how he change himself forms the story.It is a story each one of us goes through. How much of what we think as right, really right? How much of what we do as our duty, really service? Agni Sridhar weaves the story marvellously, touching upon issues of state sponsored religious riots, terrorism and the purity of human relationships which goes beyond all boundaries.",shivarajkumar padmapriyajanakiraman harshikapoonacha sudhabelawadi nassar,agnishridhar,
282607,Sugreeva,2010-02-26,2010,kn,"[28, 18]",0.2646,0.0,0,Sugreeva is the Action movie. Shivaraj Kumar and Yagna Shetty are in lead roles. The story revolves around a happily married mechanic hijacking a hospital to save his son who is suffering from heart disease.,shivarajkumar yagnashetty masterchiranjeevi harishraj harshikapoonacha,omprakashrao,
404827,Krishnan Love Story,2010-06-18,2010,kn,[],0.3805,7.0,1,"The story revolves around Geetha (Radhika Pandit), a middle-class girl, who suppresses her ambitions due to poverty. She had to fear the society and also her drunkard brother (Chandru) who always ill-treats her. Though she likes Krishna (Ajai Rao), she elopes with Narendra (Pradeep), son of a rich man, for money. A ghastly incident makes her lead a miserable life unable to face society, but her lover Krishna comes to her help.",radhikapandit umashree achyuthkumar sharan pradeep,shashank,
199583,Aptharakshaka,2010-02-18,2010,kn,"[27, 18]",0.4161,6.7,5,"The story starts off with an ancient painting of Nagavalli (Vimala Raman), distributed as a prize to bharathanatyam dancer Saraswathi (Lakshmi Gopalaswamy), her husband and her family. At the Engagement day of Gowri (Sandhya), one of her friends had fainted by encountering a huge thirty-feet Snake/Serpent, and the bridegroom/fiancé had ran away from the family house fearing of something. All strange incidents happen as the family called for a snake charmer to the house, but the snake charmer had died when he attempted to make the serpent appear.",vishnuvardhan avinash bhavanaramanna komalkumar,,
300289,Kiccha Huccha,2010-10-15,2010,kn,"[28, 10749]",0.3946,4.0,2,A henchman who is loyal to his boss falls in love with a woman who changes his views on life and decides to mend his violent ways.,sudeepa divyaspandana rangayanaraghu srinath girishshivanna,chi.gurudutt,
1002073,Modalasala,2010-10-08,2010,kn,"[10749, 18, 35]",0.323,0.0,0,"A young man named Karthik falls in love with Deepa and decides to propose to her. However, Deepa makes him wait for the approval of her parents, who do not support the union.",yash bhama rangayanaraghu tara avinash,purushotthamc.somanathapura,
1511183,Veera Parampare,2010-10-29,2010,kn,"[28, 18]",0.2732,0.0,0,A respected man residing in a village attempts to protect its sanctity from wicked industrialists who are trying to invade the village for their personal benefit.,sudeepa ambareesh aindritaray vijayalakshmisingh shobaraj,s.narayan,
282533,Hendtheer Darbar,2010-07-02,2010,kn,[35],0.6505,0.0,0,"Shivaramu is a married man who leads a miserly life. However, when he loses his government job, he is forced to join a politician's liquor company to fulfil his wife's greed for money.",ramesharavind meena rangayanaraghu sadhukokila,v.sekhar,
284631,Kanasembo Kudureyaneri,2010-12-10,2010,kn,[18],0.3615,0.0,0,"Irya, a gravedigger, believes that someone in the village dies every time he dreams of Siddhas. But things change when no death occurs despite him seeing an ascetic in his dreams. Based on anthology of short stories Savaari by Amaresh Nugadoni.",vaijanathbiradar umashree akkichennabasappa pavitralokesh,girishkasaravalli,
229430,Pancharangi,2010-09-04,2010,kn,"[18, 35]",0.2942,6.2,6,"A family goes to a village near Mangalore to finalize a bride for the elder son, Lucky, played by Pavan Kumar. Lucky is a US-based software professional, and is a teetotaler, always abiding by the pressure and demands of his parents, so much to the fact that he does not have the courage to speak out that he already has a girlfriend. Bharath Kumar, the youngest son, the character played by Diganth, is a carefree individual with weird ideas on life. Bharath meets a tomboyish girl, Ambika, who is the house-owner's niece, and they begin to mingle well due to the nature of their personalities.  However, following a few unusual twists and turns, the alliance is called off and the groom's family members walk out due to embarrassment. Ambika, who has now developed a strong feeling of love towards Bharath, goes ahead and confronts him. And finally, Bharath too says yes.",pawankumar nidhisubbaiah anantnag ramyabarna padmajarao,yogarajbhat,arranged marriage
282603,Mylari,2010-12-23,2010,kn,[28],0.226,3.5,2,,shivarajkumar sadha sanjjanaagalrani rangayanaraghu bulletprakash,r.chandru,
305826,Ullasa Uthsaha,2010-04-30,2010,kn,"[35, 10749]",0.1654,7.5,2,The protagonist (Ganesh) who is in love with a girl (Yami) tries to help her to meet her childhood love whom she wants to marry.,ganesh yamigautamdhar sadhukokila vithikasheru tulasi,devarajapalan,
991699,Anishchitha,2010-01-22,2010,kn,[18],0.1203,0.0,0,Shankar Bhat practises black magic to get things done and fulfil all his wishes because of which his close ones suffer the consequences.,pavitralokesh devaraj sureshheblikar honnavallikrishna shankarbhat,abdulrehmanpasha,
925640,Huduga Hudugi,2010-11-12,2010,kn,"[35, 10751]",0.1942,0.0,0,"When Sonia is asked to work with Sachin, a television anchor, she is reluctant. However, things take a turn when he decides to help her with her problems and she starts developing feelings for him.",sammirdattani lekhawashington sadha sanjjanaagalrani anitahassanandanireddy,indrajitlankesh,
1180206,Bisile,2010-11-26,2010,kn,[],0.0928,0.0,0,"Vicky, a careless and disrespectful youth, goes out on a picnic with his family to Bisile ghat. There, he falls in love with Anu after they both get lost in the forest and spend three days together.",diganthmanchale jenniferkotwal jaijagadish chitrashenoy shivaram,sandeepsgowda,
1321424,Rasarishi Kuvempu,2010-07-17,2010,kn,[],0.0338,0.0,0,"Born in a remote village of Karnataka, Kuvempu, a language professor, pursues his passion for writing and goes on to become a renowned poet.",c.r.simha,rithwiksimha,
282531,Cheluveye Ninne Nodalu,2010-08-06,2010,kn,[10749],0.0457,0.0,0,"The life of Vishwa, a tourist guide, takes a turn when he meets Prakruthi.",shivarajkumar sonalchauhan ramesharavind premkumar kavya,raghuram,
1557374,Vaare Vah,2010-12-31,2010,kn,[],0.0143,0.0,0,"Adi is constantly bothered by women at work and home. After visiting a temple, he acquires a special ability, which enables him to read the thoughts of all women.",,,
1265733,Nam Areal Ond Dina,2010-06-09,2010,kn,[],0.0,0.0,0,,,,
256024,Vishnuvardhana,2011-12-08,2011,kn,"[35, 53, 10749, 28, 18]",1.2125,5.9,8,No one has entered a biography for him.,sudeepa bhavana priyamani sonusood arunsagar,ponkumaran,
1180564,Shyloo,2011-12-10,2011,kn,"[10749, 18]",0.9336,0.0,0,"A petulant lover escapes prison after learning about an impending marriage between his lady love and a stranger. However, his decision leads to a series of disasters that culminates in a tragedy.",ganesh bhama suchendraprasad rangayanaraghu,s.narayan,
139887,"Love, Wrinkle-free",2011-01-01,2011,kn,[],0.8084,0.0,0,"""Love, Wrinkle-free"" is a slice of life romantic comedy about a dysfunctional family who live in the Calangute area of Goa. Set in the Roman Catholic world of Goa, ""Love, Wrinkle-free"" takes a light-hearted look at the obsession of today's society on 'looks' and 'youth' - a universally recognizable theme that should find resonance across the world.",ashchandler shernazpatel sohrabardeshir seemarahmani ashwinmushran,sandeepmohan,
680735,Kal Manja,2011-02-04,2011,kn,[35],0.771,0.0,0,,rameshbhat guruprasad komalkumar michaelmadhu thrillermanju,t.rameshprabhakaran,
225179,Paramathma,2011-10-05,2011,kn,"[18, 35, 10749]",0.6638,6.8,7,The story of Paramathma focus on the philosophy that those who are very close to heart leave us quickly. A section of the society believes this and longevity is cut short by destiny as villain.,puneethrajkumar deepasannidhi aindritaray anantnag avinash,yogarajbhat,pregnancy love travel
829990,Maryade Ramanna,2011-09-23,2011,kn,[],0.742,0.0,0,Kannada language remake of the 2010 Telugu film Maryada Ramanna.,komalkumar nishashah mukeshrishi upendra doddanna,guruprasad,
408774,Bettada Jeeva,2011-06-17,2011,kn,[18],0.4062,8.0,1,"The story happens in around early forties. A young freedom fighter Shivaramu, lost in jungle while he travels to a place near subramanya, meets two villagers called Deranna and Bhatya. They advice Shivaramu to stay in the house of Gopalayya, a Brahmin living with his wife Shankaramma in Kelabailu. The couple treats Shivaramu well and asks him to stay for couple of more days. They express that their son Shambhu had left them years back. They treat Shivaramu as their own son.  During the stay, Gopalayya narrates the story of his past. Recalls his hardworking days of making a beautiful crop field beside mountain. Shivaramu slowly gets clear introduction to the legendary personality of Gopalayya. Shivaramu gets more curious at his attitude of fighting against nature to build his dreams in a place called Katumule.",suchendraprasad rameshwarivarma h.g.dattatreya lakshmihegde prabhudev,pattabhiramaiahsheshadri,
729156,Dandam Dashagunam: The Police,2011-04-05,2011,kn,"[28, 80, 18, 10749, 53]",0.6022,6.0,1,"The conscientious policeman ACP Surya is a powerful and efficient officer who works for law and order and protects people. One day when he is chasing criminals, he meets Maya and falls in love with her. He had previously thought that no woman could ever touch his heart again. Therefore he behaves a little awkwardly and cannot find the right words. Maya, on the other hand, soon finds out that he is a police officer. When both find their happiness of love, however, fate wants Surya to kill an Underworld Don named Drug Manja. His angry and extremely dangerous brother Tamate Shiva seeks bloody revenge, and does not stop at the relatives or the lovers of the brave policemen who are involved in the case.",chiranjeevisarja divyaspandana p.ravishankar tilakshekar ramesh,k.madesh,drug dealer hero showdown lake beach fight kidnapping hostage gangster psychopath investigation flashback revenge murder betrayal memory police chase criminal police officer urban setting policeman police raid police vigilantism good versus evil
224595,Lifeu Ishtene,2011-09-09,2011,kn,"[18, 35]",0.519,8.0,1,"Vishaal (Diganth) is a careless youngster who does not have any set goals in life. In contrast, his friend Shivu (Neenasam Satish) is serious and advises Vishaal to reform himself. But Vishaal, whose parents allow him a lot of freedom, finds his own way to deal with his love affairs. He falls in love with Nandini (Sindhu Loknath) and wants to marry her. Nandini wants Vishaal to take up a job as it will help her discuss the marriage proposal with her father. He thinks she is the one for him, but only till the point where he has to choose between his music career and her. At this point they break up.  Later Vishaal meets television anchor Rashmi (Samyukta Horanadu) who is ready to marry him but Vishaal realises he wishes to be alone. Meanwhile, his best friend Shivu falls ill and the film ends with both of them video-conferencing about life in general.",diganthmanchale samyuktahornad sathishninasam pawankumar achyuthkumar,pawankumar,
282527,Rangappa Hogbittana,2011-02-10,2011,kn,[18],0.3103,0.0,0,"Rangappa Hogbitna movie is all about a dying old man, who refuses to die, but a bunch of selfish relatives and his son caught in the mess. In short, it is a simple no-frills fun movie.",ramesharavind sanjjanaagalrani,prasannaml,
282599,Jogayya,2011-08-19,2011,kn,"[18, 28]",0.2426,1.0,1,"Madesha, a resident of Karnataka, single-handedly decides to take action against the plight of exploited farmers and changes the political scenario in the state.",shivarajkumar poojagandhi sumitkauratwal gururajhosakote ravishankergowda,prem,
1181141,Jarasandha,2011-11-25,2011,kn,"[28, 10749]",0.2905,0.0,0,"Krishamurthy, a gym trainer, lives with his mother and aspires to win a prestigious title. However, his life changes when he finds himself in the middle of a brutal fight between two warring gangs.",duniyavijay devaraj pranithasubhash rangayanaraghu,shashank,
287986,Hudugaru,2011-05-05,2011,kn,"[28, 18]",0.4052,7.3,3,The story revolves around three friends who are desperately looking out for suitable job opportunities. Their lives get devastated when they try to unite two lovers.,puneethrajkumar yogesh srinagarkitty abhinaya radhikapandit,k.madesh,friendship injury
528920,Police Story 3,2011-07-08,2011,kn,[28],0.3783,0.0,0,,thrillermanju sudeepa sadhukokila shravanth nehapatil,vasu,
991352,Johny Mera Naam Preethi Mera Kaam,2011-06-03,2011,kn,"[35, 18, 10749]",0.3353,0.0,0,"Johny, who attempts to solve the problems of the residents of his colony, kidnaps Priya by accident and falls for her. He tries to woo her but soon realises that she loves someone else.",duniyavijay divyaspandana rangayanaraghu sadhukokila achyuthkumar,preethamgubbi,
463210,Sanju Weds Geetha,2011-04-01,2011,kn,"[10749, 35]",0.4591,0.0,0,"Sanju and Geeta are all set to get married. Unfortunately, the day before their wedding Geeta is kidnapped, and Sanju kills the kidnappers, and is sent to the jail. Can Sanju and Geetha ever meet?",srinagarkitty divyaspandana suhasinimaniratnam rangayanaraghu sadhukokila,nagashekar,
256018,Kempe Gowda,2011-03-11,2011,kn,"[28, 53, 35, 80, 18]",0.4304,5.8,7,An enraged and influential gangster plans the ultimate vengeance against an honest police officer.,sudeepa raginidwivedi p.ravishankar girishkarnad ashok,sudeepa,
256049,Kiraathaka,2011-06-24,2011,kn,"[35, 18, 10751]",0.3709,7.0,3,"Kirataka is a 2011 Indian Kannada romantic comedy film directed by Pradeep Raj, starring Yash and Oviya in the lead roles. It is the remake of Tamil film, Kalavani (2010). The film was a success at the domestic box-office. This was the 3000th Kannada movie to be released.  The film is centered around the rivalry between two neighboring villages with rival gangs in both competing in every aspect. Nandisha (Yash), also known as Gooli is a road side romeo with no real direction to his life. He is flanked by his friends who support him in every act. Meanwhile, he falls in love with Nethra (Oviya), a girl studying at a college in the neighboring town. The rest of the movie revolves around how Gooly manages to win over Nethra despite the rivalry.",yash chikkanna oviyahelen t.s.nagabharana,pradeepraj,
1215368,Shrimathi,2011-07-08,2011,kn,[],0.2857,0.0,0,A 2011 Kannada romantic drama.,upendra priyankaupendra celinajaitly premchopra rekhadas,ravikumar,
760921,Rajani,2011-01-01,2011,kn,[],0.2396,0.0,0,A 2011 Kannada action film.,upendra rameshbhatia aartichabria mukuldev sadhukokila,thrillermanju,
1199877,Raajadhaani,2011-06-03,2011,kn,[],0.3355,0.0,0,Five aimless youths are offered money to assassinate a local gangster. This is the beginning of their downward spiral into a life of crime.,yash prakashraj umashree rameshbhat sheenashahabadi,sowmyasathyan,
463207,Saarathi,2011-09-30,2011,kn,[],0.2286,8.0,3,"Raja, an auto driver, falls in love with Rukmani and ventures out to win her love. However, Rukmani is forcefully sent off to her village to marry her relative, Ajay. Will Raja be able to rescue her?",darshanthoogudeepasrinivas deepasannidhi,,
1338311,Sarasammana Samadhi,2011-12-30,2011,kn,[18],0.1865,0.0,0,"Based on the novel of same name by K. Shivaram Karanth. Sarasamma, a woman who lost her life in the practice of Sati, is worshiped by women in troubled relationships. The movie shows the stories centered to these women and societal issues faced by them.",lakshmihegde shafi radharamachandra pradeepbadekkila manasajoshi,k.n.t.sastry,based on novel or book patriarchy social satire kannada society women novel sati
627770,Kool,2011-08-16,2011,kn,[],0.212,0.0,0,"Kool...Sakkath Hot Maga is a Kannada romance drama, starring Ganesh and Sana Khan. College student Rahul (Ganesh) falls for Kajal (Khan). When Rahul dies in an accident, Kajal moves to Hasiru Bettu, where she meets MJ, who looks like Rahul. MJ is attracted to her but she claims to be in love with Rahul.",ganesh rangayanaraghu h.g.dattatreya sharan,ganesh,
1503604,Prince,2011-03-31,2011,kn,"[28, 18]",0.1911,0.0,0,"Vishnu falls in love with his colleague, Anjali, and they get married. However, trouble ensues when a policeman mistakes him for being a terrorist and Anjali gets killed in the process.",darshanthoogudeepasrinivas nikitathukral jenniferkotwal adilokesh avinash,omprakashrao,
1503102,Boss,2011-01-14,2011,kn,"[28, 53]",0.0872,0.0,0,"A man is ousted from his family by his father due to bad behaviour. However, when he learns that his twin brother has been killed, he sets out to find the culprit.",darshanthoogudeepasrinivas navyanair rekhavedavyas prabhu umashree,r.raghuraj,
325752,Bete,2011-12-23,2011,kn,[],0.0665,0.0,0,The film follows investigative journalist Ashwini as she uncovers a conspiracy after her sister's death exposes a criminal racket involving hospitals and hotels.,ayesha akshay anantnag ishithavyas adilokesh,n.srinivaskaushik,
1512165,Bodyguard,2011-11-04,2011,kn,"[28, 10749, 18]",0.0534,0.0,0,"Jayakrishna is assigned to protect Ammu, the daughter of Ashokanna. Ammu becomes the anonymous admirer of Jayakrishna and soon finds herself trapped in a dilemma which she is unable to resolve.",jaggesh daisyshah spoorthisuresh chi.gurudutt bankjanardhan,t.a.anand,
322189,Maduve Mane,2011-11-04,2011,kn,[],0.055,0.0,0,"When Dushyanth, a corrupt man, kills Preeti, her brother Suraj treads on the path of vengeance. With a plan to ruin Dushyanth's marriage, he intends to get his revenge.",,,
958165,ತಾರೆ,2011-10-21,2011,kn,[],0.0214,0.0,0,"Village boy Diganth is in love with Sanjjanaa. But he has to stay away in the city to complete his studies. Another girl falls for him, but he keeps away from her for his village belle. When he comes back to reclaim his love in the village, misfortune has already struck.",diganthmanchale sanjjanaagalrani doddarangegowda,shivarajhoskere,
1557464,Krishnan Marriage Story,2011-07-15,2011,kn,[],0.0071,0.0,0,"Krishna lives in a joint family and during a visit to his hometown, he falls in love with a girl, Khushi, and marries her. Soon, he finds out that Khushi has a rare ailment.",,,
1321432,Maagiya Kaala,2011-06-24,2011,kn,[],0.0,0.0,0,"Maagiya Kaala  movie is  revolves around a realistic story based Ishwar Chandra written novel Ondu Soorina Kelage. Story revolves around an orphan boy, who is a Buddhist. He looses his parents at a very tender age & finds his parental love in his boss. But unfortunately, his boss also dies of heart attack & this pushes him in the pool of tears. He consults his guru (Buddhist monk) for guidance & his guru advises him to adopt parents from an old-age home.",nishanth bindhushri,kshivarudraiah,
146658,Chaarulatha,2012-09-21,2012,kn,"[53, 18]",1.2584,5.8,6,"Chaarulatha (also spelled as Charulatha) is a 2012 Indian horror film simultaneously made in Kannada and Tamil languages. The film was directed by Pon Kumaran, a former associate to K. Bhagyaraj and K. S. Ravikumar, and features Priyamani in the lead role. The film was an adaptation of the Thai horror film Alone. Sundar C Babu composed the film's music.] The film’s story is about conjoined twins. Produced by Global One Studios and distributed by Hansraj Saxena's Sax Pictures, Charulatha released on 21 September 2012 with dubbed Malayalam and Telugu versions with the same title.",priyamani skandaashok saranyaponvannan seetha p.ravishankar,ponkumaran,conjoined twins
463182,Yaare Koogadali,2012-12-20,2012,kn,"[28, 53]",0.9255,0.0,0,Kumara and Natesa escape from their village and settle in the city. Later they start to work at a gas station. Soon they are chased by a gang of goons; while their actual truth is revealed.,puneethrajkumar bhavana yogesh sindhulokanath girishkarnad,samuthirakani,
755450,Godfather,2012-07-27,2012,kn,[],0.757,6.6,15,A 2012 Kannada film,upendra soundaryajayamala catherinetresa rameshbhat bhumikachawla,sethusriram,
1180254,Parijatha,2012-02-10,2012,kn,"[10749, 35]",0.7082,0.0,0,"Bhaskar, a lazy youngster, in order to begin his career and marry his love Chandrika, decides to start coaching students. Even after finding success, Chandrika's father does not accept their match.",diganthmanchale aindritaray sharan mukhyamantrichandru shakeela,prabhusrinivas,
282524,Nammanna Don,2012-02-16,2012,kn,[35],0.9045,0.0,0,,ramesharavind rajutalikote achyuthkumar rajendrakaranth umesh,ramesharavind,
505727,Chingari,2012-02-12,2012,kn,"[53, 28]",0.9345,4.0,3,Officer Parashuram travels to Switzerland to rescue his girlfriend. He only has five days to rescue his girlfriend from her kidnappers.,darshanthoogudeepasrinivas deepikakamaiah sumithra pradeep sujanlokesh,a.harsha,rescue kidnapping
128232,Koormavatara,2012-04-01,2012,kn,[],0.4228,0.0,0,"In Girish Kasaravalli's gently philosophical character piece, a humble, low-level civil servant cast as the lead in a popular TV serial chronicling the life of Gandhi finds uncanny echoes between his own life and that of the legendary leader — and sets out to correct their mutual failings. (TIFF)",shikaripurakrishnamurthy jayanthi apoorvakasaravalli rashmihariprasad chasva,girishkasaravalli,
225904,Drama,2012-11-01,2012,kn,"[35, 18, 10749, 53]",0.505,6.0,6,"The film starts in a village in Mandya where two youngsters Venkatesha and Sathish, who have failed their pre-degree courses seven times, create problems. Nandini, an ultra-modern girl comes to the village and attracts Venkatesha, who is prepared to do anything for pleasing the girl. Both Venkatesha and Sathish follow Nandini to Mysore, where she is pursuing studies. A strict principal of the college humiliates Nandini when she crosses the limits. Meanwhile, the principal gets murdered and a police officer suspects Venkatesha and Nandini to be behind this murder. There is a lot of confusion when it is revealed that Nandini is the daughter of a Dubai-based don, who is trying to kill a Mangalore-based don. What happens in the end is revealed in an interesting climax.",yash radhikapandit sathishninasam sindhulokanath sampathraj,yogarajbhat,
849210,Rambo,2012-09-07,2012,kn,"[35, 53]",0.5466,3.5,2,"Car brokers Kitty and Premkumar come across a vehicle that contains a corpse. Soon, they learn that the body has a pen drive that holds information about a terrorist plot.",sharan madhuriitagi tablanani sadhukokila rangayanaraghu,,
1142463,Ko Ko,2012-01-13,2012,kn,[10749],0.4401,0.0,0,,srinagarkitty priyamani srihari anuprabhakar harshikapoonachha,r.chandru,
339117,Kalpana,2012-09-28,2012,kn,"[35, 27]",0.4951,2.0,2,"Raghava is a fun-loving youngster who enjoys playing cricket with his friends. But at night he is afraid of ghosts and is always confined to his home under the care of his mother (Umashri). His brother (Achyuth Rao), sister-in-law (Shruthi) and their children live together in the same house. When Raghava and his friends go in search of another ground to play cricket, they find an abandoned field, which, it turns out, is haunted. At home, his mother and sister-in-law witness some strange happenings. With the help of a temple priest, they confirm the presence of a ghostly spirit haunting their home. Raghava begins to act funny and shows effeminate behaviour which is when the presence of the ghost is identified. The film goes on to unravel the mystery of the ghostly Kalpana and her relationship with Raghava.",upendra raailaxmi saikumar babuantony shruti,ramanarayanan,
618176,Anna Bond,2012-05-01,2012,kn,"[28, 10749, 35, 53]",0.6427,6.0,2,"While working in a medical camp in Singapore, Bond Ravi falls for Meera. He encounters her again in a village while shooting a documentary only to later rescue her from a drug lord.  The movie revolves around Bond Ravi (Puneeth Rajkumar) and the journey of his sudden recognition by the common public as a vigilante known as Annabond  He is also accompanied by Chapathi Babu (Rangayana Raghu) in his journey and finds love in Meera (Priyamani) along with the wrath of a gangster `Charlie` (Jackie Shroff), and how he manages to balance it all.",puneethrajkumar nidhisubbaiah priyamani rangayanaraghu avinash,duniyasuri,martial arts kidnapping flashback revenge documentary filmmaking masala
257842,Romeo,2012-07-06,2012,kn,"[10749, 35, 18, 10751]",0.4142,0.0,0,,ganesh bhavana avinash rangayanaraghu sadhukokila,pcshekar,
550221,Mr 420,2012-10-19,2012,kn,[35],0.3897,0.0,0,"An easy go lucky guy and attempts pickpocketing for livelihood. After falling in love with the lady, the hero gets into trouble and how he wins over the circumstances is the story.",pranithasubhash sadhukokila rangayanaraghu ganesh,pradeepraj,
463178,Alemari,2012-03-09,2012,kn,"[18, 10749, 28]",0.4395,6.0,1,"Alemari (Kannada: ಅಲೆಮಾರಿ) is a 2012 released Kannada romantic action drama film starring Yogesh and Radhika Pandit in the lead roles. The story, screenplay, lyrics and direction is by Santhu. The music of the film was composed by Arjun Janya. B. K. Srinivas has produced the venture under BK Srinivasa Productions. The film released in theatres across Karnataka on 9 March 2012.",yogesh radhikapandit rakeshadiga rameshbhat umashree,harisantosh,
627420,Arakshaka,2012-01-26,2012,kn,[],0.3256,3.0,1,"Arakshaka is a Kannada thriller, starring Upendra, Sada and Ragini Dwivedi and directed by P. Vasu. The film explores the strange and inexplicable workings of the human mind and deals with fear, darkness and misunderstandings.",upendra raginidwivedi sayajishinde,p.vasu,
1509711,Dashamukha,2012-04-13,2012,kn,"[53, 18]",0.4293,0.0,0,"Agni is accused of killing his father. The court appoints a committee to look into the matter and Ravindranath, who is a part of the committee, takes it upon himself to prove Agni's innocence.Kannada remake of 12 angry men",v.ravichandran anantnag devaraj avinash ravikale,ravisrivatsa,
569693,Lucky,2012-02-23,2012,kn,"[35, 10749]",0.6837,6.6,5,"A man falls head over heels in love with a woman and takes on a new identity in an attempt to impress her. Along the way, he also seeks the help of her dog to try and win her over.",divyaspandana yash sharan sadhukokila shankarbhat,drsuri,
339865,Katari Veera Surasundarangi,2012-05-10,2012,kn,[],0.4097,2.0,3,"A man gets killed and finds himself in front of Yama, the god of death. In heaven, when he falls for Lord Indra's daughter, he is promptly sent back to Earth. Now, he sets out to avenge himself.",ambareesh upendra divyaspandana ajay doddanna,sureshkrissna,
629360,Edegarike,2012-11-23,2012,kn,"[80, 18]",0.4434,6.8,4,"Sridhar, a hitman, wants to start his life afresh and decides to quit. However, his gang leader, unhappy with his decision, commands him to be murdered.",aditya p.ravishankar achyuthkumar aakankshamansukhani sharathlohitashwa,sumanakittur,
849173,Jaanu,2012-06-01,2012,kn,"[28, 18, 10749]",0.2167,0.0,0,"Siddarth helps Rukmini reach home when she runs out of money on a trip. Rukmini's family attacks Siddarth, but welcome him after learning the truth. Both fall in love, but a surprise awaits them.",yash deepasannidhi rangayanaraghu sadhukokila layakokila,preethamgubbi,
224571,Govindaya Namaha,2012-03-29,2012,kn,[],0.2022,6.0,1,"The film is about Govinda, played by Komal, saving a software engineer who wants to attempt suicide. The software engineer tells Govinda why he tried to end his life and asks Govinda, who is also on the top of a building intending to jump off, for his story. Govinda tells his story in flashback about how he cheated on three girls and how he was cheated by the fourth one.",komalkumar parulyadav madhulika rekhavedavyas annageorgia,pavanwadeyar,
307729,Dandupalya,2012-06-29,2012,kn,"[53, 80]",0.3481,7.0,1,"A gang of notorious criminals go about looting houses, raping and murdering women. Chalapathy, a brave and brilliant police officer, sets out to capture the gang and bring them to justice.",poojagandhi raghumukherjee priyankakothari makranddeshpande ravikale,srinivasaraju,robbery
1321437,Prasad,2012-03-23,2012,kn,[],0.209,0.0,0,Shankar is a mechanic who leads a happy life with his wife Malathi and his sister's daughters. Malathi gives birth to a boy named Prasad who is deaf and dumb. Shankar doesn't love his son because he is physically disabled.,arjunsarja madhuribhattacharya neenasamashwath rameshbhat,manojsati,
1144999,Golmaal,2012-10-26,2012,kn,[35],0.2067,0.0,0,"Golmaal is a 2012 Indian Kannada-language comedy film directed by Pramod Chakravarthy, starring Vijay Raghavendra and Shubha Poonja",vijayraghavendra shubapoonja,pramodchakravarthy,
726319,Kraanthiveera Sangolli Raayanna,2012-11-01,2012,kn,"[18, 36, 10752]",0.2156,3.5,2,Life saga of Indian brave freedom fighter Sangolli Rayanna against British...,darshanthoogudeepasrinivas shashikumar jayaprada umashree,b.naganna,
1063822,Sagar,2012-08-10,2012,kn,[],0.2402,0.0,0,"Rajasekhara is not willing to get into an arranged marriage and lies that he is in love with a girl called Kajal. But, trouble arrives when Kajal actually turns up and is even followed by a gangster.",prajwaldevaraj radhikapandit hariprriya vinayaprasad avinash,m.d.shridhar,
1506361,Narasimha,2012-03-23,2012,kn,"[28, 18]",0.2349,0.0,0,"Varsha falls in love with Narsimha, who has chosen to stay unmarried for the rest of his life. Will Varsha be able to convince Narsimha to marry her?",v.ravichandran nikeshapatel sanjjanaagalrani sadhukokila jayanthi,s.mohan,
282598,Shiva,2012-08-24,2012,kn,[18],0.2683,0.0,0,"Shiva and Julie join forces to defeat the men who killed his father. In order to accomplish their mission, they seek the help of a villain.",shivarajkumar raginidwivedi rangayanaraghu chi.gurudutt ravikhale,omprakashrao,
1506173,Snehitaru,2012-10-05,2012,kn,"[35, 18]",0.1401,0.0,0,"A group of four friends set out to rescue a young boy who has been kidnapped. However, soon their incompetence leads them in the wrong direction.",darshanthoogudeepasrinivas vijayraghavendra tarunchandra sujanlokesh ravishankergowda,k.ramnarayan,
1142447,AK 56,2012-02-10,2012,kn,[28],0.2013,0.0,0,AK 56 is a 2012 Indian Kannada-language action film written and directed by Om Prakash Rao,siddhant sherinshringar sumalatha atulkulkarni,omprakashrao,
680732,Addhuri,2012-06-15,2012,kn,"[10749, 18]",0.1197,3.0,3,"After an unpleasant experience, Poorna decides to leave Arjun. However, Arjun asks for a second chance and requests that she give him six days, within which he will prove that he truly loves her.",dhruvasarja radhikapandit tarunchandra nagathihallichandrashekar tablanani,a.p.arjun,
326449,Sidlingu,2012-01-13,2012,kn,"[35, 18]",0.0819,8.0,1,"Yogesh nurses a childhood dream of owning a car. This desperation makes him befriend anyone who owns a personal car. Hitching rides at ease he strengthens his obsession to own a car. Finally, he comes in contact with Mangala, a school teacher.",yogesh divyaspandana,vijayaprasad,
277831,Appu Pappu,2012-06-08,2012,kn,[35],0.1098,0.0,0,,mastersnehith abbas rekhavedavyas jenniferkotwal komalkumar,anantharaju,
1644162,Dakota Picture,2012-11-01,2012,kn,"[35, 18]",0.0261,0.0,0,Anthony dies of shock when he learns he has won a lottery. Chaos ensues when the lottery ticket seller and others associated with Anthony try to claim the prize money.,,omprakashrao,
1659282,Munjane,2012-03-02,2012,kn,"[10749, 18]",0.0,0.0,0,"Pavithra (Manjari Phadnis) scribbles sweet nothings on whatever material she finds, including vegetables and shirts. Her love story with Manu Murthy (Ganesh) begins when she scribbles a sweet note on a bus going to a different city and is surprised to get a reply from someone at the other end.  Manu, who is a happy-go-lucky guy, finds out that the messages that he gets and exchanges through the bus, are actually written by a girl. They exchange phone numbers in the same way, but the number gets washed off in the rain. Neither therefore knows the other's identity.  Meanwhile, Pavithra's parents arrange for her marriage to a rich boy, who turns out to be Manu. They get married but they don't get along well, and decide to divorce.  Do Manu and Pavithra get back together and discover their true identities?",,,
1557396,Kamsale Kaisale,2012-11-09,2012,kn,[],0.0,0.0,0,A Kannada Movie.,,,
732470,All About Our Familia,2012-07-27,2012,kn,[],0.0,0.0,0,"An evocative account of Famila’s extraordinary courage and extreme vulnerabilities, and those of other transgender people in Bangalore.",,chalambennurakar,
463179,Brindavana,2013-12-26,2013,kn,"[18, 35, 28]",1.2173,4.0,3,"The main story of the movie is about two step brothers Saikumar and Sampath Raj. They are two big shots in a village and both of them are rivals. Karthika Nair and Milana Nagaraj are cousins from the Saikumar and Sampath Raj families. Karthika Nair stays in village, but Milana Nagaraj relocates to the city for her studies. Darshan lives in the same city. In an incident, Darshan helps Milana Nagaraj and they both become friends & finally fall in love.  Meanwhile, Karthika Nair 's marriage is settled with some goonda whom she does not want to marry. So, she asks the help of Milana Nagaraj. Milana Nagaraj tells the whole story to Darshan and asks his help. Darshan enters into the village with the intention to stop the marriage using some clever tricks. While doing that, he fixes many issues in the village and finally he makes both Saikumar and Sampath Raj to stop their rivalry and they all join together at the end.",darshanthoogudeepasrinivas karthikanair milananagaraj saikumar jaijagadish,k.madesh,
282594,Lakshmi,2013-01-17,2013,kn,"[18, 28]",1.097,0.0,0,"Lakshmi is an action-suspense thriller, in which Shivaraj Kumar playing the title role while Priyamani in the female lead role. Lakshmi Narayana alias Lakshmi is a ruthless CBI officer. The film begins with the hero kidnapping a internationally-renowned dancer Akriti. While cops lead by Ravi Kaale capture Lakshmi, they are not aware of his true identity and assume that the kidnapper is being protected by powerful people. Little less they know that he has abducted a terrorist to find clues about his missing wife Priya aka Reshma (Priyamani) and it is believed that she cheated him and left with an underworld don. As he finds the culprits one after another, he gets an anonymous call that make him to come to Hong Kong. His mission is clear - find his wife and kill her along with the kingpin. How he finds his wife? What role does his wife play in the film? Answers to these questions will form the crux of the story.",shivarajkumar priyamani saloniaswani komalkumar dilipraj,raghavaloki,
256027,Varadanayaka,2013-01-25,2013,kn,"[28, 80, 53, 35, 18, 10749]",0.9686,5.7,3,No one has entered a biography for him.,sudeepa chiranjeevisarja sameerareddy nikeeshapatel p.ravishankar,ayyappap.sharma,
302241,Whistle,2013-07-12,2013,kn,"[10749, 27, 53]",0.6421,7.0,1,"Ram, a pizza delivery boy, marries his girlfriend Anu after she gets pregnant. The story takes a curious turn when Ram, who visits Smitha Bungalow to deliver pizza. The drama that follows in the haunted house is linked to diamonds. It’s a remake of Tamil blockbuster 'Pizza'.",chiranjeevisarja pranithasubhash guruprasad,prashanthraj,
255993,Bachchan,2013-04-11,2013,kn,"[28, 53, 10749, 18, 35]",0.6104,5.8,8,"Bharat alias Bachchan is a kind-hearted real estate businessman, who is the MD of the Bharat Property Solutions. He is deeply in love with Anjali (Bhavana), who is doing MS in Bellary and wants to deliver honest service to the needy people. But her wish becomes an obstacle for a mining mafia don.",sudeepa jagapatibabu bhavana parulyadav tulipjoshi,shashank,
282597,Andar Bahar,2013-04-05,2013,kn,[18],0.4734,0.0,0,"Andar Bahar is a 2013 Kannada film directed by Phaneesh S Ramanathapura and produced by Rajanish, Prasad, Ambareesh, Bhaskar, Srinivas and Avinash. The film stars Shivaraj Kumar, Parvathi Menon, Arundathi Nag and Shashikumar in lead roles. Music was composed by Vijay Prakash.",shivarajkumar parvathythiruvothu arundathinag shashikumar chaswa,phaneeshsramanathapura,
289274,Raja Huli,2013-11-01,2013,kn,"[35, 18, 28]",0.7894,7.6,5,"Raja Huli is a 2013 Indian Kannada-language comedy-drama film directed by Guru Deshpande and written by S. R. Prabhakaran. Produced by K. Manju's home production, the film is a remake of the Tamil film Sundarapandian (2012) which was produced and enacted by M. Sasikumar. The film stars Yash and Meghana Raj in the lead roles. The soundtrack and score for the film is composed by Hamsalekha. The film, which made its theatrical release on 1 November 2013, co-inciding with the Kannada Rajyotsava festival",yash meghanaraj chikkanna vasishtan.simha manjumandavya,gurudeshpande,
258093,Myna,2013-02-22,2013,kn,"[10749, 18, 80]",0.5693,3.3,3,"Satya falls for Mynaa, a woman with a physical disability, and marries her. But trouble begins when they meet a doctor who promises to help her but ends up taking her advantage.",chethankumar nithyamenen r.sarathkumar sumanranganathan arunsagar,nagashekar,
219343,Lucia,2013-10-19,2013,kn,"[14, 10749, 53]",0.6602,7.1,58,"A man suffering from insomnia is tricked into buying a drug, Lucia, that makes his desires come true in his dreams, blurring the line between fantasy and reality.",sathishninasam sruthihariharan achyuthkumar hardikashetty balajimanohar,pawankumar,hallucination insomnia lucid dreaming psychological thriller unreliable narrator alternative reality kannada film within a film crowdfunded film independent film meta cinema independent cinema lucid dream kannada film dual role performance kannada cinema independent filmmaking independent cult kannada movie kannada new wave black and white vs color mysterious pill contemporary new wave
1180303,Auto Raja,2013-06-21,2013,kn,"[10749, 18]",0.4691,0.0,0,"Raja, an auto-driver, is in awe of the successful actor Shankar Nag. His life changes when he meets Rani, a village girl, who comes to the city to become an actress",ganesh bhama deepikakamaiah dharma sadhukokila,udayprakash,
1093463,Jatta,2013-10-11,2013,kn,[],0.3788,0.0,0,"When forest guard Jatta's wife runs away with a tourist, he is not able to handle the loss and enslaves another woman in his forest home.",kishore sukruthawagle achyuthkumar pavana prem,,
267618,Googly,2013-07-19,2013,kn,"[35, 10749]",0.4688,6.5,11,"Googly is a 2013 Kannada romantic comedy film directed by Pawan Wadeyar and produced by Jayanna Combines. Yash and Kriti Kharbanda are the lead actors while Ananth Nag and Sadhu Kokila play the primary supporting roles. The film released on 19 July 2013 and opened to a fantastic response at the box office. The film was declared a ""Blockbuster"".",yash kritikharbanda sudhabelawadi neenasamashwath anantnag,pavanwadeyar,
676822,Nam Duniya Nam Style,2013-06-28,2013,kn,"[18, 10749]",0.3474,0.0,0,"Nam Duniya Nam Style is a 2013 Kannada adventure film, written, directed and produced by Preetham Gubbi. It stars Likith Shetty, Vinayak Joshi, Krishna, Sonia Gowda, Milana Nagaraj, Kavya Shetty. The film is ""about three people who hail from different backgrounds and who have been friends for 15 years. The trio are a jovial and fun-loving lot, and are excited about their first travel abroad together"", said Preetham, who admitted he was inspired by the Hindi film Dil Chahta Hai. H C Venu was the cinematographer, while Shaan Rahman composed the music for the movie. The film was extensively shot in Karnataka, Kashmir and Malaysia",likithshetty darlingkrishna vinayakjoshi milananagaraj kavyashetty,preethamgubbi,
282595,Bhajarangi,2013-12-12,2013,kn,"[28, 14]",0.3177,5.0,3,A tantric terrorizes a village called Ramadurga. A man comes to the village to know the mystery of his birth. He learns that his grandfather was killed trying to save the village from the tantrik and he defeats him.,shivarajkumar aindritaray bulletprakash sadhukokila tablanani,a.harsha,
224598,Simple Agi Ondh Love Story,2013-09-28,2013,kn,"[35, 10749]",0.3616,6.5,9,"Rachana persuades her brother to meet her boyfriend's sister, Ithihasini, hoping that cupid would strike them. However, things take a turn when another girl tricks him into falling in love with her.",rakshitshetty shwethasrivatsav srinagarkitty rjrachana,suni,
964929,Dirty Picture: Silk Sakkath Maga,2013-08-02,2013,kn,[18],0.423,0.0,0,"The film portrays the story of an aspiring actress who is ready to go to any extent to make it big in the cinema industry. It was inspired by the life of Silk Smitha, a South Indian actress noted for her erotic roles.",veenamalik akshay sana anithabhat srinivasamurthy,trishul,prostitute pregnancy biography hiv prostitution model movie star
676829,Madarangi,2013-05-10,2013,kn,"[35, 10749]",0.2796,0.0,0,"Deepu, the daughter of a rich businessman, falls in love with her driver Manu. Problems arise when Manu suffers a brain injury and is blamed for the death of an MLA's brother.",darlingkrishna vinayaprasad achyuthkumar avinash sadhukokila,,
463975,Shravani Subramanya,2013-12-27,2013,kn,"[10749, 35]",0.3636,0.0,0,An aspiring singer dreams of making it big in the music industry.,amulya ganesh anantnag tara parulyadav,manjuswaraj,
304650,Story Kathe,2013-05-24,2013,kn,[],0.1528,0.0,0,"Story Kathe movie is based on the two men Veera(Thilak) and Rajeev(Pratap Narayan)and how their fates cross each other, lives intersect and inner worlds ...",prathapnarayan tilakshekar parvatiinair nehapatel,,
343362,6-5=2,2013-11-29,2013,kn,"[9648, 27, 12]",0.2673,5.8,4,Six friends plan for a trek to an undisclosed mountain in the Western Ghats.,darshanapoorva krishnaprakash pallavi tanuja mruthyunjaya,k.s.ashoka,mountain forest trek found footage
1063726,Dilwala,2013-10-04,2013,kn,"[18, 10749]",0.2975,0.0,0,"Dilwala is a 2013 romantic drama Kannada film directed by Anil Kumar (Dilwala Anil). The film stars Sumanth Shailendra and Radhika Pandit.  Shailendra Babu produced this film which was backed with Arjun Janya's music and Sudhakar's cinematography.  Shot at the scenic locales of Bangalore, Mysore, Ooty and Dubai for two songs, the film speaks about a campus romance between a village farmer girl and a rich brat boy. The film received average response from the critics and performed above average at the box-office with the first weekend collections of up to ₹3.7crores.  Prem, a young college student, falls in love with his classmate, Preethi. Things turn sour for the lovers when Jayasimha, Prem's father, asks him to stop seeing Preethi as her father is his enemy.",sumanthshailendra radhikapandit p.ravishankar sharathlohitashwa rameshbhat,anilkumar,
464692,Bulbul,2013-05-10,2013,kn,"[10751, 10749, 35]",0.3539,6.0,3,"A young man rejects a girl's proposal as he is in love with his childhood sweetheart. The girl tries to end her life, this angers her father who is a don and he tries to kill him.",darshanthoogudeepasrinivas ambareesh rachitaram ramyabarna sharathlohitashwa,m.d.shridhar,
605445,Jayammana Maga,2013-08-15,2013,kn,"[27, 28, 53]",0.2339,0.0,0,A mother and a son struggle with their relationship and with paranormal activity. The film is set in the village backdrop and speaks of a mother-son relationship which is falling apart. The film also deals with paranormal issues.,duniyavijay rangayanaraghu honnavallikrishna,vikas,
282520,Chatrigalu Sir Chatrigalu,2013-04-20,2013,kn,[35],0.222,0.0,0,"Chatrigalu Sir Chatrigalu is a 2013 Kannada film directed by S. Narayan and produced by  S. Narayan. The film stars S. Narayan, Mohan Shankar, Ramesh Aravind and Bullet Prakash in lead roles. Music was composed by S. Narayan.",s.narayan mohanshankar ramesharavind bulletprakash mukhyamantrichandru,s.narayan,
726295,Bharath Stores,2013-04-05,2013,kn,[18],0.1661,0.0,0,Govinda Shetty doesn't accept globalization which brought the countries nearer. Because even he was a part when India also accepted these which resulting in the gradual change in the lifestyle by popping up Malls and Marts.,h.g.dattatreya sudharani chi.gurudutt v.manohar,pattabhiramaiahsheshadri,
691728,Director's Special,2013-05-31,2013,kn,[],0.1543,0.0,0,Director's Special is a 2013 Indian Kannada satire comedy film written and directed by Guruprasad. It stars a debutant Dhananjay along with Rangayana Raghu in the lead roles. Actress Pooja Gandhi made a special appearance in an item song. The storyline of the movie was also found in two more Kannada movies—Dasavala and Karodpathi. It was also reported that the concept of all these films could be traced back to the 1996 Spanish language Brazilian film Familia (also known as Segredos em Familia) in which a lonely rich man hires actors to act as his family members on his birthday.,dhananjay rangayanaraghu guruprasad poojagandhi janoopseelin,guruprasad,
1557376,CID Eesha,2013-03-22,2013,kn,"[35, 53]",0.1872,0.0,0,"Shankar, who aspires to become a police officer, establishes his own private detective agency called CID Eesha. However, he faces problems with the police as it is not a registered firm.",jaggesh florasaini rangayanaraghu komalkumar avinash,nrajeshfernandis,
289277,Victory,2013-08-23,2013,kn,"[35, 18]",0.3598,4.8,4,,sharan asmitasood p.ravishankar tablanani avinash,nandakishore,
282596,Kaddi Pudi,2013-06-07,2013,kn,[18],0.1303,8.0,2,"A rowdy sheeter yearns for a peaceful life, but politicians use him as a pawn for their selfish ends and don't allow him to lead a normal life.",shivarajkumar radhikapandit rangayanaraghu aindritaray sharathlohitashwa,duniyasuri,
1344978,Manna Payana,2013-12-30,2013,kn,[],0.1062,0.0,0,"Journeys are about the interludes between coming and going, about marking time from one action to another. Waiting, arrival or departure -- a boy is waiting for his father, playing with his toy while waiting, father arrives, but......",,msprakashbabu,
463950,Adwaitha,2013-12-06,2013,kn,[18],0.1832,5.0,1,Adwaitha is a suspense thriller based on a writer who cheats death by telling stories.,harshikapoonacha neenasamashwath ajairao,bmgiriraj,
1183256,Ziddhi,2013-03-22,2013,kn,"[28, 18, 10749]",0.1238,0.0,0,"Sahana falls in love with her classmate, Krishna, who fights against injustice. But his actions catch Sudhir's eye, a local gangster's younger brother, who is trying to woo Sahana. The film is a remake of 2009 Malayalam film Puthiya Mukham.",prajwaldevaraj aindritaray aishwaryanag,,
536239,Galaate,2013-01-11,2013,kn,[],0.0982,1.3,3,A classic college love triangle story. Ankitha is in love with her college mate Abhi but Abhi falls for her friend Shalini. Who will Abhi eventually choose?,prajwaldevaraj kritikharbanda hardhikashetty shashikumar tara,m.d.shridhar,
1352485,Rajani Kantha,2013-03-01,2013,kn,"[28, 10749]",0.0933,0.0,0,"A man, who is born with a cleft palate, has to face a lot of mockery from people. However, he eventually learns to become stronger.",duniyavijay aindritaray,,
339541,Topiwaala,2013-03-15,2013,kn,[],0.1024,7.0,1,A 2013 Kannada movie.,upendra bhavana,m.g.srinivas,
463181,Charminar,2013-02-08,2013,kn,[10749],0.0695,5.0,2,"The film deals with the life of a man in comparison with the famous monument Charminar in Hyderabad, that shows four important pillars including family, guru, friends and lover.",premkumar meghanagaonkar,r.chandru,
302179,Padhe Padhe,2013-02-15,2013,kn,[],0.0214,0.0,0,"The story is about Sunny, who is a singer in love with Kanchana. There is a twist in the tale as she gets engaged to the son of a politician. Sunny becomes an alcoholic and tries to forget her, but fails. Spoorthi is an event organizer, who is in love with Sunny and helps him to overcome his depression by supporting him to become a popular singer.",akhilakishore,,
1321445,Hajj,2013-07-25,2013,kn,[],0.0,0.0,0,Reservation talks about the side-effects of reservation in general in society. It's one of the most relevant and sensitive issues that needs to be told in an effective manner,nikhilmanjoo,nikhilmanjoo,
343214,Bahaddur,2014-08-19,2014,kn,[10751],1.1656,9.0,1,"Bahaddur is a 2014 Indian Kannada language film directed by Chethan Kumar and produced by R. Srinivas. It stars Dhruva Sarja and Radhika Pandit in the lead roles. The supporting cast features P. Ravi Shankar, Achyuth Kumar, Jai Jagadish and Srinivasa Murthy. The film released on October 3, 2014, in 7.1 surround sound, the first in Kannada cinema.",dhruvasarja radhikapandit srinivasamurthy p.ravishankar jaijagadish,chethankumar,
467216,Small Things Big Things,2014-12-31,2014,kn,[99],0.9653,0.0,0,"If this were a letter, the return address would be: From the students and teachers of Sita School, Silvepura, Bangalore 560090, India. If this were a diary, it would contain entries between 5th June 2012 an 28th April 2013. I return to my first school and join with the present students and teachers in their everyday adventures of learning. Through the stories that unfold we enter imaginary worlds and intimate relationships. 'Small Things, Big Things' is a celebration of when Education becomes Art.",,saumyanandasahi,
335729,Brahma,2014-02-07,2014,kn,[],0.8244,0.0,0,"Brahma, a notorious gangster, escapes to Malaysia. He meets a girl who falls in love with him instantly. Everything changes when Brahma returns to India followed by the girl.",upendra nassar pranithasubhash sayajishinde rahuldev,r.chandru,
306383,Gajakessari,2014-05-23,2014,kn,"[10749, 28]",0.8427,4.8,6,"It deals with the story of Baddi Krishna (Yash),who will be a cool dude in the town. Ananth Nag, who will be the Matadhipathi(chief of temple) will decide to make Baddi Krishna as his successor.Though Krishna will not be interested in the traditional and religious practices,situation will leads him towards that post.",yash amulya johnvijay anantnag prabhakar,s.krishna,
1565850,Software Ganda,2014-12-05,2014,kn,"[10749, 35]",0.6734,0.0,0,"Manu, a software engineer, faces difficulty working under Priya, his short-tempered NRI boss. Priya is forced to leave India due to visa issues and she decides to marry Manu for her selfish needs.",jaggesh nikitathukral sakshiagarwal srinath kuriprathap,venkatesh,
385152,Ugramm,2014-02-21,2014,kn,"[28, 18, 53]",0.6273,6.8,15,"Shivarudra Lingaiah, an MLA candidate, who along with Dheeraj, is awaiting to extract vengeance upon Prabhakar by killing his Daughter Nithya. She arrives at Bangalore to Talagavara to visit her late mother's grave and is kidnapped by Dheeraj's gang on the way. Agastya is an automobile mechanic, who saves her from Dheeraj's gang. He takes her to his house for safeguarding as advised by Prabhakar's family-friend, Vishwa.",sriimurali hariprriya tilakshekar padmajarao atulkulkarni,prashanthneel,protector
262476,Ulidavaru Kandanthe,2014-03-28,2014,kn,"[10749, 18, 53]",0.5623,7.7,24,"Malpe, a small fishing town on the Arabian Coast. Located 6 kms to the west of the temple town, Udupi. Malpe's beaches are washed clean everyday by the sea. The waves ensure that nothing gets left behind on the sands. But then, the waves cannot reach everything. It is the time of the year when Udupi and its surroundings are decked up to celebrate Sri Krishna Janmaashtami. Men and children walk the streets dressed up as characters from mythology. Teams painted as tigers are seen dancing to drum beats all around the town. But violence seems to be brewing in Malpe this Krishna Janmaashtami.",rakshitshetty kishore tara yagnashetty achyuthkumar,rakshitshetty,
448802,Ninnindale,2014-01-16,2014,kn,"[18, 35, 10749]",0.3624,6.0,3,Vicky Venkatesh ( Puneeth Rajkumar) is an adventure enthusiast based in New York. He's tried everything from sky diving to rock climbing. Pramila (Erica Fernandes) comes to New York in ...,puneethrajkumar ericafernandes brahmanandam soniadeepti sadhukokila,jayantparanji,romance
256023,Maanikya,2014-03-28,2014,kn,"[28, 53, 10749, 35, 18]",0.4813,5.2,4,A village strives to overcome the rivalry between two ancient factions.,sudeepa v.ravichandran ranyarao varalaxmisarathkumar ramyakrishnan,sudeepa,
1064341,Jai Lalitha,2014-06-27,2014,kn,[],0.3491,0.0,0,"Jai Lalitha is a remake of Malayalam movie Maya Mohini and it is a comedy entertainer in which, Sharan will be seen in female role thought the movie.  The film starts with a plane accident in which a small child narrowly escapes. He is then looked after by his maternal uncle, and all the family's wealth will be inherited to him. As per their astrologer, in the future he should marriage a girl whose star is Chothi Nakshatra, only then will he prosper in life. The boy grows up to be a young man, who is unsuccessful in anything he does.  He falls in love with the daughter of a wealthy businessman, who is settled in Mumbai. When he gets to know about their relation, he objects. In the meantime a friend of Sharan tries to convince Sharan's uncle about the marriage and the uncle agrees to visit the couple. But then, on the second day of the marriage Sharan's lover leaves him and returns to Mumbai.",sharan dishapandey ravishankergowda harishraju aishwaryadevan,ponkumaran,
511709,Gharshane,2014-01-03,2014,kn,[],0.4546,0.0,0,"Gharshane is a 2014 Indian Kannada language action thriller film directed by Dayal Padmanabhan, and is a remake of the 2011 Tamil film, Yuddham Sei. It stars Malashri, Ashish Vidyarthi and Ayyappa Sharma in the lead roles. The supporting cast features Roopika, Muni and Keerthiraj.",malashri ashishvidhyarthi ayyappap.sharma roobika suchendraprasad,dayalpadmanabhan,
322173,Mr & Mrs Ramachari,2014-12-25,2014,kn,"[10749, 28, 18]",0.548,6.4,9,"Lovers Ramachari and Divya part ways when Divya begins to question Ramachari's love, trust and way of life. Will they reconcile?",yash radhikapandit achyuthkumar srinath malavikaavinash,santhoshananddram,
328370,Drishya,2014-06-20,2014,kn,"[80, 18, 53]",0.4818,7.3,6,"Rajendra is a family-oriented man and tries to keep them happy. However, when his family commits an accidental crime, he does everything to keep them out of harm's way.",v.ravichandran navyanair achyuthkumar prabhu rohithbhanuprakash,p.vasu,remake
256039,Rangan Style,2014-02-21,2014,kn,"[28, 35, 18]",0.3708,0.0,0,"Rangan Style is a Kannada Romantic Comedy Drama film written and directed by Prashanth S starring Pradeep and Kannika Tiwari in the lead roles. This film also starring Sudeep in an important guest role and also starring Rekha Das, Sadhu Kokila, Gurukiran, Sharath Lohitashwa, Tabla Nani and others.",pradeep kannikatiwari sudeepa sadhukokila sharathlohitashwa,prashanths.,
465027,Ambareesha,2014-11-20,2014,kn,[],0.3425,4.7,3,A simple man from a village comes to a city to make his fortune and will not accept mistreatment from anyone.,darshanthoogudeepasrinivas rachitaram priyamani ambareesh sumalatha,maheshsukadhare,
1129969,Love Is Poison,2014-06-20,2014,kn,[],0.2546,0.0,0,,poonampandey nagamagalajayaram shrutiraj sadhukokila bulletprakash,nandanprabhu,
356776,Adhyaksha,2014-08-15,2014,kn,[35],0.4505,3.5,2,"Adhyaksha is a 2014 Indian Kannada language comedy film directed by Nanda Kishore. It stars Sharan, Heeba Patel, P. Ravi Shankar, Malavika Avinash, Chikkanna and Ramesh Bhat. It is a remake of the Tamil film Varuthapadatha Valibar Sangam.  The music for the film and soundtracks were composed by Arjun Janya.",sharan hebahpatel chikkanna p.ravishankar asmitasood,nandakishore,
668763,Power,2014-08-28,2014,kn,"[28, 35]",0.3225,4.0,3,"A politician slips into coma after being attacked by criminals. He wakes up several years later to find his son having taken up his responsibilities. However, things are not what they seem to be.",puneethrajkumar trishakrishnan prabhu kellydorji rangayanaraghu,kmadesh,coma flashback revenge police officer
282592,Aryan,2014-07-25,2014,kn,[10749],0.2154,3.0,2,"Aryan, a successful athlete-turned-coach, takes Shwetha under his wing, and moulds her into an ace athlete.",shivarajkumar divyaspandana raghumukherjee sarathbabu bulletprakash,d.rajendrababu,
464881,Dil Rangeela,2014-03-07,2014,kn,"[35, 10749]",0.4788,4.0,1,"Preetham, a chef and a compulsive liar goes on a secretive, fun trip to Goa after getting engaged to his rich employer's only daughter.",ganesh rachitaram priyankarao rangayanaraghu achyuthkumar,preethamgubbi,
476946,Ragini IPS,2014-03-28,2014,kn,[],0.3434,7.5,2,A female IPS officer is fighting against corruption and corrupt people.,raginidwivedi avinash achyuth rameshbhat upendra,anandp.raju,
864531,Chandralekha,2014-03-07,2014,kn,"[35, 27, 9648, 10402]",0.2359,0.0,0,Four people who decide to commit suicide at a resort find themselves haunted by a vengeful ghost. (A remake of the Telugu film Prema Katha Chitram (2013)),chiranjeevisarja shanvishrivastava sadhukokila nagashekar haridas,omprakashrao,suicide remake ghost
296023,Super Ranga,2014-09-19,2014,kn,"[28, 35]",0.1894,2.0,1,,upendra kritikharbanda raghumukherjee ramakrishna,sadhukokila,
722438,Fig Fruit and The Wasps,2014-10-19,2014,kn,[],0.244,0.0,0,"Gowri, a documentary filmmaker, travels with her cameraman Vittal to a remote village in search of a musical teacher for her project, which requires her to study how music is shaped by different locations. However the musician is nowhere to be found. The two are forced to wait for his return.",bhavaniprakash ranjitbhaskaran manjunathbelakere achyuthkumar raviphoenix,msprakashbabu,
951391,Chaali Polilu,2014-10-30,2014,kn,[],0.18,0.0,0,"It tells the story of three best friends named Pandu, Damu and Manju. All three of them are up to no good as they never showed interest in studies, and are now jobless. In order to make a living, they try different things but end up in a big problem. Will they be able to manage their way out of this situation?",padmajarao aravindbolar devadaskapikad arjunkapikad naveend.padil,veerendrashetty,
325722,Thirupathi Express,2014-09-05,2014,kn,[35],0.1773,2.0,3,"Thirupathi Express' is a clean fun-filled family entertainer, starring Sumanth Shailendra and Kriti Kharbanda in the lead roles. . The film is a travel love story. The family of Sumanth is bound to Tirupathi, while on the journey he meets many characters, turning out to be a roller coaster ride of adventure. What happens when he misses the train, forms the crux of the story.",kritikharbanda sumanthshailendra ashok sadhukokila bulletprakash,ponkumaran,
1339151,Huccha Venkat,2014-11-28,2014,kn,"[28, 10749]",0.1908,0.0,0,"Venkat, a vigilante, falls head over heels in love with Ramya. She spurns his love, but he tries to impress her at all costs.",hucchavenkat kavithabist r.n.sudarshan rameshbhat rameshpandit,,
1120011,Namo Bhootatma,2014-10-28,2014,kn,"[27, 35]",0.1177,0.0,0,"A man inherits a bungalow which he renovates and turns into a hotel. As customers begin to arrive, each one invariably ends up dead and the owner begins to suspect that the house may be haunted.",komalkumar iswaryamenon anaswarakumar gayathriiyer harishraj,murali,
1456935,December-1,2014-04-25,2014,kn,[],0.2012,0.0,0,"Chief Minister's officially organized visit is a great event, particularly to the poor family specially selected to host his dinner & overnight stay in its humble abode. The extra attention bestowed on the family, in preparation for this visit, gives it a feeling of elevated status and a brighter future.  The visit is a great success with a grand welcome, photo shoots, interaction with Press & local leaders, dinner and wide media coverage.  But the family is neglected, faces embarrassment and gets a raw deal driving it to despair.",niveditha h.g.dattatreya santoshuppina,pattabhiramaiahsheshadri,
322348,Khushi Khushiyagi,2014-11-18,2014,kn,[],0.1355,0.0,0,"Khushi Khushiyagi is a 2015 Indian Kannada romantic comedy film directed by Yogi G. Raj, a former associate of directors Preetham Gubbi and Harsha, making his first attempt at the direction.",nandinirai,,
501047,Harivu,2014-12-04,2014,kn,[],0.0945,0.0,0,"After his son suffers from severe illness, the farmer decides to take him to Bengaluru for treatment. Unfortunately, when the son dies, the farmer faces trouble taking the body back home.",sancharivijay,mansore,
463185,Bahuparak,2014-07-25,2014,kn,[],0.0706,3.0,2,"Manas, Mani and Mauni are at a critical stage in their lives wherein Manas is caught in a love triangle, Mani is on his way to become a crime boss and Mauni resorts to corruption for political gains.",srinagarkitty meghanaraj,,
580601,Dosti,2014-06-24,2014,kn,"[10749, 18]",0.0748,0.0,0,"Dosti is a romantic family entertainer. In which, the movie revolves around deep friendship between the friends. There is also a triangle love story. Through this movie director tried to address a social issue which is plaguing our Society from many years.",prithvivazir siddharthprakash niharikaamallya bankjanardhan,,
301198,Savaari 2,2014-01-01,2014,kn,[],0.0362,0.0,0,Sequel to the 2009 Indian film with Srinagar Kitty reprising his role but with an otherwise new cast,sruthihariharan,,
463206,Crazy Star,2014-02-14,2014,kn,[],0.0357,0.0,0,This story revolves around five men who coincidentally meet at a traffic junction. Soon their lives are turned topsy-turvy due to a tragic incident that takes place. What could it be?,v.ravichandran priyankaupendra,,
316697,Kwatle Satisha,2014-01-01,2014,kn,[],0.0,0.0,0,"Kwatle Satisha is a Kannada Black Comedy, directed by Mahesh Rao. A young man injures himself on the head while playing cricket with his friends. The young man develops short term memory loss and turns clueless about his wedding. The dilemma of his friends, unfolds into a hilarious situation.",,,
1644156,Baanaadi,2014-12-05,2014,kn,"[10751, 18]",0.0071,0.0,0,"Unable to bear the insistent pressure from his father who tries to urbanise him, Kishore runs away from home to join a folk troupe and finds success after he writes a book on their life and culture.",,nagarajkote,
1557460,Shivajinagara,2014-02-27,2014,kn,[],0.0,0.0,0,"Ramu grows up under difficult conditions that make him a violent person. When he learns that a local thug is wreaking havoc and troubling his family, he decides to put an end to his atrocities.",,,
1557403,Karodpathi,2014-03-14,2014,kn,[],0.0,0.0,0,"A ragpicker accidentally finds a large sum of money. He fulfils all his dreams, unaware that a shocking revelation awaits him.",,,
320902,Mithileya Seetheyaru,2014-01-01,2014,kn,[],0.0,0.0,0,Vishnuvardhan stars in this film Ravi.,,,
354667,Rangi Taranga,2015-07-03,2015,kn,"[27, 9648, 53]",1.0172,6.8,22,"Mysterious events begin to unfold after a reclusive novelist and his wife move back to her ancestral village, followed by a journalist.",nirupbhandari avantikashetty radhikanarayan saikumar siddumoolimani,anupbhandari,pregnant woman novelist missing parent
358220,Raja Rajendra,2015-02-06,2015,kn,[35],0.6279,6.5,1,"Raja Rajendra is a 2015 Kannada comedy film written and directed by Pon Kumaran. It stars Sharan, Ishita Dutta, Vimala Raman and P. Ravi Shankar in the stellar roles. The film marks the reunion of director Kumaran and actor Sharan after their previous venture, Jai Lalitha. Produced by Uday K. Mehta, the film released on 6 February 2015  The story revolves around Bottle Mani (Sharan), a lame duck, who takes a supari to kill Neelakanta Raju (Ramakrishna), an elderly person from a royal family. He's been assigned the job by none other than the old man's three sons-in-law, who want to grab his property. Mani is assisted by his uncle (Tabla Nani) but he faces a lot of problems in the palace as the family is huge. He misses a couple of chances to kill Raju. There's a twist in the tale when the real Bottle Mani (Ravishankar) walks out of jail only to find that a fraud has usurped his identity and entered the palace. Henceforth, it's only chaos that reigns supreme.",sharan ishitadutta ramakrishna p.ravishankar srinivasamurthy,ponkumaran,
472886,A 2nd Hand Lover,2015-09-25,2015,kn,"[10749, 18]",0.8795,5.0,1,"Ajay Rao is an aspiring rockstar, who comes to Bengaluru to make it big in the rock music industry. He is also nursing a broken heart after losing his girlfriend Pranitha in an accident.",pranithasubhash anishaambrose ajairao sadhukokila ramakrishna,raghavaloki,
398888,Mr. Airavata,2015-10-01,2015,kn,[28],0.6326,5.0,6,A common farmer turns into an IAS police officer to help the poor and fight against corruption and finally taking the revenge of his murdered sister.,urvashirautela darshanthoogudeepasrinivas prakashraj anantnag sithara,a.p.arjun,flashback revenge police officer courtroom
417878,Ranna,2015-06-04,2015,kn,[],0.6005,6.2,6,"Bhargava, the heir apparent of a wealthy family in Switzerland, is on a mission to reunite his aunt and grandfather. Of course, this isn't easy since his aunt holds a lot of grudges and isn't willing to pardon him right away.",sudeepa rachitaram madhoo prakashraj avinash,nandakishore,
332833,Mythri,2015-02-20,2015,kn,[18],0.5836,7.0,2,"Fast paced and evocative, this contemporary social drama delves into concepts of love and fidelity in human relationships in view of modern liberal lifestyles, through the lives of a scientist and a news anchor.",mohanlal puneethrajkumar atulkulkarni kalabhavanmani bhavana,bmgiriraj,relationship intelligent slum dweller
419557,Masterpiece,2015-12-24,2015,kn,"[18, 28, 35]",0.5342,5.6,7,"Masterpiece is a 2015 Indian Kannada action-thriller film written and directed by Manju Mandavya. It stars Yash and Shanvi Srivastava in the lead roles. The supporting cast features Suhasini Maniratnam, P. Ravi Shankar and Chikkanna. The film was released on 24 December 2015.",yash p.ravishankar suhasinimaniratnam chikkanna achyuthkumar,,
580605,Ouija,2015-11-06,2015,kn,[27],0.5468,3.0,2,The happy go lucky girls working as software professionals start a short film to pursue their dreams of film making. Everything goes well apart from the theme of the film they chosen.,gayathriiyer avinash sayajishinde kadambarijethwani madhuriitagi,,
1151678,Abhinetri,2015-01-30,2015,kn,[18],0.4277,0.0,0,"A young girl rises to stardom, facing sexual harassment and struggling to remain grounded as she does so.",poojagandhi atulkulkarni makranddeshpande p.ravishankar neethushetty,satishpradhan,
849203,Bullet Basya,2015-07-24,2015,kn,[],0.398,0.0,0,"Bullet Basya, a playboy, falls in love with Kaveri but when Basya discovers that Kaveri loves Muthu, he kidnaps him and stages his death. Kaveri vows to take revenge on Basya.",sharan hariprriya rangayanaraghu sadhukokila prashanthsiddi,jayathirtha,
400859,Aatagara,2015-10-09,2015,kn,"[53, 80]",0.5448,4.2,4,"Ten contestants of a reality show, who come from different backgrounds, are taken to a secluded island. When some of them get killed one after another, it is up to the rest to investigate the matter.",chiranjeevisarja parulyadav meghanaraj anuprabhakar sadhukokila,k.m.chaitanya,
418594,Bengaluru 560023,2015-11-20,2015,kn,"[35, 18]",0.4189,6.2,2,"The Cholurpalya Strikers team dream of winning the galli cricket tournament, which they've consistently lost in the finals to the Malleswaram Rockers. Will they be able to do it when the winning stakes are at an all time high?",karthikjayaram chikkanna,pradeepraj,
358219,Krishna Leela,2015-03-20,2015,kn,"[10749, 18]",0.4365,8.0,4,Leela actress depressed with her father and on other hand Krishna actor suffering from daily tensions accidentally get connected on mobile lot of things get messed up and due to this Krishna has to forcefully marry leela will they stay together or get divorced.,ajairao mayurikyatari rangayanaraghu dharmendraurs achyuthkumar,shashank,
516533,Vascodigama,2015-10-23,2015,kn,[],0.4298,0.0,0,"Vascodigama is a 2015 Indian Kannada satirical film written and directed by Madhu Chandra. The plot revolves around the extent to which education system in India holds practically among students, and that the revision of curriculum is obligatory for a healthy teacher-student connect, accentuating the argument that students should lead discerning and forbearing lives rather than being coerced to study only to acquire a degree. It stars Kishore in the lead role as Vascodigama, a Kannada lecturer emphasizing his students on the above point; and Parvathy Nair as Shanthi, an English lecturer in the same college, in the lead roles. Ashwin Vijaykumar and Suchendra Prasad feature in supporting roles.",kishore parvatiinair suchendraprasad sundar rocklinesudhakar,madhuchandra,
282590,Vajrakaya,2015-06-12,2015,kn,[10749],0.5478,4.3,3,Vajrakaya is a Kannada film directed by Harsha A and produced by C. R. Manohar and C R Gopi. The film stars  and Shivaraj Kumar in lead roles. Music was composed by Arjun Janya.,shivarajkumar nabhanatesh shubraaaiyappa avinash raviteja,a.harsha,
309159,Mrugashira,2015-05-15,2015,kn,"[53, 28]",0.4842,7.0,1,"Prajwal, a happy-go-lucky college-goer, accidentally lands into a forbidden land, along with two unexpected partners, a drunkard and an insurance agent. The story then turns into a quasi-fantasy tale, mixing action, romance, comedy and all other possible genres.",manasahimavarsha prajwaldevaraj sadhukokila manasa thrillermanju,srivatsa,
691243,Siddhartha,2015-01-23,2015,kn,"[28, 10749]",0.473,2.0,2,"Siddu alias Sidharth (Vinay Rajkumar), a singer and a guitarist and Khushi (Apoorva Arora). While Siddu is a happy-go-lucky boy, Khushi is rather possessive and wants all his attention. When their families agree to get them hitched, Siddu seeks a 20-day break from Khushi to lead a carefree life with his friends. But there's a catch. Khushi's not allowed to meet, call or text him during this period. Khushi, being her clingy self, is not able to live without him. After 20 days, an angry Khushi tells Siddu that she also wants to take a one-year break from him and go to London for higher studies. Siddu agrees. The story takes an interesting turn when Khushi returns with her new lover Rahul. Naturally, Siddu, who's been eagerly waiting for her, is devastated. Will he be able to win her back?",vinayrajkumar apoorvaarora alokbabu ashishvidhyarthi achyuthkumar,prakashveer,
420490,1st Rank Raju,2015-11-27,2015,kn,"[10749, 35, 18]",0.3492,7.0,5,"Raju is a quintessential geek, who aims at always securing the first place. His parents sacrifice everything to ensure he is a consistent topper. What happens when he has to face the real world on his own?",gurunandan apoorvagowda tanishkakapoor ananthnag achyuthkumar,nareshkumarh.n.,
322178,Vaastu Prakaara,2015-05-01,2015,kn,[35],0.2786,4.0,3,"Vaastu Prakaara (Kannada: ವಾಸ್ತು ಪ್ರಕಾರ) is a 2015 Indian Kannada language satirical comedy film directed by Yogaraj Bhat starring Rakshit Shetty, Jaggesh, Aishani Shetty and Parul Yadav in lead roles. The supporting cast features Anant Nag, Sudha Rani, T. N. Seetharam and Sudha Belawadi. The film deals in the belief of Indians in astrology and superstition and how it is being blindly followed and overlooked over science.",jaggesh rakshitshetty aishanishetty parulyadav anantnag,yogarajbhat,
546697,Sharp Shooter,2015-12-11,2015,kn,"[28, 35]",0.4811,5.0,1,"Sharp Shooter is a cocktail story with mixture of various elements such as love, drama, action and romance. The story revolves around a boy named JK and a girl named Nandhini. They end up falling in love with each other. However, they end up having a hard time trying to accept each other.",diganthmanchale sangeetachauhan chikkanna rangayanaraghu sudharani,ghousepeer,phobia serial killer courtroom
347989,Uppi 2,2015-08-14,2015,kn,[53],0.2951,7.1,7,"Neenu leads a selfless life helping others in need without expecting anything in return. In the meantime, the police and an underworld don are on the lookout for him over a multi-crore property.",upendra kristinaakheeva sayajishinde parulyadav shobaraj,upendra,
403322,Boxer,2015-11-20,2015,kn,"[28, 18]",0.3533,0.0,0,"Raja, a street boxer, falls in love with a blind girl Lakshmi, who shows him love and compassion. Raja, who has a few enemies, dreams of living happily ever after with her. Is this possible?",dhananjay kruthikajayakumar rangayanaraghu charandeep sumithra,preethamgubbi,
691633,Rana Vikrama,2015-04-10,2015,kn,"[28, 18]",0.3763,5.0,2,,puneethrajkumar vikramsingh anjali adahsharma girishkarnad,pavanwadeyar,
421925,Ganapa,2015-06-26,2015,kn,"[10749, 80, 18]",0.3099,7.0,1,"Ganapa is based on an incident in Bengaluru's underworld. The film takes a realistic approach, not on rowdyism, but on people affected by it.",santhoshbalaraj priyankathimmesh tarun kalyankumar tumkurmohan,srinivasaprabhu,
540012,Rudra Tandava,2015-02-27,2015,kn,"[28, 18, 10749]",0.3557,4.5,4,"Rudra Tandava follows a timid young man who has a loving family. When his brother, a government official, is murdered, the protagonist and his father plans to take revenge in their own separate ways.",chiranjeevisarja radhikakumaraswamy kumargovind girishkarnad p.ravishankar,gurudeshpande,
1049695,Endendigu,2015-05-01,2015,kn,[10749],0.1546,0.0,0,"Jyothi experiences nightmares of the impending death of her husband, Krishna. She believes that this is a premonition and decides to change his fate.",ajairao radhikapandit h.g.dattatreya tablanani pavitralokesh,imransardhariya,
1055597,DK,2015-02-13,2015,kn,[],0.3395,2.0,1,Prem also known as DK is street smart and never loses a bet. Subbulakshmi is a politician's daughter who also never lose a bet. These two characters lives intertwine.,prem sunnyleone shobaraj sharathlohitashwa rishikumaraswamy,prem,
371089,Care of Footpath 2,2015-11-06,2015,kn,[],0.1938,0.0,0,An emotional suspense thriller inspired by true stories of juvenile delinquents in the India. Four teenage friends are provoked to plan and execute the murder of a cop.,avikagor eshadeol deepppathak dingrinaresh karthikjayaram,kishanshrikanth,
526981,Rhaatee,2015-03-20,2015,kn,[],0.2577,0.0,0,Indian Kannada romantic film.,dhananjay sruthihariharan bulletprakash suchendraprasad uday,a.p.arjun,
848983,Male,2015-08-07,2015,kn,"[10749, 35, 18]",0.1383,0.0,0,"Male is a simple story between two youngsters Varun and Varsha. After trying hard, Varun, a wealthy young man, succeeds in making Varsha accept his love. However, Varsha has a change of heart when she realizes that she cannot match his economic status. The movie name literally means rain in the Kannada language.",premkumar amulya sadhukokila bulletprakash padmajarao,r.chandru,
561312,The Plan,2015-11-27,2015,kn,"[53, 9648, 80]",0.2182,6.0,2,"The Plan - youth centric, high energy, prison break, suspense thriller, social and political film treated on world cinema treatment. The film is portrayed on a canvas of a prison amidst of a dense forest. Where, in, trapped lives, battling between Rage, Fear, Revenge and deceit that finally unfolds in to a climax that reflects the ugliness of the social face today's world... It talks about the friendship of four guys, how they live life and a moment of thoughtlessness changes their lives and they find themselves in prison.. What happens next forms the crux of the story.",anantnag pramodshetty koustubhjayakumar,keerthi,
378270,Kendasampige,2015-09-11,2015,kn,"[10749, 53]",0.2369,6.0,8,"When a love story goes awry, two young lovers are forced to take to the road with the police hot on their heels. They escape across Karnataka in a roller-coaster ride that is at once enthralling, exasperating and nail-biting.",vikkyvarun manvithaharish prakashbelawadi rajeshnataranga chandrika,duniyasuri,road movie
425482,Shivam,2015-01-02,2015,kn,[53],0.1311,6.0,1,,upendra,srinivasaraju,
843738,Daksha,2015-04-24,2015,kn,"[28, 53]",0.1074,0.0,0,Daksha is an action thriller starring Duniya Vijay in the role of a commando. The whole movie has been shot in a single take of 2 hours 22 minutes and is about a terrorist attack.,pankaj nehapatil duniyavijay suchendraprasad shobaraj,s.narayan,
495142,Charlie,2015-09-17,2015,kn,"[28, 35, 18]",0.0848,6.0,1,"The story of Charlie is about Cheluvanarayana Swamy, an orphan who rechristens himself as Charlie and does odd jobs. He is on an assignment to Hampi where he meets Gayathri (Vaishali Deepak) who is inhumanely treated by her father. Charlie, who falls in love with her, rescues and brings her to Bengaluru. While he makes up his mind to settle with her, Gayathri joins a college, where she meets Rishi and falls in love him.  Charlie is devastated on knowing their relationship. Meanwhile, Purvi (Milana Nagaraj) who studies in the same college falls in love with Charlie. The twisted love affairs get even more twisted when Gayathri reveals that she is pregnant and soon after Rishi is killed by some miscreants. What is Gayathri’s fate and does Charlie accept Purvi’s love is the crux of the film,",milananagaraj vaishalideepak gurunandan darlingkrishna,,
481540,Cigarette,2015-09-11,2015,kn,"[18, 35]",0.1228,6.0,1,"Cigarette is a Kannada drama, starring Nagashekhar, Roopasri, Rakshita Ponnamma and Sadhu Kokila. The main emphasis of the film is to bring awareness on the ill effects of smoking.",nagashekar rakshitaponnamma sureshheblikar sadhukokila luckyshankar,luckyshankar,
325537,Neenade Naa,2015-01-25,2015,kn,[],0.1148,0.0,0,"Based on a true story, Dev (Prajwal Devraj), an assistant director, is struggling with his career and love life. Ankita (Ankita Maheshwari) is the girl with whom he falls in love. He spends time with her by dropping her to work, singing songs to her and watching movies with her. But when Ankita realizes it is not just friendship but love, she dumps him and asks him to move on. To get over his first love, he then falls in love with Pavi (Priyanka Kandwal). Will Pavi too dump Dev like Ankita? The movie also deals with the issue of women’s empowerment and stresses the need of women being independent in today's world.",prajwaldevaraj priyakandwal,,
1646085,Jaathre,2015-12-15,2015,kn,[18],0.1077,0.0,0,This movie revolves around a guy who comes to Bengaluru from a fantastic place called Mudigere.,masteraashwick masteranand ushabhandary rameshbhatkar chetanchandra,ravitejamudigere,
1557462,Jackson,2015-01-15,2015,kn,[],0.0409,0.0,0,"Jackson, a young man, is in love with his neighbour, Kumudha. However, her father disapproves of him and hatches a plan with a local gangster, Annayya, to teach Jackson a lesson.",duniyavijay paavanagowda rangayanaraghu bulletprakash,,
400350,Naanu Avanalla... Avalu,2015-09-25,2015,kn,[18],0.0453,3.2,3,"Young Maadesha has always felt like a woman from inside. While his small town parents dream of him being the 'man of the house', Maadesha instead follows his heart and becomes a woman, Vidya.",sancharivijay kunalpunekar,b.s.lingadevaru,
389952,Kotigobba 2,2016-08-12,2016,kn,"[10749, 28, 53]",1.5382,6.7,3,"Sathya, a real estate agent, whose lookalike brother Shiva, who moonlights as a robber. After he robs Rs 250 crores from a couple of businessmen, both brothers become the target of a corrupt cop, who is keen on nailing them.",sudeepa nithyamenen p.ravishankar nassar prakashraj,k.s.ravikumar,
460562,Parapancha,2016-01-15,2016,kn,"[18, 35]",0.7971,6.0,1,"Rajeeva rebels against his fathers wrongdoings and leaves home, leaving everything earned by his father, including the last thread of clothing on his body. As destiny has its own way for everyone, Rajeeva happens to meet a nomad Khaali Peeli. Khaali Peeli takes him under his patronage and gets him a server`s job in the family bar and restaurant Parapancha.",diganthmanchale raginidwivedi yogarajbhat rangayanaraghu anantnag,krishjoshi,
520176,Ishtakamya,2016-05-13,2016,kn,"[18, 10749]",0.8207,6.0,2,"Rich Dr.Akarsh and young middle class girl Acchari meet by accident, and seem to have the perfect romance going for them. Just when you think there's a happily ever after, there enters the other woman, Aditi",mayurikyatari vijaysuriya kavyashetty sumannagarkar prakashbelawadi,nagathihallichandrashekar,
580811,Naani,2016-07-01,2016,kn,"[27, 878, 53]",0.7047,6.0,1,"A couple moves into a palatial house. Supernatural occurrences follow, which lead to the couple unearthing a story of the house's previous inhabitants, which is a tale about a family comprising a little girl called Naani, whose spirit guards the house.",manisharya priyankarao babysuhasini suhasinimaniratnam jaijagadish,raghavendrak.gollahalli,
459403,Doddmane Hudga,2016-09-30,2016,kn,"[18, 28, 10751]",0.5419,5.8,5,"Surya, a boy belonging to a big family of the town, moves out of the house when ignored by his father Rajivappa. However, after a few years, he comes back to rescue his land against Babu, an evil man.",puneethrajkumar radhikapandit bharathirao rangayanaraghu ambareesh,duniyasuri,cooking drunk masala
402112,Jaggu Dada,2016-06-10,2016,kn,"[28, 35, 10749]",0.781,4.1,7,"Jaggu Dada's grandfather and father are underworld dons. The wish of his mother is to see him become a big villain. So, he goes to Mumbai to keep the promise made to his grandfather and also finds the girl of his dreams.",darshanthoogudeepasrinivas deekshaseth anantnag rachitaram sujanlokesh,raghavendrahegde,
420489,Dana Kayonu,2016-10-07,2016,kn,"[10749, 35, 18]",0.6274,7.5,2,"In a small village in Karnataka lives Docomo, a cowherd. He loves two things most, his bull and the village beauty Jummi. Coincidentally his bull loves Jummi' cow two. Ideal situation, don't you think? But what happens when greed and other human sins set in.",duniyavijay priyamani rangayanaraghu suchendraprasad vaijanathbiradar,yogarajbhat,
433327,Kirik Party,2016-12-30,2016,kn,"[35, 18]",0.576,7.7,28,"Karna from a small town has joined this engineering college and he gangs up with his hostel mates Loki, Alexander, Manja and others to fuel a lot of mischief in the college.",rakshitshetty samyukthahegde rashmikamandanna aravinndiyer chandanachar,rishabshetty,college life mischievous
397490,U Turn,2016-05-20,2016,kn,"[9648, 53, 80, 27]",0.6442,6.8,42,A journalist who intents to write an article on traffic rule breakers gets dragged into a whirlpool of murder cases and deception.,shraddhasrinath skandaashok rogernarayan dilipraj radhikanarayan,pawankumar,journalist investigation reporter super power ghost traffic rules
468329,Mukunda Murari,2016-10-28,2016,kn,[],0.4321,10.0,1,A shopkeeper takes God to court when his shop is destroyed by an earthquake,upendra sudeepa p.ravishankar kavyashah,nandakishore,
418775,Kiragoorina Gayyaligalu,2016-03-11,2016,kn,"[18, 80]",0.3621,8.5,2,The movie depicts the indomitable feminine spirit in all its grandeur. Most importantly the role of women in countering the evils of society on a broad canvas of agrarian India.,shwethasrivatsav sukruthawagle karunyaram yogesh kishore,sumanakittur,
402109,Godhi Banna Sadharana Mykattu,2016-06-03,2016,kn,"[10751, 18]",0.508,8.3,12,"Venkob Rao, a widower suffering from Alzheimer's disease, is moved to an old-age home by his son. When he goes missing one day, he crosses swords with criminals.",anantnag rakshitshetty sruthihariharan achyuthkumar vasishtan.simha,hemanthm.rao,parent child relationship alzheimer's disease
420488,Idolle Ramayana,2016-10-07,2016,kn,"[53, 18]",0.5094,6.5,2,"Bhujanga, a Gulf-returned tyrant and theatre enthusiast, is a known man in his town. His family life isn't the most cordial, given his temperament. He's forced to spend a night and a day locked in an empty shop with a sex worker. What happens then...",prakashraj priyamani tejubelawadi sudhabelawadi bhargavinarayan,prakashraj,
412075,Chakravyuha,2016-04-20,2016,kn,"[53, 28]",0.2626,6.2,4,A young man (Puneeth Rajkumar) finds himself in too deep after taking an injured protester to a hospital.,puneethrajkumar rachitaram arunvijay abhimanyusingh sadhukokila,m.saravanan,
463617,Mummy Save Me,2016-12-02,2016,kn,"[53, 27]",0.4387,4.0,3,"A pregnant widow moves into a seaside villa along with her daughter, mother and sister. Strange incidents happen in the house, which scare them. Will they be able to tackle this mess?",priyankaupendra yuvinaparthavi madhusudhanrao aishwaryashindogi vatsalamohan,h.lohith,supernatural
379163,Ricky,2016-01-22,2016,kn,"[53, 10749]",0.4821,4.7,3,"City-bred wildlife conservationist Ricky falls in love with a simple village girl Radha. Their love story takes an unexpected turn when Ricky leaves on an outdoor assignment. Set against, a naxal backdrop, it is a story that will have you experience many edge of the seat moments.",rakshitshetty hariprriya achyuthkumar ravikale pramodshetty,rishabshetty,
1100062,Naanu Mattu Varalakshmi,2016-12-23,2016,kn,[],0.4996,0.0,0,"Motocross racers Munna and Charan are arch enemies and keep competing against each other. However, situations take a drastic turn when Munna falls in love with Varalakshmi, Charan's sister.",sadhukokila achyuthkumar malavikamohanan rangayanaraghu prakashraj,preethamgubbi,
418589,Jigarthanda,2016-06-24,2016,kn,"[18, 80]",0.4301,6.5,2,"An aspiring director targets a ruthless gangster for making a violent gangster film. His discreet attempts to research the gangster fail miserably. Finally when he gets caught snooping, the tables are turned on him.",p.ravishankar rahul samyuktahornad chikkanna k.manju,,
468853,...Re,2016-03-04,2016,kn,"[35, 18]",0.331,6.8,72,Re is a Kannada comedy drama starring Ramesh Aravind and Anant Nag. A rich man arrives at an old palatial house to find that his ancestors are cursed to an afterlife in the house. Now it becomes his responsibility to undo the curse.,ramesharavind harshikapoonacha anantnag,sunilkumardesai,
414206,Shivalinga,2016-04-14,2016,kn,[],0.3584,6.1,7,"Shivalinga is story weaved around a murder mystery. Who killed Rahim? Why was he killed? Is it murder of Suicide, CID Shivu (Shivrajkumar) investigates the murder mystery. But, what is Shivu's wife's involvement...",shivarajkumar vedhika sakthivasu vaishalideepak pradeepramsinghrawat,p.vasu,
592880,Mandya Star,2016-06-17,2016,kn,[18],0.3133,0.0,0,"Mandya Star is a Kannada movie released on 17 June, 2016. The movie is directed by Parva MRK and featured Lokesh, Archana and Ranjitha as lead characters. Other popular actors who were roped in for Mandya Star are Jai Jagadish, Om Prakash Rao, Padmaja Rao and Muthappa Rai.",muthapparai lokesh archana ranjitha omprakashsharma,manjuramachandrakiran,
1421548,Asthitva,2016-08-19,2016,kn,[],0.2976,0.0,0,"The plot revolves around Ram, an orphan (Hindu) who is convincted of murder. When he is released, he takes on the identity of Raheem (Muslim), a dead MBBS aspirant. He begins to live under a false identity, but will he be able to stay free from the web of lies he spins?",yuvaraja prajwalpooviah madhusudhanrao shainshetty,nuthanumesh,
406679,Maduveya Mamatheya Kareyole,2016-01-08,2016,kn,"[10749, 18]",0.4271,0.0,0,,amulya anantnag surajgowda achyuthkumar sharathlohitashwa,kaviraj,
526983,Sipaayi,2016-09-23,2016,kn,[28],0.3712,0.0,0,"The protagonist, a TV reporter fights to stop illegal activities around the city.",siddharthmahesh sruthihariharan sancharivijay achyuthkumar gaurishakki,rajathmayee,
519909,Santhu Straight Forward,2016-10-28,2016,kn,"[28, 18, 10749]",0.3621,4.8,4,"Santhu is the typical do-gooder youngster, who is also the angry young hero. He falls for college student Ananya after a series of chance meetings. But, there's also dreaded don Deva in the picture forming the triangle.",yash radhikapandit shaam snehaacharya devaraj,maheshrao,
498812,Badmaash,2016-11-18,2016,kn,[10749],0.3498,9.0,1,"Set against an urban backdrop, ""Badmaash"" is a romantic thriller about Vijay, an intelligent, playful and witty lad and Priya, an RJ and a fiercely passionate Kannadiga who tries to teach ...",dhananjay sanchitashetty rameshbhat achyuthkumar,akashsrivatsa,
436887,Mungaru Male 2,2016-09-09,2016,kn,"[35, 18, 10749]",0.3598,5.0,5,"Preetham is a confused youngster, whose is born to a wealthy family and lives the hipster life. He seeks constant change and adventure, even in his love life. When he finally meets a match in Nandini, does he really find a happily ever after?",ganesh nehashetty shilpamanjunath aindritaray v.ravichandran,shashank,mungaru male
418923,Zoom,2016-07-01,2016,kn,"[10749, 35, 18]",0.4018,8.5,2,"Santhosh and Nayana are both creative directors at an advertising agency.Nayana is straight forward and believes in hard work,Santhosh is just the opposite.What happens if these two contradicting personalities fall in love with each other?",ganesh radhikapandit kashinath sadhukokila ravishankergowda,prashanthraj,
555502,John Jani Janardhan,2016-12-09,2016,kn,"[35, 18]",0.2265,0.0,0,"John Jani Janardhan is a 2016 Kannada comedy drama film directed by Guru Deshpande. It features Ajay Rao, Yogesh and Krishna in the lead roles, while the debutant Kamna Ranawat feature as the female lead. It also features actress Malashri in an important role.",kamnaranawat darlingkrishna aindritaray malashri ajairao,gurudeshpande,
680365,Cinema My Darling,2016-03-25,2016,kn,[18],0.2124,0.0,0,"Four friends Satya an aspiring director, Basava Patil a budding Music Director, Aadarsh a camera man and Vishwa an aspiring actor come together to make a film. A famous dancer Devayani, a girl next door Pallavi, Savita Lakshmi an ex producer's daughter and a unknown girl are love interests of the four boys. A thrilling off the camera story of four friends who want to make it big in the Kannada film industry. Directed by Gaurish Akki a veteran TV film journalist, the film revolves around a story of friendship, sacrifices and love for cinema. A total entertainer, will the four friends make it big or will they be lost in the ocean of the film world? What will they lose and what will they gain? Will they meet their dream 'Cinema My Darling' and how?",vihangowda sanjjanaagalrani rangayanaraghu rajuthalikote manasamanoharan,gaurishakki,
398892,Viraat,2016-01-29,2016,kn,[28],0.2395,4.7,3,"The story thinly revolves around power shortage aptly freshened up by ample doses of action, comedy and love. Viraat Prasad (Darshan) is a businessman who wants to provide a solution to the existing power problem and in consultation with the chief minister, a role played by Suhasini, he plans to build a thermal power project. Enter Surendra Singh (Ravi Shankar), an opportunist, who tries to distract the chief minister and take over the project. But the project is handed over to Viraat which does not go down well with Singh. Balancing the friction and the action is romance involving three ladies - Keerthi (Chaitra Chandranath), Spoorthi (Vidisha Srivastava) and Preethi (Isha Chawla), who are head over heels for Viraat, but the latter chooses one among them, managing to maintain his friendship with the other two. How does he handle Singh and the thermal project and who does he select as his love runs in parallel and forms the crux of the film.",darshanthoogudeepasrinivas ishachawla suhasinimaniratnam sumalatha p.ravishankar,h.vasu,
438160,Kalpana 2,2016-07-15,2016,kn,"[35, 27]",0.231,8.0,1,"Raghava has Nyctophobia. Raghava, who loves Nandhini, is a cinematographer for a TV channel and wants to shoot a fake haunted house, in order to increase TRP ratings. To their misfortune, they are haunted, not by one but by five ghosts.",upendra avantikashetty priyamani tulasi chitrashenoy,ranantharaju,kannada kalpana
423443,Chronicles of Hari,2016-10-23,2016,kn,[18],0.2218,8.0,1,A Yakshagana actor who mainly does female roles is faced with his own sexuality and societies outlook.,shrungavasudevan,ananyakasaravalli,dance
557784,Nagarahavu,2016-10-16,2016,kn,[],0.2049,10.0,1,"Naganika's family is in charge of an ancient monument that Kapali has his eyes set on. When Kapali kills her to seek the monument, Naganika transforms into a snake in her next life to seek revenge.",vishnuvardhan diganthmanchale divyaspandana,kodiramakrishna,
677539,Jessie,2016-03-25,2016,kn,"[18, 10749]",0.2368,0.0,0,"Jessie is a romantic love story of Jessie and Dr. Nandini. Jessie madly falls in love with Nandini and after a few days love blossoms, and she accepts Jessie`s love proposal. The twist in the tale is when Nandini gets to know that Jessie is a ghost!",dhananjay parulyadav raghumukherjee chikkanna sadhukokila,pavanwadeyar,
420501,Karva,2016-05-27,2016,kn,"[53, 27]",0.291,5.5,8,"It is a two dimensional story, one trying to unveil an age old unknown mystery, and another experiencing the existence of the unknown. Do these stories meet? What happens to the fate of those involved with the unknown ?",tilakshekar devaraj anishaambrose rockstarrohith anupoovamma,navaneeth,
392567,Killing Veerappan,2016-05-27,2016,kn,"[80, 28]",0.2087,7.3,6,"A master strategist is appointed following Veerappan's unabashed spate of crimes and murders. The official puts in place Operation Cocoon, which involves setting up a network of spies and informers.",shivarajkumar sandeepbharadwaj sadhorhan yagnashetty k.s.sridhar,ramgopalvarma,
560829,Lakshmana,2016-06-24,2016,kn,[],0.3017,0.0,0,Lakshmana (Kannada: ಲಕ್ಷ್ಮಣ) is a 2016 Indian Kannada language action film directed and written by R. Chandru. The film features newcomer Anoop and Meghana Raj in the lead roles with V. Ravichandran playing an important supporting role. The soundtrack and original score is composed by Arjun Janya whilst the cinematography is by Santhosh Rai Pathaje. The film is reportedly inspired from the Telugu film Athanokkade (2005) directed by Surender Reddy.,johnkokken meghanaraj v.ravichandran chikkanna pradeepramsinghrawat,r.chandru,
355786,Thithi,2016-01-01,2016,kn,"[35, 18]",0.1466,7.7,23,"In a remote village in South India, three generations of sons react to the death of Century Gowda, their grandfather, a 101-year-old man. The three story lines intertwine before converging at Century Gowda's ""Thithi"", the final funeral celebration eleven days after a death.",singrigowda channegowda thammegowda abhishekhn poojasm,raamreddy,
419381,Jai Maruthi 800,2016-04-08,2016,kn,"[18, 35]",0.1451,5.3,3,"Jai Maruthi 800 is an action comedy that is set in two distinct time periods. The film begins with an incident that occurs in the 16th century, which reaches its logical conclusion in the present day.",sharan sruthihariharan shubapoonja sadhukokila arunsagar,a.harsha,
480639,Pataki,2017-05-26,2017,kn,"[18, 28, 35]",0.8284,4.0,2,Surya is a corrupt IPS officer and he misuses his power to gain monetary benefits in unorthodox methods. During this process he also encourages a local MP named Rudra Pratap who has become a huge headache to Agni.,ganesh ranyarao saikumar priyankathimmesh ashishvidhyarthi,manjuswaraj,
493996,Dhairyam,2017-12-21,2017,kn,"[28, 10751, 53]",0.7508,6.0,1,Dhairyam movie is about Ajay (Ajay Rao) a state level rank student who comes from a lower middle-class background is always in a financial crunch.,aditiprabhudeva p.ravishankar sadhukokila jaijagadish ajairao,a.r.shivatejas,
454113,Raajakumara,2017-03-24,2017,kn,"[10751, 18]",1.0099,6.8,4,"A dutiful son, a prince in his fathers' eyes, retains his purity of character despite the many challenges thrown his way.",puneethrajkumar priyaanand anantnag r.sarathkumar prakashraj,santhoshananddram,australia old people's nurse flashback orphan vaccine raajakumara
1040267,Noorondu Nenapu,2017-06-09,2017,kn,"[18, 10749]",0.5096,0.0,0,"During the 1980s, Shreyas, an affluent young man, befriends DSP and his gang in his new college. Meenu, a gang member, falls in love with Shreyas but unfortunately, he has his heart set on Shruthi.",chethankumar meghanaraj rajavardan sushmitajoshi,kumareshm,
441862,Hebbuli,2017-02-23,2017,kn,"[18, 28]",0.8105,5.6,13,A fearless commando arrives home at the news of his brother's suicide until he starts to deeply investigate the reason behind his mysterious demise.,sudeepa v.ravichandran amalapaul kabirduhansingh ravikishan,rudreshm.gowda,
611519,Saheba,2017-08-25,2017,kn,"[10751, 10749, 18]",0.3141,7.0,1,"An ordinary book shop owner Manu, helps Nandhini to enter film industry, without coming into the picture.",manoranjanravichandran shanvishrivastava lakshmi bulletprakash kuriprathap,bharath,
498176,Mumbai,2017-01-26,2017,kn,[],0.3718,6.0,1,"Mumbai is a mass action entertainer produced by Ramu films and directed by AK47 script writer S R Ramesh. Krishna the protagonist works in a bar as cashier who eventually meets a girl beside his house and starting with small fights and humour he falls in love with her. Alongside he is constantly helping an orphanage and has a special bondage with blind kids. Later on due to some problem which occurs in the orphanage, the situation forces him to move to Mumbai which leads him to the underworld. Rest of the story revolves around the thrilling action with the underworld, the orphanage and his love interest.",teju ashishvidhyarthi rangayanaraghu darlingkrishna,s.rramesha,
498407,Bharjari,2017-09-15,2017,kn,"[35, 28, 18, 10749]",0.4787,9.0,2,"Romantic action drama about the life of an easygoing youngster named Surya, whose life take some unexpected turns thanks to the three women he meets along the way.",dhruvasarja rachitaram hariprriya vaishalideepak avinash,chethankumar,
512866,Anjaniputra,2017-12-21,2017,kn,"[28, 35, 10749]",0.7039,6.0,8,"A small-time businessman who runs a finance business at a local vegetable market enjoys the support of the local vendors and people in the area. All goes well for him until one day, he saves an honest police officer from being killed by a local gangster. Soon, a rivalry ensues between the two.",puneethrajkumar rashmikamandanna ramyakrishnan p.ravishankar chikkanna,a.harsha,
469338,A Gunny Sack for an Umbrella,2017-01-01,2017,kn,"[99, 10402]",0.2705,0.0,0,A day in the life of migrant worker's son,,vivekthomas,
552375,Aake,2017-06-30,2017,kn,"[27, 9648, 53]",0.5303,6.0,2,"A ghost named Maya becomes the common link between Arjun, an artist in London, and Sharmila, a single mom and struggling actress from Bengaluru.",chiranjeevisarja sharmielamandre achyuthkumar prakashbelawadi,k.m.chaitanya,
447562,Urvi,2017-03-17,2017,kn,"[53, 18]",0.4372,7.6,8,Troubling circumstances bring forward three women who work together to plot their revenge against one common man who is responsible for destroying their lives.,sruthihariharan shraddhasrinath achyuthkumar shwetapandit prabhumundkur,bspradeepvarma,
895020,Srikanta,2017-01-06,2017,kn,[],0.4062,0.0,0,"Srikanta, who indulges in petty illegal activities, gives a lift to a journalist en-route to Agumbe. The duo talk about their life and experiences throughout their journey.",shivarajkumar chandinisreedharan,,
546856,Maasthi Gudi,2017-05-17,2017,kn,"[28, 53]",0.4635,10.0,1,"Masti Gudi is a 2017 Indian Kannada-language action film directed by Nagshekar, starring Duniya Vijay who is also credited for the film's story, Kriti Kharbanda and Amulya in lead roles",amulya raghavuday kritikharbanda duniyavijay srinivasamurthy,nagashekar,flashback forest ranger revenge loss of child
547724,Athiratha,2017-11-24,2017,kn,"[28, 53]",0.6166,4.0,2,The story of Athiratha revolves around an aspiring journalist who helps the innocent and talented young students get a fair chance by uncovering the huge racket of question paper leaks and fake certification prevalent in the country.,chethankumar sadhukokila avinash achyuthkumar sudhabelawadi,maheshbabu,
489200,College Kumar,2017-11-10,2017,kn,"[35, 18, 10749]",0.4196,5.7,3,"Shivakumar works as a peon in an office and strives to ensure that his son Kumar fulfils his dreams. When the pressure gets to Kumar, he starts to rebel against his father.",samyukthahegde p.ravishankar shruti achyuthkumar sadhukokila,harisantosh,
463677,Pushpaka Vimana,2017-01-06,2017,kn,"[35, 10751, 18]",0.3365,8.7,3,"A mentally-challenged father lives in his idyllic world with his daughter, both of them crazy about planes. In his quest to get his daughter that toy plane that she yearns for, he ends up in jail wrongly accused of a crime he doesn't commit. What follows is a bittersweet tale of a father and daughter trying to be together...",ramesharavind yuvinaparthavi rachitaram juhichawlamehta ravikale,s.ravindranath,mentally challenged
499990,Mufti,2017-12-01,2017,kn,"[28, 53]",0.3707,8.6,7,"An undercover cop goes into the big bad world of Ronapura, an place taken over by a don named Bhairathi Ranagal, where his safety may be compromised.",sriimurali shivarajkumar shanvishrivastava chayasingh vasishtan.simha,narthan,neo-noir
477367,Dandupalya 2,2017-07-14,2017,kn,[80],0.5938,10.0,1,"‘Dandupalyam 2’ is the sequel to 2012 thriller ‘Dandupalyam’ that chronicled the life and exploitations of the scandalous D-gang. ‘Dandupalya 2’ offers a whole new perspective to the already established story, making one question everything they already know.",poojagandhi makranddeshpande ravikale sanjjanaagalrani tablanani,srinivasaraju,
514700,Tarak,2017-09-29,2017,kn,"[28, 10749]",0.3578,6.4,5,"Tarak, the grandson of a Bengaluru-based businessman who grows up in Europe is reluctant to visit India despite several pleas by his grandfather. All goes well for him until he falls in love with Meera, a selfless person who lives for the happiness of others. The two share a blissful relationship, however, things change when Meera poses Tarak a 60-day challenge to prove his real love for her. To prove his love, Tarak accepts and as part of the challenge visits India and soon finds himself in a tricky situation that would ruin his relationship. What happens next, forms the crux.",darshanthoogudeepasrinivas sruthihariharan shanvishrivastava devaraj kuriprathap,prakashveer,
1321455,Amaravathi,2017-02-10,2017,kn,[18],0.3114,0.0,0,"Chenna is the son of a sewage cleaner and is aspiring for a good life by being an ideal student in his college. His mentor, a social reformer, gets him to look beyond his space and fight for the basic rights. Chenna's tryst with this revolution forms the backdrop of this narrative.",achyuthkumar kushalbk vaishalideepak neenasamashwath,b.m.giriraj,
493817,Mass Leader,2017-08-11,2017,kn,[],0.2828,3.0,2,"Captain Shivaraj, an honest army officer, and his associates Guru and Viji kill terrorists to protect India. They learn that a corrupt politician is helping illegal immigrants settle in the country.",pranithasubhash vijayraghavendra gururajjaggesh yogesh shivarajkumar,narasimhamurthy,
559652,Upendra Matte Baa,2017-11-07,2017,kn,"[18, 28, 10749]",0.3234,0.0,0,"Upendra Matte Baa (Come again Upendra) is a 2017 Indian Kannada-language supernatural drama film directed by N. Arun Lokanath (Loki). The film stars Upendra in dual roles along with Prema and Sruthi Hariharan. The film's cinematography was handled by Swamy J. Gowda. The soundtrack and film score were composed by V. Sridhar.  After the death of a flirtatious zamindar named Upendra Raju, Yama sends his soul back to earth to fix the quarrels of his family.",upendra prema sruthihariharan harshikapoonacha saikumar,n.arunlokanath,
647937,Manasu Malligey,2017-03-31,2017,kn,"[10749, 18]",0.3542,0.0,0,A love-story between a girl of an upper caste and a boy from a lower caste.,rinkurajguru nishanthrusso tanajigalgunde sourabhkulakarni,s.narayan,remake
474956,Ondu Motteya Kathe,2017-07-07,2017,kn,"[18, 35]",0.3294,7.1,19,"Janardhan a 28 year old Kannada Lecturer from Mangalore who is quite an introvert comes to know from an astrologer that he would attain sanyasa (embrace asceticism) if he doesn't get married within a year. Hearing this Janardhan is now in a situation of trouble & desperation as he has never had a decent conversation with females until now in his life & all the proposals his family has seen also has gone in vain as he doesn't look great,physically. Janardhan continues his search for a beautiful bride. In this journey he faces various situations & conflicts which in turn gives him a chance to revisit his inner core & experience his self discovery. Does Janardhan find his bride or does he attain spiritual path? forms the rest of the story.",rajbshetty shailashreemulki shreyaanchan amruthanaik ushabhandary,rajbshetty,
436413,Beautiful Manasugalu,2017-01-20,2017,kn,"[18, 10749]",0.3191,5.5,2,"A romance-comedy film directed by Jayatheertha, starring Sathish Ninasam and Sruthi Hariharan in the lead roles.",sathishninasam sruthihariharan achyuthkumar prashanthsiddi tablanani,jayathirtha,
518302,Chamak,2017-12-29,2017,kn,[35],0.2854,6.3,9,"Kush, a gynaecologist and a playboy refuses his family's wishes to marry because his freedom will be curtailed if he marries. He later marries Khushi, an innocent girl while acting as if he is also an innocent guy in front of her family.",rashmikamandanna sadhukokila sumithra ganesh sanjanashetty,suni,
1499024,Srinivasa Kalyana,2017-02-21,2017,kn,"[10749, 35]",0.2281,0.0,0,"A regular guy finds himself through his journey of finding love, lust and heartbreak and his real purpose in life through encounters.",m.g.srinivas kavithagowda nikhilasuman sujayshastri achyuthkumar,m.g.srinivas,
680347,Kaal Kg Preethi,2017-03-03,2017,kn,"[10749, 35, 18]",0.2612,1.0,1,"1/4 kg Preethi is all about the journey of a young guy (Guru) who falls in love with his college mate (Sri). He kept hesitating to convey this to her, assuming he might get rejected. But then there have been a couple of instances which made Guru and Sri to travel along life's journey together. Do come and watch their journey that's loaded with fun, craziness, fights and enjoy!",vihangowda hithachandrashekar,satyashauryasagar,
1330716,Raaga,2017-04-21,2017,kn,[18],0.3311,0.0,0,"Mithra is a blind man, whose happy-go-lucky demeanor and philosophies ensure that he is everyone's favourite. When a timid, insecure and rich blind girl, Anu, enters his life, he experiences a whole new feeling.",mithra bhama avinash rangayanaraghu sadhukokila,pcshekar,
566147,Kariya 2,2017-10-13,2017,kn,"[28, 10749, 53]",0.2636,10.0,1,"The story of Kariya 2 revolves around Kariya, a small-time local goon who is employed by an influential underworld don. All is well with Kariya until he falls in love with Janaki, which leads to several unfortunate events that change their life completely.",santhoshbalaraj ajayghosh sadhukokila mayurikyatari,srinivasaprabhu,
558685,Mugulu Nage,2017-09-01,2017,kn,[],0.2216,9.0,2,"Pulkesh is a very usual guy with an always smiling character. He stays in Mysuru with his father who is a history teacher, his mother who is an housewife also an art lover and his sister who goes to college. The very odd and interesting thing about Pulkesh is that he has never cried from the time he was born.",apoorvaarora nikithanarayan ashikaranganath rangayanaraghu jaggesh,yogarajbhat,
480268,Kataka,2017-10-13,2017,kn,"[18, 27, 53]",0.3444,4.0,4,"Kumar, a school teacher working in the city, comes back to his native to pursue his long-cherished dream of opening a school in his hometown that would provide quality education to the lesser fortunate children. He takes his uncle's and friend's help to build the school but soon faces many obstacles. How he tackles the problems, forms the crux.",ashokraj spandanaprasad babyshlaghasaligrama madhavkarkada,ravibasrur,
589738,Siliconn City,2017-06-16,2017,kn,"[28, 53]",0.1537,0.0,0,"Siliconn City is a 2017 Kannada action film directed by Murali Gurappa, in his first direction. The film features Srinagar Kitty, Anil Siddhu, Suraj Gowda, Kavya Shetty and Ekta Rathod in the lead roles. The film is a remake of Tamil film Metro.",srinagarkitty surajgowda kavyashetty ektarathod chikkanna,muraligurapa,
716328,Dayavittu Gamanisi,2017-10-20,2017,kn,[18],0.1796,5.0,2,"A middle-aged bachelor, A thief, A young spiritual guru and a frustrated techie wade through a journey of self discovery that aligns them together in it's penultimate phase.",vasishtan.simha raghumukherjee rajeshnataranga shatamarshanavinash samyuktahornad,rohitpadaki,
1055616,Lee,2017-01-13,2017,kn,[18],0.3003,0.0,0,A cute love story which encounters obstacles that challenges their love.,sumanthshailendra nabhanatesh snehanamdhani sadhukokila rahuldev,h.m.srinandan,
571988,Bangara s/o Bangarada Manushya,2017-05-19,2017,kn,[10751],0.235,7.0,3,"Shivaraj is a rich business man who has no feelings towards relationship. Nayana falls for him and joins his company. But he never reprocates her. He reveals to her that he hates relations and the word 'tomorrow' because one day his father said tomorrow he will return but never didn't. He learns from Nayana's father that his father (Dr.Rajkumar) had dedicated his life for farmers. He also does the same and succeeds. But he falls unconscious on his self created 'Farmers Day'. He tells that the day he was talking to Nayana he had a small accident and discovered that he had cancer which cannot be treated. As the film ends, everybody cry including Nayana who says that she knew about his cancer.",shivarajkumar vidhyapradeep srinath shivaram chikkanna,,
526984,Happy New Year,2017-05-05,2017,kn,[],0.1586,0.0,0,It is an anthology film based on of five different life stories. A slice of lives of a few people all culminating on new year's eve.,b.c.patil saikumar vijayraghavendra diganthmanchale dhananjay,pannagabharana,
459325,Sandpaper,2017-09-01,2017,kn,[],0.1947,10.0,1,A young girl goes in search of her father and meets a man on a river bank. That meets leaves her with lot of questions and also few solutions to live in a pluralistic society.,t.s.nagabharana mandyaramesh apoorvabharadwaj muralisringeri,bsuresha,
810892,Ayana,2017-09-08,2017,kn,[],0.2612,0.0,0,An ambitious software entrepreneur puts everything he has in line to perceive his dreams.,deepaksubramanya apoorvasoma rameshbhat gouthamshashidhar vedashreerao,gangadharsalimath,
564147,K.G.F: Chapter 1,2018-12-20,2018,kn,"[28, 53, 12, 80]",2.958,7.5,267,"A period drama set in the 1970s, KGF follows the story of a fierce rebel who rises against the brutal oppression in Kolar Gold Fields and becomes the symbol of hope to legions of downtrodden people.",yash srinidhishetty ramachandraraju archanajois anantnag,prashanthneel,gold undercover gold mine one man army action hero period film
468799,Dandupalya 3,2018-02-02,2018,kn,"[53, 80]",0.5886,0.0,1,"Director Srinivas Raju’s world of Dandupalya, as seen in the first two films of the series, will finally come to an end. The third film in the series will mark the end of the franchise, which has received a great deal of critical acclaim in both Kannada and Telugu.",poojagandhi makranddeshpande p.ravishankar ravikale sanjjanaagalrani,srinivasaraju,gang rape
516063,Raju Kannada Medium,2018-01-19,2018,kn,"[35, 18, 10751]",0.6806,6.2,6,"Raju, a village boy goes to Bangalore in search for a job and finds different meanings to life while dealing with hurdles that the city puts him through.",gurunandan avantikashetty ashikaranganath sudeepa kuriprathap,nareshkumar,kannada kannada medium
513394,Rajaratha,2018-03-23,2018,kn,"[10749, 12]",0.5753,6.2,2,"Rajaratha is a 2018 Indian Kannada romantic comedy film written and directed by Anup Bhandari who also composed the film's music. It stars Nirup Bhandari and Avantika Shetty in the lead roles in their second collaboration with the director after the success of RangiTaranga. The film was dubbed in Telugu as Rajaratham (English: Royal Chariot) with Rana Daggubati replacing Puneeth Rajkumar as the narrator. Arya, who made his debut in Kannada cinema for the first time with the film, features in a supporting role alongside P. Ravishankar and Sruthi Hariharan.",nirupbhandari avantikashetty p.ravishankar arya sruthihariharan,anupbhandari,
515856,Churikatte,2018-01-26,2018,kn,"[80, 18]",0.448,8.0,2,"An aspiring policeman decides to take matters into his own hands and save the local policemen when criminal activities worsen in Churikatte, unaware of the repercussions that await him.",praveentej achyuthkumar sharathlohitashwa balajimanohar arunabalaraj,raghushivamogga,
508396,The Villain,2018-05-31,2018,kn,"[28, 80]",0.6207,5.1,8,"Rama or Ravana, whose ideologies work better? Two shrewd minds battle it out in a one-upmanship game. Who will win?",shivarajkumar sudeepa amyjackson srikanth mithunchakraborty,prem,
584626,Ananthu v/s Nusrath,2018-12-28,2018,kn,"[18, 10751]",0.4383,6.2,4,"Ananthu is advocate belonging to an orthodox Brahmin family, who falls in Love with Nusrath Fathima baig, a Muslim girl. How Ananthu wins his love is the plot. Whole love story revolves in Court and Narrated in a humorous way.",vinayrajkumar lathahegde p.ravishankar prajwaldevaraj bsuresha,sudheershanbhogue,
552963,Ambi Ning Vayassaytho,2018-09-27,2018,kn,[],0.2729,5.0,2,A 65 years old man starting a journey to find his first love who broke up 40 years ago.,ambareesh suhasinimaniratnam sudeepa sruthihariharan lasyanagaraj,gurudathaganiga,
556596,Kanaka,2018-01-26,2018,kn,"[28, 10749]",0.4564,0.0,0,"Kanaka is a 2018 Indian Kannada romantic action film directed by R. Chandru. It features Duniya Vijay, Hariprriya and Manvitha Harish in the lead roles along with P. Ravishankar, Rangayana Raghu and Sadhu Kokila in key supporting roles.",manvithaharish hariprriya p.ravishankar k.p.nanjundi duniyavijay,r.chandru,
515853,Gultoo,2018-03-30,2018,kn,"[53, 80, 18]",0.3406,7.7,7,"Struggling to find a foot in the start-up scene, two aspiring entrepreneurs are entangled in a vicious loop of investigative trials following an unprecedented crime.",naveenshankar sonugowda avinash rangayanaraghu,janardhanchikkanna,
612362,Dhwaja,2018-04-27,2018,kn,[18],0.285,0.0,0,,ravishankergowda divyauruduga t.n.seetharam priyamani tablanani,ashokcashyap,
688631,Vaasu Naan Pakka Commercial,2018-08-03,2018,kn,"[28, 18, 10749]",0.2672,3.0,3,"Vaasu, a young man who falls head over heels in love with Mahalakshmi, however, little does he know that his actions would have adverse repercussions on his family.",anissh nishvikanaidu avinash manjunathhegde arunabalaraj,ajithvasanuggina,
567792,Victory 2,2018-11-01,2018,kn,[35],0.3441,5.0,1,Viictory 2 movie is romantic comedy entertainer directed by Hari Santhosh and produced by Tarun Shivappa while Arjun Janya scored music for this movie  Sharan and Asmita Sood are played the main lead roles in this movie.,sharan asmitasood p.ravishankar sadhukokila,harisantosh,
501231,3 Gante 30 Dina 30 Second,2018-01-19,2018,kn,[],0.3205,0.0,0,"3 Gante 30 Dina 30 Second is a Kannada Feature Love Story written and directed by adman G K Madhusudhan. Film is produced by Chandrashekar R Padmashali and like minded producers under the banner Brain Share Creations Pvt Ltd. This is a story of a reality game takes place between the Hero and Heroine! The movie has a blend of youngsters Arun Gowda & Kavya Shetty in lead roles along with powerhouse performers Devaraj, Sudharani, Edakallu Guddada Mele Chandrashekhar, Ramesh Bhat, Anantavelu, T.S.Nagabharana and Gururaj Hosakote.",arungowda kavyashetty devaraj,g.k.madhusudhan,
567791,8MM Bullet,2018-11-16,2018,kn,"[80, 53]",0.2794,1.0,1,"8MM Bullet movie is a crime thriller movie written and directed by Harikrishna and jointly produced by Narayan Swamy, Infant Pradeep and Saleem Shah while Judah Sandy scored music for this movie.  Jaggesh playing for the time different role in this movie.",jaggesh adilokesh vasishtan.simha rocklinevenkatesh mayurikyatari,harikrishnas,
829661,The Terrorist,2018-10-18,2018,kn,[53],0.338,0.0,0,"The lives of two sisters, Reshma and Asma, is thrown into disarray when Reshma receives a call about Asma's kidnapping.",keerthibhanu raginidwivedi ravibhatia shashikanthgatti manuhegde,pcshekar,
542627,Loudspeaker,2018-08-10,2018,kn,"[18, 35]",0.2771,0.0,0,,anusharodrigues rangayanaraghu abhishekjain dishadinakar,shivatejass,
536475,Aa Karaala Ratri,2018-07-13,2018,kn,[53],0.229,5.6,11,"Muthanna and his family, who live in abject poverty, receive a prediction that says their fortune will change overnight. The same day, a mysterious man arrives and requests them to let him stay back.",karthikjayaram anupamagowda rangayanaraghu naveenkrishna veenasundar,dayalpadmanabhan,
543413,Ayogya,2018-08-17,2018,kn,"[18, 28, 10749]",0.3182,3.7,3,"Sidda wants to provide basic amenities to his village in Mandya, by becoming a gram panchayat member, but he faces several ordeals to complete his mission.",sathishninasam rachitaram p.ravishankar tablanani sadhukokila,s.maheshkumar,
991383,Iruvudellava Bittu,2018-09-21,2018,kn,[18],0.383,0.0,0,"Poorvi, an independent woman, leaves her family and boyfriend, Dev, due to ger ego and self-conceit. Despite making several imprudent decisions, her life comes back on track after meeting Akash.",meghanaraj tilakshekar achyuthkumar shrimahadev arunabalaraj,kantharajkanalli,
499360,Humble Politician Nograj,2018-01-12,2018,kn,"[18, 35]",0.3461,5.5,8,"Nograj, a narcissistic crazy politician who exploits a city and its resources. The film is about Nograj's aspirations to becoming the MLA in the upcoming elections and the opposition he faces.",danishsait sumukhisuresh sruthihariharan vijaychendoor rogernarayan,saadkhan,
515851,Samhaara,2018-02-09,2018,kn,"[28, 53]",0.2709,5.0,1,"Samhaara is a 2018 Indian Kannada action thriller directed by Guru Deshpande. It features Chiranjeevi Sarja, Hariprriya and Kavya Shetty along with Chikkanna in the lead roles",chiranjeevisarja hariprriya chikkanna kavyashetty,,
567290,Bhairava Geetha,2018-12-07,2018,kn,"[10749, 28, 18]",0.33,6.0,1,"Set against the backdrop of violent class, a love story of a man who turns into a rebel in a battle between feudal-minded oppressors and the downtrodden.",dhananjay irramor kalpalatha,siddharthathatholu,
611507,Brihaspathi,2018-01-05,2018,kn,"[10751, 18, 28]",0.2881,0.0,0,"Sudhir, a graduate who is unemployed for several years, finally lands a job by overcoming various obstacles.",manoranjanravichandran mishtichakravarty saikumar kanikamann sithara,nandakishore,
539877,Katheyondu Shuruvagide,2018-08-03,2018,kn,"[10749, 35]",0.2571,7.3,7,"A young resort owner, Tarun, is going through a rough time and tries to deal with disappointments, failures, and struggles of his life. In the process of doing so, he strikes up a great bond with a resort guest, Tanya. Will this bond help them to find a new meaning of love and life?",diganthmanchale poojadevariya shreyaanchan ashwinraopallaki raaghuraamanakoppa,sennahegde,
510568,Tagaru,2018-02-23,2018,kn,[28],0.2602,7.1,9,Duniya Soori's Tagaru takes us on a bloody ride through the dark underbelly of the underworld and their clash against the police.,shivarajkumar bhavana manvithaharish dhananjay vasishtan.simha,duniyasuri,kannada
561779,Sankashta Kara Ganapathi,2018-07-27,2018,kn,"[35, 10749]",0.2489,6.5,2,"Ganapathi, a cartoonist, is diagnosed with a neurological disorder called Alien Hand Syndrome, which poses a hindrance in his daily life. Despite the disorder, Ganapathi attempts to achieve his goal and also goes on to woo the girl he loves.",likithshetty achyuthkumar shrutigoradia manjunathhegde nagabhushanans,arjunkumars,
611321,Buckasura,2018-04-06,2018,kn,[53],0.2026,4.0,4,"Arya, aka Money, is a lawyer who will do anything for money. When he gets an offer that he cannot refuse, he has to make a lot of choices to lead the live he wants. Will Arya get to lead a happily ever after with a wealthy future?",sihikahichandru makranddeshpande sadhukokila suchendraprasad v.ravichandran,navaneeth,
528926,Shathaya Gathaya,2018-06-08,2018,kn,[],0.2213,0.0,0,,govindegowda m.s.umesh gaddappa kuriprathap raghuramappa,sandeepgowda,
552966,Naduve Antaravirali,2018-08-31,2018,kn,"[10749, 18]",0.2259,0.0,0,,aishanishetty suryaprakhyath chikkanna tulasi manjumandavya,raveenkumaara,
571576,Nathicharami,2018-12-28,2018,kn,[18],0.1764,7.4,7,"A widow struggles with the dilemma of her own growing sexual needs, and her desire to remain faithful to the memory of her late husband.",sruthihariharan balajimanohar sancharivijay poornachandramysuru,mansore,widow extramarital affair husband wife estrangement sexual healing
544891,Sarkari. Hi. Pra. Shale Kasaragodu,2018-08-23,2018,kn,[18],0.2012,7.7,9,"In Kasargodu, Kerala is a normal school until a big problem comes in its way.",anantnag pramodshetty rameshbhat prakashthuminad rishabshetty,rishabshetty,school kannada
567793,Orange,2018-12-07,2018,kn,"[35, 18, 10749]",0.2492,2.5,1,"While on a train journey, a rich lad Ganesh meets a cute bubbly girl Khushi and falls in love with her. He gathers the courage to talk to her but loses her in the crowd.",priyaanand avinash sadhukokila rangayanaraghu padmajarao,prashanthraj,
548057,Amma I Love You,2018-05-13,2018,kn,[],0.2225,1.0,1,"On the advice of a saint, a rich man crosses all boundaries to restore his mother's health as she is on her deathbed. In order to do that, he must turn into a beggar for 48 days",chiranjeevisarja nishvikanaidu sithara chikkanna prakashbelawadi,k.m.chaitanya,
551965,Rajasimha,2018-02-02,2018,kn,[28],0.1973,0.0,0,"Yuvaraja falls in love with Pallavi, and when pursuing her, he gets to know more about his past and his uncle who wronged him",ambareesh aniruddha vijaychendur sharathlohitashwa arunsagar,raviram,
548849,Raambo 2,2018-05-16,2018,kn,[35],0.1822,5.3,3,"Mayuri gets kidnapped when she is on a road trip with Krishna and DJ. However, the kidnapper releases her with a message for Krishna.",sharan ashikaranganath chikkanna tablanani kuriprathap,,
544868,Ondalla Eradalla,2018-08-24,2018,kn,"[18, 35]",0.1935,0.0,0,"The story revolves around a seven year old boy named Sameera who looses his pet Banu. He goes alone in search of his pet to a town called 'Pete', along the way he meets many people from different sections of society. Innocence is the main theme of the movie, whether his innocence can reign over the selfishness of the people he meets on the way to recover his lost pet forms the main crux of the movie.",rohithpandavpura saikrishnakudla mkmutt anandneenasam prabhudevahosadurga,dsatyaprakash,
544877,May 1st,2018-08-24,2018,kn,[18],0.1526,0.0,0,Family in a rather huge farm house on the outskirts of the city and a series of supernatural happenings.,karthikjayaram rakshasomashekhar purvijoshi rohietnair,s.k.nagendraurs,
543415,Onthara Bannagalu,2018-08-17,2018,kn,"[35, 10751, 18]",0.1368,0.0,0,,kiransrinivas hithachandrashekar sonugowda praveenpugalia lohithaswa,sunilbhimrao,
615930,Double Engine,2018-01-01,2018,kn,[35],0.1271,0.0,0,,chikkanna sadhukokila prabhumundkur sumanranganathan,chandramohan,
607294,Pailwaan,2019-09-12,2019,kn,"[28, 18]",1.6429,6.2,9,A fierce wrestler becomes the symbol of hope for his people when he rises against the odds and fights the brutal oppression.,sudeepa aakankshasingh sunielshetty kabirduhansingh sushantsingh,s.krishna,
589705,Udgharsha,2019-03-22,2019,kn,[53],1.0105,1.0,1,"A thriller film directed by Sunil Kumar Desai, starring Sai Dhanshika, Tanya Hope and Thakur Anoop Singh in the lead roles.",saidhanshika tanyahope thakuranoopsingh kishore gymravi,sunilkumardesai,
655858,Geetha,2019-09-27,2019,kn,"[18, 10749]",1.0123,7.0,1,"Akash, a software professional who comes from a broken home, is a cynical younger who does not really believe in the idea of love. But when he learns about his father's past and encounters love in close proximity in his life, does he find a happy ending?",ganesh prayagamartin shanvishrivastava parvathyarun devaraj,vijayn,
729792,Fortuner,2019-11-01,2019,kn,"[18, 10749, 35]",0.8494,0.0,0,"Partha, a good-for-nothing man, falls for Anusha and lies to her about owning a restaurant. When they get married, his dishonesty is exposed which ruins their relationship.",diganthmanchale sonugowda swathisharma ratanram,manjunathjanivaarya,
634077,Avane Srimannarayana,2019-12-27,2019,kn,"[14, 28, 12, 35, 37]",0.863,7.4,26,"In the pursuit of solving an ancient mystery of Amaravati, Narayana, a corrupt cop must battle the dangerous clan of dacoits and it's fierce leader.",rakshitshetty shanvishrivastava pramodshetty balajimanohar achyuthkumar,sachinravipayyanur,
652947,Ondh Kathe Hella,2019-03-08,2019,kn,"[27, 53]",0.6146,0.0,0,Five friends with contrasting personalities head out on a road trip from Bangalore to Sakleshpur. This movie is a horror anthology with 5 characters. The key chapter is about 5 friends planning a road trip from Banglore to Sakaleshpur. On their way 4 stories are shared among them and the sub-stories are based on true horror incidents.,pranathirganiga pratheek shakthisomanna thandavram girishg,girishg,
637560,Devaki,2019-07-05,2019,kn,"[53, 18]",0.7835,1.0,2,A mother sets out on a quest to find her missing daughter in the city of Kolkata.,kishore priyankaupendra sanjeevjaiswal aishwaryaupendra,h.lohith,
590901,Panchatantra,2019-03-29,2019,kn,[],0.6958,0.0,0,"A drama film directed by Yogaraj Bhat, starring Vihan Gowda and Sonal Monteiro in the lead roles.",vihangowda sonalmonteiro aksharagowda balarajwadi deepakshetty,yogarajbhat,
1188027,Kalidasa Kannada Meshtru,2019-11-22,2019,kn,"[35, 18]",0.5294,0.0,0,"Kalidasa is a Kannada teacher who loves teaching the language. When the existence of his school is threatened, he raises his voice against the education system that leans towards private schools.",jaggesh meghanagaonkar ambika jayathirtha tablanani,kaviraj,
843351,Onti,2019-07-05,2019,kn,[28],0.6544,3.0,1,"Onti, a carefree young man, catches the eye of a gangster, Silk after he saves Paaru from him. In retaliation, Silk murders Onti's dear friend which sets Onti on the path of revenge.",arya meghanaraj sharathlohitashwa devaraj girijalokesh,,
628368,Nanne Preethse: I Love You,2019-06-14,2019,kn,[],0.469,3.7,3,"When Santu meets Dharmika after few years of romantic college life, will he win the lost love, or is there something surprise round the corner.",upendra rachitaram sonugowda sayajishinde brahmanandam,r.chandru,
581933,Natasaarvabhowma,2019-02-07,2019,kn,[28],0.4483,7.3,3,A supernatural force influences a guy's behaviour and helps him finish important tasks.,puneethrajkumar b.sarojadevi anupamaparameswaran rachitaram chikkanna,pavanwadeyar,
677285,Kiss,2019-09-27,2019,kn,"[10749, 35]",0.4457,2.6,4,"Kiss tells the love story of Nandini and Arjun. Nandini is a young, modern day college student who holds on to traditional values and Arjun is a rich, carefree guy. The film is an exploration of young love, directed by A. P. Arjun and produced by V. Ravi Kumar under Rashtrakuta Pictures. The lead actors are Viraat Vellanki and Sree Leela. The credit for the music score goes to V. Harikrishna and Adi Hari.",viraat sreeleela sadhukokila chikkanna apoorvagowda,a.p.arjun,
653944,Bharaate,2019-10-18,2019,kn,"[28, 18, 10749]",0.552,2.3,3,"When Jagan meets Radha, it is love at first sight for him. But finding his happily-ever-after is harder than it seems. A romantic-action film directed by Chethan Kumar, starring Sri Murali and Sree Leela in the lead roles.",sreeleela sriimurali ayyappap.sharma p.ravishankar sadhukokila,chethankumar,
590906,Kavacha,2019-04-05,2019,kn,[],0.4455,7.0,3,An unfortunate young girl becomes the target of a vengeful serial killer who is on the loose. The only person standing between the killer and the girl is a visually challenged man who has vowed to protect her at any cost.,shivarajkumar kruthikajayakumar meenakshianoop ishakoppikar dhritimanchatterjee,g.v.r.vasu,
639479,Chambal,2019-02-22,2019,kn,"[53, 18]",0.3538,3.0,1,"Subhash is a young and dynamic IAS officer, His relentless and uncompromising way of working sends shivers across the corridors of power, cutting across political and business circles. Being incorruptible and principled, his idealism and righteousness soon become a threat to the entire system.",sathishninasam sonugowda pawankumar achyuthkumar kishore,jacobverghese,
634906,Sinnga,2019-07-19,2019,kn,[],0.5883,0.0,0,"Sinnga (Chiranjeevi Sarja) is a short-tempered, which lands him in a lot of trouble with the police. His mother Janakamma (Tara) wants him to get married. When she spots Geetha (Aditi Prabhudeva) at a temple, she decides that Geetha could become her daughter-in-law. Sinnga also ends up falling for Geetha. But first, Sinnga has to take care of Rudraswamy (Ravishankar) who wants to exact revenge for public humiliation.",chiranjeevisarja p.ravishankar aditiprabhudeva,vijaykiran,
705244,Ayushman Bhava,2019-11-15,2019,kn,"[28, 18]",0.3827,6.0,1,"Krishna enters a big household as the caretaker of the patriarch. He finds out that the granddaughter of the house, Lakshmi, has been kept locked in the household because of her mentally unstable condition and as a caretaker he decides to explore.",shivarajkumar rachitaram anantnag prabhu suhasinimaniratnam,p.vasu,
673742,Girgitle,2019-03-15,2019,kn,"[28, 18]",0.4278,0.0,0,"After being overwhelmed by the cheaters who cheat common people day-to-day, Rangayana Raghu { Harishchandra}, decides to write a book in an attempt to reform the corrupted mindsets. The screenplay will twist in the direction of Harishchandra's thoughts influencing and reforming 3 characters involved in underworld activities.",advithishetty chandrashekhardutta gururajp vaishnavigowda bankjanardhan,ravikiran,
622382,Yaanaa,2019-07-12,2019,kn,[18],0.2839,5.0,1,"The film delves into the aspirations and values of today's youth, who would go to any length to achieve their dreams. As the saying goes, the greatest journey is the one within.",abhishek babyakshatha vaisirijagdish vainidhijagdish anantnag,vijayalakshmisingh,kannada yaanaa
611315,99,2019-05-01,2019,kn,[18],0.3457,6.2,3,99 is a 2019 Indian Kannada-language romance film directed by Preetham Gubbi and produced by Ramu. The film stars Ganesh and Bhavana in the lead roles.The film was released on 1 May 2019. It is a remake of the 2018 Tamil film 96 which was reported to have similarities with the 2016 movie Blue Jay.,bhavana ganesh,preethamgubbi,
697045,Adhyaksha In America,2019-10-10,2019,kn,[35],0.2695,0.0,0,"Ullas is a scamster living in a small town, who'd do anything for good money. A confusion leads him to get married to a rich NRI girl, who has an alcohol problem. What will become of this marriage?",sharan raginidwivedi sadhukokila shivarajkrpate rangayanaraghu,yoganandhmuddhan,
584786,Bell Bottom,2019-02-15,2019,kn,"[35, 53, 18]",0.3969,6.8,13,A fun ride to the 80s where a detective solves the mystery of serial police station robbery.,rishabshetty hariprriya achyuthkumar pramodshetty yogarajbhat,jayathirtha,
578432,Birbal Trilogy: Case 1 – Finding Vajramuni,2019-01-18,2019,kn,"[80, 9648, 53]",0.3543,5.2,6,"A man wrongly accused of murder is helped by Advocate Mahesh Das, despite the increasing threats they face during the investigation.",m.g.srinivas rukminivasanth sujayshastri kavithagowda madhusudhanrao,m.g.srinivas,crime investigation
586574,Yajamana,2019-03-01,2019,kn,[28],0.3823,4.7,7,The film revolves around a hardworking man Krishna who lives in Hulidurga and is famous for traditional oil extraction. He is torn apart from being the rightful owner with the entry of business tycoon Devi Shetty. Will Krishna fight against all odds to bring justice to his people? Who will become the real `Yajamana` is what forms the crux of the story.,rashmikamandanna darshanthoogudeepasrinivas dhananjay devaraj tanyahope,ponkumaran,
620008,Aadi Lakshmi Puraana,2019-07-19,2019,kn,"[10749, 28, 35]",0.3297,8.5,1,"Aaditya is an investigation officer, who is pursuing the drug mafia in the country. Lakshmi is a happy-go-lucky girl, working in a travel agency and living life through pranks and innocent lies. When Aadi and Lakshmi’s paths cross, there is a love story waiting to happen.",nirupbhandari radhikapandit tara suchendraprasad sowmyajaganmurthy,v.priya,
748477,Kannad Gothilla,2019-11-22,2019,kn,[53],0.1751,1.0,1,A mysterious tale of non-Kannadiga immigrants going missing in Bengaluru. What happened to them?,hariprriya sudhabelawadi gopalkrishnadeshpande sudharani dharmannakadur,mayuraaraghavendra,kannada
603553,Arishadvarga,2019-06-23,2019,kn,"[80, 9648]",0.6893,5.0,2,"Arishadvarga is a character-driven neo-noir, about an aspiring actor who opens a Pandora's Box when he seeks out an anonymous client who rewards him with a surprise gift, ""A murder and a witness to his crime"".",avinash maheshbung sudhabelawadi anjualvanaik samyuktahornad,arvindkamath,
651719,Katha Sangama,2019-12-06,2019,kn,"[18, 10751, 14, 53]",0.2513,5.3,3,"Anthology of 7 movies blended inside one.  7 directors, 7 DOPs, 7 Musicians and 7 editors have worked in the movie. This is movie is a tribute to legendary Puttanna Kanagal",kishore yagnashetty prakashbelawadi sowmyajaganmurthy hariprriya,chandrajithbelliappa,katha sangama
635379,Dasharatha,2019-07-26,2019,kn,"[28, 18]",0.3122,0.0,0,"Dasharatha is a court drama movie directed by M.S.Ramesh and produced by Akshay Mahesh K under M.S.R. Production banner while Guru Kiran scored music for this movie  Ravichandran, Sonia Agarwal, Abhirami and Meghashri are played the main lead roles along with Shobhraj, Avinash and many others are seen in supporting roles in this movie.",v.ravichandran soniaagarwal abhirami avinash megashree,m.s.ramesh,
627261,Nanna Prakara,2019-08-23,2019,kn,"[80, 9648]",0.3944,3.2,5,A police officer sets out to investigate the case of Vismaya who dies mysteriously in an accident. The officer soon finds out that two other girls died on the same spot and tries to uncover the truth.,kishore priyamani mayurikyatari vaishnavichandran niranjandeshpande,vinaybalaji,
654884,Alidu Ulidavaru,2019-12-06,2019,kn,"[53, 9648]",0.2906,5.5,4,"The film follows a popular TV host and a Bonafide myth buster of superstition, through his journey of making the 100th episode for his show.",ashubedra atulkulkarni sangeethabhat pawankumar,arvindshastry,
667011,Odeya,2019-12-12,2019,kn,"[28, 18]",0.2726,4.7,3,Gajendra is a kind-hearted man who lives a happy life taking care of his family and the people around him with utmost affection. He has chosen to be a bachelor and hates the term marriage and since his own brothers have to seek his permission for their own marriage proposals they come up with a plan to make him fall in love.,darshanthoogudeepasrinivas sanahthimmayyah ashwinigowda chikkanna chitrashenoy,m.d.shridhar,
657457,Aa Drushya,2019-11-08,2019,kn,"[18, 9648, 53]",0.3585,0.0,0,"Surya Tejas, a retired policeman, narrates the details of a case that he investigated years ago to a former colleague's son. In the process, he reveals what really happened on the day of the crime.",achyuthkumar chaithrajachar v.ravichandran arjungowda chethanvicky,shivaganesh,
666349,India vs England,2019-12-14,2019,kn,"[18, 35, 10749]",0.2135,2.3,3,India vs England is an upcoming Indian Kannada-language Romantic Thriller film directed by Nagathihalli Chandrashekar and produced by Y.N.Shankaregowda and several Non resident Indians from the UK and other countries. The film stars Vasishta Simha and Manvitha Harish. The film is set to release on 24 January 2020.,vasishtan.simha manvithaharish ananthnag sumalatha sadhukokila,nagathihallichandrashekar,
670071,Visions of Mookajji,2019-11-29,2019,kn,[18],0.1775,10.0,1,"An 80-year-old widow with extra-sensory perceptions can see the history behind the objects she touches, through which she comments on evolution of culture, concepts of God, religion, relationships, humans and their sexuality, etc.",jayashreeb. aravindkuplikar nandinivittal rameshwarivarma pragathiprabhu,pattabhiramaiahsheshadri,based on novel or book kannada
658152,Premier Padmini,2019-04-26,2019,kn,[],0.2232,5.0,3,"Vinayak is a middle-aged man who is on the verge of getting a divorce. Life seems to be going downhill, which is noticed by his new driver, Nanjundi. Will Vinayak get over the slump in his life?",jaggesh madhoo sudharani pramodpanju viveksimha,,
673211,Kapata Nataka Paatradhaari,2019-11-08,2019,kn,"[18, 9648, 53]",0.3033,1.0,1,"Krishna, an auto driver, sets up a ruse to help his girlfriend, Rukmini, but both of them end up getting caught in it. Soon strange, ghostly things start happening around him. A story that is equal parts romance and horror, this movie will keep you on the edge of your seat.",balunagendra sangeethabhat jaidev karisubbu prakashthuminad,krish,
577745,Seetharama Kalyana,2019-01-25,2019,kn,"[18, 10749]",0.1631,4.7,3,"Arya, the son of an influential man in the city, falls in love with Geetha, an innocent girl from a small town. He thinks his life is set but fate has more than a little trouble in store for him.",rachitaram joybadlani chikkanna sadhukokila nayana,a.harsha,
594028,Kavaludaari,2019-04-12,2019,kn,"[53, 9648, 80]",0.372,6.9,24,"The story follows two Bangalore cops as they investigate an old case. Anant Nag plays Muthanna, a retired inspector while Rishi is Shyam, a sub-inspector working in the Traffic Police. Their search leads them across trails that will put their wit, resolve and morals to the test.",rishi anantnag achyuthkumar sumanranganathan sidhaarthamaadhyamika,hemanthm.rao,whodunit police investigation cold case
672125,Love Mocktail,2020-01-31,2020,kn,"[10749, 18]",1.5429,6.4,17,"Love Mocktail is a 2020 Indian Kannada-language romantic drama film directed by Krishna in his director debut and jointly produced by Krishna, Milana Nagaraj. The film stars Krishna, Milana Nagaraj in the lead roles. The film was released on 31 January 2020.",darlingkrishna milananagaraj amruthaiyengar rachanainder kushiachar,darlingkrishna,platonic love love tragic love teenage love first love
682661,Drona,2020-03-06,2020,kn,"[28, 18]",1.1846,4.0,1,"Drona revolves around a school teacher who is transferred to a government school where the conditions are pathetic and the teachers indifferent towards the students. Step by step, he tries to make the school a better place but is constantly opposed by people including the Assistant Head Master. Will he succeed?",shivarajkumar rangayanaraghu iniya ravikishan,pramodchakravarthy,
672128,Dia,2020-02-07,2020,kn,"[18, 10749]",0.8618,6.2,23,"Dia tells the story of a young, introvert girl whose routine life brightens up when she falls for Rohith, one of her fellow college mates. Being an introvert girl and trying to express her love becomes the biggest challenge of her life. This romantic drama will make you lose yourself in the emotional journey of a girl falling in love.",kusheeravi dheekshithshetty pruthviambaar pavitralokesh aravindrao,k.s.ashoka,
673383,Gentleman,2020-02-07,2020,kn,"[28, 28, 53]",0.2692,5.0,1,"The film follows the story of a man suffering from a rare disorder called the Sleeping Beauty Syndrome (aka Kleine-Levin syndrome), which leads to excessive sleepiness and leaves him awake for less than five hours a day.",prajwaldevaraj nishvikanaidu sancharivijay vijaychendoor raghuramankoopa,jadeshkumarhampe,
676148,Mayabazar 2016,2020-02-28,2020,kn,"[18, 35]",0.4321,4.8,8,"An honest cop, a conman and a hopeless romantic form an unusual team during the days of demonetisation to pull off a scam. A scam that is bigger than demonetisation, but things go haywire.",prakashraj rajbshetty vasishtan.simha achyuthkumar sadhukokila,radhakrishnareddy,
680691,Rudraprayag,2020-04-09,2020,kn,"[28, 18]",0.3931,0.0,0,,anantnag shraddhasrinath rishabshetty gulshandevaiah,rishabshetty,
718893,LAW,2020-07-17,2020,kn,"[80, 53, 18]",0.4083,2.8,4,"Nandhini, a law student who is caught in a precarious situation, fights for justice for a gruesome crime involving herself.",raginichandran mukhyamantrichandru avinash achyuthkumar sudharani,raghusamarth,rape courtroom
666350,Khakii,2020-01-24,2020,kn,"[28, 18]",0.2554,1.0,1,"Khakii is a romantic action drama film written and directed By Naviin Reddy B and produced by Manasa Tarun, Tarun Shivappa under Tarun Talkies banner. The movie cast includes Chirranjeevi Sarja and Tanya Hope are playing the main lead roles while Ritvik Muralidhar scored music.",chiranjeevisarja tanyahope chayasingh devgill,,
703367,Mathe Udbhava,2020-02-07,2020,kn,"[18, 35]",0.3169,5.0,1,The movie is a sequel to old Kannada movie udbhava starring Ananth Nag. The story tries to showcase the problems of blind belief in god.,milananagaraj avinash sudhabelawadi pramodmanju girishbhat,kodluramakrishna,
674762,Popcorn Monkey Tiger,2020-02-21,2020,kn,"[28, 80, 18]",0.2043,6.6,5,The story narrates details of two characters Seena and Devika experiencing crime in different phases of life by meeting different people who may make them realize human values and emotions or not.,dhananjay sparsharekha amruthaiyengar niveditha sapthamigowda,duniyasuri,
722083,French Biriyani,2020-07-24,2020,kn,[35],0.2568,5.5,2,A French expatriate and an auto driver go on a three-day journey.,danishsait pitobash salyusuf dishamadan rangayanaraghu,pannagabharana,
682614,Shivaji Surathkal: The Case of Ranagiri Rahasya,2020-02-21,2020,kn,"[80, 53, 9648]",0.2477,6.2,4,"Shivaji Surathkal, who is the Sherlock Holmes of the Karnataka Police Department, is handed over a high-profile case – the murder of the Home Minister's son. This brings him to an eerie resort in Ranagiri, near Madikeri, which seems to throw Shivaji off his game.",ramesharavind radhikanarayan avinash rameshpandit rohithbhanuprakash,akashsrivatsa,detective
693592,Sri Bharatha Baahubali,2020-01-17,2020,kn,"[35, 10749]",0.4806,3.0,2,"Bharatha and Baahubali lead a happy-go-lucky existence in a small town. Fate makes them meet Sri, an NRI girl, who is in India on a mission. What follows is a series of adventures and misadventures in the pursuit of Sri's goal.",chikkanna achyuthkumar manjumandavya sarahharish amruthayadav,manjumandavya,
726780,Chanaksha,2020-03-21,2020,kn,"[28, 18]",0.2734,0.0,0,"Shiva Rudraiah's son decides to avenge his father's death and fulfill his dream with wit, intelligence, and wisdom.",dharmakeerthiraj vinodalva archanarao prabhakar shobaraj,maheshchinmayi,
715553,Aadyaa,2020-02-21,2020,kn,[53],0.1854,0.0,0,"A man gets a call from his ex-lover who needs his help to find her kidnapped daughter but during the investigation, all the evidence suggests that she never really had a daughter.",chiranjeevisarja sangeethabhat sruthihariharan girirajbm pramodshetty,k.m.chaitanya,
722103,Bheemasena Nalamaharaja,2020-10-29,2020,kn,[18],0.3633,10.0,2,"A pinch of love, a dollop of happiness with a scoop of togetherness. Join this cook on a flavorsome journey of love, loss and friendship. When tragedy sizzles through his life, it is to see if he can save the dish and toss a sweet ending.",aravinndiyer swaroopinii achyuthkumar priyankathimmesh vijaychendur,karthiksaragur,
767313,ACT-1978,2020-11-20,2020,kn,[18],0.1311,4.0,2,"Geetha, a pregnant widow, goes to a government office as part of her long and continuous ordeal to get money from a government scheme that is hers. What seems to be a normal day of bureaucracy and corruption goes awry when she lands up with a bomb strapped to her stomach.",yagnashetty achyuthkumar pramodshetty bsuresha avinash,mansore,
691354,Demo Piece,2020-02-14,2020,kn,[18],0.0917,0.0,0,A down-on-his-luck college student dreams of living a lavish life but is restricted by his family restrictions which leads him to make some bad choices and go through shortcuts to earn some fast money.,sonalmonteiro bharathbopanna rocklinesudhakar sparsharekha,vivekagowda,
706879,Bill Gates,2020-02-07,2020,kn,"[35, 18]",0.1004,2.0,1,There lived two mischievous boys named 'Pandu' and 'Giri' somewhere in the countryside of Karnataka. While at 8th grade they get punished by their master and he also tells them about the business tycoon 'Bill Gates'. Then the boys decide to be the next 'Bill Gates' to the world and they move to Bengaluru to achieve it. What happens thereafter and how the story unfolds forms the plot.,chikkanna priyankachincholi bankjanardhan girishshivanna kuriprathap,srinivasac.mandya,
770994,Ondu Shikariya Kathe,2020-03-06,2020,kn,"[80, 53]",0.1617,0.0,0,"A series of mysterious events befall when a famous novelist, an absolute follower of non-violence, takes up a gun and goes on the hunt.",pramodshetty siriprahlad prasadcherkadi mkmata abhimanyuprajwal,sachinshetty,
751494,Manne No 13,2020-11-26,2020,kn,"[27, 53]",0.2565,7.0,4,"5 IT professionals staying together vacate their house due to a situation. They move into a new house were they start facing horrific incidents at night. It terrifies them to death. When they are about to find out what's happening, they are getting killed one after another . Now they have to find out if it's really haunted or someone planning the terror.",ramana varshabollamma sanjeev praveenprem aishwaryavarma,vivykathiresan,
718201,Naanu Matthu Gunda,2020-01-24,2020,kn,[18],0.206,0.0,0,Auto driver Shankar finds a dog in his vehicle and begins to form a strong emotional bond that becomes the talk of his town and makes his wife jealous.,samyuktahornad govindegowda rocklinesudhakar,srinivasthimmaiah,
708113,Mounam,2020-02-21,2020,kn,"[18, 53]",0.2277,1.0,1,"When a person is alone, there are many emotions that start running off in his mind. This film is a psychological thriller that captures these emotions of a different kind. When a person is silent, the mind is making a lot of sound.",avinash mayurikyatari balajisarma bkbalaram kempegowda,raajpandith,
683002,Malgudi Days,2020-02-07,2020,kn,[18],0.0869,2.0,2,"A 65-year-old celebrated writer Lakshminarayana Malgudi announces his retirement. On his post-retirement run to complete a few pending things, he happens to meet a young girl named Prakruthi who becomes a part of his journey.",arjunkapikad vidyamurthy vijayraghavendra greeshmasridhar,kishoremoodbidri,
748540,Navarathna,2020-02-14,2020,kn,"[28, 18, 53]",0.1168,9.5,2,A construction worker happens to find an ancient box comprising of an attractive 'Navarathna' Necklace while digging at construction site. Strange things happen to people around this suspicious Navarathna necklace and thereby the story takes a sharp turn to a restricted Forest where 3 people travel deep into the forest. The story then unfolds in a suspicious thriller manner.,mokshakushal sharathlohitashwa amithvishwanath prathapraj,prathapraj,
1500891,The Painter,2020-08-14,2020,kn,[53],0.0866,0.0,0,"Set during the COVID-19 pandemic and filmed under lockdown condtions, this thriller follows a family attempting to deal with a possibly dangerous stranger in their home.",basha venkatbharadwaj naraharidixit rajkamal madhura,venkatbharadwaj,shot in lockdown
853820,The Times We Live In,2020-08-13,2020,kn,[],0.0553,0.0,0,"A tale of two generations, dealing with the influence of the elder, on the actions, reactions and dreams of the younger.",tarakponnappa preethamkoppala saakshigururaj,prasadsiddheshwar,
672709,Sagutha Doora Doora,2020-02-14,2020,kn,"[28, 18]",0.0256,0.0,0,Saagutha Doora Doora is a Kannada movie starring Mahesh Siddu and Apeksha Pavan Wadeyar in prominent roles. It is a drama directed by Ravi Teja.,apekshapurohit maheshsiddu masterashik janvijyothi,raviteja,kannada sagutha doora doora
739028,Pinki Elli?,2020-11-08,2020,kn,"[18, 53]",0.0256,0.0,0,"Bindu and Girish are a seemingly typical middle-class working couple in an urban setup in India with an 8 months old baby girl, Pinki. One day when Bindu returns home very early from office, she discovers to her horror that Pinki is not home and neither is the maid Sannamma who is supposed to be taking care of Pinki. Thus, begins a frantic day of search that takes her to strange places, people, social realities, forcing her to confront her past, present and the future.",akshathapandavapura gunjalamma deepaksubramanya anoopshoonya sangamma,prithvikonanur,
866650,Connect 55,2020-07-25,2020,kn,[],0.0538,0.0,0,"It is a suspense crime thriller movie, In this movie shows a what are the problems face to girls in social media. Girls must watch this movie.",outstandingyogi abhishek aishwarya sampathkumar shruthigowda,yuvakavinikhil,
761599,Bhrame,2020-11-01,2020,kn,[],0.0143,0.0,0,"A psychological thriller ‘Brame’ is based on an incident that happened in Kundapura taluk. Director Charaj Raj of ‘Subba Maththu Subbi’ has added more flavors to this real incident based cinema. The film centers on a ward boy in the hospital. It is filled with comedy, action and thrills in a good entertainment package says director Charan Raj. You would get different types of ‘Brame’ in social life watching this film.",naveenraghu anjanagowda yieshanasannappanavar pavankumar,charanrajr,
746724,Rajeeva,2020-01-03,2020,kn,"[28, 18]",0.0214,0.0,0,Rajeeva is a Kannada movie starring Mayur Patel and Akshatha Sreedhar Shastry in prominent roles. It is a drama directed by Flying King Manju.,mayurpatel akshathasreedharshastry shankarashwath,flyingkingmanju,
862153,Chocolate Starfish,2020-02-17,2020,kn,"[18, 53]",0.0071,0.0,0,"Two friends, Naveen and Ajay, decide to take a break, and smoke up to escape from their mundane lives. Things were going according to plan until they come across a mysterious memory card. Events that followed left them questioning their relationship.",,pranavr.bharadwaj,
1554167,The Maya of Bunnu K. Endo,2020-01-19,2020,kn,"[18, 14, 9648]",0.0143,0.0,0,"An anonymous multinational company interested in capitalizing natural resources, deceitfully leads a powerful politician's wife and her chauffeur on to an empty flat in a big city promising them a better life.  The couple are surveilled upon by a faceless representative of the company who not only controls the supplies that go into the flat, but also mysteriously, the space and time inside. As the couple are coerced and blackmailed into going through a series of role-playing, the lines between the past, present and future mystically get blurred. Also blurred are their very existence.",chitrrajaitley vinnayvishwaa sureshgujar ahalyaballal,ramchandrap.n.,experimental cinema corporatocracy
949118,Can Neither Stay Here Nor Journey Beyond,2020-03-05,2020,kn,[18],0.0071,0.0,0,"Naga, an eleven-year-old boy from a rural background is employed by a family in Mumbai to look after their child. Naga longs for his home.",,girishkasaravalli,
861743,Eerie,2020-05-01,2020,kn,"[9648, 53]",0.0,0.0,0,A nurse who has aspires to be writer gets these strange dreams while she's going to encounter something strange. When she goes as a replacement for her friend to a isolated house in the woods she gets a eerie encounter with the patient.,anupamasridhar,sachinkunder,
788106,Pogaru,2021-02-19,2021,kn,[28],0.8854,3.7,3,"Shiva, a ruffian, is the terror of his area in many ways, but still has a heart of gold. He has just one wish, for his mother to love him wholly like the way he does.",dhruvasarja rashmikamandanna dhananjay p.ravishankar sampathraj,nandakishore,
676159,Inspector Vikram,2021-02-05,2021,kn,"[28, 10749]",0.7229,5.0,2,"Inspector Vikram is the typical do-gooder cop, who also entertains and ensures no crime is left unsolved. What happens when he gets to meet a villain who is smarter than the average criminal and heads a drug racket?",prajwaldevaraj bhavana raghumukherjee darshanthoogudeepasrinivas raginichandran,narasimha,
951904,SriKrishna@gmail.com,2021-10-14,2021,kn,"[35, 10749]",0.5925,3.5,2,"Malavika, a single mother, ends up meeting Sathya, an employee in a five-star hotel, by accident. Her daughter begins to call Sathya her father and Malavika employs Sathya to play that part so as not to disappoint her father. An unexpected twist happens when Sathya learns the truth.",bhavana darlingkrishna rishabshetty achyuthkumar sadhukokila,nagashekar,
741695,Rider,2021-12-24,2021,kn,"[28, 10749, 18]",0.7655,7.0,1,"Rider is a romantic action entertainer movie directed by Vijay Kumar Konda. Produced by Sunil Gowda Chandru Manoharan. The movie casts Nikhil Kumar and Kashmira Pardeshi are in the lead roles along with Dattanna, Achyuth Kumar, Chikanna, Shivaraj KR Pete, Sampada Hulivana, Rajesh Nataranga, Shobaraj, Niharika, Anusha are seen in supporting role while Arjun Janya scored music for this movie.",nikhilkumar kashmirapardesi chikkanna achyuthkumar h.g.dattatreya,vijaykumarkonda,
686235,Mugil Pete,2021-11-19,2021,kn,[10749],0.6066,10.0,1,"Two families stand at loggerheads in their ideologies. A family that has failed to understand that love plays an important role in a relationship, and the other believes that love is the elixir of any relationship? What happens when Raja and Apoorva fall in love?",manoranjanravichandran rishi kayadulohar,bharatsnavunda,
654553,Yuvarathnaa,2021-03-31,2021,kn,"[28, 18]",0.7262,5.2,10,"A government aided college, RK University, is on the verge of completing its golden jubilee but a bizarre event shuts it down indefinitely. Will RK University restore its lost glory?",puneethrajkumar sayeshasaigal sonugowda dhananjay prakashraj,santhoshananddram,undercover spy education rugby
673779,Roberrt,2021-03-11,2021,kn,"[28, 10749]",0.6513,1.0,1,"Raghava lives in Lucknow with his son Arjun and is the head cook in a Brahmin's catering unit. He leads a peaceful existence, wanting the best for his son. All seems to go well, until some skeletons come tumbling out of his closet and he is forced to take on his original avatar.",darshanthoogudeepasrinivas jagapatibabu vinodprabhakar p.ravishankar devaraj,tharunsudhir,
735134,Bhajarangi 2,2021-10-29,2021,kn,"[28, 53, 14]",0.5321,2.5,2,"When a group of lost villagers chance upon a Guruji at a shrine, he begins to narrate the story of two unlikely heroes, Anji and Bhajrangi, who lived across two different timelines.",shivarajkumar bhavana shruti sauravlokesh shivarajkrpate,a.harsha,bhajarangi
809294,Munduvareda Adhyaya,2021-03-18,2021,kn,"[80, 53]",0.5239,0.0,0,"ACP Bala lands up in the midst of a murder mystery that has a lot more than what meets the eye. With many characters and twists, he's got himself a case that keeps getting intriguing with every reveal.",aditya ajayraj mukhyamantrichandru jaijagadish ashikasomashekar,baluchandrashekar,
679659,Salaga,2021-10-14,2021,kn,"[80, 28]",0.4791,0.0,0,"Vijaykumar, alias Salaga, is unknowingly pulled into the realm of the underworld. Samrat, an honest and upright cop, sees through him and decides to bring about justice.",duniyavijay dhananjay sanjanaanand achyuthkumar rangayanaraghu,duniyavijay,
678470,Kotigobba 3,2021-10-14,2021,kn,"[28, 80, 53]",0.3962,5.8,6,"Sathya, a philanthropist who now runs an orphanage, has to go to Poland for the treatment of young Janu. While there, an international criminal named Ghost carries out heists. Who is Ghost? And what has Sathya got to do with it all?",sudeepa madonnasebastian shraddhadas p.ravishankar aftabshivdasani,shivakarthik,
678466,Garuda Gamana Vrishabha Vahana,2021-11-19,2021,kn,"[80, 18, 53]",0.6713,7.5,16,"Shiva and Hari, two friends who are polar opposites in demeanour, are the terror in Mangaladevi. What happens when ego, ambition and jealousy creeps in between their strong friendship?",rajbshetty rishabshetty gopalkrishnadeshpande deepakraipanaje prakashtuminadu,rajbshetty,betrayal coastal town internal conflict
829477,Koli Taal,2021-10-30,2021,kn,"[35, 18, 9648, 10751]",0.3593,10.0,3,"Excited about their grandson's visit, an elderly couple plan to cook chicken curry for dinner. But, things begin to fall apart when the chicken goes missing.",radharamachandra prabhakarkunder abhilashshetty ganeshmogaveera guruprasadnairy,abhilashshetty,
729030,Rathnan Prapancha,2021-10-22,2021,kn,"[18, 35]",0.6995,5.0,2,Rathnakara is an insurance agent living a mundane life with his unapologetically loud mother Saroja. An uncomfortable truth about his life leads him to go on a trail to find his world. What does he learn eventually?,dhananjay rebamonicajohn umashree anuprabhakar pramodpanju,rohitpadaki,
916958,Love You Rachchu,2021-12-31,2021,kn,"[10749, 53]",0.4516,6.0,1,"In the midst of a happy relationship, a couple encounters a bad turn in their lives. Will they be able to overcome the obstacles or will the worst times await them?",rachitaram ajairao achyuthkumar raghushivamogga bsuresha,shankarsraj,blackmail murder lovestory
677047,Ninna Sanihake,2021-08-20,2021,kn,[10749],0.3485,0.0,0,"Ninna Sanihake chronicles the intimate journey of two young souls - Aditya and Amruta - through relatable and often humorous scenarios, while capturing the nuances of new age romance. A feast for the seekers of entertainment, the film is garnished with the right amount of romance, humor and drama.",surajgowda dhanyaramkumar arunabalaraj manjunathhegde,surajgowda,cohabitation live in relationship
676223,Badava Rascal,2021-12-24,2021,kn,"[35, 18, 28]",0.3846,4.0,2,"Badava Rascal is the journey of Shankar who lives life on his own terms. When he gets kidnapped along with his friend over trivial issues by goons, how does he get out of the trouble and what is the motto of abduction unravels the theme of the story.",dhananjay amruthaiyengar nagabhushanans poornachandramysuru rangayanaraghu,shankarguru,
741354,Hero,2021-03-05,2021,kn,"[35, 53]",0.3962,5.7,7,"A barber decides to kill his ex-girlfriend, who is married to a mafia head. While he comes prepared for this to their residence, he gets stuck in a web of misadventures.",rishabshetty ganavilaxman pramodshetty manjunathagowda anirudhmahesh,mbharathraj,
919977,Govinda Govinda,2021-11-26,2021,kn,"[35, 53, 80]",0.3177,0.0,0,Three college slackers fake a friend's kidnapping to help her escape her strict father. The plan works... until it meets a stranger-than-fiction reality.,roopeshshetty bhavana sumanthshailendra kavithagowda pawankumar,thilak,
865873,Blue Bird,2021-06-04,2021,kn,[18],0.3417,0.0,0,"Sidda is the only child of Maasti, a lazy farmer and Ganapi, a progressive woman who dreams of living in the town. Due to some unavoidable circumstances, the family is forced to move to the city. The film documents Sidda's journey as he explores the dense forest and sustainable living versus the chaotic hustle of the city that makes him feel alienated. Inspired by the folk tales his grandfather narrates, the 10 year old learns to explore all options before he makes the most important decision of returning to his roots.",amanskarkera gopalkrishnadeshpande nidhihegde uvnanjappabenaka,ganeshhegde,
690570,Sakath,2021-11-26,2021,kn,"[10749, 35]",0.3966,9.0,1,"A man participates in a reality show singing competition while pretending to be visually impaired. However, he witnesses a murder and then wonders how to reveal the truth without exposing his lie.",ganesh nishvikanaidu rangayanaraghu surbhi ravishankergowda,suni,
872748,Pedro,2021-10-09,2021,kn,[],0.2751,0.0,0,"In a village in Southern India, Pedro, an outcast and a drunk, accidentally kills a cow and sets off a revelatory chain of events that pit him against the entire community.",gopalhegde ramakrishnabhatdundi rajbshetty,nateshhegde,
904740,Drishya 2,2021-12-10,2021,kn,"[80, 18, 53]",0.2169,0.0,0,"Rajendra Ponnappa, a cinema hall owner, thrives in life but is a changed man. However, when his family gets entangled in a criminal investigation, he must protect them from the legal institution yet again.",v.ravichandran anantnag ashasarath prabhu navyanair,p.vasu,
690576,Krishna Talkies,2021-04-16,2021,kn,[27],0.2168,5.8,2,A group of friends go to a village for festivities and later hear stories of some deaths in the area. They soon realize one of them is missing. Will they find her before she is killed?,ajairao sindhulokanath chikkanna yashshetty pramodshetty,vijayanandha,
722382,Arjun Gowda,2021-12-31,2021,kn,"[80, 28, 18]",0.225,8.0,1,,prajwaldevaraj priyankathimmesh sparsharekha rahuldev sadhukokila,luckyshankar,
673184,Madhagaja,2021-12-03,2021,kn,"[28, 80, 53]",0.3512,3.0,2,"Two warring lords are fighting over water and bloodshed. When the wife of one of them decides to send her son away from the land to a safe space, he returns to the same battlefield, much to her exasperation.",sriimurali ashikaranganath chikkanna shivarajkrpate jagapatibabu,s.maheshkumar,madagaja
824610,Shadow,2021-02-05,2021,kn,"[9648, 28]",0.1168,0.0,0,"A man registers a complaint in the police station claiming that his shadow is missing. As the police begin working on the baffling case, he drops a hint on an accident that could have been a murder.",vinodprabhakar shobhitarana sharathlohitashwa khiladilokesh sravanraghavendra,ravigowda,
861772,Seetharam Benoy,2021-08-16,2021,kn,"[18, 9648]",0.1891,6.0,4,"Seetharam, a cop, gets transferred to a remote village in Shimoga Dist Aanegadde finds himself in middle of a bunch of smart yet cruel thieves. The day he takes charge his house gets robbed. Matter of dignity and personal revenge, intense investigation then begins.",vijayraghavendra shreeharshaninasam deviprakash sathwikhebbar manjurangayana,deviprasadshetty,
880058,Puksatte Lifu Pursotte Illa,2021-09-24,2021,kn,"[18, 35, 80]",0.2579,7.0,1,"A key maker, Shahjahan living in one of the gullies of Bengaluru becomes an accomplice to a group of policemen in illegal activities. Life takes a turn for Shahjahan when he faces a complicated problem.",sancharivijay achyuthkumar rangayanaraghu,aravindkuplikar,
997069,Indira,2021-09-16,2021,kn,[53],0.2242,0.0,0,"While Indira survives a suicide attempt, her husband Sridhar is not so lucky. With a loss of memory and eyesight, Indira is shocked when she observes a pattern revolving around her caretaker and psychiatrist. Watch the psychological thriller, Indira.",anitabhat shafi neethushetty chakravatrhychandrachuda rahmanhassan,rishikesh,
990471,Buy 1 Get 1 Free,2021-11-12,2021,kn,"[80, 27]",0.1802,0.0,0,"Two twins con people and make a living in the city, an unknown call takes to them historical place and encounter with Manmatha changes their life forever.",kishore madhumilan manumilan,harishanilgod,mature humor
687590,Premam Poojyam,2021-11-12,2021,kn,[10749],0.253,10.0,1,Premam Poojyam movie is a romantic action entertainer directed by Raghavendra and produced by Dr Rakshit Kedambadi and Dr Rajkumar Janakiraman while Dr Raghavendra BS scored music for this movie.  Prem Kumar is playing the main lead role and this is his 25th Movie.,premkumar brindaacharya aindritaray malavikaavinash avinash,drraghavendra,
688618,Ramarjuna,2021-01-29,2021,kn,"[10749, 28]",0.2127,0.0,0,A smart insurance agent realises the value of life after losing his dear ones. How he transforms and seeks justice after the incident forms the rest of the story.,anissh nishvikanaidu,anissh,
758211,Aana,2021-10-29,2021,kn,"[14, 27]",0.1204,0.0,0,"Five friends, including two brothers, are desperate to get rich after losing their jobs following the COVID-19 pandemic, end up planning a kidnap for ransom. After successfully executing the kidnap, tides change and they end up struck as they start to experience strange happenings around them.",aditiprabhudeva suneelpuranik chethangandharva preranakambam vikashuttaiah,manojpnadalumane,superhero female superhero
950354,Amruth Apartments,2021-11-26,2021,kn,[],0.0919,0.0,0,"After a year-long marriage, a couple approaches a lawyer to file for divorce but encounter a life altering shock on the same day. Together, they must work out what they need more - a divorce or getting out of a police investigation?",tarakponnappa balajimanohar urvashigoverdhan,gururajkulkarni,
1000095,Lanke,2021-08-13,2021,kn,[18],0.0849,0.0,0,"Ram, a convict, steps out of jail to fall in love with the do-gooder Paavani.",esternoronha kavyashetty krishithapanda sancharivijay,m.d.ramprasad,
690907,100,2021-11-19,2021,kn,"[80, 53, 18]",0.1841,7.0,3,"Honest police officer Vishnu seems to have the perfect professional and personal life. When a stranger named Harsha, who manipulates and cheats women online, enters his life, he's in for a roller-coaster ride.",ramesharavind poorna rachitaram vishwakarna prakashbelawadi,ramesharavind,
681205,Kushka,2021-02-26,2021,kn,[18],0.0828,0.0,0,"A suspended cop and a mechanic are on the search for a quick buck, while a gang of drug traffickers and gangsters are willing to kill for a valuable stone.",chandugowda kailashpal sanjanaanand shobaraj madhunaaggowda,,
923751,Seventeeners,2021-11-20,2021,kn,[18],0.0816,0.0,0,"Hari and Deepa enter a classroom on a Saturday evening after the classes are over. The two 17-years-olds appear to make a video as they indulge in intimacy off-screen. Monday morning, the two are summoned to the principal's office and are told that their video is now on the internet. Their parents are called and given the news of rustication, pending committee decision whether to expel or retain them. The two families are devastated by the news, as they try to pick up the pieces and move forward. At the committee meeting, chaired by the principal, they discuss the fate of Hari and Deepa. Owing to past incidents of misdemeanor, the committee, with the exception of physical trainer Abdul, vote to expel Deepa and retain Hari. But Abdul brings up the caste angle to it. While Hari is a Brahmin boy, Deepa is a Dalit and the issue takes a dramatic turn, leading to irreversible changes in the lives of the stake holders.",sherlynbhosale neerajmathew rekhakudligi ravihebbar gunjalamma,prithvikonanur,
855510,Rewind,2021-04-16,2021,kn,"[878, 53]",0.0585,0.0,0,"When a crime reporter's daughter goes missing and the police reach a dead end, he resorts to using lucid dreams to track her down with the help of his wife, a scientist.",thej chandanaraghavendra sampathmaitreya sundarraj mandyaravi,thej,
587412,K.G.F: Chapter 2,2022-04-14,2022,kn,"[28, 53, 12, 80]",3.4611,7.4,196,"The blood-soaked land of Kolar Gold Fields (KGF) has a new overlord now - Rocky, whose name strikes fear in the heart of his foes. His allies look up to Rocky as their Savior, the government sees him as a threat to law and order; enemies are clamoring for revenge and conspiring for his downfall. Bloodier battles and darker days await as Rocky continues on his quest for unchallenged supremacy.",yash sanjaydutt raveenatandon srinidhishetty archanajois,prashanthneel,undercover sequel one man army action hero
858485,Kantara,2022-09-30,2022,kn,"[28, 18, 53]",1.7671,7.2,133,"Shiva, a tribal vagabond lives with his mother in hamlet, stays away from the traditional Daivaradhane and Bhoota Kola legacy due to an unforgettable childhood incident. He is happy loafing around with his friends and doing petty jobs for his landlord. When Forest officer Murali enters the scene, it gives a fresh dimension to the man-vs-nature fight. Can Shiva save the forest from Murali? Or is Murali just a dummy bait cast by bigger fish?",rishabshetty sapthamigowda kishore achyuthkumar pramodshetty,rishabshetty,folklore hindu mythology
634120,777 Charlie,2022-06-10,2022,kn,"[18, 12, 35]",1.1792,7.7,64,Dharma is stuck in a rut with his negative and lonely lifestyle and spends each day in the comfort of his loneliness. A pup named Charlie who is naughty and energetic which is a complete contrast with the Dharma’s character enters his life and gives him a new perspective towards it.,rakshitshetty rajbshetty bobbysimha sangeethasringeri bhargavinarayan,kiranrajk.,road trip dog man friendship
723567,Love Mocktail 2,2022-02-11,2022,kn,"[10749, 18]",0.7052,5.6,5,A sequel to Love Mocktail. Revolves around Aadi after the demise of his wife Nidhi. How does he move on from such a loss?,darlingkrishna racheldavid milananagaraj amruthaiyengar rachanainder,darlingkrishna,
932245,Benki,2022-07-15,2022,kn,[28],0.9376,0.0,0,"Benki, is a fiery villager, loved by everyone, has a younger sister, Seetha, who means the world to him.When Benki tries to marry off his sister, who passes away under mysterious circumstances. Benki tries to unravel the truth behind her sister's death",anissh sampadahulivana achyuthkumar uggrammanju sruthipatil,arshaan,
680334,Vikrant Rona,2022-07-28,2022,kn,"[53, 28, 9648]",0.8794,6.0,28,"Almost half a century ago, a remote village in the middle of a tropical rain forest starts witnessing a series of unexplainable events which they attribute to the supernatural. Vikrant Rona, An eccentric police officer, is assigned to solve the mystery.  A mysterious game unfolds where everyone in the village is a potential victim and everyone is a suspect.",sudeepa nirupbhandari jacquelinefernandez neethaashok ravishankergowda,anupbhandari,brahmarakshasa
963074,Home Minister,2022-04-01,2022,kn,"[28, 18]",0.7497,0.0,0,"Home Minister is a Kannada movie, directed by Sujay K Srihari. The film is a family drama with a political backdrop, which stars Upendra and Vedhika in lead roles. Supporting roles include Sadhu Kokila and Avinash. It is produced by Poorna Naidu.",upendra vedhika,,
677535,Raymo,2022-11-25,2022,kn,"[18, 10749]",0.674,0.0,0,"Revanth deshpande a rich kid, but never dependent on his father's money. What ever he earned he earned from his music talent, yes he is Rockstar, his name as a Rockstar is RAYMO. Raymo lost his mother when he was 10 year old. He always missed mother's love. Because his father got married another woman right after his mother's death. There is no good relationship between father and son. Raymo is very unpredictable, psychic, drug addict, and a 100% womanizer. As he gets a recognition from the foreign company now he is in search of a female voice especially carnatic vocalist. He finds one she is Mohana, once Mohana enters Raymo's life. Everything starts changing as both protagonists are in love. But there are en number of hurdles for there love. Will there love be successful???",ashikaranganath ishan r.sarathkumar rajeshnataranga madhoo,pavanwadeyar,
899425,Banaras,2022-11-04,2022,kn,"[10749, 878, 14]",0.8188,4.0,1,"An astronaut from an indefinite future fall in love with a girl in present time each other. When his i love is threatened by an existential element, responsibility falls on him to save her, using his future knowledge as an edge ahead.",sonalmonteiro zaidkhan sujayshastri devaraj achyuthkumar,jayathirtha,
683056,James,2022-03-17,2022,kn,"[28, 35, 18]",0.6241,5.9,9,"Santhosh Kumar, who goes by the name James, runs a security agency and has been commissioned to take care of a family that owns a drug cartel. He is swift, agile and deft with his work and wins the appreciation of everyone. But is there more to who Santhosh really is?",puneethrajkumar shivarajkumar priyaanand r.sarathkumar srikanth,chethankumar,
680648,Selfie Mummy Googl Daddy,2022-05-13,2022,kn,"[18, 35, 10751]",0.6733,0.0,0,"Surya and Shalini are a working couple with two kids. To relieve their children’s boredom and for their safety, they buy them mobile phones, but this turns out to be a disaster.",sujanlokesh meghanaraj achyuthkumar girijalokesh h.g.dattatreya,madhuchandra,
677528,Avatara Purusha: Part 1,2022-05-06,2022,kn,"[53, 14, 27]",0.5899,5.0,22,"When a son of an Ayurveda scholar goes missing, he blames his sister and cuts all ties with her. When the latter's daughter decides to set things right with a devious plan, there seems to be more trouble waiting for the family.",sharan ashikaranganath saikumar bhavya balajimanohar,suni,
777516,Bytwo Love,2022-02-18,2022,kn,"[10749, 18]",0.5047,6.0,1,A young couple leave their hometown because of their uncomfortable relationship with their family and end up working for a matrimony agency. Will they be able to have a happy marriage?,dhanveergowda sreeleela pavitralokesh achyuthkumar sadhukokila,harisantosh,
795709,One Cut Two Cut,2022-02-03,2022,kn,[35],0.5152,4.5,2,"Gopi, an arts and crafts professor, on his first day at work faces the task of saving the school which has been taken hostage by four radical social media activists.",danishsait samyuktahornad prakashbelawadi sampathmaitreya vineeth'beep'kumar,vamsidharbhogaraju,
813829,Vedha,2022-12-23,2022,kn,"[28, 18]",0.7311,4.9,7,"Vedha and his daughter Kanaka are on a killing spree. They are being chased by a cop Rama, but they always manage to escape in the nick of time. Can Rama stop the killings?",shivarajkumar aditisagar ganavilaxman umashree veenaponnappa,a.harsha,
1012080,Ravi Bopanna,2022-08-12,2022,kn,"[53, 80, 18]",0.4261,6.0,3,"Ravi Bopanna, a former police officer, leads a lonely life. Though he is retired, his colleagues often depend on him to solve the crimes because of his adept investigative skills. One of his ex-wife accident pushes him to investigate the organ harvesting scam.",v.ravichandran sudeepa ramyakrishnan kavyashetty radhikakumaraswamy,v.ravichandran,
690554,Family Pack,2022-02-16,2022,kn,"[35, 10749]",0.5018,0.0,0,Upcoming Kannada comedy entertainer starring Likith Shetty and Amrutha Iyengar in the lead.,likithshetty amruthaiyengar rangayanaraghu achyuthkumar h.g.dattatreya,arjunkumars,
587235,Trikona,2022-04-08,2022,kn,"[9648, 53]",0.3913,10.0,1,"In the midst of a happy relationship, a couple encounters a bad turn in their lives. Will they be able to overcome the obstacles or will the worst times await them?",sureshheblikar lakshmi achyuthkumar sudharani sadhukokila,chandrakantha,romance grief
813863,Sakutumba Sametha,2022-05-20,2022,kn,[18],0.4502,0.0,0,"Suresh and Shraddha, who have matched through an online matrimonial site, are set to get married. But, with less than a fortnight for their wedding, Shraddha has cold feet and the family meets to discuss whether or not they should go ahead with the preparations.",achyuthkumar krishnahebbale bharathgb siriravikumar pushpabelawadi,rahulpk,
735855,Head Bush: Vol 1,2022-10-21,2022,kn,"[80, 28]",0.3039,6.7,3,"Head Bush revolves around Jayaraj, his friends, foes, police officers, and the politicians who changed the course of the political scenario of Bengaluru in the 1970s. The film focuses on the rise and rise of Jayaraj - from a teenager to a rowdy to a mass hero.",dhananjay devaraj yogesh vasishtan.simha sruthihariharan,shoonya,politics biography mafia power politics
1019830,Shivamma,2022-10-08,2022,kn,[18],0.4124,0.0,0,"Shivamma is an ardent sales rep for the energy drink Nuracle. The multilevel marketing method at Nuracle is her only belief and motivation for life. To Shivamma, living in a poor town on the outskirts of a city with her bed-ridden husband, a soon-to-be-married daughter, and brattish son, Nuracle’s worldview—“I will do it!”—is a source of confidence and hope.",sharanammachatti chennammaabbegere shivuabbegere shruthikondenahalli chennappahansi,jaishankararyar,
1081252,Garuda,2022-05-20,2022,kn,[18],0.3737,0.0,0,"Garuda revolves around the efforts of Vikram, a man on a mission to capture an evil mastermind who destroyed his family and is also a threat to the country.",raghudixit kamnajethmalani,dhanakumar,
722376,Window Seat,2022-07-01,2022,kn,"[9648, 80]",0.532,0.0,0,"Enamoured by a woman he sees from his window seat, a young musician inadvertently witnesses her murder. However, his love for the victim leads him down a maze of mystery and confusion.",nirupbhandari sanjanaanand amruthaiyengar p.ravishankar madhusudhanrao,sheetalshetty,
673764,Thurthu Nirgamana,2022-06-24,2022,kn,"[35, 53, 878, 14]",0.3973,1.0,1,"Thurthu Nirgamana is a coming-of-age fantasy drama, which revolves around the life (and death) of Vikram who gets an opportunity to relive the last three days of his life once again. What he accomplishes in these three days amidst all the magical realism moments, form the crux of... Read all",sunilraoh samyukthahegde sudharani achyuthkumar arunabalaraj,hemanthkumarl,
861767,Monsoon Raaga,2022-09-16,2022,kn,[],0.309,0.0,0,A beautiful journey from a school boy's crush to a middle-aged bachelor's office romance. The story is filled with overwhelming nature and the fruity bits of romance at different life turning points.,dhananjay rachitaram,s.ravindranath,
66503,Raana,2022-11-11,2022,kn,[],0.3905,0.0,0,Raana an aspiring Police Office enters Bengaluru City. He's all set to marry Priya. Kapaali is killed under mysterious circumstances. Raana is blamed. He sets out to find the real killer.,samyukthahegde shreyasmanju reeshmananaiah,nandakishore,remake
741926,Sugarless,2022-07-08,2022,kn,[],0.6515,7.0,1,Upcoming Kannada Film starring Pruthvi Ambaar,pruthviambaar,shashidharkm,
1029190,Guru Shishyaru,2022-09-23,2022,kn,[],0.2236,0.0,0,"Set in a village called Bettadapura, Gurushishyaru is a tale of Manohara who joins a school only for the sake of acquiring an experience certificate. But he is thrown into deeper conflicts when his connection gets stronger with students and the villagers. Will Manohara succeed in restoring freedom and respect in Bettadapura using his sports experience?",sharan nishvikanaidu apoorvakasaravalli sureshheblikar h.g.dattatreya,jadeshkumarhampi,
1041319,Gandhada Gudi,2022-10-28,2022,kn,"[12, 18, 99]",0.3532,7.0,3,"A narrative by Puneeth Rajkumar aka Appu which explores state of Karnataka - the land, its culture and traditions, it's social issues and even it's forests, all through his curious eyes. The film is almost Appu's own journey of discovery as he understands the rich flora and fauna of the state.",puneethrajkumar amoghavarsha,amoghavarsha,wildlife docudrama
873108,Bairagee,2022-07-01,2022,kn,"[28, 18]",0.2419,4.0,2,"Huli Shiva, a hulivesha artiste, works in a police station, doing odd jobs. When he moves along with his inspector friend to a new city, he meets many new people, including Vathapi and Karna. While he discovers new friendships and love, he also witnesses an unfortunate incident that awakens the tiger within him once again. Does he find justice?",shivarajkumar dhananjay pruthviambaar anjali yashashivakumar,s.d.vijaymilton,
1004650,Kshamisi Nimma Khaatheyalli Hanavilla,2022-04-25,2022,kn,"[10749, 35]",0.2277,1.0,1,,diganthmanchale aindritaray ranjaniraghavan,vinayakakodsara,
691704,Gaalipata 2,2022-08-12,2022,kn,[35],0.2536,1.0,1,"Life surprises you with its weird plans and events which changes our lives so much so that we can never go back to being what we were earlier. At such times we have to rise against the wind just like a kite does. It is the same with the story of Gaalipata 2. Its story is set in two different time zones, in two different places but with the same characters. It's about a turbulent yet fun filled journey of three friends and their love interests.",ganesh diganthmanchale pawankumar anantnag nishvikanaidu,yogarajbhat,
1036788,Dr. 56,2022-12-09,2022,kn,"[53, 878, 80]",0.1994,5.7,3,Arjun is a theater artist who is suffering from an illness and has to take a pill every 56 minutes. Parallel to his misery is a murder investigation of three neurosurgeons lead by CBI officer Priya Krishna. Priya meets Dr Ashwath and the two go on an exposition about the medical mafia and its consequences.,priyamani t.praveenreddy deepakshetty rameshbhat manjunathhegde,rajeshanandaleela,
970760,Fourwalls,2022-02-11,2022,kn,[18],0.3248,4.5,2,"Shankaranna, who raises his children (three daughters and a son) very diligently, with Parvathi succumbing to complications in childbirth after the fourth. He is hesitant to get his daughters married. His son, Bhaskar, is at odds with his father due to this, but his daughters are ready to toe the line.",achyuthkumar bhaskerninasam janvijyothi h.g.dattatreya sujayshastri,sajjans.s.,
916963,Harikathe Alla Girikathe,2022-06-23,2022,kn,[35],0.2166,5.0,1,,rishabshetty rachanainder pramodshetty honnavallikrishna thapaswini,karanananth,
1059592,Thimayya & Thimayya,2022-12-02,2022,kn,"[35, 18, 10751]",0.1967,0.0,0,"By a quirk of fate, a grandfather and a grandson who haven`t seen each other for thirty years are forced to stay together who argue, fight, bully and terrorize each other. Can they discover love for each other?",diganthmanchale anantnag shubraaaiyappa aindritaray vineeth'beep'kumar,sanjaysharma,
1110866,Champion,2022-10-14,2022,kn,[],0.3145,0.0,0,,sunnyleone sachindhanpal aditiprabhudeva rangayanaraghu shobaraj,shahurajasindhe,
864571,Twenty One Hours,2022-05-20,2022,kn,"[53, 9648]",0.1715,4.5,2,"Madhuri Menon, a young married woman, goes missing in Bengaluru. A young police officer, Srikanth, is on the case, as he rounds up some usual and unusual suspects. Do they find her? Is everything as it seems or is there be a darker truth?.",dhananjay durgakrishna sudevnair rahulmadhav,jaishankarpandit,
1009615,Trivikrama,2022-06-24,2022,kn,"[35, 18, 10749]",0.2196,0.0,0,"Beaming with righteousness, a tough Vikram believes in fairness attained through any means necessary. Soon, his past haunts him as he falls in love with Trisha, a wide-eyed girl.",vikramravichandran aksharagowda jayaprakash akankshasharma tulasi,,
1057367,Vijayanand,2022-12-09,2022,kn,[18],0.1723,2.0,1,"Vijay, a 19-year-old boy, starts his transport business at a very young age from Gadag, a small city in the heart of North Karnataka. Although he faced many difficulties in the beginning, he bravely faced all of them and started his business with just one truck and till now he became the owner of 4300 vehicles. In this story, a father worries that his son may get into trouble by venturing into a new business that he doesn't know about. But the same son will one day grow up in the same industry and become a big businessman. Vijayanand Road Lines (VRL) has now grown into one of the largest transport companies in India. Vijay also ventures into media business.",prakashbelawadi anishkuruvilla,rishikasharma,
1388350,Tatsama Tadbhava,2023-09-15,2023,kn,[],1.888,6.5,2,,prajwaldevaraj meghanaraj aravinndiyer balajimanohar,,
1139698,Toby,2023-08-25,2023,kn,"[28, 53, 9648, 18]",1.3241,7.0,6,An estranged man deemed to be a beast vows to break free from the evil world and transform himself for his foster daughter.,rajbshetty chaithrajachar samyuktahornad deepakshetty gopalkrishnadeshpande,basilalchalakkal,rape revenge moral reformation foster daughter village chief sex worker professional assassin sub inspector smuggling
1147765,Aachar & Co,2023-07-28,2023,kn,"[10751, 35]",0.9081,5.8,4,"Set against the backdrop of 1960s Bangalore, Aachar & Co. follows the journey of a traditional family as they navigate the challenges of embracing modernity while honouring their roots. The film brings together a delightful mix of nostalgia, humour, and drama, capturing the essence of that era.",sindhusreenivasamurthy anirudhacharya harshilkoushik nishahegde sonuvenugopal,sindhusreenivasamurthy,
1168104,Sapta Sagaradaache Ello – Side A,2023-09-01,2023,kn,"[10749, 18]",1.0431,8.1,35,"In the heart of 'Sapta Sagaradaache Ello’ resides an ardent love story between Manu and Priya. Set in 2010, the couple hails from a middle-class background. Circumstances land Manu in jail, putting his relationship with Priya in jeopardy.",rakshitshetty rukminivasanth sharathlohitashwa rameshindira pavitralokesh,hemanthm.rao,depressing adoring
683876,Kabzaa,2023-03-17,2023,kn,"[28, 80, 53]",1.0119,4.7,15,"During the British rule in India, Arakeshwara, an air force soldier and son of a freedom fighter Amareshwara,due to unavoidable circumstances, kills Khaleed, the don of Amarapura and thus gets trapped in the mafia world and later becomes the king of the underworld. However, trouble ensues for Arakeshwara as he has to deal with his rivals and Bhargav Bhakshi, a cop sent by the British to eradicate him and the underworld.",upendra shriyasaran muralisharma sudha sudeepa,r.chandru,gangster british india
900169,Shivaji Surathkal 2: Mysterious case of Maayavi,2023-04-14,2023,kn,"[80, 53]",0.6396,1.0,1,"A serial killer is on the loose and the onus is on Karnataka’s Sherlock Holmes, Shivaji Surathkal, to catch him. The case becomes complex just when Shivaji is about to solve it. Four murders, a ticking clock and no clues; can Shivaji stop the next murder and save the victim?",ramesharavind radhikanarayan meghanagaonkar raaghuraamanakoppa vidyamurthy,akashsrivatsa,
1063161,1888,2023-04-09,2023,kn,"[53, 80, 28, 18]",0.4504,5.0,1,"When Demonetization (currency ban) is announced in India, 3 unlikely characters come face to face for a bag of cash. After that a car journey begins and some more characters come into picture. This results in a cat and mouse game with a very unexpected outcome.",neethushetty sourabhshukla raghuramappa adhvithishetty prathapkumar,sourabhshukla,martial arts undercover agent confusion crime investigation intelligence officer award bitcoin real incident political aspiration darknet experimental cinema guerilla filmmaking
1030157,Kranti,2023-01-26,2023,kn,"[28, 53]",0.5904,4.8,5,"Kranti Rayanna, a business tycoon in Europe is invited by his favorite teacher to attend the Centenary celebrations of the school. Kranti begins a revolution and takes the fight on with Salatri Group trying to takeover 12,000 government schools and privatize them.",darshanthoogudeepasrinivas rachitaram v.ravichandran sumalatha tarunarora,v.harikrishna,
1168102,Sapta Sagaradaache Ello - Side B,2023-11-17,2023,kn,"[10749, 18, 53]",0.7453,7.5,19,Manu is released from prison and strives to rekindle his love with Priya.,rakshitshetty rukminivasanth chaithrajachar jptuminad gopalkrishnadeshpande,hemanthm.rao,
1119099,Raghavendra Stores,2023-04-28,2023,kn,"[35, 18]",0.4085,3.2,5,"A cook who cooks special dishes opens a shop (Raghavendra Stores) and becomes widely popular.With his incredible tasty dishes,he gets more and more new orders.An unexpected event changes everything in his life.",jaggesh shwethasrivatsav achyuthkumar h.g.dattatreya ravishankergowda,santhoshananddram,
1156054,Anna,2023-03-27,2023,kn,"[10751, 18]",0.5254,0.0,0,‘Anna’ means rice. A family in a village cannot afford rice and a boy just wants to have it.,nandangm padmashreecr dr.bhavanamysore sampathmaitreya balarajwadi,islahuddinns,rice
1040194,Ghost,2023-10-19,2023,kn,"[28, 53]",0.4357,2.0,3,"A dreaded gangster called ‘Ghost’, takes hostage of a prison, and an efficient police officer Chengappa is immediately deputed to solve the issue. And thus begins the cat and mouse chase between an intelligent criminal and a ruthless police officer.",shivarajkumar prashantnarayanan jayaram archanajois anupamkher,m.g.srinivas,
927223,Gurudev Hoysala,2023-03-30,2023,kn,"[28, 53, 80]",0.5519,5.0,2,"Gurudev Hoysala, an upright police officer, gets involved in the inter-caste marriage of a Bhoomi and Ravi, only to realise later that Bhoomi is an influential landlord’s daughter.The situation heats up as the girl's father  gets furious and starts an uproar in the town.",dhananjay naveenshankar amruthaiyengar nagabhushanans b.s.avinash,vijayn,
1147777,Hostel Hudugaru Bekagiddare,2023-07-21,2023,kn,[35],0.322,7.0,5,"When the warden of their hostel takes his own life, a group of students conspire to make it look like an accident for fear that they will be blamed.",prajwalb.p. manjunathnayaka rakeshrajkumar srivatsashyam tejasjayannaurs,nithinkrishnamurthy,suicide dark comedy plot twist
1098064,Love Birds,2023-02-17,2023,kn,"[18, 10749]",0.335,1.0,1,"Couples today come from different backgrounds and have independent lifestyles. But their independence leads to friction between them, what will keep them together?",darlingkrishna milananagaraj samyuktahornad avinash sadhukokila,pcshekar,
1212788,Kaatera,2023-12-29,2023,kn,"[28, 18, 10751, 35]",0.5299,5.2,4,"Set against the rustic backdrop of the 1970s, unfolds the tale of farmers confronting challenges that intricately shape the course of their lives.",darshanthoogudeepasrinivas aradhanaram jagapatibabu kumargovind vinodkumar,tharunsudhir,period drama
1188338,Baang,2023-08-18,2023,kn,[],0.306,1.0,1,"Aarav, Bhushan and Sunil accidentally land in the hands of two deadly gangsters, Daddy and Leona. It becomes a race against time to finish an impossible task at the price of an innocent soul.",shanvishrivastava raghudixit saathvikaraj,sreeganeshparashuram,
1031954,Swathi Mutthina Male Haniye,2023-11-24,2023,kn,"[10749, 18]",0.4012,10.0,1,"Prerana, a hospice counsellor at a palliative care facility, finds a new meaning in her life when she befriends Aniketh, a terminally ill patient suffers from gastrointestinal cancer. Their bond challenges the conventional notions of love, life and humanity.",rajbshetty siriravikumar balajimanohar suryavasishta rekhakudligi,rajbshetty,
1095567,Daredevil Musthafa,2023-05-19,2023,kn,"[35, 18]",0.2593,6.9,7,"Ramanuja lyengari and his gang plan to get Musthafa expelled from the college. A series of fun-filled adventures lead to a riveting cricket match which will decide everybody's fate.It is based on K.P. Poornachandra Tejaswi’s short story of the same name. In a first of its kind attempt, 100+ fans of the writer have come forward to produce this film.",adityaashree supreethbharadwaj mandyaramesh veenasundar nagabhushanans,shashanksoghal,
1131447,Kshetrapathi,2023-08-18,2023,kn,[18],0.3315,0.0,0,"Following his father's tragic suicide due to the unfair pricing of his crops, Basava, the protagonist, abandons his studies and embraces agriculture. He embarks on a revolutionary quest to secure the right prices for agricultural goods. However, he soon confronts a giant nexus comprising corporations, politicians, and traders. Basava grapples with immense challenges and setbacks throughout his journey.",naveenshankar achyuthkumar archanajois rahulainapur shailashreeurs,shrikantkatagi,
1182909,Sheela,2023-07-28,2023,kn,[],0.2415,0.0,0,A young woman who travels to Kerala in search of answers to a serious situation that occurs in Bengaluru.,sreepathyka avinash raginidwivedi,babunarayanan,
1238880,Yadha Yadha Hi,2023-06-02,2023,kn,"[9648, 53]",0.2827,0.0,0,"Three exceptionally intelligent and shrewd individuals, creating an edge-of-the-seat experience.",avinash diganthmanchale hariprriya manjupavagada rangnathsampath,ashokteja,
1156699,Sunflowers Were the First Ones to Know...,2023-06-12,2023,kn,"[14, 18]",0.2291,4.0,1,"Once upon a time in a village, an old lady steals the rooster and the sun never rises again.",jahangirms mastervishwas vasudhabharighat anupgowda kushalbk,chidanandasnaik,
1072488,Orchestra Mysuru,2023-01-12,2023,kn,"[10402, 18, 35, 10751]",0.2284,8.0,1,The film follows a young man from Mysore with a dream to become a singer in the local orchestras. Can he triumphs over all difficulties to make his dream come true?,poornachandramysuru dileepraj rajalakshmimurthy sachidandasachu mahadevprasad,sunilmysore,
1136789,Raaghu,2023-04-28,2023,kn,"[18, 53]",0.2286,7.0,1,"A medicine delivery executive loots the houses he delivers to make quick bucks. One day, a phone call from a stranger forces him to do a series of unlawful activities, failing which he could face dangerous consequences.",vijayraghavendra,m.anandraj,
1212790,Kaiva,2023-12-08,2023,kn,"[28, 18]",0.3001,1.0,1,"Inspired from the true incidents occurred in Bengaluru - 1983, Kaiva brings the visual grandeur of Old Bengaluru showing the lights of world famous Bengaluru Karaga and the dark underworld of the city as well.",dhanveergowda meghashetty dinakarthoogudeepa karthikjayaram rameshindira,jayathirtha,
1094599,19.20.21,2023-03-03,2023,kn,"[80, 18]",0.3082,9.0,3,The phase between the age of 20 to 30 is an important phase in everyone`s life. A phase which defines a person`s entire life. What if a person becomes a traitor in that phase? What if he/she gets arrested under stringent laws without a chance to get released? A story inspired by the true events of a student`s life.,b.v.shrunga rajeshnataranga balajimanohar avinash krishnahebbale,mansore,
777517,Spooky College,2023-01-06,2023,kn,"[27, 35, 53]",0.2163,0.0,0,A young man has a puzzle to solve in a 103-year-old British Architectural Building,kusheeravi viveksimha,bharathg,
1237714,Marichi,2023-12-08,2023,kn,[9648],0.1753,3.0,1,"A serial killer targets doctors, leaving clues about his next victim. Officer Bhairav Naik is assigned to stop him before more are killed, but the killer's motive remains unclear.",arunabalaraj gopalkrishnadeshpande sonugowda shrutipatil vijayraghavendra,siddhruvsiddu,
1196807,Tagaru Palya,2023-10-27,2023,kn,"[35, 18]",0.1886,0.0,0,Tagaru Palya ... Revolve around the essence of rural life and how the villagers cook food on the temple premises and serve it to the devotees,amruthaprem rangayanaraghu nagabhushanans tara,umeshk.krupa,
1106581,Mr. Bachelor,2023-01-06,2023,kn,"[28, 18, 10749]",0.1845,0.0,0,"Mr. Bachelor is a Kannada movie starring Darling Krishna, Milana Nagaraj and Nimika Ratnakar in the lead.",darlingkrishna milananagaraj nimikaratnakar chikkanna sadhukokila,naidubandaarru,
1176598,Love Andre..?,2023-09-11,2023,kn,"[18, 35, 10749]",0.1514,0.0,0,Plot: 4 friends get drunk and discuss their love life.,srikantasr akhilsnair yashwathrajkumar innocentboyyashu tejas,srikantasr,indian short film
1187038,Manduka,2023-12-15,2023,kn,"[9648, 80, 53]",0.1561,0.0,0,A girl suffering from schizophrenia accidentally meets four criminals. Meanwhile in an hide and seek with Police and the criminals lies the mystery.,anjala madhan bhushan mysoreraju manikanta,bhushan,india kannada accidental crime sandalwood murder mistery thriller
1094647,Hondisi Bareyiri,2023-02-10,2023,kn,"[10749, 35, 18]",0.2769,7.0,1,"A story of a bunch of college friends who reunite after many years. It focuses on their college life, leading to the responsibilities of adulthood and their struggle to find solace amidst their complex relationships.",naveenshankar aishanishetty praveentej samyuktahornad bhavanarao,ramenahallijagannatha,
1202675,Rudri,2023-11-10,2023,kn,"[80, 18]",0.2326,0.0,0,upcoming kannada movie,paavanagowda,badigerdevendra,
1067619,Bad Manners,2023-06-23,2023,kn,[],0.2339,0.0,0,,abishekambareesh rachitaram taraanuradha h.g.dattatreya sharathlohitashwa,duniyasuri,
1217833,Sneharshi,2023-12-14,2023,kn,"[28, 35, 18, 10749]",0.1595,0.0,0,Pruthvi's life leads into a situation where his personal life along with his dearest friend is disturbed and due to unavoidable circumstances Pruthvi has to address the biggest social menace happening in the current metropolitan lives.,sanjanakrishnamoorthy sudhabelawadi rangnathsampath kirannarayan chakravarthi,kirannarayan,
1174302,Baanadariyalli,2023-09-15,2023,kn,[],0.1894,0.0,0,"Bound only by their love for Leela, two strangers find themselves in the beautiful wilderness of Kenya traversing new landscapes, fighting danger and each other.",ganesh rukminivasanth rangayanaraghu reeshmananaiah,preethamgubbi,
1171772,SURA,2023-08-12,2023,kn,"[18, 14]",0.1224,0.0,0,"A once famous, obliviously religious Hindu Yakshagana artist loses the highly coveted role of a Hindu deity to a Catholic priest, forcing him to confront his alter ego and grapple with his dogmatic faith in a surreal and enigmatic world.",deepakraipanaje udayakumaradyanadka roopashreevarkady varshaacharya shabareeshkabbinale,sarthakhegde,
1175527,Namo Bhoothathma 2,2023-08-04,2023,kn,"[27, 35]",0.1021,0.0,0,,komalkumar lekhachandra monika govindegowda mimicrygopi,,
861451,Martin,2024-10-11,2024,kn,"[28, 18, 53]",3.1324,4.7,32,"Martin revolves around Lt. Brigadier Arjun Saxena, whose journey takes him from Pakistan to India to discover his real identity and fight against black market dealers, who are involved with terrorists to orchestrate massive attacks in the country.",dhruvasarja vaibhavishandilya anveshijain giorgiaandriani chikkanna,a.p.arjun,
1501726,My Hero,2024-08-30,2024,kn,[],1.2705,0.0,0,"A white American and a Dalit boy guide in Maheshwar bond deeply. Learning of the boy's outcasting for touching an idol, the American helps end discrimination in the boy's village and reunites him with family.",djilalirez-kallah mastervedickushal ankitaamar h.g.dattatreya ericroberts,avinashvijaykumar,
1305009,Kotee,2024-06-14,2024,kn,"[18, 53]",1.0287,3.0,1,"In his quest for an honest fortune to provide for his sister's marriage and a future in the corrupt Janatha city, a truthful common man- Kotee defies the powerful gang leader Dinoo Saavkaar. When Kotee's defiance leads to mounting debts, he faces a life-altering choice to Eliminate Or be Eliminated",dhananjay mokshakushal rameshindira tara rangayanaraghu,param,
777292,Bagheera,2024-10-31,2024,kn,"[28, 12]",1.0971,5.4,20,"Dismayed by corruption and violence, a virtuous police officer becomes a masked vigilante to dliver lethal justice to criminals and crooked cops alike.",sriimurali rukminivasanth prakashraj rangayanaraghu achyuthkumar,drsuri,
1147058,MAX,2024-12-25,2024,kn,"[28, 18]",0.9982,5.6,5,A maverick senior cop reports for duty at a new police station and soon find himself embroiled in an unexpectedly dangerous turn of events.,sudeepa varalaxmisarathkumar sunilvarma pramodshetty manjunathagowda,vijaykartikeyaa,
1230162,Case of Kondana,2024-01-26,2024,kn,"[80, 53]",0.6938,6.0,3,"In the outskirts of Bangalore lies Kondana, a fiery ASI in a fictional Bangalore outpost, clashing with a local gangster. Meanwhile, his love life with Sahana faces hurdles. ACP Lakshmi hunts a notorious criminal, while Raju struggles to save his ailing son. As these lives intertwine, a singular case in Kondana becomes the focal point, linking them all in a tale of mystery and connection.",vijayraghavendra bhavana kusheeravi rangayanaraghu balarajwadi,deviprasadshetty,
1254792,Karataka Damanaka,2024-03-08,2024,kn,"[35, 28]",0.715,2.0,1,A jailer sends two fraudsters to his village to convince and get his adamant father to the city. But the frauds do something extraordinary than the task!,shivarajkumar prabhudeva nishvikanaidu priyaanand rangayanaraghu,yogarajbhat,
1068344,Bheema,2024-08-09,2024,kn,[28],0.8121,0.0,0,"Bheema, a gangster, wages a war against Dragon Manju, an aspiring politician and drug dealer, for supplying drugs in his locality and making the youngsters to become drug addicts.",duniyavijay priyashatamarshan dragonmanju cockroachsudhi kalyaniraju,duniyavijay,
984500,UI,2024-12-20,2024,kn,"[53, 14]",0.9038,5.1,13,"Set in a fictional world, the story is about the psychological conflict between a king in a town and an extraordinary man, and how that man, through his cunning and master minded plans takes over everything, takes control of the entire town, becomes a dictator.",upendra reeshmananaiah nidhisubbaiah p.ravishankar sadhukokila,upendra,
1268164,Avatara Purusha 2,2024-04-05,2024,kn,"[28, 35, 14, 53]",0.7976,3.6,7,"In a battle of mantras, Dharka and Brahma vie for the Trishanku Mani. But when Jois is found dead, the disturbed Ashta Dhigbandana alerts Dharka to the stone`s presence in the house. Now, a junior artist posing as the long-lost son must fight to save the family from the real son`s dark magic",sharan ashikaranganath saikumar bhavya sudharani,suni,black magic mother child separation
1094662,Yuva,2024-03-28,2024,kn,"[28, 18, 10749]",0.6564,3.5,2,"Love blooms amid conflicts between insiders and outsiders at an engineering college, but soon conflict escalates into war.",yuvarajkumar sapthamigowda achyuthkumar anilkumar prashanthnatana,santhoshananddram,sports
1242433,Juni,2024-02-09,2024,kn,"[10749, 18]",0.6818,0.0,0,"Based on a real story, Partha, an easy-going cafe owner, falls in love with an artist named Juni, only to discover that she has a multiple personality disorder. Will love stand the test of societal stigma?",pruthviambaar rishikanaik avinash vinayaprasad sudharani,vaibhavmahadev,chef split personality baker dissociative identity disorder graphic design multiple personality disorder
1392524,Happily Married,2024-09-28,2024,kn,[],0.4795,0.0,0,"The film is, ironically, about the breakdown of a marriage that began with love. Although the skillful blending of the mystery and relationship drama revolves around the couple, a motley bunch of characters keep cropping up, saying and doing bizarre things that may not always make sense, but as the plot unfolds, it all transforms into a psychological game of 'what' and 'what next?' In short, it's a nail biting psychoanalytic thriller shows the troubling inner workings of a toxic marriage reveal themselves in surprising ways after one of the couple's feuds spins out of control.",pruthviambaar manvithaharish sreejithravi dharmannakadur sahanachandrashekar,sabualoysius,
1305575,Love Li,2024-06-14,2024,kn,"[18, 10749]",0.5642,6.0,1,"An orphan grows up to become a gangster who finds love. However, he faces a critical situation where he risks losing everything.",vasishtan.simha stefypatel achyuthkumar malavikaavinash h.g.dattatreya,chetankeshav,
864773,Abracadabra,2024-03-02,2024,kn,[18],0.4523,0.0,0,"A retired widower tries to make sense of a lived life, confronted by questions he hasn’t dared to ask himself. Alongside is a young woman’s quest for identity while navigating relationships that have kept her tied down. Hustling through this world is a Magician, who dreams of becoming a grand illusionist, the best that can be. Also, a part of this world is a young man caught in a place he doesn’t want to be in, meandering to find himself in a mess that he cannot climb out of.",anantnag siriravikumar b.v.shrunga avinashrai,shishirrajmohan,
1088410,Bhairathi Ranagal,2024-11-14,2024,kn,"[28, 18]",0.6874,8.3,3,The story revolves around the life of Bhairathi Ranagal's journey from being a law-abiding responsible lawyer to the benevolent crime boss of Karnataka.,shivarajkumar chayasingh madhuguruswamy babuhirannaiah rukminivasanth,narthan,prequel
1330592,Krishnam Pranaya Sakhi,2024-08-15,2024,kn,"[10749, 35]",0.5218,7.0,3,"Krishna, a business tycoon, meets Pranaya, an orphan who runs an orphanage. Krishna, worried that his socio-economic status may separate him from Pranaya, pretends to be a driver and becomes employed by Pranaya. Pranaya soon learns about Krishna's identity, but she later accepts his love.",ganesh malavikanair sadhukokila sharanyashetty rangayanaraghu,srinivasaraju,cheerful
1357445,"Karki Nanu BA, LLB",2024-09-20,2024,kn,"[28, 18]",0.4462,0.0,0,The film portrays the struggles faced by Muthuraj who gets caught in caste-based discrimination and how his resilience and courage help him challenge deep-rooted societal norms.,jaiprakashreddy meenakshidinesh sadhukokila balarajwadi mimicrygopi,pavithran,
1270473,Marigold,2024-04-05,2024,kn,[],0.5601,0.0,0,Krishna and his friends plan to steal a stash of gold from police officers. But their plan gets messed up. Will he solve the mystery and set things right?,diganthmanchale sangeethasringeri sampathmythria cockroachsudhir yashshetty,raghavendram.naik,
1309969,Metamorphosis,2024-07-26,2024,kn,[18],0.3992,9.0,1,"Every worm has an opportunity to transform itself into a colorful butterfly at least once in its lifetime. But the road to transformation	is painful and	full of consequences. Will the worm decide to continue existing as a worm, or will it break its cocoon and finally bloom into a beautiful butterfly, which forms the genesis of Roopanthara?",rajbshetty jaishankararyar lekhanaidu anjanbharadwaj bharathgb,mithileshedavalath,
964622,Abbabba,2024-02-16,2024,kn,"[35, 27]",0.2785,0.0,0,Remake of the Malayalam film Adi Kapyare Kootamani,likithshetty amruthaiyengar ajayraj thandavram dhanrajsukhram,k.m.chaitanya,
1019258,Bachelor Party,2024-01-26,2024,kn,[35],0.4676,0.0,0,A man dissatisfied in his marriage is persuaded to attend the bachelor party of an old friend.,diganthmanchale achyuthkumar siriravikumar acharakirk prakashtuminadu,abhijitmahesh,
1309913,Jog 101,2024-03-07,2024,kn,[],0.3112,0.0,0,"Vikram comes to Jog in search of his extended family Sushma and Rakesh who have been missing for months. While looking for answers, he unravels a sinister plot.",vijayraghavendra tejaswinishekar,,
1249646,Kreem,2024-03-01,2024,kn,"[28, 53]",0.4738,0.0,0,"A neo-noir thriller based on an incredible true story/account. A mysterious girl infiltrates an order, a cult that practices human sacrifice for wealth and power.",achyuthkumar samyukthahegde arunsagar roshanagnisreedharbachan agnisreedhar,abhishekbasanth,cult based on true story neo-noir
1312573,Family Drama,2024-07-26,2024,kn,[35],0.2831,0.0,0,"Welcome to the Family of Liars... Cheaters...Murderers? Here's the Sneak Peek of Family Drama, a Dark Comedy Kannada film.",sindhusreenivasamurthy poornachandramysuru rekhakudligi ananyaamar abhay,akarshhp,dysfunctional family murder family cheater lier
932247,Mafia,2024-07-26,2024,kn,"[28, 80]",0.1388,0.0,0,,prajwaldevaraj aditiprabhudeva devaraj shineshetty vasukivaibhav,h.lohith,
1251656,For Regn,2024-02-23,2024,kn,"[10749, 35]",0.3751,0.0,0,The protagonists play dual roles to escape a self-created chakravyuha. Will they get out of the mess or get dragged further into it?,pruthviambaar milananagaraj sudhabelawadi p.ravishankar babuhirannaiah,naveendwarakanath,
1093467,Detective Teekshanaa,2024-09-20,2024,kn,"[80, 53, 28]",0.2491,0.0,0,,priyankaupendra manjunathhegde,,
1559989,Ellige Payana Yavudo Daari,2024-10-25,2024,kn,"[53, 9648]",0.3296,0.0,0,"A secluded mountain town, where idyllic lives intertwine with sinister desires, explores themes of love,loss, and revenge amidst a backdrop of lush beauty.",ayank rajabalwadi rinibopanna vijayashreekalburgi abhimanyukashinath,suryakiran,
1329697,Day 1,2024-08-08,2024,kn,[18],0.2315,0.0,0,"In the big city of Bengaluru, schools are reopening after 2 years of virtual classes due to COVID-19. A little girl named Sukhi is still asleep without a care in the world however her mother is insistent that she be on time on her first day.",bhavani kaveri shreedevi,aswathimohanan,child labour children's rights child labor child welfare short film right to education
1230559,Shakhahaari,2024-02-16,2024,kn,"[80, 18, 53]",0.3121,8.5,2,When the lives of some innocent people start getting intertwined in unforeseen situations they find themselves trapped in a murder mystery. This mysterious butchery infolds in a vegetarian restaurant run by a virtuous Chef Subbanna.,rangayanaraghu gopalkrishnadeshpande sujayshastri harinishreekanth nidhihegde,sandeepsunkad,
1136463,Blink,2024-03-08,2024,kn,"[878, 10402, 53]",0.2892,8.0,1,"Apoorva, a 24-year-old in Bengaluru, conceals his failed MA from his mother. Juggling part-time jobs, he relies on his love interest, Swapna, for support. Apoorva's unique ability to control blinking becomes a curse when a mysterious old man reveals his father's survival.",dheekshithshetty chaithrajachar vajradheerjain sureshanagalli mandarabattalahalli,srinidhibengaluru,
1075210,Rakshasa Tantra,2024-03-22,2024,kn,[27],0.243,0.0,0,Rakshasa Tantra is a story of a group of friends who come online on a video call to catch up and chat with each other. Soon they come across dangerous content on the dark web.,meghaakshara sukeshanand rashitanagaraju rakshitamallik tilakkumar,meghaakshara,computer screen found footage tantra rakshasa rakshasatantra
1296522,Third Krishnappa,2024-05-24,2024,kn,"[18, 35]",0.1821,7.0,1,"Veeranna, a local politician aiming for re-election, constructs a Ganesha temple to win back the trust of his village, Narayangatta. The planned celebrity inauguration takes a tragic turn when the chosen celebrity dies suddenly. As the village grapples with shock, the focus shifts to finding a suitable replacement for the inauguration. Teacher Krishnappa suggests his Bangalore friend Nandish, who promises Chief Minister attendance. The village embraces this hope, making Krishnappa a local hero. The story unfolds as the village eagerly anticipates the inauguration, raising questions about the Chief Minister's involvement and the possibility of a scam.",rangayanaraghu sampathmaitreya,naveennarayanaghatta,
1519583,The Judgement,2024-05-24,2024,kn,[53],0.1991,0.0,0,"A prominent lawyer grapples with ethical quandaries and intricate legal obstacles when attempting to rectify past errors, inadvertently impacting society on a larger scale.",v.ravichandran diganthmanchale meghanagaonkar dhanyaramkumar lakshmigopalaswamy,gururajkulkarni,
1243194,KTM,2024-02-16,2024,kn,"[18, 10749]",0.3227,0.0,0,Karthik seeks love through several attempts. Will he find his destined partner or face continued failure?,dheekshithshetty sanjanadoss abhisheksrikanth kaajalkunder prakashthuminad,aruna,
1014795,Ibbani Tabbida Ileyali,2024-09-05,2024,kn,[10749],0.2452,8.0,1,"What defines love? Memories that you can fondly look at? Tomorrow's dream of togetherness? Or the longing after separation?  Ibbani Tabbida Ileyali is a poetic tale of romance that intends to celebrate unconditional love. An attempt to capture the essence of yesterday's romance, the relevance of today's and the perpetual nature of it that can stand the test of the future!  We aspire to make you sing, smile, dance and savour the sweet melancholy. A story that spans a decade encapsulating the days of college, career aspirations and adulthood! Urban cityscape, the greens and more importantly the dreamy atmospherics. There's a scent of summer, the warmth of winter and the melody of monsoon!",vihangowda ankitaamar girijashettar mayurinataraj chandrajithbelliappa,chandrajithbelliappa,
1381864,Behind The Scenes,2024-11-08,2024,kn,[18],0.1648,0.0,0,"Behind The Scenes is a Kannada anthology film that tells five distinct stories, each directed by a different filmmaker: Prajwal MRs Baanigondu Elle Ellide, Sai Shrinidhis Coffee, Cigarettes and Lines, Kuldeep Cariappa NMs Hero, Rajesh N Shankadhs Blockbuster, and Apoorva S Bharadwajs SuMoha. Together, these narratives explore the deep influence of cinema on the lives of both creators and viewers, showing the sacrifices, dreams, and challenges filmmakers, actors, and crew members endure.",vijaykrishna medinikelamane,apoorvabharadwaj,
1248463,Lineman,2024-03-15,2024,kn,"[35, 18]",0.2408,0.0,0,"In the quaint village of Chandakavadi, Nata is a dynamic, educated, and principled young man employed as a lineman, responsible for managing the power supply in the area. Amidst them resides Sharadamma, an elderly midwife renowned for conducting countless successful deliveries. As the townsfolk prepare to celebrate Sharadamma's remarkable 100th birthday, she persuades the entire village to endure a few days without electricity until the celebration concludes. The film questions whether the villagers of Chandakavadi withstand the challenges until power is restored.",thrigun jayashreedevi miconagaraj apoorva sujayshastri,raghushastry,
1289558,Ramana Avatara,2024-05-10,2024,kn,"[35, 18]",0.2155,0.0,0,"A jovial guy named Rama Krishna who wants to be a political leader, goes through a series of uncontrollable situations that end up being lessons of life and help him become a true leader.",rishi pranithasubhash arunsagar shubraaaiyappa anirudhacharya,vikaspampapathi,
1083637,Kantara - A Legend: Chapter 1,2025-10-01,2025,kn,"[28, 18, 14]",18.6078,7.0,69,"During the Kadamba reign, King Vijayendra, the ruler of the fictional feudatory land of Bangra, meets his final fate while venturing into the mystical forest of Kantara. Witnessing this, his son Rajashekara seals the borders of their realm. Later, Prince Kulashekara reopens them through a brutal massacre. The protagonist, Berme, in search of prosperity, crosses the divide and ignites a conflict of faith, power, and destiny between the Kingdom and Nature.",rishabshetty rukminivasanth jayaram gulshandevaiah ramithashailendra,rishabshetty,
1564195,Andondittu Kaala,2025-08-29,2025,kn,[10749],0.9725,0.0,0,"A young boy dreams of becoming a director after witnessing a shooting in his film. Years later, in order to fulfil his dreams, he moves to the city and strives to overcome challenges.",vinayrajkumar aditiprabhudeva v.ravichandran kaddipudichandru,keerthi,
1475174,Amruthamathi,2025-05-07,2025,kn,"[18, 36]",0.95,0.0,0,"Amruthamathi a kannada film is based on the story of Yashodhara Charite' an epic poem written by Janna, a famous 13th century A.D. Kannada poet. This Janna's epic poem is recreated and reinterpreted in this film with appropriate changes without diviating original essence of the story.",haripriya kishore tilakshekar pramilajoshai sundarraj,baragururamachandrappa,history
1557961,Bank Of Bhagyalakshmi,2025-11-27,2025,kn,"[35, 28, 80, 53]",0.841,2.0,1,"A crew of five amateur thieves reunite for one final score in a village brimming with elections. With no experience and only a reckless plan, things dont go as expected.  Will they make it out, or will the village remember them only as five fools who gambled with fate?",dheekshithshetty brindaacharya gopalkrishnadeshpande sadhukokila sruthihariharan,abhishekm,bank heist money heist
1513656,Su from So,2025-07-25,2025,kn,"[35, 27]",0.9262,7.4,17,"In a peaceful village full of joy, laughter, and vibrant life, everything seems perfect—until one day, the devil arrives. What follows is a hilarious chain of events that flips the entire village upside down!",shaneelgautham jptuminad sandhyaarakere prakashkthuminadu deepakraipanaje,jptuminad,devil ghost supernatural horror comedy horror
1575782,I Am God,2025-11-07,2025,kn,"[10749, 53]",0.7766,2.0,1,"An intense love story brews between Deva and Bindhu. On the other side, a masked man who calls himself GOD shakes the city with his brutal serial killings.",avinash arunabalaraj ravigowda niranjan,ravigowda,
1572107,Brat,2025-10-31,2025,kn,"[28, 53, 35]",0.8126,3.5,2,A son’s rebellion against his father’s strict moral code leads to a tense adventure. Kristy challenges Constable Mahadevaiah’s unwavering honesty as he pursues his own path.,darlingkrishna manishakandkur achyuthkumar rameshindira dragonmanju,shashank,
1523326,Kothalavadi,2025-08-01,2025,kn,[18],0.5627,0.0,0,"In the famine-stricken village of Kothalavadi, greed sparks chaos as a ruthless scrap dealer manipulates desperate villagers into illegal sand mining, using them as pawns in his quest for power. When tragedy strikes and blood is spilt, an iron-willed officer, a betrayed enforcer, and a cunning politician clash for control. As tensions rise, the villagers must choose: break free or be consumed by their greed.",pruthviambaar gopalkrishnadeshpande rajeshnataranga balarajwadi avinash,sriraj,
1510164,Ekka,2025-07-18,2025,kn,"[80, 18]",0.5378,0.0,0,"Muttu seeks his deceitful friend Ramesh in Bengaluru, becoming entangled in the city's dark underworld. His journey through challenges involves action, emotions, love, friendship, and a search for justice.",yuvarajkumar sampadahulivana atulkulkarni rahuldevshetty sanjanaanand,rohitpadaki,
1510339,Mark,2025-12-25,2025,kn,"[28, 53]",0.5914,4.0,1,"Mark is suspended from his police duties for his unruly yet effective ways of operating, but when 18 children are abducted and found dead, races to catch the criminals. With only 18 hours left, he must confront powerful foes and use unconventional tactics to succeed.",sudeepa deepshikaumapathy naveenchandra shinetomchacko yogibabu,vijaykartikeyaa,
927224,Vaamana,2025-05-05,2025,kn,[28],0.7352,5.0,4,"Explores the emotions and lifestyles of ordinary people, with a compelling hero Guna pursuing vengeance against antagonists. His actions are driven by his past life, which influences his present and future.",dhanveergowda reeshmananaiah tara avinash achyuthkumar,shankarramans,
1382160,45,2025-12-25,2025,kn,[28],0.4546,6.0,1,"A captivating new project by Suraj Production and the Magical Composer’s Debut film, #45Themovie is set to redefine the cinema-watching experience with its unique narrative and compelling performances.",rajbshetty upendra shivarajkumar kaustubhamani  jaffersadiq,arjunjanya,
1479090,Edagaiye Apaghatakke Karana,2025-06-13,2025,kn,"[35, 53, 10749]",0.4543,1.0,1,"Lohit Rajesh, a man who works on an IT firm and infamously known to be a lefty gets caught up in a murder after he meets with a mysterious woman.",diganthmanchale dhanuharsha nidhisubbaiah nirupbhandari radhikanarayan,samarthkadkol,murder left handedness left hand black comedy
1531376,Full Meals,2025-11-21,2025,kn,"[10749, 35]",0.3572,0.0,0,"Full Meals movie touches upon Love, Life, and Passion. In the Film, protagonist is a struggling Wedding Photographer who tries to attain his passion and prove himself. In this process he gets entangled in his personal and love life",likithshetty kusheeravi thejaswinisharma rangayanaraghu surajlokre,nvinayaka,wedding photographer kannada cinema
1371678,Just Married,2025-08-22,2025,kn,"[18, 10749, 35]",0.3658,0.0,0,"A man from a prestigious family discovers he shares his ancestors' weakness for infidelity. As his marriage suffers, he must choose between breaking this generational pattern or losing his wife's trust forever.",shineshetty ankitaamar sakshiagarwal achyuthkumar sriman,c.r.bobby,
1533867,Don't Tell Mother,2025-09-19,2025,kn,"[10751, 18]",0.2662,0.0,0,"Aakash, a 9-year-old boy is subjected to physical violence at school by his Math teacher and ends up hiding it from his strict but caring mother. When tragedy arises, irreplaceable bonds are forged between Aakash, his mother and his innocent younger brother, Adi in this tender family drama set in the 90s Bangalore.",siddarthswaroop aishwaryadinesh anirudhpkeserker karthiknagarajan sachitmurthy,anooplokkur,
1011861,Tiger's Pond,2025-02-15,2025,kn,"[18, 80]",0.4044,8.0,2,"In the sleepy hamlet of Vaghachipani, an under-aged sheperdess is discovered to be pregnant. Her employer who is hellbent on becoming the chairman of the village-council is making every effort to cover it up, resulting in more cover-ups threatening to be exposed. Mentally-deficient, the young sheperdess has no idea what a pregnancy is.",achyuthkumar dileeshpothan gopalhegde sumitra nateshhegde,nateshhegde,
1554724,Kokila,2025-11-17,2025,kn,"[14, 18]",0.255,0.0,0,"Set in Bengaluru’s restless chaos of fading tongues, simmering pride, and the dark seduction of violence, a young pro-Kannada activist battles his alter ego while dreaming of a fantasy city where his language reigns eternal.",aniruddhagirish rashmiuday,g.upremkumar,language barrier alter ego reality vs fantasy sandalwood psychological drama kannada film kokila language war
1524465,The Task,2025-11-21,2025,kn,"[18, 28, 80]",0.3419,0.0,0,"A chilling murder, a young witness, and two unlikely heroes pulled into a perilous game. With a ruthless mafia closing in, they embark on a daring mission to protect the innocent and hunt down those responsible. This action-packed thriller delivers tension, courage and nonstop excitement from start to finish.",sagarram jayasuryarazad raghushivamogga achyuthkumar balajimanohar,raghushivamogga,action crime road film
1505700,X & Y,2025-06-26,2025,kn,[14],0.3314,0.0,0,"An eager unborn soul, desperate to experience life, pleads with the Creator to send him to Earth. Tasked with a unique mission, he must find his future parents and ensure their union, only then can he be born.",dsatyaprakash dharmannakadur brindaacharya atharvaprakash ayaana,dsatyaprakash,
1245535,The Devil,2025-12-11,2025,kn,"[28, 18, 35, 10749]",0.3844,1.0,1,"Rajashekar (Chief Minister of Karnataka) is framed, so his secretary recruits Krishna, a kindhearted lookalike, to impersonate the violent heir Dhanush. When the real Dhanush returns, both men clash for political power and Rukmini’s love. Krishna must protect Rukmini from Dhanush while also rising as a leader the people trust.",darshanthoogudeepasrinivas maheshmanjrekar achyuthkumar sharmielamandre,prakashveer,
1508075,Jungle Mangal,2025-07-04,2025,kn,"[12, 53]",0.362,0.0,0,"A young couple's hangout at a remote location goes haywire when they are discovered by a group of villagers and an unlikely antagonist. Now, only a miracle can help them escape.",yashshetty harshitaramachandra uggrammanju deepakraipanaje balarajwadi,rakshitkumar,
1424138,Rudra Garuda Purana,2025-01-24,2025,kn,"[53, 9648]",0.3099,0.0,0,"The story delves into the mystery of a bus accident that occurred 25 years ago, claiming the lives of all its passengers. In a shocking twist, the same bus and its passengers reappear years later, sparking an intense investigation. The bus named ""17A Kaveri Express"" forms the center character in the plot.",rishi priyankakumarm vinodkumar avinash k.s.sridhar,k.s.nandeesh,
1140685,Firefly,2025-04-24,2025,kn,"[12, 35, 18]",0.3509,0.0,0,"Firefly is a melancholic, surreal journey of Vicky as he deals with lifes challenges and seeks the purpose of his life through bizarre adventures.",vamshikrishna rachanainder sudharani achyuthkumar shivarajkumar,vamshikrishna,depression mental health
1516532,Bandook,2025-07-25,2025,kn,"[80, 18]",0.2564,0.0,0,"When brutal murders haunt a remote river island, a retrieval team and a determined investigator uncover chilling secrets buried deeper than the bodies.",gopalkrishnadeshpande balajimanohar shwetharprasad harishrai,maheshravikumar,revenge murder investigation police search youth love story
1399747,Nodidavaru Enanthare,2025-01-31,2025,kn,[18],0.281,10.0,1,Siddharth is an existentialist who leaves his home in pursuit of the unknown and his quest to find himself.,naveenshankar apoorvabharadwaj padmavatirao,kuldeepcariappa,
1456539,Manada Kadalu,2025-03-28,2025,kn,"[10749, 18]",0.2966,0.0,0,"""Manada Kadalu"" is a coming-of-age love story. Sumukha, an MBBS dropout, pursues love interest Rashika. However, friend Anjali's influence leads him to self-discovery and reevaluating life's value.",rangayanaraghu h.g.dattatreya,yogarajbhat,
1401907,Anamadheya Ashok Kumar,2025-01-03,2025,kn,[18],0.2747,0.0,0,"While interviewing a retired senior lawyer at his house, investigative journalist Praveen Rajashekhar hears a commotion upstairs. Concerned, he rushes to check and is attacked by an intruder. In self-defense, he stabs the attacker and calls the police, only to find himself as the prime suspect. Is he a criminal, a witness, or a victim?",kishore harshilkoushik sudheendrannair,sagarkumar,
1520294,Vritta,2025-08-01,2025,kn,"[9648, 53]",0.1883,0.0,0,"Vritta centers on siddharth a quiet, withdrawn man whose life takes a dark and twisted turn after one impulsive decision.One night. One unexpected phone call. One wrong turn. And that’s all it takes to spiral into the unknown. What begins as a simple night drive unravels into something far more disturbing — a haunting journey through isolation, guilt, and fractured realities. As the silence deepens and the night stretches on, siddharth finds himself trapped in a circle he can’t escape. A circle called vritta.",maahirmohiuddin harinisundararajan chaithrajachar masteranuraag shashikala,likithkumar,
1466915,Veera Chandrahasa,2025-04-18,2025,kn,"[28, 18]",0.2112,0.0,0,"Kulinda, a noble of Kuntala, discovers an abandoned boy in the jungle and names him Chandrahasa for his radiant smile. Raised with love, Chandrahasa grows into a virtuous young man, unaware of the powerful enemies plotting against him.  But his unwavering faith shields him from harm. Each failed attempt only brings downfall to his enemies, turning foes into allies. Chandrahasa emerges as a symbol of divine grace, protected by the gods.",shivarajkumar shithilshettyairbail prasannashettigar nagashreegs udaykadabaal,ravibasrur,drama awestruck
1292701,Sunday Special,2025-05-09,2025,kn,"[18, 35]",0.1853,0.0,0,"On the day of Gandhi Jayanti, when meat sale is prohibited nationwide, an 11-year-old girl goes on a quirky adventure in pursuit of a forbidden chicken curry.",samrudhikundapura sanidhyaacharya prabhakarkunder radharamachandra supreethaks,abhilashshetty,countryside nostalgia political satire genre bending lighthearted charming heartwarming
1510870,Doora Theera Yaana,2025-07-11,2025,kn,"[18, 10402, 10749]",0.3163,0.0,0,"Musicians and techies Akash and Bhoomi, bound by a five-year relationship, begin to question their future before their wedding. To find clarity, they embark on a soul-searching road trip together.",vijaykrishna priyankakumarm sruthihariharan arunsagar sudhabelawadi,mansore,estranged couple quarreling couple music-lover
1198451,Mithya,2025-03-07,2025,kn,[18],0.3286,8.5,2,"'Mithya' is a journey alongside Mithun, an eleven-year-old, coming to terms with the sudden loss of his parents. Things turn gloomier as their families squabble over his custody, even as questions over the nature of his Father's death remain unanswered. We walk in step with Mithun/Mithya's tottering feet, as they search for solid ground. Can a new house be home, can friendships be forged again or is it all just a search for something long gone?",athishsshetty prakashthuminad roopavarkady,sumanthbhat,
1580775,Gatha Vaibhava,2025-11-14,2025,kn,"[14, 10749, 35]",0.2285,4.5,2,"Gatha Vaibhava is a fantasy drama that weaves together history, mythology, and destiny. When Purathan and Adhunika meet in the present, they embark on a mystical journey through their past lives from the divine realms of Devaloka to Vasco da Gama's voyage and the coastal lands of pre-independence Karnataka. As echoes of the past resurface, they must unravel their fate. Will love endure across lifetimes, or is history doomed to repeat itself?",ashikaranganath ssdushyanth sudhabelawadi krishnahebbale kishanbilagali,suni,
1424895,Paru Parvathy,2025-01-31,2025,kn,"[35, 18]",0.182,3.0,1,"Paru Parvathy is a Kannada road movie about a solo traveler named Payal. The film explores themes of self-discovery, relationships, and emotions. It was shot in multiple locations, including Bengaluru, Goa, Maharashtra, Rajasthan, and Uttarakhand.",poonama.sirnaik fawazashraff deepikadas dhaneshkoliyat,rohitkeerti,
1566163,Flirt,2025-11-28,2025,kn,"[10749, 53, 35]",0.2371,0.0,0,"Flirt is a romantic-comedy-thriller centered around a young man (portrayed by Chandan Kumar) whose life intertwines with love, friendship and emotional chaos. The film explores relationships, romance and unexpected twists in an entertaining blend of humour, drama and heart. Performances especially by the lead pair are highlighted as the film’s strongest aspect.",chandankumar nimikaratnakar girishshivanna vinaygowda avinash,chandankumar,
1586663,Kamaro2,2025-08-22,2025,kn,[27],0.2738,0.0,0,"A paranormal investigator, Sara, goes to the infamous Kamarottu house in search of her missing sister. The film also follows a newlywed couple, Aarya and Swathi, who move into the house and experience strange events.",swaminathanananthraman neenasamashwath rajanibharadwaj anilbobby priyankaupendra,,
1423352,Forest,2025-01-24,2025,kn,[],0.2321,6.0,1,"A dense forest conceals a hidden treasure, drawing five villagers into a humorous and action-packed hunt. They must outsmart a notorious criminal and a ghost who is fiercely guarding the treasure. Will they find the treasure?",avinash chikkanna rangayanaraghu anissh,chandramohanchintada,
1231797,Vidyapati,2025-04-10,2025,kn,[],0.2303,0.0,0,Upcoming Kannada Comedy Film Starring Nagabhusan,nagabhushanans,eshamkhan,
1568241,JAI,2025-11-14,2025,kn,"[28, 18]",0.2,0.0,0,The protagonist Sathya from Simhabettu finds himself in a dilemma after he finds out the truth behind the people he trusted the most.,aravindbolar prasannashettybailur sunielshetty naveend.padil bhojarajvamanjuru,roopeshshetty,tulu language
