tmdb_id,title,release_date,release_year,language,genres,popularity,vote_average,vote_count,overview,cast,director,keywords
16987,Kaho Naa... Pyaar Hai,2000-01-14,2000,hi,"[10749, 18, 28, 35]",2.9967,6.7,148,"Sonia and Rohit love each other but Rohit is mysteriously killed. When Sonia moves to New Zealand, she meets Raj, Rohit's lookalike who helps her trace Rohit's killer.",hrithikroshan ameeshapatel anupamkher daliptahil mohnishbehl,rakeshroshan,tragic love
11518,Mohabbatein,2000-10-27,2000,hi,"[18, 10749]",3.3434,7.1,283,"At a prestigious all-male university, three friends seek love outside of the school grounds; at the same time, a newly-hired music teacher seeks to befriend and loosen up the militantly strict headmaster.",amitabhbachchan shahrukhkhan udaychopra jugalhansraj jimmyshergill,adityachopra,becoming an adult tradition forbidden love musical elite principal discipline school life teachers and students
35064,Dhadkan,2000-08-11,2000,hi,"[18, 10749]",2.1655,6.4,43,"Anjali and Dev are in love with each other and plan to marry, but her family gets her married to Ram. Years later, Dev shows up to reunite with Anjali, however, she has fallen in love with Ram.",akshaykumar shilpashettykundra sunielshetty mahimachaudhry sushmaseth,dharmeshdarshan,
21614,Hera Pheri,2000-03-31,2000,hi,"[35, 80]",1.9765,7.0,293,"Two tenants and a landlord, in desperate need of money, chance upon a ransom call via a cross connection. They hatch a plan to claim the ransom for themselves.",akshaykumar sunielshetty pareshrawal tabu ompuri,priyadarshan,
232696,Joru ka Ghulam,2000-06-15,2000,hi,[],1.7578,5.9,13,"Dhaneshwar Pitamber, has four daughters. All the four daughters are not ready to marry, each one having their own reason. The daughters always play mischievous tricks on the one coming with a proposal of marriage, and their gang leader is the youngest daughter Durga. Kader Khan is so desperate to get his daughters married that he is ready to give a dowry of five crores to each son-in-law. Raja and Kanahaiya are small time con men at the airport. Raju Patel is an NRI from America who comes to India to get married to one of the daughters of Dhaneshwar.",govinda twinklekhanna kaderkhan ashoksaraf ashishvidhyarthi,shakeelnoorani,
276846,Badal,2000-02-11,2000,hi,"[28, 80, 10749]",1.5591,5.9,13,"Badal is a victim of the 1984 riots, brought up by a terrorist. Badal aims to kill the treacherous police officer who had killed his parents and his loving sister. He takes shelter in the house of an honest police officer and falls in love with a minister's granddaughter. Will he be able to accomplish his revenge?",bobbydeol ranimukerji amrishpuri ashishvidhyarthi ashutoshrana,rajkanwar,mass murder terrorism
157800,Har Dil Jo Pyar Karega,2000-08-04,2000,hi,"[35, 18]",1.6347,5.5,44,"Jahnvi’s best friend Pooja attempts suicide when her boyfriend jilts her. Raj, a struggling singer, saves Pooja but she still goes into a coma and Raj gets stuck into caring for her. Upon recovery, Pooja falls for Raj, but he is in love with Jahnvi.",salmankhan ranimukerji preityzinta neerajvora shaktikapoor,rajkanwar,love triangle aspiring singer accident waking from coma
159067,Kunwara,2000-07-14,2000,hi,"[35, 10749]",1.1842,5.2,12,Raju meets Urmila in New Zealand. They have a fast romance and things are going well until Raju must make a trip back to India...,govinda urmilamatondkar nagma ompuri johnylever,daviddhawan,
97351,Phir Bhi Dil Hai Hindustani,2000-01-21,2000,hi,"[10749, 35, 80]",1.6619,6.6,88,Two rival reporters team up to help prove the innocence of a man set to be hanged for the murder of a politician.,shahrukhkhan juhichawlamehta johnylever pareshrawal shaktikapoor,azizmirza,
159666,Mela,2000-01-07,2000,hi,"[28, 12, 35, 18, 10749]",1.3639,4.5,34,"Best mates Kishen and Shankar decide to help village belle Roopa avenge her family's death, but their friendship is tested in the process.",aamirkhan twinklekhanna faisalhussainkhan tinnuverma johnylever,dharmeshdarshan,
131940,Josh,2000-06-09,2000,hi,"[10749, 18]",1.5677,6.0,73,"Two gangs fight for control of the streets: the Scorpions, led by Prakash and the Eagles, fronted by Max. When Prakash's brother Rahul comes to visit, he meets and quickly falls in love with Shirley, not realizing she's the sister of his brother's rival, Max. Though Rahul tries to keep their relationship secret, it's only a matter of time before it brings the gang rivalry to a head.",chandrachursingh aishwaryaraibachchan shahrukhkhan sharads.kapoor priyagill,mansoorkhan,street gang
161223,Dulhan Hum Le Jayenge,2000-03-20,2000,hi,"[35, 10749]",1.4287,5.6,30,"Sapna is raised by her three uncles, each one of them with a contrasting pursuit in life. She falls in love with Raja, who tries to impress each of her uncles in a different manner.",salmankhan karismakapoor ompuri pareshrawal anupamkher,daviddhawan,
46385,Hadh Kar Di Aapne,2000-04-14,2000,hi,"[10749, 35]",1.212,4.8,23,"Raj, a detective, goes on a Europe trip to investigate his friend's case. There, he falls in love with Anjali, who is impersonating her best friend.",govinda ranimukerji johnylever pareshrawal satishkaushik,manojagrawal,
46406,Mission Kashmir,2000-10-27,2000,hi,"[28, 18, 53]",1.4392,6.3,48,A police officer adopts the son and sole survivor of a family he has massacred while pursuing a terrorist. After some time the foster son finds out what the stepfather did.,sanjaydutt hrithikroshan preityzinta jackieshroff sonalikulkarni,vidhuvinodchopra,
819020,Agniputra,2000-01-01,2000,hi,[28],0.9322,10.0,1,"Arjun, a devoted son and brother, loves his mother and three sisters dearly. He sacrifices his love and happiness to safeguard his family against all odds.",mithunchakraborty asrani premchopra pinkychinoy deepshikanagpal,,
306132,Anjaane,2000-01-01,2000,hi,[18],0.7937,0.0,0,"Aditya and Shivani are a married couple who have spent the last few years living together. They share two beautiful children together and everything is going seemingly well until a new young lady introduces herself into Aditya's life. He is so head over heels in love with this new young lady that he decides to start a new life with her. Against his better judgment, Aditya leaves Shivani and his two children behind in order to pursue a new life with this lady. The two are very close until something from within their relationship causes a massive breakdown in communication.",faridajalal anupamkher beenabanerjee mohnishbehl raveenatandon,ravirai,
383281,Raju Chacha,2000-12-21,2000,hi,"[28, 35, 10751]",1.1471,5.9,22,Raju is hired to pose as uncle to three orphaned kids in order to usurp their inheritance. But he changes his mind after falling in love with their governess and decides to fight the greedy relatives.,rishikapoor ajaydevgn kajol tikutalsania smitajaykar,anildevgan,
56666,Fiza,2000-09-08,2000,hi,"[18, 10749]",1.3436,6.2,31,In 1993 Fiza's brother disappears during the riots in Mumbai. In 1999 Fiza is tired of waiting and goes looking for him.,hrithikroshan karismakapoor jayabachchan neha bikramsaluja,khalidmohammed,suicide loss of loved one jihad love racial tension
302466,Dil Hi Dil Mein,2000-04-21,2000,hi,[10749],0.8162,6.0,2,"Ram Chandra is a Tamilian who lives in a shanty hut in Bombay's Dharavi, along with his mom and a younger sister. He dream is to attend school, which he does so, after his sister is loaned out to a beggar to collect alms, but she is unable to withstand hunger for long and passes away. Ram leaves home and subsequently works hard, studies, becomes rich and constructs several colleges to accommodate needy students. One such student he accommodates is a new arrival from Allahabad, Raja, and he arranges his admission in Ram Chandra College for Business Management along with full board and shelter. He also helps Raja sort out his personal problems, including his romance with a young woman he met at the Cyber Café and then at Bandra Railway Station. While Ram Chandra is busy arranging his daughter's marriage with Rajesh Gupta, the only son of a multi-millionaire and educationist, he is quite unaware that the object of Raja's affections is none other than Roja, his very own daughter.",sonalibendre anupamkher kunalsingh johnylever nassar,kathir,
75217,Hamara Dil Aapke Paas Hai,2000-08-24,2000,hi,"[18, 10749]",0.958,5.6,15,"When Preeti testifies against Bhavani Choudhry for a murder, he rapes her. After being humiliated and thrown out by her family, Avinash, a kind man, offers her a place to stay.",anilkapoor aishwaryaraibachchan sonalibendre pururaajkumar anupamkher,satishkaushik,
407312,Shikari,2000-10-06,2000,hi,[53],1.1318,4.6,5,"Virendra (Nirmal Pandey) is a business tycoon in Cape Town, South Africa.  His sister Rajeshwari (Karishma Kapoor), wife Suman (Tabu) and his mother are his only relatives. Virendra's marital life is in apparent discord, since he has never had any relations with Suman. One day, Virendra gets a rival in business world in form of Mahendra Pratap Singh (Govinda). Mahendra is an Indian spice tycoon wanting to expand his business in South Africa.",govinda tabu karismakapoor shwetamenon nirmalpandey,n.chandra,
303406,Jung,2000-05-12,2000,hi,[28],1.0265,3.9,9,"The son of Police Inspector Veer Chauhan requires a near impossible to find bone-marrow transplant.  With time running out, Veer finds a viable candidate, a criminal he was responsible for apprehending.",sanjaydutt raveenatandon jackieshroff adityapancholi shilpashettykundra,sanjaygupta,
232496,Bichhoo,2000-07-07,2000,hi,"[28, 80, 53]",1.0712,4.5,16,A contract killer with a tragic past trains a young woman to avenge the murder of her family and falls for her in the process.,bobbydeol ranimukerji ashishvidhyarthi malaikaarora faridajalal,guddudhanoa,
41381,Pukar,2000-02-04,2000,hi,"[28, 18, 53, 10749]",1.0008,6.7,16,"Major Jaidev saves a politician from the clutches of a dreaded terrorist. However, the terrorist joins hands with his childhood friend Anjali to ruin his life.",anilkapoor madhuridixit dannydenzongpa namratashirodkar sudhirjoshi,rajkumarsantoshi,
161221,Chal Mere Bhai,2000-05-04,2000,hi,"[10749, 35]",0.7045,5.2,25,"Vicky, a businessman, loves his younger brother Prem, who spends his time chasing women. The family feels that secretary Sapna will make a good wife for Vicky, but she is already in love with Prem.",salmankhan sanjaydutt karismakapoor daliptahil shaktikapoor,daviddhawan,
166231,Refugee,2000-06-30,2000,hi,"[18, 10402, 10749]",0.6547,5.6,17,"The films tells the story of an un-named Indian Muslim, who helps illegal refugees from both India and Pakistan to cross the border through the Great Rann of Kutch. The film is attributed to have been inspired by the short story ""Love Across the Salt Desert"" by Keki N. Daruwalla.",abhishekbachchan kareenakapoorkhan jackieshroff sunielshetty anupamkher,j.p.dutta,
232711,Khauff,2000-03-02,2000,hi,"[28, 53]",0.68,4.4,5,"While returning home from the marriage of her friend, Ritu Pereira, Neha Verma, an air hostess, witnesses the brutal death of Superintendent of Police Jaidev Singh,...",sanjaydutt manishakoirala raveenatandon sharads.kapoor mukeshkhanna,sanjaygupta,
491916,Champion,2000-12-22,2000,hi,"[28, 35, 80, 18]",0.7216,2.8,6,"The film CHAMPION is a tale about a man who has a quest, a dream to be the best of the best. The film centres on four main characters, namely Rajveer Singh (Sunny Deol), a simpleton from a village in Punjab, whose sole dream in life is to become a super-cop and wipe off all crime. After, training, he gets his first posting at Mumbai for a special assignment. Bubbling with enthusiasm, an arrival, he is shocked to find that his job is to protect a nine-year-old boy, Abbas Khan (Abhishek Sharma). A bodyguard, after all the rigorous training to eliminate hardcore criminals! Abbas is the sole heir to millions of riches left to him by his parents, who have expired in a drastic plane crash.",sunnydeol manishakoirala rahuldev kashmerashah tomalter,janasuememel,
363105,Deewane,2000-08-11,2000,hi,[],0.673,4.8,6,"Policeman Vishal is shot when his boss bungles a raid on a boat. To avoid the wrath of Vishal's family, his boss hires a lookalike to stop their suspicions. But when the policeman's girlfriend Sapna falls in love with the 'new' Vishal, all sorts of trouble is caused.",ajaydevgn mahimachaudhry urmilamatondkar pareshrawal gulshangrover,harrybaweja,
985443,Fursat Mein,2000-01-14,2000,hi,[],0.5694,0.0,0,"Irrfan plays an eccentric senior citizen who goes out of his way to protect whoever he feels is being oppressed. His tactics include using fake visiting cards to intimidate people, much to the chagrin of his daughter.",irrfankhan,tigmanshudhulia,
161219,Kahin Pyaar Na Ho Jaaye,2000-11-17,2000,hi,"[10749, 10751, 35]",0.9308,5.2,24,"Prem is in love with Nisha and plans to marry her, but on the day of the marriage Nisha does not show up. When Prem asks for an explanation, Nisha tells him that she is marrying a rich and wealthy young man from the US instead, who will be able to look after her and her ailing brother, devastating Prem.",salmankhan ranimukerji jackieshroff raveenatandon poojabatra,k.muralimohanarao,
81782,Kurukshetra,2000-10-03,2000,hi,"[28, 80, 18]",0.5568,6.4,9,"Kurukshetra is a story of war between evil and truth. The D.S.P Prithvi Raj Singh(Sanjay Dutt) is an honest and brave police officer.All dishonest police officers , rogues, criminals and corrupt politicians are scared of him. The day he joins duty in Mumbai city, he destroys all the illegal business of Iqbal Pasina(Mukesh Rishi). From that day onwards, Iqbal Pasina starts admiring DSP Prithvi Raj Singh.Prithvi Raj Singh with his wife, Anjali (Mahima Chaudhary) and sister, Aarti is living a happy life. Aarti is in love with Sub-Inspector Avinash",sanjaydutt mahimachaudhry ompuri shivajisatham mukeshrishi,maheshmanjrekar,
137164,Bulandi,2000-01-07,2000,hi,[18],0.7274,5.7,7,A noble family presides over a small town in India.,anilkapoor rekha raveenatandon rajinikanth shaktikapoor,ramaraotatineni,
423976,Gaja Gamini,2000-12-01,2000,hi,"[18, 14]",0.9813,6.7,6,"A mysterious and beautiful woman, in her various incarnations, inspires artists throughout the ages.",madhuridixit tanvihegde naseeruddinshah inderkumar kalpanapandit,m.f.husain,
407311,Shikaar,2000-07-19,2000,hi,"[28, 80, 10402]",0.5949,4.0,1,"Sree Nath falls in love with a poor woman and both get intimate, resulting in her getting pregnant. When the time comes for Sree to marry her, he renounces her and instead marries the daughter of wealthy Mr. Saxena. She gives birth to a boy, Vikram, and shortly thereafter passes away. Sree's step-brothers, Badri and Kedar, move in with Sree, and soon his health starts to deteriorate. They hire a nurse to look after him, but he keeps on getting worse.",abhishekkapoor vikasbhalla ayeshajhulka anupamkher gulshangrover,bobbyraj,
97356,Astitva,2000-10-06,2000,hi,[],1.0201,5.8,7,"When Aditi finds out she has been named the sole heir to the estate of an old acquaintance, her husband is puzzled and suspicious. However, the secret she is hiding could destroy their family.",tabu sachinkhedekar ravindramankani smitajaykar mohnishbehl,maheshmanjrekar,
633558,Sultaan,2000-02-02,2000,hi,[],0.5834,10.0,1,"Kabira helps Ayesha in saving her garage from local goons. However, he hides the fact that he was an honest inspector sometime ago. Ayesha decides to find out the reason for his transformation.",mithunchakraborty dharmendra,,
211277,Dhaai Akshar Prem Ke,2000-07-29,2000,hi,"[10749, 18]",0.7298,5.9,14,"Karan Khanna is an orphan and a captain in the Rajputana Armed Forces. He's madly in love with beautiful model Nisha, with whom he plans to tie the knot during his next leave.",abhishekbachchan aishwaryaraibachchan amrishpuri sonalibendre anupamkher,rajkanwar,
1465402,Choo Lenge Akash,2000-01-01,2000,hi,[10751],0.5854,0.0,0,"Sonu lives in a small village of Himachal Pradesh with her parents and grandmother. Her father works in Shimla. Intelligent & smart, she is the leader of her gang of friends, which include her neighbour Neelam, Ghanshyam the local grocers (Lalaji) son and Himanshu. Everyone in the village shows special concern towards her, though not in a manner that could embarrass or hurt her.",puruchibber pankajjha parikshatsahni,virendrasaini,
165573,Kya Kehna,2000-05-18,2000,hi,"[18, 10749]",0.6077,5.6,19,"Priya, a young college girl faces hardships and challenges after she becomes pregnant before marriage.",preityzinta saifalikhan chandrachursingh anupamkher faridajalal,kundanshah,
304139,Rahul,2001-03-23,2001,hi,[18],6.1845,3.5,2,"Mira (Neha) comes from a very wealthy family, however, she wants to get married to Akash Sharma (Jatin Grewal), who is not so wealthy. Against the wishes of her mother and brother, Mira gets married to Akash. The bad memories are left behind when Mira's family finally ""forgives"" them, at the birth of baby-boy, Rahul (Yash Pathak). With the family with such a acrimonious past, coming together, their marriage deteriorates, to such an extent that they have to involve the police and the courts for purposes of custody. The only obstacle coming between the couple from getting married again to different people are marred by Rahul, who is unable to accept his parents' divorce.",neha yashpathak rajeshwarisachdev gulshangrover parikshatsahni,prakashjha,
10757,Kabhi Khushi Kabhie Gham,2001-12-14,2001,hi,"[35, 18]",3.7985,7.7,590,"Years after his father disowns his adopted brother for marrying a woman of lower social standing, a young man goes on a mission to reunite his family.",amitabhbachchan shahrukhkhan hrithikroshan kajol jayabachchan,karanjohar,"london, england parent child relationship adoption delhi, india forbidden love reunion class differences family conflict"
39837,Yaadein,2001-07-27,2001,hi,[18],2.5327,5.4,38,"When Ronit meets Isha, both are attracted to each other and fall in love. They want to surprise Ronit's parents and Raj, and they accordingly decide to share this news with Raj, only to find out that Raj has been actively involved in trying to get Ronit married to Monishka Rai.",hrithikroshan kareenakapoorkhan jackieshroff ratiagnihotri amrishpuri,subhashghai,
19666,Lagaan: Once Upon a Time in India,2001-06-15,2001,hi,"[12, 18, 36]",2.5252,7.2,625,"The year is 1893 and India is under British occupation. In a small village, the tyrannical Captain Russell has imposed an unprecedented land tax on its citizens. Outraged, Bhuvan, a rebellious farmer, rallies the villagers to publicly oppose the tax. Russell offers a novel way to settle the dispute: he challenges Bhuvan and his men to a game of cricket, a sport completely foreign to India. If Bhuvan and his men can defeat Russell's team, the tax will be repealed.",aamirkhan gracysingh rachelshelley paulblackthorne suhasinimulay,ashutoshgowariker,countryside sports patriotism village musical challenge cricket taxes based on true story period drama colonialism british colonial arrogance untouchable caste system drought 19th century british raj gujarati teamwork 1890s
480,Monsoon Wedding,2001-08-30,2001,hi,"[35, 18, 10749]",1.6803,6.8,216,"A stressed father, a bride-to-be with a secret, a smitten event planner, and relatives from around the world create much ado about the preparations for an arranged marriage in India.",naseeruddinshah lilletedubey shefalishah vasundharadas parvindabas,miranair,"adultery child abuse arranged marriage delhi, india family drama wedding wedding ceremony woman director eccentric family extended family wedding rehearsal wedding arranger class system rich vs poor love story parallel stories indian wedding indian woman heartfelt daughter's wedding romantic family melodrama"
14752,Dil Chahta Hai,2001-07-24,2001,hi,"[18, 10749]",1.8108,6.8,327,"Three inseparable childhood friends are just out of college. Nothing comes between them - until they each fall in love, and their wildly different approaches to relationships creates tension.",aamirkhan akshayekhanna saifalikhan preityzinta dimplekapadia,farhanakhtar,urban life
411636,Bas Itna Sa Khwaab Hai,2001-07-06,2001,hi,[10749],1.0385,6.0,7,"Suraj dreams of following in his idol's footsteps, but as he moves to Mumbai to follow his dream, he discovers that following your dreams may have a cost.",abhishekbachchan ranimukerji sushmitasen jackieshroff gulshangrover,goldiebehl,
46418,Rehnaa Hai Terre Dil Mein,2001-10-19,2001,hi,"[18, 10749]",2.0881,6.4,41,"Maddy impersonates Rajeev, the person his love interest, Reena, is about to marry and attempts to woo her. However, he is unprepared for the moment when the truth will be revealed.",r.madhavan diamirza saifalikhan anupamkher tannazirani,gauthamvasudevmenon,
419052,Tere Liye,2001-12-14,2001,hi,"[10402, 18, 10751]",1.3893,6.0,1,"Tara, Dev Prakash Tandon, Aditya Verma, Ritu Malhotra, and Raghu, run their own band, and practice at Aditya's dad's studio. When an actress, Piya Anand, hears their number, she wants to join them, but Ritu rejects her, as she feels that Aditya may be falling for her. The group subsequently relent, let her join, and the inevitable happens when Aditya starts going out with Piya, with Raghu showing an interest in Ritu. They enter their band into a contest, compete, and qualify for the finals. Then they get devastating news when Ranjit Bose takes over the studio and threatens to demolish it. Things gets even worse when Piya finds out that Ranjit is her estranged dad, and will never permit her to take part either on the tinsel screen nor in a band.",arjunpunj hitenpaintal shilpasaklani sonalikhare anshthakkar,sanjaygadhvi,
33457,Nayak: The Real Hero,2001-09-07,2001,hi,"[18, 53, 28]",1.478,7.1,106,"Shivajirao, a TV reporter, gets a chance to be the Chief Minister of Maharashtra for a day after being challenged by incumbent Chief Minister Balraj Chauhan. After his one-day stint turns out to be a huge success, his life spirals out of control and he is embroiled in political intrigue.",anilkapoor amrishpuri ranimukerji pareshrawal johnylever,shankar,political activism politician political assassination power politics
4435,Aśoka,2001-09-13,2001,hi,"[28, 12, 18, 36, 10749, 10752]",1.718,6.5,158,"A young Prince Asoka works to perfect his skills in battle and also deals with family conflict. During a struggle with one of his step-brothers, his mother urges Asoka to escape to stay alive. While away, Asoka meets Kaurwaki and falls in love, but must use his skills as a warrior to protect her. A dangerous and heartbreaking web of conspiracy follows, which leads Asoka to embrace a Buddhist path.",shahrukhkhan kareenakapoorkhan hrishitaabhatt dannydenzongpa soorajbalaji,santoshsivan,buddhism emperor commander reue india ancient world historical drama
107548,Chori Chori Chupke Chupke,2001-03-09,2001,hi,"[18, 10749]",1.5645,6.0,77,"Raj and Priya are newly married. Priya is heavy with children, but due to unexpected circumstances, she loses her child and is unable to conceive again. Enter Madhoo, a prostitute who is willing to become surrogate mother for the couple. Their relationship becomes entangled with love triangle when Madhoo falls in love with Raj.",salmankhan preityzinta ranimukerji amrishpuri daliptahil,roshaangarrybhinder,
80156,Gadar: Ek Prem Katha,2001-06-15,2001,hi,"[28, 18, 10749, 36]",1.3471,6.8,74,"During the partition, Tara marries Sakina and they live a happy life. However their happiness is short-lived when Sakina's father forces her to stay in Pakistan and separates her from her family.",sunnydeol ameeshapatel amrishpuri lilletedubey vivekshauq,anilsharma,
1019679,Jagira,2001-02-16,2001,hi,[],1.0977,3.0,3,"Jagira, a police officer, is implicated in a false case due to Mahakaal, a dacoit. Later, he escapes from prison and decides to avenge the injustice.",dharmendra kirankumar pinkychinoy dannydenzongpa shaktikapoor,kantishah,
136615,Kasoor,2001-02-02,2001,hi,"[18, 9648, 53]",1.1884,5.2,13,"The film starts with the murder of Priti (Divya Dutta), wife of Shekhar (Aftab Shivdasani), a well-known journalist. Inspector Lokhande (Ashutosh Rana) investigates the case and accuses Shekhar of the murder, saying he has enough evidences to arrest him. Upon getting bail from the court, Shekhar's lawyer tells him that he will not be able to fight his case because he is a corporate lawyer. He asks him to contact Simran Bhargav (Lisa Ray), who is a criminal lawyer to fight his case.",aftabshivdasani lisaray divyadutta irrfankhan ashutoshrana,roshaangarrybhinder,
391552,Grahan,2001-02-16,2001,hi,[],0.8817,0.0,0,"The widowed Chief Minister Jagdish Acharya lives an opulent lifestyle along with his daughter, Sunita and son, Sanjay. One day he gets a phone call from the Police Commissioner informing him that a woman has filed a FIR of rape against Sanjay",jackieshroff manishakoirala anupamaverma,,
386449,Ittefaq,2001-06-30,2001,hi,[53],0.9338,0.0,0,"Shiva is a professional hit man. Shiva accepts a contract from Jindal to kill Vikram. Circumstances force Shiva to come to know Mukul first, and instead of killing him, he becomes his bodyguard and protects him against Jindal and his men. Soon Shiva, Mukul, and Mukul's girlfriend Roshni Hiranandani are on the run from Jindal's men. Jindal makes it clear that he will not rest until he sees the dead bodies of all the three. How long will they survive Jindal? Did Shiva really change his mind or is this his strategy to bring Mukul alive to Jindal?",sunielshetty mukuldev poojabatra anupamaverma tikutalsania,sanjaykhanna,
56317,Lajja,2001-09-19,2001,hi,[18],1.3124,7.0,15,"Vaidehi (Manisha Koirala) gets married to Raghuvir (Jackie Shroff), an NRI. Suffering the agony of an unhappy marriage, she decides to run away from him when she learns that she is pregnant and he wants to take the child away from her. In her pursuit for freedom, she meets Mythili (Mahima Chaudhury) a bride-to-be, Janaki (Madhuri Dixit) a theatre artist and Ramdulari (Rekha) a village midwife - all of whom are victims of male chauvinism. They however refuse to be put down and fight for their rights.",rekha anilkapoor jackieshroff madhuridixit ajaydevgn,rajkumarsantoshi,
82575,Indian,2001-10-26,2001,hi,"[28, 80, 18]",0.8591,5.1,14,"DCP Raksekhar Azad (Raj) is an invincible cop with a great aim. He arrests a terrorist by the name of Khan. But Khan lands in a prison cell that looks cushier than the Buckingham Palace. However, this gets Raj promoted, and he is congratulated by none other than his father-in-law, who is also a very high ranking policeman. Then all of a sudden, Raj finds out that many policemen would like to see Khan go free. He discusses this issue with his father-in-law, and to his surprise, does not find any support from him. Disagreements and arguments ensue, and as a result, his father-in-law gets killed. The Police suspect Raj of killing him, they begin the process of arresting him, he runs away, while Khan is all set to get freed to do whatever he likes.",sunnydeol shilpashettykundra mukeshrishi rajbabbar ompuri,n.maharajan,
174059,Ek Rishtaa: The Bond of Love,2001-05-18,2001,hi,"[18, 10751]",1.3738,6.5,8,"A wealthy factory owner, played by  Amitabh Bachchan,  raises up his conniving son-in-law while breaking off with his own son, played by Akshay Kumar,  who then comes back to right all wrongs and save the family fortune.",akshaykumar amitabhbachchan karismakapoor mohnishbehl juhichawlamehta,suneeldarshan,
210068,Mujhe Kucch Kehna Hai,2001-05-25,2001,hi,[10749],1.1007,4.9,21,"Karan who is weak in his studies but good at music and masti which always results in fighting with his father, but his life changes when he sees the girl of his dreams. Everywhere he sees her he follows her but one day he goes out of town to find her but couldn't. Later his father sents him to another city but his car breaks down and takes lift and finds it's the same girl whos name is Pooja.",kareenakapoorkhan tussharkapoor amrishpuri rinkekhanna daliptahil,satishkaushik,
755997,Zahreela,2001-03-05,2001,hi,"[28, 18, 53]",0.8457,5.0,1,"Arun Dev is a famous criminal lawyer who always tries to plead against criminals. He lives happily with his wife Nisha, sister Pooja and his friend Kartar Singh. Before few years he fight in court against an hardcore criminal Dusyanti Kumar in a rape trial and sent him into the prison. After releasing from jail Dushyanti started to take revenge to Arun's family. Dushyanti befriended with his sister Pooja and threat Arun but Arun make her aware about Dushyanti. Dushyanti continuously disturbing Arun's family life without leaving any evidence. He also killed Kartar Singh while Kartar tried to protest him. Helpless Arun goes to police but all in vein.",mithunchakraborty ompuri gulshangrover kashmerashah,rajn.sippy,
362100,Aashiq,2001-01-26,2001,hi,"[28, 10749]",1.0803,4.0,7,"Pooja and Chander Kapoor have a heart-to-heart conversation on the telephone. When they finally meet and all is reveal they both fell in love with each other; Chander lives with his advocate dad Dilip Dev Kapoor while Pooja lives a wealthy but stressful family life with her alcoholic dad, her Dai Maa and a self-senile mother. Unfortunately for them Pooja's parents would like her to marry a person of their choice; this pits Chander against them. Then one day Pooja goes missing and the police headed by a rowdy inspector Mathur arrests Chander for abducting her much to his shock. Then Chander escapes from police custody and begins a man-hunt for Pooja.",bobbydeol karismakapoor ashoksaraf mukeshrishi rahuldev,indrakumar,
32429,Shirdi Sai Baba,2001-01-01,2001,hi,"[18, 9648]",0.7657,0.0,0,"An Indian has no faith in the existence of God. His friend recounts numerous tales depicting the miracles of Sai Baba. Unconvinced, he visits Shirdi himself and begins his journey towards discovery and faith. The movie is focused on the story of Sai Baba - his birth, teachings, miracles and his physical death. For the first time, a film has been shot in Shirdi, the holy temple of Sai Baba.",sudhirdalvi arifzakaria kunaldharia alkakubal aushimkhetarpal,deepakbalrajvij,faith hindu god
271574,Moksha: Salvation,2001-11-30,2001,hi,[18],0.7756,5.9,4,"A young law student finds his strongly held ideals clashing with the work he has to undertake, leading to a crisis of confidence in this 2001 Bollywood feature from director Ashok Mehta.",arjunrampal manishakoirala kalpanapandit sureshoberoi archanapuransingh,ashokmehta,
46430,Jodi No. 1,2001-04-13,2001,hi,"[35, 10749]",0.9438,5.3,29,"Partners in crime Jai and Veeru set their next target on a rich businessman, Rai Bahadur. Things turn hilarious when both of them fall for his daughters.",govinda sanjaydutt twinklekhanna monicabedi shaktikapoor,daviddhawan,
166233,Kyo Kii... Main Jhuth Nahin Bolta,2001-09-21,2001,hi,[35],0.7561,5.1,31,"Inpired from the movie ""Liar Liar"", this movie is about a lawyer (Govinda) who lies his way through marriage and career. His wife (Sushmita Sen) falls in love with him because of his honesty and when she finds out of his dishonesty she threatens to divorce him. Their son, to avoid the divorce, wishes on a shooting star that his father should lose the ability to lie. What happens after that is an enjoyable journey.",govinda sushmitasen rambha satishkaushik anupamkher,daviddhawan,
234562,Maya,2001-09-07,2001,hi,[18],0.733,7.0,1,MAYA is a coming of age story set against an outlawed brutal practice of ritual rape still occurring in some parts of India.,anantnag mitavashisht nityashetty nikhilyadav veerendrasaxena,digvijaysingh,
262120,Zubeidaa,2001-01-19,2001,hi,"[10749, 18, 36, 10402]",0.9917,5.2,15,"Zubeidaa, an aspiring Muslim actress, marries a Hindu prince to become his second wife. Her tumultuous relationship with her husband, and her inner demons lead her to a decision which has fatal consequences for them all.",karismakapoor manojbajpayee rekha rajitkapoor amrishpuri,shyambenegal,biography india
132744,One 2 Ka 4,2001-03-30,2001,hi,"[28, 18, 35]",0.9376,5.6,54,"After his partner, Javed, is killed, Arun takes care of the four orphaned children with the help of Geeta. He discovers Javed's death was a homicide, and as he investigates, he learns that Geeta is leading a double life.",shahrukhkhan juhichawlamehta jackieshroff nirmalpandey dilipjoshi,shashilalk.nair,cop drug lord family
22316,Ajnabee,2001-09-21,2001,hi,"[28, 80, 18, 53]",1.0382,5.5,49,"Raj and Priya befriend their new neighbors Vicky and Sonia. One day, Raj wakes up in Vicky's house and finds out that Sonia has been murdered and he's being framed for it. On the run, he must try and prove his innocence with the support of his loving wife.",bobbydeol akshaykumar kareenakapoorkhan bipashabasu johnylever,abbasalibhaiburmawalla,
165065,Kuch Khatti Kuch Meethi,2001-01-19,2001,hi,"[10751, 18]",1.1099,6.0,9,"This story revolves around the lives of two look-alike sisters, who are brought up separately by their estranged parents, who had separated due to a misunderstandings when the girls were little. The twins meet, find out about their backgrounds, and decide to switch places",kajol ratiagnihotri rishikapoor sunielshetty poojabatra,rahulrawail,
1093074,Bhairav,2001-01-26,2001,hi,[28],0.7657,0.0,0,"Rakesh Pandey belongs to a middle-class family, and is employed. One day when he is returning home from work, he is arrested by the police on the charge of killing a woman in cold-blood. He refutes and denies this charge, but to no avail, as the prosecution produces witness after witness that have actually seen him commit this heinous crime. Ultimately, Rakesh vows to avenge this outrage, and assumes the name of Bhairav, not realizing that he has an uphill task, and that all the odds are stacked against him, including the fact that the witness who testified against him is Mrs. Jindal.",mithunchakraborty hemantbirje jackgaud brijgopal indranihaldar,t.l.v.prasad,
97472,Pyaar Ishq Aur Mohabbat,2001-08-03,2001,hi,"[10749, 18]",0.8948,5.5,9,"Three eligible bachelors, Yash Sabharwal, Taj Bhardwaj, and Gaurav Saxena, all of them attracted to the one lady, Isha Nair. While Yash is rich, wealthy and influential; Taj's dad is Lord Bhardwaj in Britain; and Gaurav is a student, working part-time. Isha gets to meet, and gets friendly with them all, not knowing that each of them have a motive and agenda of their own.",arjunrampal sunielshetty aftabshivdasani ishakoppikar keerthireddy,rajivrai,musical
302936,Tera Mera Saath Rahen,2001-11-07,2001,hi,"[10402, 18]",0.7412,4.3,3,"Raj Dixit lives with his younger brother, Rahul, who is disabled, both mentally and physically, from birth. Raj is also employed full-time, and after work, has the responsibility of looking after Rahul, which leaves him no time for himself. His beautiful neighbor, Suman Gupta, is attracted to him, but he regards her as a friend only. When Mr. Khanna introduces him to his niece, Madhuri, both instantly falls in love. The only problem is that Madhuri will only marry Raj, if Rahul is institutionalized. Raj agrees to get him admitted in a facility, much to Madhuri's delight, and together they start to plan their marriage, not realizing that things are going to take a turn for the worse.",ajaydevgn sonalibendre namratashirodkar premchopra,maheshmanjrekar,
232795,Albela,2001-04-19,2001,hi,[],0.7562,3.3,7,"A woman gets stuck in India when her flight to a foreign country gets delayed. While travelling in India, she meets Tony, a tour guide, and things take a turn when he falls in love with her.",govinda aishwaryaraibachchan jackieshroff saeedjaffrey namratashirodkar,deepaksareen,
25801,Aamdani Atthanni Kharcha Rupaiya,2001-12-21,2001,hi,[35],0.5871,4.8,23,"Jhoomri and her husband, Bhimsha, move into a new neighbourhood. Their immediate neighbours are three squabbling couples, namely Vijay and Anjali who are newly married; Appu Khote and Vimla, who are married and have 4 children; and Ravi and Meena, who are also married and have one child. With their wages unable to keep up with inflation and high cost of living, unable to pay even rent to the landlord, B.K. Kakkad, the wives decide to seek employment to augment their income, with hilarious results from their spouses, who will go to any extent to keep their wives at home, even if means to bring a dancing girl home to cook and look after the children!!",govinda juhichawlamehta johnylever tabu ketkidave,kraghavendrarao,
20769,Chandni Bar,2001-09-28,2001,hi,"[80, 18]",0.9556,6.7,27,"The gritty life of the Mumbai underworld, including prostitution, dance bars and gun crime.",tabu atulkulkarni rajpalyadav shrivallabhvyas vinayapte,madhurbhandarkar,dancing rape gangster tragedy murder female protagonist prostitution juvenile delinquent
20916,Style,2001-12-28,2001,hi,"[35, 53]",0.745,6.3,14,"Chantu and Bantu are a couple of scam-artists trying to woo rich girls for easy money.  In the process, they get embroiled in a murder case and become the prime suspects.",sharmanjoshi sahilkhan riyasen shillpisharma rajkumarkanojia,n.chandra,
253705,Yeh Zindagi Ka Safar,2001-11-16,2001,hi,[],0.5051,0.0,0,"Hindi pop-star, Sarina Devan, lives a wealthy lifestyle with her widowed businessman father, Vivek. She soon achieves considerable success and becomes immensely popular.",ameeshapatel jimmyshergill nafisaali gulshangrover rajpalyadav,tanujachandra,woman director
26277,Mujhse Dosti Karoge!,2002-08-08,2002,hi,"[10749, 35, 18]",3.2214,6.3,88,"A man falls in love with his childhood friend, but another friend is the one who reciprocates his feelings.",hrithikroshan ranimukerji kareenakapoorkhan satishshah himanishivpuri,kunalkohli,
20731,Raaz,2002-02-01,2002,hi,"[53, 27]",3.3778,5.8,42,"A couple goes for a vacation to the scenic mountains of Ooty to save their crumbling marriage, but the bungalow they are staying at is haunted by a vengeful spirit that holds a secret.",bipashabasu dinomorea ashutoshrana malinisharma shrutiulfat,vikrambhatt,
15917,Devdas,2002-07-11,2002,hi,"[18, 10749]",2.0279,7.5,368,"In 1900s India, Calcuttan zamindar Devdas Mukherjee — unable to marry his lover — takes up alcohol and the company of a courtesan to alleviate the pain.",shahrukhkhan aishwaryaraibachchan madhuridixit jackieshroff smitajaykar,sanjayleelabhansali,"based on novel or book courtesan melancholy remake calcutta family disapproval childhood sweetheart 1900s kolkata, india sentimental"
819735,Annarth,2002-11-01,2002,hi,"[28, 53]",1.185,3.0,2,"Jimmy, a crime boss, owes allegiance to his elder brother, Raghav, and introduces his friends, Bandya and Sameer, into the gang. Soon, Bandya is killed and Jimmy sets out to avenge his death.",sanjaydutt sunielshetty gautamrode preetijhangiani ashutoshrana,,
929391,Bibhatsa,2002-01-01,2002,hi,[],0.9772,0.0,0,The Third Film from Director Jayaraj's 'Navarasa' Series.,atulkulkarni seemabiswas manojkjayan,jayaraj,
554503,The Wound,2002-12-27,2002,hi,"[28, 80, 18]",1.0303,0.0,0,"Jogi Thakur (Govind Namdev) is the power behind the ruling party ministers in Bombay City, and not only rules over the underworld, but also over the law-makers; the Home Minister (Anant Jog); the Police Commissioner (Virendra Saxena), and police officers all over the city. The Police of the City are on the look out for an escaped convict Tanya (Seema Biswas). The police are assisted by Sarja (Mita Vasisht), who is the Warden of the prison that Tanya broke out from. Tanya has confessed to killing her husband, Jayant (Pankay Berry). At every encounter with Tanya, in prison or out, Sarja severely and mercilessly beats up Tanya to a pulp, but Tanya keeps eluding the law, and with the help of Journalist Pooja (Gulrez), her friends Rahul (Rahul Bhatt) and Vicky (Deepak Tijori) hopes to unravel the mystery behind the death of her husband Jayant (Pankaj Berry); find her missing sister-in-law Guddi (Gayatri); and seek justice.",pankajberry rahulbhat seemabiswas gulrez govindnamdeo,kumarjay,
20656,Saathiya,2002-12-20,2002,hi,"[10749, 18]",1.642,6.1,56,A couple elopes to get married and set up home hoping that just love will do the trick - but that's just the beginning of their story.,vivekoberoi ranimukerji tanujasamarth sharatsaxena satishshah,shaadali,elope young lovers runaway lovers
215322,Rishtey,2002-08-18,2002,hi,"[28, 18]",1.2592,5.8,15,"Suraj Singh is a wrestler by profession and has the misfortune of falling in love with wealthy Yashpaul Chaudhary's daughter Komal. When Yashpaul learns of there relationship he arrogantly disagrees of his daughter's choice but Komal refuses to accept her dad's word and gets married to Suraj without the blessings of Yashpaul. Aggravated by his daughter's act Yashpaul connote some negative scenes which spoil Suraj's character in the eyes of Komal resulting in the couple's separation. Before separation, Komal has given birth to a baby boy, which Yashpaul had wanted to kill but Suraj escapes with the child and single-handily brings him up in a poor environment. Years later Komal will return and demand that her child is handed over to her even if having to appeal to the judicial system.",anilkapoor karismakapoor shilpashettykundra amrishpuri sadashivamrapurkar,indrakumar,
175614,Dil Hai Tumhaara,2002-09-05,2002,hi,"[18, 10749]",1.4603,5.7,31,"Hiding her husband's affair from the world after his death, Sarita raises his love child alongside their daughter. When the girls grow up and fall in love with the same man, Sarita is forced to deal with her biases.",preityzinta mahimachaudhry rekha arjunrampal jimmyshergill,kundanshah,
78827,Deewangee,2002-10-25,2002,hi,"[80, 18, 9648, 53, 10749]",0.9444,6.4,16,A lawyer tried to defend a person accused of murder who is diagnosed with Split personality disorder.,ajaydevgn akshayekhanna urmilamatondkar faridajalal seemabiswas,aneesbazmee,mental illness prime suspect criminal lawyer train station mystery villain plot twist
90634,Hum Tumhare Hain Sanam,2002-05-24,2002,hi,"[10749, 18, 35]",1.7009,5.5,59,"Radha and Suraj have been friends since childhood. Gopal has been in love with Radha ever since they spent a few years together as kids. Years later, Gopal's guardian proposes to Radha a marriage with Gopal, and she accepts.",shahrukhkhan salmankhan madhuridixit atulagnihotri sumanranganathan,k.s.adiyaman,
115124,Awara Paagal Deewana,2002-06-21,2002,hi,"[35, 28]",1.2282,5.6,48,A dentist and a henpecked husband finds his life in trouble after getting embroiled in a mafia rivalry.,akshaykumar aftabshivdasani pareshrawal preetijhangiani aartichabria,vikrambhatt,
295811,Gunaah,2002-01-03,2002,hi,[18],0.97,4.4,9,"Tough cop Prabha (Bipasha Basu) is haunted by the demons of her past. Being an illegitimate daughter of a prostitute, she has had a very bad childhood and there once occurred an incident in her life when she was driven to the point of committing a murder. But today, now that she is a cop, she believes that she can clear her conscience by reforming a criminal. Prabha's life is turned topsy-turvy with the entry of Aditya (Dino Morea), who is a good person at heart but was forced to take the path of crime due to the wrong doing of the system. Prabha goes to Aditya's house to nab him, but gets carried away when she sees him bathing....",dinomorea bipashabasu irrfankhan ashutoshrana yashpalsharma,amolshetge,
15761,Company,2002-04-15,2002,hi,"[28, 80, 18]",1.0297,6.9,71,"Mallik is a henchman of Aslam Bhai, a Mumbai underworld kingpin. He inducts local hothead Chandu into the gang, and the two of them soon form a formidable faction within the gang, eventually displacing Aslam. As the empire grows, however, the two of them start drifting apart.",ajaydevgn vivekoberoi mohanlal manishakoirala antaramali,ramgopalvarma,"mumbai (bombay), india organized crime criminal underworld kein entkommen"
49518,Aap Mujhe Achche Lagne Lage,2002-04-19,2002,hi,"[28, 10749, 18]",1.3379,5.1,17,"Sapna Dholakia desires nothing more than to be married to her love Rohit, but her conservative family and stubborn father will stop at nothing to make sure she marries the son of a friend of the family.",hrithikroshan ameeshapatel kirankumar mukeshtiwari aloknath,vikrambhatt,
618977,Qaidi,2002-05-03,2002,hi,[28],0.9216,0.0,0,"Ravi Verma is an efficient and sincere C.B.I officer, He always stands against all anti-social elements who are trying to destruct the peace and prosperity of our nation. Rudra and Mazdittia are rival Mafia Dons. Kali Shankar, a Mazdittia look–alike, kills Ravi Verma’s son Bunty, but Kali goes in coma stage, when Ravi Verma shoots him. DSP asks Ravi Verma to disguise as Kali and enter the Mafia gang to find out their whereabouts. Ravi Verma as Kali eliminates Rudra, But when Ravi Verma is on a US mission, Kali awake from coma and enters Ravi Verma’s house and tries to molest Ravi Verma’s sister and wife, but fails. In the Climax, Ravi Verma rushes back from US. Kali and Mazdittia captures him for the secret file, but Ravi Verma eliminates everyone saving himself, his family and of course, the Nation.",mithunchakraborty razamurad jhonynirmal nirmalpandey vishwajeetpradhan,t.l.v.prasad,
161179,Shakti: The Power,2002-09-20,2002,hi,"[28, 18]",1.0432,6.4,18,A couple visits the husband's family in India and finds itself in the middle of a fratricidal battle.,karismakapoor nanapatekar sanjaykapoor shahrukhkhan deeptinaval,pasupuletikrishnavamsi,loss of loved one village family relationships remake tough guy railroad track
404394,Inth Ka Jawab Patthar,2002-01-04,2002,hi,"[28, 10402]",0.8399,0.0,0,"As a child Devendra has a traumatic experience when he witnesses his dad and mom being killed by Bhujang Keshav alias BK. Devendra runs for his life, and meets up with a kind man, who lives with his daughter, Pinky, and runs a construction company, who agrees to look after him. Years later, Devendra has grown up and after his foster parents have passed away, has taken charge of the business.",divyadutta pramodmoutho pururaajkumar tejsapru rajushrestha,mithusingh,
31525,The Legend of Bhagat Singh,2002-06-07,2002,hi,"[80, 18, 36]",1.231,7.0,67,"Born in British India, Bhagat Singh witnesses numerous atrocities during his childhood and grows up to become one of the most fearless freedom fighters in the country.",ajaydevgn amritarao sushantsingh akhilendramishra d.santosh,rajkumarsantoshi,
35907,Kaante,2002-12-20,2002,hi,"[80, 53, 28]",1.6364,5.3,46,"Six men meet in a lock-up, where they've been wrongfully detained. Seeking revenge, they make the perfect plan to rob the very bank where police department's salaries are deposited",amitabhbachchan sanjaydutt sunielshetty maheshmanjrekar kumargaurav,sanjaygupta,
545339,Kranti,2002-03-27,2002,hi,"[28, 18]",0.9162,7.0,2,"Inspector Abhay Pratap Singh is a young, honest and diligent police inspector, serving with Bombay Police, and comes from a respectable family, which consists of sister Anu; mom Sushma; and dad, Awadesh, who is also the Commissioner of Police. Abhay has long suspected Mahendra Pratap Rana of being a criminal don, who also has links with terrorists, but thus far has been unable to gather any material evidence for the police to lay charges. The Commissioner is unable to accept his son's word, as Mahendra is well-known, influential, and wealthy. Abhay continues to pursue his investigation despite of warnings from his superiors, and is ultimately suspended from duty. Now even after suspension, Abhay has come to know that the life of Coloney Krishnakanth is threatened by Mahendra, and reaches out to his dad, who will not have anything to do with him anymore. It will upto Abhay to save the life of Krishnakanth, against all odds that are stacked up against him.",bobbydeol ameeshapatel vinodkhanna ratiagnihotri kabirbedi,nareshmalhotra,police businessman argument police commissioner father son relationship
117096,Ab Ke Baras,2002-05-10,2002,hi,"[12, 14, 18, 53, 10749]",1.1595,4.4,4,"U.S. based Anjali Thapar (Amrita Rao) has repeated dreams of a parallel life in India, the temple of Devi Maa Durga, & some sword-wielding men on horseback. She and her mother consult a pandit, and he advises them to go to India to clear this matter up, as this pertains to her past life. Mr. Thapar will only let Anjali go there after she marries the man of his choice; so Anjali decides to run away. Her father alerts a ruthless CBI Officer Sikander Baksh (Danny Denzongpa), who is soon on her case. Anjali meets with car-thieves, Karan and his uncle (Arya Babbar and Shakti Kapoor respectively), and then begins her journey into a past life, as Nandini, the lover of freedom fighter Abhay (also Arya Babbar), and his subsequent death at the hands of British-aided traitor Tejeshwar Singhal (Ashutosh Rana).",aryababbar amritarao ashutoshrana ashishvidhyarthi dannydenzongpa,rajkanwar,
309467,Ansh,2002-04-02,2002,hi,"[80, 53]",0.9132,7.0,1,"This story is about Deputy Superintendent of Police Bhagat Pandey (Om Puri), who is thorough, honest, and has an excellent track record of apprehending criminals. This background creates problems for him with other criminals who are closely connected to powerful politicians. As a result he is transferred to Bombay (now know as Mumbai). He takes charge of his post, and transforms everything to a diligent and honest policing machine. Unfortunately, politicians and criminals alike do not like his diligence, and talk about transferring him to Kashmir, where he will be killed in an encounter by a terrorist. Bhagat also comes in touch with suspended Police Inspector Sukhdev Singh, and gangleader, Rajnath Guru, the son of a freedom-fighter, Dinanathji (Aloknath).",sharbanimukherji ompuri ashutoshrana aloknath ravikishan,rajanjohri,
358794,Maseeha,2002-01-01,2002,hi,[18],0.9175,4.0,1,"When anarchy prevails and the screams of the downtrodden become lifeless, a saviour is born to eliminate the tyrants and put an end to their immoral activities. Surajbhan (Mukesh Rishi) is the name of one such despot and Shantinagar is the base of his illegal activities. D.C.P. Shrivastav (Mohan Joshi) and Inspector Thapar (Shiva) are hand-in-glove with him. Krishna (Sunil Shetty) is a victim of Surajbhan's atrocities and has returned from jail after serving a sentence. He learns of Surajbhan's renewed reign of terror and the growth of his illegal activities. How Krishna frees Shantinagar from the clutches of Surajbhan, forms the crux of the film.",sunielshetty namratashirodkar inderkumar,parthoghosh,
302926,Shararat,2002-07-12,2002,hi,[],0.8903,7.7,5,A miscreant who commits a misdemeanor is sentenced to do community service in an old-folks home.,abhishekbachchan hrishitaabhatt amrishpuri helen daisyirani,gurudevbhalla,
317039,Hathyar,2002-10-18,2002,hi,[],0.8526,4.5,12,"Circumstances force Rohit, an innocent man, to follow his father's footsteps and enter the world of crime. However, things take a dangerous turn when the politicians view him as a threat.",sanjaydutt shilpashettykundra sharads.kapoor shaktikapoor sachinkhedekar,maheshmanjrekar,
166258,Road,2002-09-27,2002,hi,[53],0.9245,4.7,9,"Arvind Chauhan  and Lakhsmi are in love with each other. Lakhsmi's dad, a senior police inspector, hates Arvind, and so Arvind and Lakshmi decide to elope",vivekoberoi antaramali manojbajpayee makranddeshpande sayajishinde,rajatmukherjee,road movie
214066,Dil Vil Pyar Vyar,2002-10-18,2002,hi,"[10749, 18]",1.0194,5.4,6,"Three friends, who have known each other for a long time, decide to enter a singing and musical competition. The events that lead to this competition, and their personal lives, including their romantic ties, is the theme of this movie. Included are popular Burman Movie songs, a delight to hear any time.",r.madhavan jimmyshergill sanjaysuri namratashirodkar sonalikulkarni,ananthnarayanmahadevan,
234179,Badhaai Ho Badhaai,2002-11-08,2002,hi,"[35, 10402, 18]",0.5764,5.2,9,"The D'Souza and the Chaddha families are neighbors and have been good friends for as long as they can remember, and despite their diverse religion and cultural beliefs, celebrate Diwali and...",anilkapoor keerthireddy shilpashettykundra amrishpuri k.viswanath,satishkaushik,
277751,Maine Dil Tujhko Diya,2002-08-23,2002,hi,"[28, 18, 10749]",0.7699,5.5,10,"Ayesha is the elder daughter of rich business tycoon Mr. Verma, an overprotective father who's kept his two daughters away from modern influences. Ayesha goes to college and comes in contact with Ajay, the leader of a group called Aryans, responsible for handling the security at the college. Ajay's soft-spoken nature and humble, down-to-earth attitude soon make Ayesha his most ardent admirer.",sohailkhan sameerareddy sanjaydutt kabirbedi daliptahil,sohailkhan,
97437,Hum Kisi Se Kum Nahin,2002-05-31,2002,hi,"[35, 28, 10749, 18]",0.6876,5.6,17,"When Munna Bhai, a notorious gangster, meets Komal, he is immediately smitten. However, he must first confront her protective brother, Dr. Rastogi and her current boyfriend, Raja.",ajaydevgn sanjaydutt amitabhbachchan aishwaryaraibachchan pareshrawal,daviddhawan,
83902,Na Tum Jaano Na Hum,2002-05-10,2002,hi,"[10749, 18]",1.3235,4.6,13,"Esha and Rahul start a letter based friendship that blossoms into love. They don't exchange names or pictures. Her parents would like Esha to marry Akshay who's eager to tie the knot, so Esha is forced to make a decision...",saifalikhan hrithikroshan eshadeol aloknath ashimabhalla,arjunsablok,
161218,Yeh Hai Jalwa,2002-07-25,2002,hi,"[10749, 18, 35]",1.0032,5.4,17,"Raju, a businessman who had been orphaned as a child finds out that he is the illegitimate son of a wealthy business owner; he goes to London to connect with his father, and there meets Sonia, whom he believes may be the love of his life.",salmankhan ameeshapatel rishikapoor ratiagnihotri rinkekhanna,daviddhawan,
465164,Yeh Mohabbat Hai,2002-02-08,2002,hi,"[10749, 28]",0.7111,0.0,0,"This story revolves around two lovebirds Chand and Shaheen. There appear to be no complications to the lovebirds marriage, however, Chand is asked to gather together a team to play cricket. Chand's naivety is taken advantage of by a group of terrorists, and ultimately Chand becomes involved with terrorists group, and Police Inspector Chauthe (Sadashiv Amrapurkar) claims that he has sufficient evidence to convict Chand. Shaheen believes Chand is innocent, and sets out to prove his innocence.",akankshamalhotra rahulbhat nasirrkhan pinkycampbell dannydenzongpa,umeshmehra,
311469,Pitaah,2002-01-04,2002,hi,"[18, 28]",0.6611,6.4,5,"A small town in rural India gets to witness a confrontation between two fathers - one a rich, powerful, influential, and cruel Zamindar Thakur Avadh Narayan Singh - who wants the man who filed a police complaint against his two sons to be killed immediately. And the other is Rudra, a poor laborer employed by Avadh, who wants justice when he finds out that his nine year old daughter, Durga, has been beaten and brutally raped by Avadh's sons, Bachhu, and Bhola. Amidst this background we have a corrupt doctor, who is willing to change his medical report after he is bribed appropriately; and a Police Inspector, Ramnarayan Bhardwaj, who is willing to drop any charges against Avadh's sons provided he gets his ""dues"" from the Thakur.",sanjaydutt nanditadas sachinkhedekar tanvihegde ompuri,maheshmanjrekar,rape judge parent child relationship vigilante landlord race farmer injustice class prejudice oxen
55212,Tumko Na Bhool Paayenge,2002-02-24,2002,hi,"[28, 18, 9648]",1.0667,5.8,28,"Veer, a villager, becomes restless after he is haunted by the visions of his past. When he is attacked on the day of his wedding, he forces his parents to reveal the truth about his identity.",salmankhan sushmitasen diamirza sharatsaxena inderkumar,pankajparashar,
33146,Om Jai Jagadish,2002-07-08,2002,hi,[18],0.7178,5.1,21,"Widowed Mrs. Saraswati Batra (Waheeda Rehman) has brought up three sons with a lot of care and love. Her eldest son Om (Anil Kapoor) is very honest and diligent; her two other sons Jai (Fardeen Khan), and Jagdish (Abhishek Bachchan) also live in the same house. this is their story",waheedarehman anilkapoor fardeenkhan abhishekbachchan mahimachaudhry,anupamkher,musical
370112,Kuch Tum Kaho Kuch Hum Kahein,2002-06-28,2002,hi,"[10751, 28, 18, 10749]",0.6485,7.4,7,"Two feuding neighbouring families are brought together to celebrate the wedding anniversary of Vishnupratap Singh (Vikram Gokhale) and his wife (Farida Jalal), much to the dislike of Rudra Pratap (Sharad Kapoor). During this get together Abhayendra Singh (Fardeen Khan) falls in love with Mangala Solanki (Richa Pallod). Abhayendra comes to know of the background of the two families' feud, and makes attempts to reconcile the two families - with disastrous results.",vikramgokhale faridajalal sharads.kapoor fardeenkhan govindnamdeo,k.ravishankar,family feud
165979,Haan Maine Bhi Pyaar Kiya,2002-02-15,2002,hi,"[10749, 10402]",0.634,4.0,14,"Shiv (Abhishek Bachchan) and Pooja (Karisma Kapoor) are happily married to each other but sometimes can get into the most petty arguments coming from the way they approach life. Shiv takes each day as it comes whilst Pooja's imagination sometimes gets the best of her. Pooja falls in love with Shiv so much that she gives up her high rising career for him and settles as a housewife. Their in-difference gets worse and Pooja is soon convinced that Shiv has been unfaithful. Pooja asks for a divorce and leaves him. She carries on with life and meets Raj (Akshay Kumar). Raj has everything anyone could ask for: money, fame but not love something he has craved for some time. He falls for Pooja and she also begins to like him. They get engaged and as the wedding approaches, Shiv re-enters Pooja's life. Old feelings and emotions come rushing back and she finds herself torn between two men. Who does she choose...?",akshaykumar karismakapoor abhishekbachchan shaktikapoor simonesingh,dharmeshdarshan,wedding divorce
210614,Kitne Door Kitne Paas,2002-05-01,2002,hi,"[35, 10749]",0.8675,5.3,3,"Two young Indians, a male named Jatin, and a woman named Karishma, meet on an airplane, who is on it's way to India. Jatin is returning home to get married to a woman named Jaya, who has been chosen for him by his mother. Karishma is also returning to India to get married to an Indian named Nimesh. Their paths cross, and despite of the difference in their temperaments, both are attracted to each other. Both would like to get married, but also realize and stand by their commitment to Jaya and Nimesh. Will they marry the partners intended for them, and thus regret this meeting for the rest of their lives?",fardeenkhan amritaarora tikutalsania,,
25516,Koi... Mil Gaya,2003-08-08,2003,hi,"[878, 28, 12]",3.4029,7.0,249,A developmentally disabled boy's life changes after he encounters an extraterrestrial being.,hrithikroshan preityzinta rekha indravardhanpurohit anujpanditsharma,rakeshroshan,friendship romance alien science fiction unofficial remake
56969,Tere Naam,2003-08-15,2003,hi,"[28, 18, 10749, 53]",2.5108,6.4,94,"A rowdy ex-college boy who, after a hazing session, loses his heart to first year student Nirjara, a traditional Brahmin girl.",salmankhan bhumikachawla sachinkhedekar savitaprabhune anangdesai,satishkaushik,
71920,LOC: Kargil,2003-12-12,2003,hi,"[28, 10752, 36]",2.2456,5.7,22,"This film dramatizes events that occurred as the hostility between India and Pakistan over Kashmir came to a head in 1999, when more than 1,000 men crossed the ""Line of Control"" that separates the two locations. Taliban and Pakistani soldiers took over the area, blocking the main road that linked the regions. Standing their ground, Indian soldier drove them away, but not without losing more than 400 of their own men first.",sanjaydutt ajaydevgn saifalikhan sunielshetty sanjaykapoor,j.p.dutta,war
4254,Kal Ho Naa Ho,2003-11-27,2003,hi,"[35, 18, 10749]",2.6319,7.5,438,An uptight MBA student falls for the charismatic new neighbor who charms her troubled family – but he has a secret that forces him to push her away.,shahrukhkhan preityzinta saifalikhan jayabachchan sushmaseth,nikkhiladvani,new york city musical
39839,Baghban,2003-10-03,2003,hi,[18],2.3546,6.9,115,"After dedicating their whole life in upbringing their children, elderly couple Raj Malhotra and Pooja gets homeless. Instead of caring, their children treat them as a burden.",amitabhbachchan hemamalini salmankhan mahimachaudhry amanverma,ravichopra,big family family relationships family
48391,Jism,2003-01-17,2003,hi,[53],1.9381,4.2,23,"Kabir Lal is an alcoholic lawyer whose life is looking as if going down the drain. One morning he sees a stunningly attractive woman on a beach and is instantly enamored by her. By chance he sees her again in a restaurant and offers to buy her a drink. In the process he learns that her name is Sonia and she is married. Unable to resist, he asks her whether she would show him her home. It marks the beginning of a passionate affair, during which Kabir is told that Sonia's husband neglects her. But Sonia cannot leave him because she cannot support herself without her husband's money. Sonia suggests murder and Kabir, blind with lust, agrees. They manage to kill Sonia's husband and make it look like an accident, but then Kabir gets to see Sonia's other side: she no longer is the passionate lover as before, but is a cool-headed mean woman now who won't let go of her wealth at any cost.",bipashabasu johnabraham gulshangrover vinaypathak ranvirshorey,amitsaxena,
4252,Chalte Chalte,2003-06-12,2003,hi,"[35, 18, 10749]",1.8956,6.3,102,A man pursues a woman who is already engaged and eventually gets married to her. Differences between the two lead to a bitter separation that threatens to destroy their relationship forever.,shahrukhkhan ranimukerji jasarora satishshah jayshreetalpade,azizmirza,car crash fashion designer
105025,Dil Ka Rishta,2003-01-17,2003,hi,"[18, 10749]",1.483,6.4,45,"Wealthy Jai Mehta is a young man with a heart that has gold. He supports many charitable organizations in India and one day when he visits a deaf and dumb school, he falls in love with the teacher there, Tia Sharma, expresses his love to her and is openly humiliated when she introduces her fiancé, Raj. Soon after Raj and Tia gets married and are proud parents of a baby boy, Anshu. A heart broken Jai takes to alcohol and one night under the influence of alcohol, Jai's car collide with Raj and Tia's car mysteriously killing Raj and seriously injuring Tia about the head. Tia is treated by doctor, recovers but is unable to remember anything from her troubled past. Jai makes it his responsibility to take care of her, slowly she falls in love with him and proposes marriage. But will this marriage takes place or will Tia remembers her past and takes revenge from Jai for the death of her husband and for her current condition",arjunrampal aishwaryaraibachchan priyanshuchatterjee rakheegulzar ishakoppikar,nareshmalhotra,
345426,Khushi,2003-02-07,2003,hi,"[10749, 18, 28]",1.6164,5.4,20,"While playing matchmaker to a pair of their friends, two young university students begin developing feelings for each other.",fardeenkhan kareenakapoorkhan johnylever anupsoni amrishpuri,s.j.suryah,egomaniac college love
73237,3 Deewarein,2003-01-08,2003,hi,"[80, 18]",1.4383,7.4,16,"Three men are on death row. Jaggu (Jackie Shroff), a lawyer and a poet, is serving a sentence for murdering his wife because she was cheating on him with another man. Nagya (Nagesh Kukunoor), a man angry with the whole world, is arrested for murdering his wife too, but he claims that it was an accident where she falls off the sidewalk while they were talking. Ishaan (Naseeruddin Shah), a happy-go-lucky man, is also arrested for murder that he commits while in the act of robbery. The prison's custodian is Mohan (Gulshan Grover), who attempts several methods to reform the prison's inmates. A documentary filmmaker, Chandrika (Juhi Chawla) comes to the jail to set a film about these three men. In the process, she finds redemption to her troubled marriage.",naseeruddinshah jackieshroff juhichawlamehta nageshkukunoor gulshangrover,nageshkukunoor,
54072,Andaaz,2003-05-23,2003,hi,"[18, 10402, 10749]",1.5484,5.7,15,"Young Raj Malhotra lives with his elder brother, Rohit; his sister-in-law Kiran, and a niece. After an accident fractures his leg, he is unable to walk for some time. Due to psychological reasons, he cannot walk even after the fracture heals. When the Malhotras move to Dehra Dun, Raj befriends young Kajal, as both share a common passion for airplanes. Kajal encourages Raj to walk, and succeeds. Years later the two continue to be fast friends, and everyone expects them to marry soon. Then Raj is recruited by the Indian Air Force and goes for training for a year and a half. After his training gets over, he rushes to Kajal to propose to her, only to find out that she has given her heart to a multimillionaire, Karan Singhania (Verma), who owns several airplanes and choppers. Raj congratulates Kajal and Karan, but does not reveal his true feelings.",akshaykumar laradutta priyankachoprajonas rajeevverma pankajdheer,rajkanwar,friendship love triangle loss of loved one marriage love misunderstanding childhood friends engagement party pilot training
117368,Tehzeeb,2003-11-21,2003,hi,[18],1.4743,2.0,1,"Tehzeeb (Hindi: तह्ज़ीब, Urdu: تہزیب, English: Etiquette) is a 2003 Indian Bollywood film directed by Khalid Mohammed. It premiered on 21 November 2003. The film stars Shabana Azmi, Urmila Matondkar, Diya Mirza, Arjun Rampal and Rishi Kapoor in a special appearance. Urmila and Shabana were praised for their roles.",shabanaazmi urmilamatondkar arjunrampal diamirza dianahayden,khalidmohammed,
19625,Munna Bhai M.B.B.S.,2003-12-19,2003,hi,"[35, 18]",1.4642,7.2,347,A gangster sets out to fulfill his father's dream of becoming a doctor.,sanjaydutt arshadwarsi bomanirani gracysingh sunildutt,rajkumarhirani,medicine hospital medical drama
21184,Hungama,2003-08-01,2003,hi,[35],1.7027,6.9,86,"A case of mistaken identities featuring a young woman, an electronics business owner and an aspiring musician which leads to chaotic yet hilarious situations.",akshayekhanna aftabshivdasani rimisen pareshrawal shomaanand,priyadarshan,
496533,Baaz: A Bird in Danger,2003-02-07,2003,hi,"[53, 27]",0.8497,4.7,3,"In a small town, Nainital, India the police is on the look-out for a serial killer. All the killer's targets are of astonishing beautiful young girls; with an ulterior motive. Evidences found at the crime scenes are a dragger and a pair of rubber gloves. The three men under suspect are Mayor Jai Singh Dabral, DSP Harshvardan and a painter by profession Raj Singh; the problem is the police do not have evidence to incarcerate any of these men.",jackieshroff sunielshetty karismakapoor dinomorea preetijhangiani,tinnuverma,mayor painter murder serial killer murder suspect
1228142,Kyon?,2003-08-29,2003,hi,[],1.1911,0.0,0,"""KYON"" follows the lives of five college friends, Vikram Desai, Tony Brar, Amar Mathur, Neha Bose and Shilpa Narang who have a great bonding with each other which is asexual. They belong to today's young generation of urban India. Following the lives and lifestyles of these youth of today, we see how dysfunctional they are spending huge amount of money in being self-indulgent whether it be alcohol, drugs, sex or various forms of entertainment.",rahuldev,kalpanalajmi,
48244,Xcuse Me,2003-09-26,2003,hi,[35],1.0887,6.3,11,"Bantu and Chantu are unemployed, and are not able to get any jobs due to lack of experience. They come across an advertisement for a hotel management program in Goa, and make their way there. Once there, they hoodwink the trainer by posing as the nephew of the owner of the hotel, and thus enroll themselves in the training course. In the course of the program, they expose several employees and guests as cheats, earning their wrath but also the admiration of the two daughters of the hotel owners. Things turn sore for the two when the guests and former employees get together to avenge their humiliation.",sharmanjoshi sahilkhan snehaldabi sudhirdalvi mushtaqkhan,n.chandra,
198727,Pinjar,2003-10-22,2003,hi,"[18, 10749, 10402]",1.0562,7.6,11,"In the days leading up to Partition, a Hindu woman is abducted by a Muslim man. Soon, she finds herself not only forced into marriage, but living in a new country as the borders between India and Pakistan are drawn",urmilamatondkar manojbajpayee sanjaysuri sandalisinha ishakoppikar,chandraprakashdwivedi,muslim based on novel or book hindu musical pakistan teacher india partition 1940s brother sister relationship
477859,Chupke Se,2003-09-12,2003,hi,[],1.1394,5.0,2,"Megha Timghure, a plain-looking middle-class girl, lives with her mom, Laxmi, and dad, who is employed as an an Income Tax Officer. Her desire is to become a model and a beauty queen. At a party, she is mis-introduced as Sarika Verma, and meets with two eligible young men, Rizwan, and Varun Arya. She expresses desire in becoming a model and is referred to Almera Kochar, who has a reputation of bringing out the best in every model, and making them beauty queens. Almera meets with Sarika, and accepts her as a student, and makes her sign a contract. What Sarika does not know that she has now become a pawn in a devious plot concocted to protect millions gained by black marketing.",reemalagoo ratiagnihotri tinnuanand ompuri masumehmakhija,shonaurvashi,
271677,The Hero: Love Story of a Spy,2003-04-10,2003,hi,"[53, 28, 12, 10749]",0.8637,6.3,22,"Arun Khanna is a spy for the Indian government whose aid is enlisted to stop ISI Chief Ishak Khan. Khan is trying to build a nuclear bomb with which he can liberate Kashmir from the Indians. A battle of wits ensues. When Khan detonates a bomb at Khanna's engagement party to a fellow spy, Khanna's resolve is only strengthened. Now not only does he have to fight Khan, but he also has to track down his missing fiancee.",sunnydeol preityzinta priyankachoprajonas amrishpuri kabirbedi,anilsharma,undercover agent secret mission spy pakistan snow terrorism one man army india kashmir
21265,Maqbool,2003-01-30,2003,hi,"[80, 18]",1.3205,6.9,65,"The Scottish tragedy 'Macbeth' set in the contemporary underworld of India's commercial capital; two corrupt, fortune telling policemen take the roles of the weird sisters, and ""Duncan"" is Abbaji, the head of a crime family.",irrfankhan tabu pankajkapur ompuri naseeruddinshah,vishalbhardwaj,"mumbai (bombay), india hoodlum macbeth"
117322,Footpath,2003-08-15,2003,hi,"[18, 28, 80]",1.5013,5.1,15,"Two friends of a man help him avenge his father's death. Years later, he reunites with his friends who have now become criminals. What they don't know, is that he is now an undercover cop.",aftabshivdasani bipashabasu rahuldev emraanhashmi anupamaverma,vikrambhatt,
69632,Dum,2003-01-24,2003,hi,"[28, 80, 18, 10749]",1.251,4.8,6,"Uday dreams of becoming a police officer and serving his country. His dream is accompanied by a fierce determination and drive to make his dream come true. Even as he courageously treads on his chosen path, he is confronted by the face of evil in the form of a crooked police officer, Shankar. But Uday soon meets with a television employee named Kaveri and once again finds his life upside down.",vivekoberoi diamirza atulkulkarni govindnamdeo sushantsingh,eeshwarnivas,
401465,Anubhav: An Experience,2003-06-09,2003,hi,"[18, 80]",0.8356,0.0,0,"Jaikishan and Reema are in love with each other but live a poor lifestyle in India and are unable to marry. Jaikishan decides to seduce and marry a wealthy heiress, Monica, who he can subsequently divorce, take possession of her wealth, and then re-marry Reema.",pareshrawal shaktikapoor priyakaushal,sandeepkumar,
348152,Jajantaram Mamantaram,2003-05-30,2003,hi,"[10751, 14]",0.6133,5.9,13,"A young man lands in the land of little people, who ask him to save them from their enemies.",javedjaffrey gulshangrover joyfernandes nishithdadhich manavkaul,soumitraranade,
107937,Bhoot,2003-05-30,2003,hi,[27],1.1545,5.7,29,"A Mumbai businessman and his wife are looking for a new flat. Apartment 1201 has been vacant since its previous occupant jumped to her death. Undeterred, the couple still decides to move in, but before long, the wife starts to have visions.",ajaydevgn urmilamatondkar nanapatekar rekha seemabiswas,ramgopalvarma,
165402,Main Prem Ki Diwani Hoon,2003-06-26,2003,hi,"[10749, 18]",0.8785,5.1,58,"Main Prem Ki Diwani Hoon is the story of Sanjana (Kareena Kapoor), a girl of today's generation full of life and vibrant ecstasy. She lives life on her own terms and gets very upset when her mother Susheela (Himani Shivpuri), arranges for her to see a boy leading to a marriage prospect.",hrithikroshan kareenakapoorkhan abhishekbachchan himanishivpuri johnylever,soorajbarjatya,
301087,Woh Tera Naam Tha,2003-12-01,2003,hi,[10749],0.6832,8.0,3,"Orphaned at a very young age, Badruddin was taken in by the kind-hearted Ustad Samad Khan, a once popular singer in Bhopal, Madhya Pradesh. During one of his shows, Samad found his audience distracted, and taking this as an insult to his art, gave up singing altogether. Badru is attracted to Samad's pretty daughter, Reshma, who also likes him. Badru has another admirer in the beautiful Naseem, but does not reciprocate her love. When Akhtar, a free lance photographer from Delhi, arrives there, Reshma and he instantly fall in love with each other, leaving behind a heartbroken Badru. When Akhtar proposes marriage, Samad angrily rejects him, as he wants Reshma to marry Nawab Hyder Ali's son, Basharat.",arjanbajwa rajatbedi premchopra javedkhan yunusparvez,kukukohli,
354547,Hawa,2003-07-04,2003,hi,"[18, 27]",0.9033,2.7,3,"After her divorce, Sanjana moves to a cottage in the forest with her daughters and brother. However, she is tormented by attacks from an invisible force.",tabu shahbazkhan mukeshtiwari grushakapoor vishwajeetpradhan,guddudhanoa,rape
525491,Bhayaanak Panjaa,2003-08-15,2003,hi,[27],0.5992,0.0,0,A group of news reporters faces life threatening challenges from a vengeful spirit while staying at a mansion at the rural area for the reporting of a suspected murder.,anildhawan gajendra bharatkapoor menakasuresh kumarrajesh,r.mittal,
496356,Tantrik Shakti,2003-01-17,2003,hi,[27],0.5144,0.0,0,A 2003 Indian horror film.,prithvivazir grushakapoor tinaghai arunbakshi kirankumar,jagdishgautam,
451920,Mumbai Se Aaya Mera Dost,2003-08-22,2003,hi,"[12, 10749, 28]",0.9285,3.2,5,A man's (Abhishek Bachchan) innocent gift to his grandfather sparks a power struggle in a village that recently received electricity.,abhishekbachchan laradutta chunkypanday raageshwari amitabhbachchan,apoorvalakhia,
114813,Haasil,2003-05-15,2003,hi,"[18, 10749]",0.6797,7.1,14,"Anirudhh, a law-abiding college student, in love with Niharika, gets caught up in college politics and crime, and must fight it out for himself, when friends turn into foes.",jimmyshergill hrishitaabhatt irrfankhan ashutoshrana varunbadola,tigmanshudhulia,
604306,Patth,2003-11-07,2003,hi,[],0.566,0.0,0,,sharads.kapoor payalrohatgi hyderkazmi shamasikander mukeshtiwari,,
33067,Chameli,2003-12-31,2003,hi,"[18, 10749]",0.6138,5.7,23,"Lamington Road on Bombay's Western Railway is the nearest railway station that takes one to Kamathipura, notorious for it's red-light, in particular, and a crime-prone area in general.",kareenakapoorkhan rahulbose rinkekhanna anupamaverma yashpalsharma,sudhirmishra,
41901,Ishq Vishk,2003-05-05,2003,hi,"[18, 35, 10749]",0.941,6.0,31,"Rajiv Mathur decides to go conditionally steady with fellow collegian, Payal, so that be can be permitted to go on an outing. Payal accepts, and accompanies him. During the outing, he gets intoxicated, and attempts to molest her, and she decides to dump him. Thereafter, slighted but not beaten - Rajiv turns on his charms on another beauty - the gorgeous Alisha Sahay. But will she be as permissible as Payal?",shahidkapoor amritarao shenaztreasury yashtonk satishshah,kenghosh,
73259,Armaan,2003-05-16,2003,hi,"[18, 10749]",0.766,5.2,6,"Dr. Siddharth Sinha is a dedicated selfless doctor who dreams of building a state-of-the-art hospital with all the modern instruments and amenities for patient care . His foster son Akash shares his dream . Akash falls in love with Neha Mathur , an anaesthetist in the same hospital . In a friend's party , Akash meets Sonia who is a spoilt daughter of a millionaire Gulshan Kapoor . Sonia develops an infatuation for Akash . Gulshan Kapoor proposes to Dr. Siddharth Sinha that he will donate a big sum of money to his hospital , on the condition that Akash marries Sonia . Dr. Siddharth Sinha declines but dies of a heart attack a few days later . Burdened with fulfilling his father's dream , Akash decides to marry Sonia sacrificing his own love . But even after marriage Sonia is jealous of Neha and constantly accuses Akash of infidelity which leaves him in a dilemma , torn between two women .",amitabhbachchan anilkapoor preityzinta gracysingh aamirbashir,honeyirani,woman director
71064,Dhund: The Fog,2003-02-21,2003,hi,"[12, 53, 9648, 27]",0.6713,6.0,3,A mysterious killer rises from the grave and terrorizes two couples to seek revenge for his murder.,amarupadhyay aditigowitrikar apurvaagnihotri divyapalat irrfankhan,shyamramsay,
467219,Oops!,2003-01-01,2003,hi,[18],0.688,4.3,17,"Jagan, Akash and Nisha belong to a dance club. Their ambition is to become big in the dancing profession. Jagan and Nisha are lovers. Jagan is a middle-class man who dreams of becoming a millionaire over night. In the process he meets an actress named Sonia who offers him a ridiculously large amount of money for a 3 hours strip tease show to be done among a group of ten high society women who are bored with their husbands. Jagan asks his best buddy Akash to accompany him in the job. That show becomes a big hit and Jagan gets another call from Sonia for another strip show. Akash, however, is not comfortable with that profession. Jagan does the solo strip tease. There he meets a sexy older women named Savitha who has a secret identity that will end up compromising Jagan's world.  - Written by gavin",kiranjanjani vikassethi minkbrar adyashasatpathy mitavashisht,deepaktijori,dance older woman younger man relationship male stripper easy money
74481,Darna Mana Hai,2003-06-25,2003,hi,[27],1.177,5.9,35,"Stranded in an abandoned building, six friends relate scary stories while a crazed killer lurks in the forest.",sameerareddy gauravkapur peeyaraichowdhary kikusharda malavika,prawaalraman,anthology
4251,Veer-Zaara,2004-11-12,2004,hi,"[18, 10749]",2.3448,7.4,297,"Squadron Leader Veer Pratap Singh, a pilot in the Indian Air Force, rescues the stranded Zaara, a woman from Pakistan, following a bus accident, and their lives are forever bound.",shahrukhkhan preityzinta ranimukerji kirronkher divyadutta,yashchopra,prison class society love of one's life pilot musical pakistan india kashmir conflict ambiguous
20364,Hulchul,2004-11-26,2004,hi,"[35, 10749, 28]",2.0074,6.6,70,"A man and woman from feuding families each pretend to fall in love, as part of a revenge plot. Chaos ensues when their fake romance becomes a reality.",akshayekhanna kareenakapoorkhan amrishpuri sunielshetty arshadwarsi,priyadarshan,remake
14134,Main Hoon Na,2004-04-30,2004,hi,[18],2.5067,6.6,418,"An army major goes undercover as a college student. His mission is both professional and personal: to protect his general's daughter from a radical militant, and to find his estranged half-brother.",shahrukhkhan sushmitasen sunielshetty zayedkhan amritarao,farahkhan,college undercover operation army major masala india pakistan border lost brother
277229,Taarzan: The Wonder Car,2004-08-06,2004,hi,"[28, 10749]",1.8745,5.6,46,"Raj rebuilds his murdered father's car and names it Taarzan, but the car comes to life in a miraculous way and slowly starts killing the killers of Raj's father.",vatsalsheth ayeshatakia faridajalal ajaydevgn amrishpuri,mustanalibhaiburmawalla,sports car revenge
115153,Kismat,2004-02-20,2004,hi,"[28, 18, 10749]",1.9375,5.5,12,"Tony works as a hit-man for gangster, Vikas Patil, who owes his allegiance to wealthy Raj Mallya. Raj Mallya is involved in marketing spurious and out-dated drugs, and as a result is the subject of an investigation by the Food & Drugs Administration's inspector Dr. Hargobind Gosai. Raj asks Vikas to take care of Hargobind through Tony, which Tony does, and in this manner, Raj is absolved of all wrong-doing. Then Tony meets with attractive starlet named Sapna, and falls head over heels in love with her. When Sapna tells him that she is engaged to be married to Dr. Ajay Saxena, he is heart-broken. Then a scandal breaks out, and Hargobind is implicated in the deaths of three children that were killed by Raj's spurious drugs. All the evidence points against Hargobind, and not a single lawyer is willing to take his case; his wife kills herself, and the marriage of his daughter has been canceled.",bobbydeol priyankachoprajonas kabirbedi sanjaynarvekar mohanjoshi,guddudhanoa,
361866,Rudraksh,2004-02-13,2004,hi,"[28, 14]",1.4697,3.6,20,"Good and sinful are two sides of a same coin. If good grows in strength so does evil. Finally there comes a point when one must overcome the other.  Dr. Gayatri (Bipasha Basu) is an Indian American paranormal researcher at University of California, researching esoteric practices like voodoo, spirit possession, magic and healing powers. She seeks the hidden knowledge that goes into such practices, the knowledge that cannot be explained by science or logic.  Her search for answers brings her and her team of scientists to India. In India she comes across an uncommon man named Varun (Sanjay Dutt) who is gifted with special intuitive and healing powers which he claims to have developed through meditation. He can affect people's minds through his mental powers. He is a blend of Indian philosophy and modern culture, a master at martial arts and a devotee of Lord Hanuman. He heals people by absorbing their pain. He worships and trains by day, while working as a bouncer at a club by night.",sanjaydutt sunielshetty bipashabasu ishakoppikar kabirbedi,manishankar,
106090,Shikaar,2004-07-02,2004,hi,"[28, 53]",1.232,5.0,2,"Madhu lives a wealthy lifestyle in Mussorie, India and operates Hotel Savoy. She meets with and falls in love with Vijay Sanyal and shortly thereafter both of them get married. After the marriage, her friend, Julie, and her mom notice a change in Vijay but do not tell Madhu about this, leaving Vijay free to get Madhu to sign a Power of Attorney in his favor. He runs the Hotel, but eventually finds that it is not doing too well, and decides to sell it to Darshan Damania and his partners, Mirza Baig, Chhadha, Nikhil Chopra, and Kanwar Singh much to Madhu's displeasure. The partners, with two of Darshan's girlfriends, Kamya, and Rama in tow, arrive in Mussorie to sign the documents. The only one missing is Mirza, who had stated that he will be arriving later. Instead, however, ACP Sumed Singh arrives to inform them that Mirza has been killed in a car explosion.",rajbabbar premchopra dannydenzongpa anildhawan rajaduggal,darshanbagga,
20495,Mujhse Shaadi Karogi,2004-07-30,2004,hi,"[10749, 35]",1.8836,6.5,123,"Sameer, fast at losing his temper is re-located to Goa where he falls in love with Rani. But Sameer's new roommate Sunny, has some plans of his own.",salmankhan priyankachoprajonas akshaykumar amritaarora amrishpuri,daviddhawan,musical slapstick comedy wedding magician
17478,Dhoom,2004-08-27,2004,hi,"[28, 80, 18, 53]",1.7357,6.2,227,A gang of bikers headed by the cool-headed and arrogant Kabir is on a robbing spree in Mumbai.  ACP Jai Dixit is put in charge of the case and he recruits a bumbling bike mechanic and racer to help Jai nab them.,johnabraham abhishekbachchan eshadeol udaychopra rimisen,sanjaygadhvi,gang of thieves cop motor sport motorcycle
41252,Raincoat,2004-12-24,2004,hi,"[18, 10749]",1.1809,7.2,40,"Tells the story of two lovers, separated by destiny, who meet again one day. This encounter allows each to realize the truth about the lives they are living.",aishwaryaraibachchan ajaydevgn annukapoor mouliganguly pradipadhikari,rituparnoghosh,
21175,Lakshya,2004-06-18,2004,hi,"[10752, 28, 18, 10749]",1.6116,6.7,115,"An aimless, jobless, irresponsible grown man joins the army and matures into a battlefield hero.",hrithikroshan preityzinta amitabhbachchan ompuri bomanirani,farhanakhtar,spoiled child terrorism rescue team discipline awol military academy spoiled son chance meeting pakistan vs india following one's dream domineering father
20534,Murder,2004-04-02,2004,hi,"[18, 53]",1.1993,4.9,34,"To escape a secure but stifling life with her workaholic husband Sudhir, bored housewife Simran begins an affair with Sunny, an ex-boyfriend from her college days. However, when Sudhir grows suspicious and hires a private detective, the infidelity soon comes to light.",mallikasherawat emraanhashmi ashmitpatel surabhivanzara rajzutshi,anuragbasu,adultery infidelity remake dysfunctional marriage murder extramarital affair neglected wife unhappy marriage
320803,Hum Kaun Hai,2004-09-03,2004,hi,[27],1.0368,6.0,2,"Dimple Kapadia, Amitabh Bachchan and Moushumi Chatterjee star in this eerie mystery. The film centers on the Williams family -- mother Sandra and her two kids, Sarah and David, and Sandra's husband, Frank, who's away at war. Living in an isolated area with their three servants, the family begins to notice strange occurrences haunting their household. When Frank returns, Sarah tells him a horrifying secret, prompting him to investigate the mystery.",amitabhbachchan dimplekapadia dharmendra moushumichatterjee hansikamotwani,ravisharmashankar,
76684,Masti,2004-04-09,2004,hi,"[35, 80, 9648]",1.2671,5.6,59,"Three henpecked friends try to escape their unhappy marriages by seeking out some extramarital fun, only to end up being blackmailed.",vivekoberoi aftabshivdasani riteishdeshmukh amritarao geneliad'souza,indrakumar,blackmail extramarital affair
15774,Swades,2004-12-17,2004,hi,[18],1.3708,7.3,371,"A successful Indian scientist returns home to his village to take his nanny back to America with him, and in the process rediscovers his roots.",shahrukhkhan gayatrijoshi kishoriballal smitsheth lekhtandon,ashutoshgowariker,nasa social issues non-resident indian inspirational admiring indian culture
276480,Hawas,2004-04-02,2004,hi,"[10749, 53]",0.9616,3.2,8,"Raj Mittal and his wife Sapna reside in Dubai, where Raj works for a British firm. To make money, he works day and night, leaving Sapna alone. Sapna then embarks on an extramarital affair with a stranger, leading to emotional turmoil and eventually, murder.",meghnanaidu tarunarora shawarali mukeshtiwari,karanrazdan,erotic thriller
21665,Khakee,2004-01-23,2004,hi,[28],1.2456,6.4,80,"DCP Anant and his team get tasked with escorting an alleged terrorist to Mumbai. However, a rogue ex-police officer makes their task difficult as he tries to stop them from reaching their destination.",amitabhbachchan akshaykumar aishwaryaraibachchan ajaydevgn tussharkapoor,rajkumarsantoshi,police corruption corrupt politician islamophobia
19491,Kyun! Ho Gaya Na...,2004-08-11,2004,hi,"[18, 10751, 10749]",1.2276,4.8,19,"A man and a woman have opposing beliefs about love. He sees her as a friend, but she is in love with him. When the woman decides to marry someone else, the man is left with a heavy heart and wonders if this is what love feels like.",aishwaryaraibachchan vivekoberoi amitabhbachchan sunielshetty ompuri,samirkarnik,
178530,Meenaxi: Tale of 3 Cities,2004-04-01,2004,hi,[],0.8642,6.0,2,"Delving into the limitless world of creative endeavors, and vicissitudes in the way of such endeavors, this tale of an artist and his muse, like a painting, leaves itself open to interpretations and readings by every viewer...",tabu kunalkapoor raghubiryadav sharatsaxena,m.f.husain,
117357,Naach,2004-11-12,2004,hi,"[10402, 10749, 18]",0.727,2.7,6,"A struggling middle-class couple is trying to adjust to life in modern-day Bombay, but the unexpected appearance of someone changes things completely.",abhishekbachchan antaramali riteishdeshmukh manojpahwa rajendrasethi,ramgopalvarma,musical
326226,AK 47,2004-10-01,2004,hi,"[28, 53]",0.8862,5.0,1,"Rudra Pratap Sharma comes from an aspiring Hindu 'Bramhin' family consisting of his dad, Dayashankar, a bank manager by profession, his mom Sharda and a much younger sister Gaithri. The family resides in Banaras, India; Rudra cannot stand injustice in any form and revolts by publicly beating some college-bullies. This forces him and his family to relocate to the city of Bombay where Rudra continues to deal with wrong-doers by turning them over to the law.",ompuri ashishvidhyarthi shivajisatham adityasingh sheetalbhavishi,raamshetty,
22315,Aitraaz,2004-11-12,2004,hi,"[53, 10749, 18]",1.1359,5.985,65,"Raj, a married man, is falsely accused of rape by his ex-girlfriend who is also his employer's wife. He decides to sue her for sexual harassment despite societal pressures.",akshaykumar kareenakapoorkhan priyankachoprajonas amrishpuri pareshrawal,abbasalibhaiburmawalla,falsely accused flashback power abuse lawyer wife victim's wife defense lawyer conspiracy thriller manipulative ex
166027,Fida,2004-08-20,2004,hi,"[53, 10749]",0.9841,5.3,20,Fida tells the story of Jai who one day happen to meet a young and beautiful woman called Neha and he falls in love with her at first sight.,kareenakapoorkhan shahidkapoor fardeenkhan kimsharma akhilendramishra,kenghosh,
4253,Hum Tum,2004-05-28,2004,hi,"[10749, 10751, 35, 18]",1.1011,6.4,119,"The encounters of two people who run into each other on several occasions under circumstances ranging from friendly to hostile to loving. Along many years and countless run-ins, the two despise each other, befriend each other, and fall in love with each other—in no particular order.",ranimukerji saifalikhan kirronkher ratiagnihotri rishikapoor,kunalkohli,"airplane paris, france loss of loved one delhi, india comic-strip artist"
72051,Garv: Pride and Honour,2004-07-09,2004,hi,"[28, 80, 18]",0.9164,5.6,27,"About to retire, police inspector Samar Singh changes his mind when he discovers that a recently elected official has ties with the underworld.",salmankhan shilpashettykundra arbaazkhan amrishpuri faridajalal,puneetissar,police corruption criminal underworld
177360,Ab Tumhare Hawale Watan Saathiyo,2004-12-24,2004,hi,"[10752, 18, 28]",0.9189,5.1,16,"All Maj. Amarjeet Singh wants is for his grandson Kunal to be as noble and brave as Amarjeet and the boy's father, Vikramjeet. But Kunal has other plans and does not wish to follow in his father's and grandfather's military legacies. Reluctantly, Kunal gives in and joins the army and ends up falling for Shweta, the widow of a fallen soldier. When the man later turns up alive, will Shweta return to him or stay with her new love?",amitabhbachchan akshaykumar bobbydeol divyakhossla sandalisinha,anilsharma,
1023617,Popcorn Khao! Mast Ho Jao,2004-10-01,2004,hi,"[35, 18, 10749]",0.6777,0.0,0,"Three former collegians experience love, heartbreaks, as well as life's ups and downs.",akshaykapoor tanishaamukerji rashminigam yashtonk deepaktijori,kabirsadanand,
43410,Yuva,2004-05-22,2004,hi,"[18, 80]",1.1318,6.5,50,"An accident on a bridge ties together three young men from different social classes, sparking a course of events that will forever alter their lives.",ajaydevgn abhishekbachchan vivekoberoi ranimukerji kareenakapoorkhan,maniratnam,students' movement gangster model youth power hyperlink cinema
306364,Police Force: An Inside Story,2004-05-28,2004,hi,"[18, 80]",0.5819,5.3,5,"Senior police officer Pandey is called in to train a new batch of trainee officers that the Indian police force wants to recruit. He does manages to induct some sense of fair-play in these officers and gets them assign to their place of duty; but these officers will find that there real life scenario are different and must deal with the world at large consisting of corrupt high-ranking police officers, dishonest politicians and gangsters. How they deal with them will shape their destinies.",akshaykumar raveenatandon amrishpuri rajbabbar mohanjoshi,,
117356,Musafir,2004-12-09,2004,hi,"[18, 28, 53, 80]",0.8473,5.4,20,"Betrayed in love and debt-ridden, Lucky, a small-time criminal, is on his way to Goa for a drug deal. But his life takes a turn when he falls for a dancer, who hires him to kill her abusive husband.",anilkapoor sanjaydutt sameerareddy maheshmanjrekar adityapancholi,sanjaygupta,
136527,Dev,2004-06-11,2004,hi,[18],0.7329,6.0,15,"Joint Commissioner of Police Dev Pratap Singh, a duty-bound, self-righteous officer, and Special Commissioner Tejinder Khosla, the balancing force between the political interests of Chief Minister Bhandarker and Dev's commitment to the law, are lifelong friends, each with his own ideals. Farhaan, a law graduate, was brought up with ideals of non-violence and patriotism. Dev unwittingly gives Farhaan the wound that plunges him into rage and violence after witnessing the death of his father during a peace demonstration. Taking advantage of the situation, corrupt politician Latif sets the vulnerable young man on a path of violence and destruction that threatens to ignite the city. Aalyn is the light in Farhaan's life. Beautiful and innocent, the young woman also gets caught in extraordinary circumstances that transform her life and she dares to stand up for the truth.",amitabhbachchan fardeenkhan kareenakapoorkhan ompuri amrishpuri,govindnihalani,
28740,Black Friday,2004-08-13,2004,hi,"[80, 18]",0.6365,7.5,96,"Bombs tear through Bombay in 1993, wreaking havoc and polarising the citizens. With perpetrators at large, the state launches a massive man-hunt to unmask the perpetrators behind these events.",kaykaymenon pavanmalhotra adityasrivastava dibyendubhattacharya kishorekadam,anuragkashyap,based on novel or book terrorism docudrama bomb planting bomb attack
161175,Yeh Lamhe Judaai Ke,2004-03-27,2004,hi,"[10749, 18, 9648]",0.9465,6.1,10,A successful singer and his childhood friends become entangled in deception and treachery.,shahrukhkhan raveenatandon mohnishbehl navneetnishan kirankumar,birendranathtiwari,
715829,Hatya: The Murder,2004-10-15,2004,hi,"[28, 80, 18, 14]",0.7222,10.0,1,A man is resurrected from the dead as a shape-shifting snake and exacts vengeance on those who killed him and his father.,akshaykumar varshausgaonkar navinnischol reemalagoo johnylever,kaderkashmiri,
66702,Dil Ne Jise Apna Kahaa,2004-09-10,2004,hi,"[10749, 18]",1.0329,5.3,12,"A wealthy man working in an advertising agency and a dedicated doctor fall in love and marry. When his wife dies, the devastated man must fulfil her last wishes.",salmankhan preityzinta bhumikachawla ratiagnihotri helen,atulagnihotri,
311571,I Proud to Be an Indian,2004-02-13,2004,hi,"[28, 80, 18]",0.5379,5.5,3,"Indian (Sohail Khan), or I, as he goes by, is distraught when he must move to London with his father in order to live with the rest of his family, who have been living in England for a while. Once there, I begins to realize that many of the minority families are being bullied by white skinheads, and he decides he must get involved in order to stop the cycle of hatred.",sohailkhan kulbhushankharbanda aasifsheikh hinatasleem ianpead,puneetsira,racism racial tension white supremacists skinheads
72079,Little Terrorist,2004-10-25,2004,hi,[18],0.5858,5.1,7,"Jamal, a 10-year-old Pakistani Muslim, mistakenly crosses the border between India and Pakistan and finds an unusual ally in a Hindu Brahmin, Bhola. Indian soldiers descend on Bhola's village searching for the so-called terrorist who crossed over. Bhola's neice, Rani, insists they can't let a Muslim into their Hindu home. With Bhola and Rani grappling with the consequences of harboring a Pakistani and their deep-set prejudice against Muslims, Jamal's only hope is the humanity shared by a people separated by artificial boundaries a long time ago",julfuqarali sushilsharma megnaamehtta,ashvinkumar,
1108927,Dhakad Chhora,2004-10-08,2004,hi,"[10749, 10751, 10770, 35]",0.5191,0.0,0,A fearless boy who falls in love with a Muslim girl who studies with him and does not want both of his family to be together.,uttamkumar sumannegi,dineshchaudhary,romance uttar pradesh haryanvi family fued
155973,Aan: Men at Work,2004-06-04,2004,hi,"[28, 80, 53]",0.6445,5.2,18,"Crime is at its highest peak in Mumbai with it split in three ways. Walia has one-third, Manik Rao has one-third and Roshni has a third of the Mumbai territory. The crime rate rises with more smuggling, trading and illegal activities soaring.",akshaykumar shatrughansinha sunielshetty pareshrawal laradutta,madhurbhandarkar,
287160,Aabra Ka Daabra,2004-12-24,2004,hi,"[14, 10751]",0.8248,4.3,9,A young wizarding student sets out on a quest for a magic potion that can bring back his missing father. He faces several hardships while trying to find and rescue his father.,athitnaik hansikamotwani eshatrivedi vishallalwani satishkaushik,dheerajkumar,school friend friendship based on novel or book magic boarding school child hero school of witchcraft school wizard children's story mischievous children quest gifted children indian folklore magic school friend indian magic
15978,Naina,2005-05-20,2005,hi,"[27, 9648]",1.5661,3.8,12,"On a day of solar eclipse, five year old, Naina, loses her eyesight and her parents in a road accident in London. Twenty years later, she is bestowed with the gift of sight thanks to the marvels of modern science. Her period of darkness is over; or is it? A horrifying period of darkness begins. What is this curse that has been upon her? Will she ever be able to escape it? Will this extraordinary s",urmilamatondkar amardeepjha kaminikhanna anthonyrosato anujsawhney,shripalmorakhia,remake blind surgery ghost
46415,Neal 'N' Nikki,2005-12-09,2005,hi,"[35, 10749]",1.9243,3.8,20,"During a 21-day bachelor trip before his wedding, Neal falls in love with Nikki, a woman he slept with. Things get further complicated when Nikki turns out to be his fiancee's cousin.",udaychopra tanishaamukerji abhishekbachchan richapallod gauravgera,arjunsablok,musical
281011,Blackmail,2005-01-28,2005,hi,"[53, 28, 18]",1.5136,5.1,10,"Inspector Abhay Rathod is a honest and diligent Police Inspector employed with Bombay Police. He was assigned the case of racketeer and criminal don, Shekhar Mohan. Abhay successfully entraps and arrests him, and has him sentenced to a long jail term. Years later, Abhay is now the Assistant Commissioner of Police; is married, and has a son named Chirag; and Shekhar Mohan has completed his jail term and is looking to seek vengeance against Abhay. He does so by kidnapping Chirag and taking him along with him. He object is not to seek any ransom money, but attempt to separate the child from his parents, as well as attempt to make a place in his heart. Shekhar finds out that Chirag loves racing and takes him on various race courses where the child is thrilled to watch fast sport cars, and soon starts a friendship with ""Uncle"" Shekhar. But with Abhay and the police closing in fast, will Shekhar and Chirag be able to maintain their friendship?",ajaydevgn sunielshetty priyankachoprajonas diamirza mukeshrishi,anildevgan,police kidnapping criminal
112627,Sheesha,2005-02-11,2005,hi,"[18, 10749, 53]",1.5615,4.9,11,"Businesswoman Sia Malhotra lives a wealthy lifestyle in Bangkok, along with her twin, Ria, who is deaf and dumb due to a neurological disorder. She meets with Raj Oberoi, and both fall in love. Their endeavors to cure Ria are all in vain. Sia plans to travel to the United States to improve her business, and has no one to look after Ria. So she decides to get married to Raj so that he could move in with Ria and look after her. Raj agrees, and both obtain a marriage certificate from Pattaya City Hall, and Sia departs for America. Sia does not know that after her return she will be a suspect in the brutal killing of a female Caucasian, Diana, and will not be permitted to leave Bangkok; and she will face further trauma and shock when she finds that her husband has been sexually molesting her handicapped sister.",nehadhupia elidhmacqueen nijumavani naresngamseera vivekshauq,ashutrikha,
97361,D,2005-06-03,2005,hi,"[53, 80, 18]",1.706,6.4,36,"Deshu, a mechanic from Dubai, comes home to Mumbai, and gets embroiled in a crime by accident. The film shows his meteoric rise from common, law-abiding man to underworld kingpin.",randeephooda chunkypanday rukhsarrehman ishakoppikar sushantsingh,vishramsawant,organized crime criminal underworld
239043,Chehraa,2005-02-18,2005,hi,"[18, 53]",1.4909,8.0,2,"Reena and fellow collegian Akash Mehta are medical (psychiatry)students. They are sweethearts and hope to marry each other after completing their education. Before that could happen, Megha Joshi enters their lives and changes everything. For Akash falls head over heels in love with her, and will do anything for her. Just when their education is about to get over, Megha disappears from Akash's life.",bipashabasu dinomorea preetijhangiani irrfankhan govindnamdeo,saurabhshukla,
20651,Parineeta,2005-06-10,2005,hi,"[10749, 18]",1.28,6.5,53,"Childhood sweethearts Lalita and Shekhar wish to get married someday. However, Shekhar's growing suspicions about Lalita coupled with his conniving father's antics threaten to tear them apart.",saifalikhan vidyabalan sanjaydutt sabyasachichakraborty raimasen,pradeepsarkar,
272220,Karam,2005-01-01,2005,hi,"[28, 80, 18]",1.1495,5.5,13,"A hitman quits the killing business when a hit goes right but at the same time produces unfortunate results. Soon, he is forced to return in order to save his wife from the clutches of his boss who won't spare her unless some targets are executed within the limited time period.",johnabraham priyankachoprajonas bharatdabholkar vishwajeetpradhan shineyahuja,sanjayf.gupta,
127763,Matrubhoomi: A Nation Without Women,2005-01-26,2005,hi,[18],1.5406,6.4,21,"A woman, attended by two midwives, is giving birth in a small village in India. When the child's cry rings, the father bangs on a steel plate to attract the attention of all the villagers, ...",tulipjoshi sudhirpandey sushantsingh pankajjha piyushmishra,manishjha,jealousy rape wife killing pregnancy greed marriage love male homosexuality rural area gang rape birth physical abuse misogyny revolt dowry
20968,Sarkar,2005-07-01,2005,hi,"[80, 28, 18]",1.409,6.8,85,"Subhash Nagre runs a parallel government in the city where he has a cult following. When his enemies plot to murder him, his son takes charge and stands up against them.",amitabhbachchan abhishekbachchan kaykaymenon supriyapathak katrinakaif,ramgopalvarma,corruption politics political corruption
20132,Kaal,2005-04-29,2005,hi,"[28, 53, 27]",1.4178,4.6,55,"After a series of deaths in Orbit Wildlife Park are attributed to a man-eating tiger, wildlife reporter Krish Thapar decides to investigate the incidents for a magazine article. But something deadlier than tigers hunts in the forest.",ajaydevgn johnabraham vivekoberoi eshadeol laradutta,sohamshah,
58302,Dus,2005-07-08,2005,hi,"[28, 80, 53]",1.1302,5.2,38,"Jamwaal, a terrorist, plans to wreak havoc in Canada when the Indian Prime Minister visits the nation. However, a team of special agents from India are sent to catch the terrorist.",sanjaydutt abhishekbachchan sunielshetty zayedkhan eshadeol,anubhavsinha,
282030,Fareb,2005-07-08,2005,hi,"[53, 18]",1.1843,4.5,2,"The film opens with the murder of business magnate Amit Singhania (Bakul Thakker) who lives a wealthy lifestyle along with his wife, Ria Singhania (Shamita Shetty), in a spacious bungalow. He runs a company, Spykar Jeans. Ria is asked to co-operates with the Police, who suspect her for foul play as she is the sole proprietor of Amit's business and wealth. The police also suspect Amit's subordinate, Siddharth Sardesai (Parmeet Sethi), who may have killed Amit, who was also having an affair with Sonia Sharma (Sonia Kapoor), who works for an ad agency run by Diwakar. Ria meets with Aditya (Manoj Bajpai), who also works for the same ad agency, and is attracted to him, both get intimate, but Aditya, who is married to Neha (Shilpa Shetty), and has a school-going son,",shilpashettykundra shamitashetty manojbajpayee bakulthakkar soniakapur,deepaktijori,
78701,Kisna,2005-01-21,2005,hi,"[18, 10749]",1.1966,7.2,10,"The film is set in the India of the tumultuous 1930's when nationalists fighting for the country's independence rose up as one, urging the British to quit. At this time, a young Indian, Kisna befriends and then shields a British girl Katherine, from an enraged mob of nationalists including Kisna's own uncle and brother. Katherine is the young daughter of a ruthless British collector. Kisna takes it upon himself to escort Katherine to the safety of the British High Commission in New Delhi, who will arrange for her to board a ship home. A tender attraction develops between Kisna and Katherine during the journey, a love story that is torn between 'Karma' (the noble deed) and 'Dharma' (the duty). Laxmi, the Indian girl Kisna is engaged to, forms the third point in an emotional triangle involving the Indo-British romantic pair",vivekoberoi ishasharvani antoniabernath amrishpuri pollyadams,subhashghai,
58725,Bose: The Forgotten Hero,2005-05-13,2005,hi,"[18, 36]",1.3322,7.4,8,"After resigning from the presidential post of the Indian National Congress, Subhas Chandra Bose plays an important role in India's freedom struggle during World War II.",sachinkhedekar jisshusengupta divyadutta rajpalyadav kulbhushankharbanda,shyambenegal,
19636,Garam Masala,2005-11-03,2005,hi,[35],1.4158,5.9,97,"Photographer and serial womaniser, Mac devises a scheme to keep three airhostesses, who are unaware of each other, as  his live-in partners. Everything works fine as long as they only come home every third day. But changing schedules, a jealous friend and his fiancé might just break apart his elaborately structured life of deceit.",akshaykumar johnabraham pareshrawal daisybopanna nargisbagheri,priyadarshan,remake
11763,Bunty Aur Babli,2005-05-27,2005,hi,"[35, 80, 10749]",1.4481,6.3,84,"Bunty and Babli are two young people who randomly meet each other after running away from their homes to chase their dream.  After facing hurdles in their path they decide to take up conning and soon become the best con artists in the country. However, their success is threatened as a relentless cop is on their trail.",abhishekbachchan ranimukerji amitabhbachchan rajbabbar rameshwaritalluri,shaadali,india hoodlum cons and scams
233830,Insan,2005-01-14,2005,hi,"[28, 80, 18]",1.3647,5.2,10,"A grieving policeman and a rickshaw driver are brought together by a dark, tragic secret that will change their lives forever.",ajaydevgn akshaykumar tussharkapoor eshadeol laradutta,k.subash,
31977,Black,2005-02-04,2005,hi,[18],1.1216,7.7,224,"Unable to see, hear, or speak after a childhood illness, a young woman grows up prone to violent outbursts until an eccentric tutor changes her life.",amitabhbachchan ranimukerji ayeshakapoor shernazpatel dhritimanchatterjee,sanjayleelabhansali,deaf tale teacher mute blind teacher student relationship ray of light
20390,No Entry,2005-08-26,2005,hi,"[35, 10749]",1.0688,5.8,73,"Kishan has always been faithful to his wife, Kaajal, who constantly suspects him of having affairs. Meanwhile, Kishan's friend Prem frequently cheats on his doting wife, Pooja, without getting caught, incurring the disapproval of Kishan and photographer Sunny. Tired of listening to his moralistic pals, Prem introduces Kishan to Bobby, an attractive escort.",anilkapoor salmankhan fardeenkhan bipashabasu laradutta,aneesbazmee,
33081,Paheli,2005-06-24,2005,hi,"[10749, 18, 14]",1.5243,6.1,99,"Kishanlal marries the beautiful Lachchi, but the day after the wedding, he leaves on business for five years. When Kishanlal reappears only a few days later, Lachchi is delighted, but this new Kishanlal is in fact a spirit who has taken the form of Lachchi's husband, after having seen her by chance and fallen in love with her. Four years later, the real Kishanlal returns and the townsfolk must determine who is who.",shahrukhkhan ranimukerji anupamkher aditigowitrikar rajpalyadav,amolpalekar,husband wife relationship magic fairy tale ghost folktale
140231,Elaan,2005-01-14,2005,hi,"[18, 28, 53]",0.9629,5.6,11,"India is held at ransom by international extortionist, Baba Sikander and his brothers. It is up to five heroes to stop him.",arjunrampal rahulkhanna ameeshapatel mithunchakraborty johnabraham,vikrambhatt,
15084,Salaam Namaste,2005-09-09,2005,hi,"[35, 10749, 18]",0.9235,6.2,96,"Two young Indian expatriates in Melbourne, Australia, Nick, a chef and radio host Ambar, who decide to live together without marriage, leading to conflict and unexpected parenthood when Ambar gets pregnant.",saifalikhan preityzinta arshadwarsi javedjaffrey jugalhansraj,siddharthanand,remake falling in love relationship unplanned pregnancy
807533,Hum Dum,2005-02-11,2005,hi,"[10749, 35]",0.9203,2.0,1,"Sidhant De, Rrutu Joshi Two people who have never met in Life before are chosen to play the biggest game show ever 'HUMDUM', It's a game of love and money. 5 Rounds and 1 big final to get 10 Crores (100 Million) and all they have to do is? Not fall in love!",anjanasukhani romitraj tanviazmi benjamingilani ranvirshorey,kushannandy,
20496,Mangal Pandey - The Rising,2005-08-12,2005,hi,"[18, 36]",0.8871,6.0,67,"The film begins in 1857, when India was ruled by the British East India Company. Mangal Pandey is a sepoy, a soldier of Indian origin, in the army of the East India Company. Pandey is fighting in the Anglo-Afghan Wars and saves the life of his British commanding officer, William Gordon. Gordon is indebted to Pandey and a strong friendship develops between them, transcending both rank and race.",aamirkhan ranimukerji tobystephens ameeshapatel ompuri,ketanmehta,rebellion india 19th century
86411,Kuchh Meetha Ho Jaye,2005-04-15,2005,hi,"[18, 35, 10749]",0.8848,6.0,3,"A group of people are stranded at a small airport, when their plane experiences technical difficulties, and soon they find their lives clashing.",arshadwarsi mahimachaudhry parvindabas jaspalbhatti sandhyamridul,samarkhan,
83903,Vaah! Life Ho Toh Aisi!,2005-12-23,2005,hi,"[18, 35, 10751, 14]",1.3552,5.4,38,"As the only employed member of a large family, Aditya Singh a big-hearted mechanic, works hard to provide for his siblings, his grandmother and a bevy of nieces and nephews. But, when he is unexpectedly killed in a car accident, his family's future becomes a murky prospect. Fearful for their safety and happiness, Aditya convinces Yamraj the Hindu god of death, to give him a chance to return -- as a ghost -- to carry out the unresolved business of his life.",shahidkapoor sanjaydutt amritarao arshadwarsi premchopra,maheshmanjrekar,god of death
205212,Bewafaa,2005-02-25,2005,hi,[18],0.9829,4.2,20,"Anjali, living in Canada with her parents, hides her relationship to the musician Raja from her parents. When her sister dies during the birth of twins, she abandons her love, marries the widower Aditja and moves to New Delhi to become the new mother of her sister's children. Three years later, when Raja visits Delhi on his concert tour their love inflames again.",anilkapoor akshaykumar kareenakapoorkhan sushmitasen shamitashetty,dharmeshdarshan,
161212,Kyon Ki...,2005-11-03,2005,hi,"[10749, 18]",1.2564,5.8,40,"After accidentally killing his fiancee, Anand becomes insane and is admitted to a psychiatric hospital. Tanvi, his doctor, falls in love with him, but her father does not approve, given his past.",salmankhan kareenakapoorkhan jackieshroff ompuri rimisen,priyadarshan,remake mental institution doctor accidental death mental patient mental illness doctor patient relationship
202635,Silsiilay,2005-06-17,2005,hi,[18],1.1973,4.5,7,An account of the lives of three women who are not connected to each other.,bhumikachawla rahulbose divyadutta aamirali riyasen,khalidmohamed,
31364,Waqt,2005-04-22,2005,hi,[18],1.0766,5.9,46,"A chronic illness leaves Ishwar with only a few months to live. His son Aditya is extremely reckless. To make him realise his responsibilities, Ishwar throws his son out of the house.",amitabhbachchan akshaykumar priyankachoprajonas shefalishah bomanirani,vipulamrutlalshah,
21555,Socha Na Tha,2005-03-04,2005,hi,"[18, 35, 10749]",1.0089,5.8,33,"Viren and Aditi refuse an arranged marriage and that creates a rift between their families. But when their friendship turns into love, it leads to chaos!",abhaydeol ayeshatakia sureshoberoi ayeshajhulka ratiagnihotri,imtiazali,friendship romance
39217,Maine Pyaar Kyun Kiya?,2005-07-15,2005,hi,"[35, 18, 10749]",1.1805,5.3,122,"Dr Samir is an absolute charmer when it comes to women, but he poses as a married man to keep them at bay. Love becomes a three-ring-circus for him after he ends up tangled in his web of lies with his girlfriend Sonia and pretend wife Naina.",salmankhan sushmitasen katrinakaif sohailkhan arshadwarsi,daviddhawan,
136688,Yakeen,2005-06-16,2005,hi,"[28, 53]",0.6791,4.8,12,"Whilst piecing together his life after a car accident left him with amnesia, a man begins to suspect that his wife is having an affair.",arjunrampal priyankachoprajonas kimsharma sudhanshupandey ankurnayyar,girishdhamija,
225635,Dosti: Friends Forever,2005-12-23,2005,hi,"[10749, 18]",1.1567,4.3,17,"Karan (Bobby Deol) was wealthy and a mansion was his habitat. Raj (Akshay Kumar) had empty pockets and the sky was his roof. Karan's jet ensured that he could fly if he wanted. Raj could only depend on his two feet. Karan had a family and yet craved love. Raj had love to share, but craved a family. Karan was the eternal Casanova. Raj was the proverbial one-woman man. Karan had it all, and yet felt empty. Raj had nothing, but his heart was full. They were two people as different as can be. Yet they found a common ground. One that led to the glorious road of Friendship! But can they sustain their friendship when new conflicts arise?",akshaykumar bobbydeol kareenakapoorkhan laradutta juhichawlamehta,suneeldarshan,male friendship
271542,Khullam Khulla Pyaar Karen,2005-04-28,2005,hi,[35],0.6863,10.0,1,"Two enemy underworld Dons put their differences aside and marry their children, but a case of mistaken identity foils the plan.",govinda preityzinta premchopra sadashivamrapurkar johnylever,harmeshmalhotra,
354734,Barsaat,2005-08-19,2005,hi,"[18, 10749]",0.7916,6.6,7,Arav travels to America and falls in love with Anna. He returns to India when his father becomes ill and reunites with his wife.,bobbydeol priyankachoprajonas bipashabasu shaktikapoor faridajalal,suneeldarshan,
194433,Home Delivery,2005-12-02,2005,hi,"[35, 10749]",0.5389,3.2,5,A middle-aged pizza delivery man serves up more than just food to a young advice columnist who's having second thoughts about his engagement.,vivekoberoi mahimachaudhry ayeshatakia peeyaraichowdhary shayanmunshi,sujoyghosh,
206376,My Wife's Murder,2005-08-19,2005,hi,"[53, 9648]",0.6627,6.2,9,"After his wife, Sheela goes missing, Ravi Patwardhan files a missing persons report. When her body is discovered in a pond, police Detective Tejpal Randhawa investigates the murder and tries to narrow down the suspects, which include her husband and her father. Despite finding no clear motive or evidence, Randhawa slowly begins to piece together the mystery and draws closer to uncovering the identity of Sheela's killer.",anilkapoor suchitrakrishnamoorthi nandanasen rajeshtandon masterzainansari,jijyphilip,wife murderer missing wife
360915,Chetna,2005-06-24,2005,hi,[18],0.6121,4.0,1,"Moving to Dubai with his wife, Sameer is seduced by his new female boss.",payalrohatgi jatingrewal mushtaqkhan kirankumar navaneetkaur,parthoghosh,
32740,Krrish,2006-06-23,2006,hi,"[28, 878]",2.8664,6.5,269,"In Singapore, Krishna is forced by circumstances to use his superpowers and become a masked superhero named Krrish, before getting drawn towards his lost legacy.",hrithikroshan priyankachoprajonas rekha naseeruddinshah sharatsaxena,rakeshroshan,superhero
19637,Chup Chup Ke,2006-06-09,2006,hi,[35],2.9408,6.2,105,"After surviving a suicide attempt in which his family and fellow villagers believe he drowned, a debt-ridden man decides to start his life afresh in another village. He pretends to be mute and starts working for a rich man where he falls in love with his mute daughter.",shahidkapoor pareshrawal rajpalyadav kareenakapoorkhan nehadhupia,priyadarshan,
7913,Rang De Basanti,2006-01-26,2006,hi,"[35, 18, 36, 10749]",2.175,7.1,491,"After a group of friends graduate from Delhi University, they listlessly haunt their old campus, until a British filmmaker casts them in a film she's making about freedom fighters under British rule. Although the group is largely apolitical, the tragic death of a friend owing to local government corruption awakens their patriotism. Inspired by the freedom fighters they represent in the film, the friends collectively decide to avenge the killing.",aamirkhan siddharth kunalkapoor sharmanjoshi atulkulkarni,rakeyshomprakashmehra,students' movement patriotism war of independence coming of age celebration corrupt politician indian freedom struggle
33142,Vivah,2006-11-10,2006,hi,"[10749, 18]",2.312,6.6,91,"Poonam, a traditionally brought-up young woman, is to marry Prem, a groom chosen by her uncle. Poonam and Prem's faith and love are to be tested however, when an accident occurs and Poonam might be scarred for life.",shahidkapoor amritarao anupamkher seemabiswas aloknath,soorajbarjatya,
46407,Mixed Doubles,2006-02-10,2006,hi,"[35, 18, 10749]",1.7922,7.0,5,"Bored with his sex life, a man tries to convince his wife to swap partners.",konkonasensharma ranvirshorey koelpurie rajatkapoor saurabhshukla,rajatkapoor,swinger swapping couple
8453,Fanaa,2006-05-26,2006,hi,"[28, 18, 10749, 53]",1.7737,6.8,223,"Zooni Ali Beg is a blind Kashmiri girl who travels without her parents for the first time with a dance troupe to Delhi to perform in a ceremony for independence day. On her journey, she meets Rehan Khan, a casanova and tour guide who flirts with her. Although her friends warn Zooni about him, she cannot resist falling in love with him and he takes her on a private tour of New Delhi. But there is more to Rehan than meets the eye and Zooni will have to make a heartbreaking decision.",aamirkhan kajol rishikapoor kirronkher sanayairani,kunalkohli,blindness and impaired vision poetry musical tourist guide single mother kashmir conflict true love moral dilemma difficult choice traitor to the motherland
17501,Don,2006-10-20,2006,hi,"[28, 18, 53]",2.4671,6.9,296,"DCP DeSilva sees a way to bring to justice the feared head of a criminal empire by recruiting a man named Vijay, who looks exactly like the crime boss. The ruse works too well, and soon Vijay finds his life in danger when DeSilva, the only one who knows his true identity, dies.",shahrukhkhan priyankachoprajonas arjunrampal bomanirani ompuri,farhanakhtar,drug trafficking remake doppelgänger
44827,Dor,2006-09-22,2006,hi,[18],1.3799,7.4,27,"Shankar Singh and his wife, Meera, live in Jodhpur, Rajasthan, India along with widowed paternal grandmother, Laxmibai, his mom, Gowri, and dad, Randhir. The family feel that they are blessed after Meera's entry in this family. Shankar must go and abroad in Saudi Arabia and bids farewell to Meera, promising to keep in touch, which he does, and also sends them a large portion of his earnings, which is used to pay off the family's debts. Then when no word is received from him, a worried Meera phones, and is devastated to learn that Shankar has been killed by being thrown off a 10th floor balcony. Her status quickly changes, her jewelery, ornaments, fancy clothes are taken off, and she is told to remain indoors. wear dark clothes, and is only allowed to pray at a Mandir.",ayeshatakia shreyastalpade gulpanag girishkarnad prateekshalonkar,nageshkukunoor,
181638,Ankahee,2006-05-19,2006,hi,[],1.5663,4.9,7,A femme fatale sinks her claws into the life of a married doctor and his family.,aftabshivdasani eshadeol aminhajee ashwinikalsekar hrishitaabhatt,vikrambhatt,depression obsession hospital doctor
14395,Kabhi Alvida Naa Kehna,2006-08-11,2006,hi,"[18, 10749]",2.0795,6.4,224,"Dev and Maya are both married to different people. Settled into a life of domestic ritual, and convinced that they are happy in their respective relationships, they still yearn for something deeper and more meaningful, which is precisely what they find in each other.",shahrukhkhan ranimukerji abhishekbachchan preityzinta amitabhbachchan,karanjohar,adultery extramarital affair
21461,Lage Raho Munna Bhai,2006-09-01,2006,hi,"[35, 18, 10749]",1.424,7.3,224,"Lovable goon Munna falls for a morning radio host by the name of Jahnvi, who also runs an elders' home which an unscrupulous builder seeks to attain. In order to gain Jahnvi’s attention, he cheats his way to winning a Mahatma Gandhi radio quiz. When Jahnvi consequently expresses interest in Munna, he and his best friend Circuit attempt to keep up the facade.",sanjaydutt arshadwarsi vidyabalan bomanirani dilipprabhavalkar,rajkumarhirani,historical figure india
14194,Dhoom 2,2006-11-24,2006,hi,"[18, 28, 53, 80]",1.9241,6.6,276,"Jai and Ali return, this time on the trail of an international thief who steals priceless artifacts and has chosen Mumbai as his next target.",hrithikroshan abhishekbachchan aishwaryaraibachchan udaychopra bipashabasu,sanjaygadhvi,robbery sequel heist disguise buddy cop motorcycle chase
435335,Tathastu,2006-05-13,2006,hi,[18],1.2561,5.7,3,Circumstances force a mill worker with a sick child to take the law into his own hands. It is only when he arms himself with a gun and storms into the hospital that people begin to notice his plight.,sanjaydutt ameeshapatel jayaprada gulshangrover darshanjariwala,anubhavsinha,
53590,Alag,2006-06-16,2006,hi,"[878, 14, 53, 18]",1.4134,4.6,11,"When an old widow passes away, the police searches his house and finds his son locked in the basement. They take the boy to an institution, where it is discovered that he possesses supernatural powers.",akshaykapoor diamirza yatinkaryekar jayantkripalani mukeshtiwari,ashutrikha,
310495,Chingaari,2006-02-17,2006,hi,"[18, 10749]",1.4522,1.7,3,"Mithun Chakraborty plays a powerful and domineering priest who rules his temple and the surrounding village with an iron fist, all supposedly for the sake of religion. He becomes enamored with a prostitute (Sushmita Sen) from a local brothel and begins spending more and more time with her. But when the village postman (Anuj Sawhney) takes a liking to her as well, the priest is forced to deal with him and a growing village rebellion.",sushmitasen mithunchakraborty ilaarun anujsawhney aanjjansrivastav,kalpanalajmi,
463320,Katputtli,2006-08-18,2006,hi,"[18, 53]",0.9664,4.3,3,"Lisa's dress is soaked in blood and her coat is loaded with money but she can't remember who she is. Her husband, Arjun, a famous surgeon, tries his best to help her recollect things.",milindsoman minkbrar yuktamookhey sameerdharmadhikari seemabiswas,sanjaykhanna,
41188,Bhagam Bhag,2006-12-22,2006,hi,"[35, 53, 10749]",1.1639,6.6,92,"After their lead actress quits their drama troupe; Bunty, Babla and their boss Champak search for a new heroine in London where they have just arrived, and get embroiled in a murder case involving a mysterious woman.",akshaykumar govinda pareshrawal laradutta jackieshroff,priyadarshan,
310803,Gafla,2006-10-06,2006,hi,[18],1.0705,8.0,1,"Subodh is a man with drive and ambition who sees the booming stock market as his ticket to riches. Although he becomes a successful trader, it's not enough to satisfy his dreams, and in attempting to become a major player in the markets, he finds himself embroiled in an elaborate stock scam.",vikramgokhale brijendrakala purvaparag vinodsharawat shaktisingh,sameerhanchate,corruption scam stockbroker stock market
20931,Taxi No. 9211,2006-02-24,2006,hi,"[35, 18, 53]",1.3459,6.3,63,A taxi driver and a businessman create havoc in each other's lives after a chance meeting.,johnabraham nanapatekar sameerareddy sonalikulkarni kurushdeboo,milanluthria,
14705,Omkara,2006-07-28,2006,hi,"[80, 18]",1.3402,6.9,92,"Half-caste bandit Omkara Shukla abducts his lady love, Dolly Mishra, from her family. Thanks to his cleverness, he gets away with the kidnapping. A conspiracy, however, forms against him when he denies his right-hand man, Langda Tyagi, a promotion. Ultimately, this plot threatens not only his relationship with Dolly, but their lives and those of their associates as well.",ajaydevgn kareenakapoorkhan saifalikhan vivekoberoi konkonasensharma,vishalbhardwaj,
158708,Sandwich,2006-07-31,2006,hi,"[35, 10749]",1.1917,5.2,16,"Shekar has moved to Mumbai from his home in Punjab and has fallen in love with Nisha. However, he is called back to his home to hear that his disabled sister is to marry a young man named Harpreet, but on the condition that Shekar marry Harpreet's sister. Unable to refuse, Shekar must lead a double life until matters come to a head many years later.",govinda raveenatandon mahimachaudhry mohnishbehl anangdesai,aneesbazmee,mistaken identity romcom mix-up
1106553,Love in Japan,2006-02-10,2006,hi,"[28, 35, 80]",0.976,3.0,1,"Film Specialist Chakra D. Dhari lives a poor lifestyle in a flat in Mumbai, is unable to pay his rent, but is determined to make a Bollywood movie at any and all costs. He manages to con Tiku, a Japan-based businessman, to finance a film, on the condition that the movie is produced by yesteryear heroine, Barkharani. That done, Chakra goes about recruiting a lead actor, a photographer, a dance director as well as a former beauty queen, Yukta Mookhey, and an established South Indian actress, Sana Shaikh, and takes them on location to Japan. Chakra will soon find out that his entire cast and crew have not only a secret agenda of their own, but the work on the movie will soon also be hampered by the presence of gangsters.",rajpalyadav upasnasingh tikutalsania rajusrivastava shaktikapoor,akramshaikh,
46618,Umrao Jaan,2006-11-02,2006,hi,"[10749, 18]",0.8934,8.1,24,"Bollywood film about the famous courtesan of the title. Aishwarya Rai stars in the lead role. The film is directed by J.P. Dutta and also stars Shabana Azmi, Sunil Shetty, Abhishek Bachchan, Divya Dutta, Himani Shivpuri and Kulbhushan Kharbanda.  A remake of the original directed by Muzaffar Ali and released in 1981.",aishwaryaraibachchan shabanaazmi sunielshetty abhishekbachchan bikramsaluja,j.p.dutta,remake
20971,Zinda,2006-01-12,2006,hi,"[28, 53]",1.0022,3.9,26,"After being held imprisoned in a room for 14 years, Balajeet Roy is suddenly released. Thereafter, he goes on a quest to look for the people who wronged him.",sanjaydutt johnabraham laradutta celinajaitly maheshmanjrekar,sanjaygupta,martial arts taxi driver remake revenge
65956,I See You,2006-12-29,2006,hi,"[10749, 18]",1.1541,5.8,11,"Dr Shivani Dutt living and working in a hospital in London, notices some of her colleagues delving in organ trafficking. Before she can expose them she is involved in an accident, leaving her on a life support machine.",arjunrampal vipashaagarwal bomanirani chunkypanday sonalikulkarni,vivekbagrawal,
1441988,Ganga,2006-10-20,2006,hi,"[18, 10749, 10402, 28]",0.8294,0.0,0,"Ganga, a bright village girl, is saved by Shankar in an act that leaves him crippled. She agrees to marry wealthy Ranjit but is accused of infidelity on their wedding day. Shankar exposes the truth, and Ganga marries him instead, only to face hostility from his family and a vengeful Ranjit.",nagma amitabhbachchan hemamalini ravikishan manojtiwari,abhishekchhadha,
48184,Baabul,2006-12-08,2006,hi,"[18, 10749, 10751]",1.0594,6.1,32,"When his only son dies in an accident, Balraaj urges his depressed daughter-in-law to marry a man who has long loved her in silence.",amitabhbachchan ranimukerji hemamalini salmankhan johnabraham,ravichopra,
19670,Golmaal – Fun Unlimited,2006-07-14,2006,hi,"[35, 10751]",1.5009,6.7,135,Four runaway cons take shelter in a bungalow owned by an old blind couple.,ajaydevgn arshadwarsi sharmanjoshi tussharkapoor pareshrawal,rohitshetty,stupidity dream girl
20145,36 China Town,2006-04-21,2006,hi,"[35, 53]",1.2075,5.7,56,"An inspector heads to 36 China Town to investigate a murder, where every suspect is hiding a secret.",akshayekhanna shahidkapoor kareenakapoorkhan pareshrawal johnylever,mustanalibhaiburmawalla,
115943,Banaras,2006-04-07,2006,hi,[18],0.8323,6.3,3,"Banaras: A Mystic Love Story is the name of an Indian Bollywood film directed by Pankaj Parashar released in 2006. The film takes place in the Hindu holy city of Varanasi (the city, once known as Banaras, serves as a destination for the pilgrimage of millions of Hindu worshippers annually) and is centered around the relationship of a young woman with her parents and her lover. The storyline also has a strong religious dimension. Most of the film was shot in Varanasi, with some scenes shot in Mauritius.",urmilamatondkar dimplekapadia naseeruddinshah ashmitpatel rajbabbar,pankajparashar,hinduism guru orphan india
15412,Khosla Ka Ghosla!,2006-09-22,2006,hi,[35],1.1921,7.3,112,"Kamal Khosla's land is grabbed by a land shark named Khurana. In a bid to retrieve their land, Khosla's elder son hatches a clever plan to con the crook and enlists the help of his friends and his dysfunctional family.",anupamkher bomanirani parvindabas ranvirshorey tarasharma,dibakarbanerjee,
20494,Malamaal Weekly,2006-03-10,2006,hi,"[35, 80]",1.3094,6.3,58,"After one of his customers dies from the shock of winning a lottery, lottery ticket seller Lilaram hatches a plan to have that money all for himself. But others from the village have also got their eyes on the money.",pareshrawal ompuri riteishdeshmukh reemasen rajpalyadav,priyadarshan,
59267,Jaan-E-Mann,2006-10-20,2006,hi,"[18, 10749]",1.1025,5.4,39,"Agastya a NASA scientist comes in search of his crush Piya. In order to make her fall for him, he gets Suhaan to help this out. However, everything goes well till a shocking past stands in front of them, turning their lives upside down.",salmankhan akshaykumar preityzinta anupamkher nawabshah,shirishkunder,
307030,Mere Jeevan Saathi,2006-02-03,2006,hi,"[28, 18, 10749]",0.4286,3.0,6,"Vicky (Akshay Kumar) is an aspiring singer who is devoted to his true love, Anjali (Amisha Patel). He gets a big offer from a music company in Canada and accepts it. In Canada, he meets the owner of the company, Natasha (Karisma Kapoor). Natasha helps Vicky become a star, however, Vicky is unaware of Natasha's hidden motives. Natasha knew Vicky in college and harboured a deep infatuation for him. Natasha's father had warned her that her love for Vicky can never be, as Vicky loved Anjali, but she refused to listen. When Natasha's father died in a car accident, Natasha, with no one else to love, put all her love and devotion on Vicky aside, and has been alone ever since.",akshaykumar karismakapoor ameeshapatel gulshangrover ashishvidhyarthi,suneeldarshan,
20359,Phir Hera Pheri,2006-06-09,2006,hi,[35],1.0892,6.8,139,"Raju,  Shyam and Baburao are living happily after having risen from rags to riches. However, they lose it all after falling victim to a chit fund scam due to their greed for more money. Soon, they find themselves in new mess and encounter eccentric and dangerous characters in their quest for a shortcut to riches again.",akshaykumar sunielshetty pareshrawal bipashabasu rimisen,neerajvora,
136542,Family: Ties of Blood,2006-01-12,2006,hi,"[28, 80, 18, 53]",0.4993,5.8,10,"The story is on the concept of karma and bad deeds. It follows Viren Sahai (Amitabh Bachchan), underworld don who rules over India. His son Abhir (Sushant Singh) is spoilt and believes he can do anything due to his father's power. When Viren's enemy Khan (Kader Khan) attacks Abhir, Viren demands revenge.",amitabhbachchan akshaykumar bhumikachawla aryemanramsay sushantsingh,rajkumarsantoshi,
493622,The Killer,2006-07-21,2006,hi,[18],0.612,3.6,6,A cold-blooded contract killer hires the services of a cab driver for a full night. He forces the driver to go around Dubai as he keeps finishing off witnesses scheduled to testify against a gangster.,emraanhashmi irrfankhan priyankakothari bharatiachrekar zakirhussain,rakshamistry,
330149,Yun Hota To Kya Hota,2006-07-21,2006,hi,[18],0.8907,6.2,6,"Four individuals from different parts of India board a US-bound flight. However, they are stuck in an unfortunate situation as the flight is hijacked soon after take-off.",konkonasensharma irrfankhan ayeshatakia jimmyshergill pareshrawal,naseeruddinshah,reunion student visa 9/11
92193,Shiva,2006-09-15,2006,hi,"[18, 28, 53]",1.0306,3.2,8,"Shiva Kumar re-locates to Mumbai to live with his brother, and joins the police force. However, he befriends a rebel journalist hoping to expose the corruption of the force he works for.",mohitahlawat vinodjaywant priyankakothari upendralimaye sherveervakil,ramgopalvarma,police corruption whistleblower
31983,Darna Zaroori Hai,2006-04-28,2006,hi,"[53, 27]",1.1494,5.1,27,Five children enter a haunted house and find an old woman. She promises to tell them six scary stories that they won't be able to handle.,manojpahwa saritajoshi amitabhbachchan riteishdeshmukh arjunrampal,j.d.chakravarthi,anthology murder
7508,Like Stars on Earth,2007-12-21,2007,hi,[18],4.3873,8.0,1303,"Ishaan Awasthi is an eight-year-old whose world is filled with wonders that no one else seems to appreciate. Colours, fish, dogs, and kites don't seem important to the adults, who are much more interested in things like homework, marks, and neatness. Ishaan cannot seem to get anything right in class; he is then sent to boarding school, where his life changes forever.",darsheelsafary aamirkhan tiscachopra vipinsharma tanaychheda,aamirkhan,jealousy parent child relationship boarding school painter father dyslexia teacher little boy india childhood teachers and students melodramatic
8079,Om Shanti Om,2007-11-07,2007,hi,"[35, 53, 18]",3.6506,7.1,390,"Reincarnated 30 years after being killed in a suspicious on-set fire, a small-time actor is determined to punish the person who ignited the blaze.",shahrukhkhan deepikapadukone arjunrampal kirronkher shreyastalpade,farahkhan,secret admirer confronting the past witness elimination murder confession brutal murder romantic dramedy double role film inside film reincarnated blockbuster 70s early 2000s tribute to bollywood
15772,Guru,2007-01-12,2007,hi,"[18, 10749]",3.1424,6.9,136,"A villager, Gurukant Desai, arrives in Bombay in 1958, and rises from its streets to become the biggest tycoon in India.",abhishekbachchan aishwaryaraibachchan mithunchakraborty r.madhavan vidyabalan,maniratnam,biography idealism tycoon industrialist rise to power
192339,Big Brother,2007-04-13,2007,hi,"[28, 80, 18]",1.8892,4.9,11,"Big Brother is a story set in modern India which revolves around a small middle-class family composed of Dev Sharma Sunny Deol, his wife Aarti Priyanka Chopra, his mother Farida Jalal, brother Imran Khan and sister Prachi. Although they lead a simple and peaceful lifestyle, an incident occurs that changes their lives forever. The family is left with no choice but to leave Delhi and move to Mumbai in disguise. They start life afresh and all seems well until the ghosts of the past surface again.  Things reach a point when Dev Sharma is prodded by his mother to take a course of action which not only avenges their plight but also take on the cause of the aggrieved in the country as a whole. The movement so created gets the support of the woman at large and the infirm who proudly proclaim him to be their Big Brother.",sunnydeol priyankachoprajonas dannydenzongpa imrankhan faridajalal,guddudhanoa,
46370,Anwar,2007-01-12,2007,hi,"[18, 10749]",1.9448,5.9,6,"Anwar is the story of a young man, an artist, who leaves his home and everything he knows in order to escape a world he no longer recognizes.  All he ever wanted was a love story, Instead, his mentor abandons him and his best friend and his one true love betray him. Devastated, emotionally exhausted, he takes refuge in an old building, only to wake up the next morning to find his world turned upside down. Mistaken for a terrorist, Anwar finds himself in the midst of an unusual set of circumstances that resonate deeply with the modern Indian Condition and indeed with the Human Condition in this present-day global village.",siddharthkoirala nauheedcyrusi manishakoirala vijayraaz rajpalyadav,manishjha,
11807,Jab We Met,2007-10-26,2007,hi,"[18, 35, 10749]",1.9095,7.3,313,A depressed wealthy businessman and a spunky carefree young woman embark on an unexpected journey that changes their lives.,shahidkapoor kareenakapoorkhan tarunarora darasingh pavanmalhotra,imtiazali,love of one's life unexpected happiness arranged marriage romcom calamity remake train elopement
19025,Bhool Bhulaiyaa,2007-10-12,2007,hi,"[35, 27, 53]",1.8346,6.7,196,"NRI Siddharth Chaturvedi and his wife Avni return to Siddharth's family's ancestral Varanasi palace while disregarding warnings of a curse and paranormal phenomena. Soon enough, inexplicable events begin occuring, which forces Siddharth to consult the eccentric psychiatrist Aditya Shrivastav to help solve the mystery.",akshaykumar shineyahuja vidyabalan pareshrawal ameeshapatel,priyadarshan,haunted house paranormal phenomena remake eccentric curse nri supernatural phenomena ancestral home non-resident indian
260648,To Be Continued,2007-05-03,2007,hi,[99],1.2578,6.5,10,"An ascetic walks through the narrow streets of a village every morning while his family is still asleep. In his semi-somnolent state he dreams about the history of the village mixing up myths, folklore and facts.",chandrashekhardutta,amitdutta,
35063,Just Married,2007-03-16,2007,hi,"[18, 10749]",1.2024,6.0,6,A film about five couples who are on their honeymoon at Ooty and share the same hotel. All of them are pretty newly wed except for one who are celebrating their wedding anniversary. Together the couples take many tours and visit sites together in Ooty and get to know each other on a personable level. Slowly and steadily host of stories open up about each of them.,fardeenkhan eshadeol kirronkher perizaadzorabian,meghnagulzar,woman director
27298,Partner,2007-07-20,2007,hi,"[35, 10749]",1.2309,5.5,116,"Prem, a love guru who shares tips on dating women, helps his client, Bhaskar, woo his boss. Things get complicated when he falls for a single mother and tries to hide his profession.",salmankhan govinda laradutta katrinakaif rajpalyadav,daviddhawan,love guru
22448,Awarapan,2007-06-29,2007,hi,"[28, 18, 80]",1.5844,6.9,48,"A loyal henchman is ordered by his boss to keep an eye on his mistress, and trouble begins when he refuses to kill her.",emraanhashmi shriyasaran mrinalinisharma salilacharya purabkohli,mohitsuri,gangster redemption atheist remake unrequited love
20413,Dhamaal,2007-09-07,2007,hi,"[35, 12]",1.317,6.7,125,"Four friends meet an underworld don who, on his deathbed, clues them in on hidden treasure buried in Goa. The group race towards Goa, not knowing that their plans will soon be foiled, albeit hilariously, by a police officer, who is also after the money.",sanjaydutt arshadwarsi riteishdeshmukh javedjaffrey aashishchaudhary,indrakumar,
20360,Namastey London,2007-03-23,2007,hi,"[35, 18, 10749]",1.301,6.2,121,"On a trip to India, Jasmeet's father forcefully marries her off to Arjun. However, when they return to London, Jasmeet announces her intention of marrying her boyfriend, Charlie Brown.",akshaykumar katrinakaif rishikapoor clivestanden upenpatel,vipulamrutlalshah,"london, england"
16576,Cheeni Kum,2007-05-25,2007,hi,"[10749, 18]",1.1111,6.2,39,"Buddhadev Gupta, a 64-year-old chef, falls in love with a 34-year-old software engineer, Nina. However, their future becomes uncertain when he discovers that her father is six years his junior.",amitabhbachchan tabu pareshrawal swinikhara vinayjain,r.balki,
14163,Chak De! India,2007-08-09,2007,hi,[18],1.4524,7.2,364,"A team of rag-tag girls with their own agenda form Team India competing for international fame in field hockey. Their coach, the ex-men's Indian National team captain, returns from a life of shame after being unjustly accused of match fixing in his last match. Can he give the girls the motivation required to win, while dealing with the shadows of his own past?",shahrukhkhan vidyamalvade sagarikaghatge shilpashukla chitrashirawat,shimitamin,sports coach field hockey
4157,Heyy Babyy,2007-08-24,2007,hi,"[35, 18, 10749]",1.3195,5.9,112,Three womanisers find a baby left at their doorstep. Chaos ensues as they try to contact their former girlfriends to determine who is the father amongst them.,akshaykumar riteishdeshmukh fardeenkhan vidyabalan bomanirani,sajidkhan,baby
388312,My Own Sky,2007-09-07,2007,hi,"[18, 878]",1.219,0.0,0,"In order to make their autistic child a genius, a couple injects a drug into his body, only to face drastic consequences later.",irrfankhan shobana rajatkapoor anupamkher,kaushikroy,
20294,Welcome,2007-12-21,2007,hi,"[35, 80, 10751]",1.3008,6.8,169,"Two gangsters meet Rajiv, who belongs to a respectable family, and want to fix their sister's wedding with him. However, when Rajiv's uncle refuses to the match, a series of hilarious situations occur.",akshaykumar katrinakaif nanapatekar anilkapoor pareshrawal,aneesbazmee,
14159,Aaja Nachle,2007-11-30,2007,hi,"[10749, 18]",1.0824,6.5,41,"Dia is a divorced mom living in New York and must go back to India after she receives news that her guru is on his death bed. When she arrives she finds he is gone and has left her the responsibility of saving and reviving the Ajanta Theater where she used to dance. The problem is that the political officers want it torn down and turned into a shopping mall. The storyline follows Dia and her challenge to stand up for what she believes in and fight the cause to the end, while trying to win back the love and support of the people of the town whom she walked out on ten years prior.",madhuridixit konkonasensharma kunalkapoor raghubiryadav dalai,anilmehta,underdog dance performance stage show love
36204,No Smoking,2007-10-26,2007,hi,"[53, 18]",1.0751,6.9,68,A heavily addicted smoker is unprepared for the true price he must pay when he asks a guru's help to kick the habit.,johnabraham ayeshatakia pareshrawal ranvirshorey kikusharda,anuragkashyap,smoking cigarette chain smoking angry
16283,Saawariya,2007-11-09,2007,hi,"[18, 10402, 10749, 10751]",1.5619,5.5,89,"Two souls arrive in a small town, one on vacation, the other to meet a lover. They spend the most magical dream-like days of their lives in that town... with each other.",ranbirkapoor sonamkapoorahuja ranimukerji salmankhan zohrasehgal,sanjayleelabhansali,dancing prostitute based on novel or book brothel musical unrequited love
59258,Dhokha,2007-08-31,2007,hi,"[18, 28, 10749, 53]",1.0591,7.0,5,"Post-September 11, 2001, Zaid Ahmed Khan lives a wealthy lifestyle in Mumbai and resides in an apartment at Shanti Kutir, Juhu Tara Road, Mumbai, and works as an Assistant Commissioner of Police. One day terrorists strike at a club, killing 20 people, & critically injuring several others. The Police are put on alert, and Zaid is summoned to Police Headquarters to identify a body. To his shock the body turns out to be that of Sarha, his wife - who was not a victim but was a suicide-bomber. While trying to put his life together, Zaid comes across evidence that Sarha may have had an hand in the killings, and thus intrigued he decides to travel to Nasik to find out what really happened, whether his devout Islamic wife was really a terrorist or the victim of a deep-rooted conspiracy.",tulipjoshi aushimasawhney gulshangrover muzamilibrahim anupamkher,poojabhatt,woman director
19418,Dhol,2007-09-14,2007,hi,[35],1.4331,6.2,51,"Pankaj , Gautam, Sameer and Martand are roommates in Pune who are bound together by their ambition to make it big in life with the least effort possible. Each one tries his hand at finding a shortcut to success but ends up being in even deeper trouble. Things get worse when the four decide to take a loan at high interest which they are unable to pay back. They believe that the only way to get rich without working hard is to marry the wealthy girl in their neighborhood and each of the four friends embark on their individual plans to woo her.",sharmanjoshi kunalkhemu tussharkapoor rajpalyadav tanushreedutta,priyadarshan,friendship remake
25869,Salaam-e-Ishq,2007-01-26,2007,hi,"[35, 18, 10749]",1.3873,4.8,51,"Six couples who do not know each other are brought together by destiny, fate and love",salmankhan priyankachoprajonas johnabraham vidyabalan anilkapoor,nikkhiladvani,love episodic
25638,Laaga Chunari Mein Daag,2007-10-12,2007,hi,"[18, 10749]",1.3076,5.436,39,"Badki and Chutki live a fun-filled life in Banaras, playing pranks, sneaking off to see a forbidden mujra, and soaking up all the excitement that goes on the ghats of the Ganga. Badki is aware that the family is in dire straits, but she and her mother protect Chutki at all costs. When things get worse, Badki decides to go to Mumbai and seek a living for the family.",ranimukerji konkonasensharma jayabachchan abhishekbachchan anupamkher,pradeepsarkar,
20454,Dil Dosti Etc,2007-09-28,2007,hi,[18],0.7738,5.5,8,"Two college boys from diverse backgrounds believe that since time is on their side, anything is possible. Consequently, their arrogance leads them to challenge each other to prove their efficiencies.",shreyastalpade ishitasharma imaadshah nikitaanand rajeevsiddhartha,manishtiwary,
497809,68 Pages,2007-12-09,2007,hi,[18],0.6529,4.2,8,"Coming from a country like India that is still in denial, where being HIV+ is still a curse, '68 Pages' rips open the underbelly of its society to reveal how it stigmatizes and shuns those who are HIV+ or even those who just want to be what they are. Through 68 Pages of a counselors diary, we see the stories of Paayal, a sex worker; Nishit, an ID user; Kiran, a gay man and Umrao, a transsexual bar dancer - their stories of pain and fear, humiliation and rejection - not only by the society, but even by their loved ones.",joysengupta mouliganguly jayatibhatia zafarkarachiwala udaysonawana,sridharrangayan,aids drag queen hiv india trust counselor lgbt activism gay theme
32134,Bal Ganesh,2007-02-08,2007,hi,"[16, 10751]",0.7369,6.0,4,The film is about the childhood of Lord Ganesh. The film covers a) Lord Ganesh's birth and b) The story behind Lord Ganesh's voracious appetite which recalls the incident of Lord Kubera inviting Lord Shiva and Goddess Parvathi for a feast and the consequential events,kailashkher ashabhosle,pankajsharma,hindu
46383,Dus Kahaniyaan,2007-12-07,2007,hi,[18],1.0949,4.2,18,"An anthology of ten short films dealing with diverse subjects such as infidelity, companionship, lust and a spectrum of human emotions.",arbaazkhan mandirabedi sudhanshupandey jimmyshergill masumehmakhija,jasmeetdhodhi,anthology woman director
25803,Amal,2007-09-13,2007,hi,[18],0.9047,7.7,24,"Autorickshaw driver Amal is content with the small, but vital, role he serves - driving customers around New Delhi as quickly and safely as possible. But his sense of duty is tested by an eccentric, aging billionaire, who, moved by Amal's humility, bequeaths him his entire estate before passing away. With only one month to discover and claim the inheritance, Amal's struggles with duty and wealth are threatened by all those around him - from a young injured beggar girl and a lovely store merchant, to the danger of the old man's upper-caste friends and siblings, all seeking to claim their share of the riches.",rupindernagra seemabiswas naseeruddinshah koelpurie viksahay,richiemehta,
20129,Johnny Gaddaar,2007-09-28,2007,hi,"[80, 18, 53]",1.0004,6.8,65,"Five men get involved in a drug deal set up by a corrupt police officer, but the plan goes awry when the youngest member decides to steal the money.",neilnitinmukesh dharmendra zakirhussain vinaypathak dayanandshetty,sriramraghavan,deception woman between two men
192675,Eklavya: The Royal Guard,2007-02-16,2007,hi,"[28, 18, 53]",0.9205,6.1,22,"As the kingdom of Devigarh comes apart at the seams, an aging bodyguard attempts to protect the Royal Family, as well as keep its darkest secrets from ever coming to light.",amitabhbachchan saifalikhan vidyabalan sanjaydutt bomanirani,vidhuvinodchopra,
192364,Swami,2007-06-08,2007,hi,[18],0.9396,6.5,5,"Swami, Radha and their kid shift to Mumbai after selling off their ancestral home in a village. In Mumbai, they get their kid admitted to a school that's patronized by children belonging to affluent families. Everything is going fine until Radha falls ill and is diagnosed with a life-threatening illness. Swami starts working overtime to raise funds for the operation, but Radha spends the entire amount on a chair that Swami wants to possess so dearly. Radha passes away with just one desire: The kid should settle down in America some day. How Swami works towards that dream is the remainder of the story",juhichawlamehta manojbajpayee maninder nehapendse vivekshauq,ganeshacharya,
463315,Chain Kulii Ki Main Kulii,2007-06-22,2007,hi,"[35, 18, 10751, 14]",1.0222,5.8,34,"An orphan boy with dreams of finding a family and fame as a cricketer, finds a bat with magical powers and lands a spot in the Indian cricket team.",zainkhan rahulbose bobbybedii rajbhansali deiptimaanchowdhury,karanjeetsaluja,orphanage cricket coach orphan magical object teenage boy indian cricket team cricket bat
20492,Life in a Metro,2007-05-11,2007,hi,"[18, 10749]",0.8747,6.3,83,A group of Mumbai up-and-comers search for love and struggle for success in this ensemble drama that centers on an eager young call centre executive.,kaykaymenon shilpashettykundra konkonasensharma irrfankhan shineyahuja,anuragbasu,marriage anthology fear of commitment extramarital affair multiple storylines mumbai romantic drama
322481,Yatra,2007-05-04,2007,hi,[18],0.8612,3.0,1,"Dasrath Joglekar (Nana Patekar), a celebrated writer, travels to Delhi to receive the prestigious Literary Award. During the journey he meets a young film maker (Nakul Vaid), an ardent fan of Dasrath’s writing and the encounter brings back memories from the past. Memories from the past and passion bring him to Mehendi galli where people flock to enjoy mujra dances. The entire area has changed. Lajvanti alias Lajobai has become Miss Lisa, presenting popular film songs numbers to entertain a new clientele. Dasarath’s sudden appearance is a great surprise for Lajvanti. The character of his novel Janaza comes alive at an unexpected juncture. Lajvanti shows her reverence to Dasrath by singing melodies from their past. Fate accomplices another journey into the unknown is created.",nanapatekar rekha deeptinaval jeeva nakulvaid,goutamghose,
14165,Ta Ra Rum Pum,2007-04-27,2007,hi,"[10751, 35, 10749]",0.744,6.2,83,Ace car racer RV and his wife have the world at their feet. But he has an accident and his world is turned upside down. Can he reclaim his lost glory?,saifalikhan ranimukerji javedjaffrey shrutiseth alihaji,siddharthanand,new york city sports rags to riches family relationships family racer starvation race car driving drama
159434,"Good Boy, Bad Boy",2007-05-11,2007,hi,"[35, 10749]",0.7623,4.5,20,Two college students exchange their classes after the college management mixed their identical names by mistake.,tussharkapoor emraanhashmi ishasharvani tanushreedutta pareshrawal,ashwinichaudhary,
297022,Red Swastik,2007-06-08,2007,hi,"[80, 18, 53]",0.8545,2.5,6,"The police hunt a femme fatale who, after intercourse, brutally murders her lovers and leaves behind a swastika calling card.",sherlynchopra harshchhaya deeprajrana deepshikanagpal kuldeepmallik,vinodpande,erotic thriller
20535,Nishabd,2007-03-02,2007,hi,"[10749, 18]",0.9531,4.5,11,"Vijay enjoys the good life: happily married, wealthy and a beautiful daughter. However, one summer, when his daughter brings a friend back to stay, their familial bliss is shattered.",amitabhbachchan jiahkhan shraddhaarya aftabshivdasani nassar,ramgopalvarma,age difference extramarital affair
14070,Ghajini,2008-12-25,2008,hi,"[28, 10749, 53]",2.1026,7.0,437,"A man suffering from anterograde amnesia as a result of a violent attack in the past sets out to avenge his girlfriend's death with the aid of photographs, notes and tattoos all over his body.",aamirkhan asinthottumkal jiahkhan pradeepramsinghrawat riyazkhan,a.r.murugadoss,tattoo businessman love at first sight gangster diary villain revenge brutality police officer polaroid medical student
14072,Rab Ne Bana Di Jodi,2008-12-11,2008,hi,"[35, 18, 10749]",2.0889,7.1,308,"A lonely 40-ish man, likely to remain a bachelor, has a chance to find the love of his life when he falls for a vivacious young woman.",shahrukhkhan anushkasharma vinaypathak m.k.raina manmeetsingh,adityachopra,
79111,Chanchal,2008-08-10,2008,hi,[],1.5129,4.5,1,,gracysingh armaanshahabi,indrajitsingh,
14073,Jodhaa Akbar,2008-02-13,2008,hi,"[10749, 36, 18]",1.9771,7.3,272,A sixteenth century love story about a marriage of alliance that gave birth to true love between a Mughal emperor and a Rajput princess.,hrithikroshan aishwaryaraibachchan sonusood kulbhushankharbanda suhasinimulay,ashutoshgowariker,husband wife relationship marriage crisis emperor hindu biography sword fight period drama domineering mother mughal empire marriage of alliance 16th century love after marriage hindu muslim conflict religião cinebiografia hinduísmo islamismo século xvi
14751,Dasvidaniya,2008-11-07,2008,hi,"[35, 18]",1.6544,7.0,32,"A man who loves to make ""to-do lists"" makes one last bucket list when he realizes he is about to die.",vinaypathak ranvirshorey rajatkapoor nehadhupia saurabhshukla,shashantshah,
16383,Maharathi,2008-12-04,2008,hi,[53],1.5442,6.7,6,"After his boss, Jai Singh, commits suicide, Subhash, a chauffeur, hatches a plan to win his insurance money. He teams up with Jai's wife, Mallika, to make the suicide look like a well-planned murder.",pareshrawal nehadhupia tarasharma bomanirani ompuri,shivamnair,
15464,EMI,2008-11-07,2008,hi,"[35, 80]",1.4509,7.0,2,"(Extension: Easy Monthly Installment - Liya Hai Toh Chukana Padega!) is a 2008 Bollywood social film directed by Saurabh Kabra and starring Malaika Arora, Sanjay Dutt, Urmila Matondkar and lots more. The film released on November 7, 2008.",sanjaydutt urmilamatondkar malaikaarora arjunrampal nehaoberoi,saurabhkabra,
19669,Kidnap,2008-10-02,2008,hi,"[28, 80, 53]",1.0979,4.3,25,"A fortnight before her eighteenth birthday, Sonia goes missing. Her family receives a call informing them that she has been kidnapped and her estranged father, a US-based businessman, must now follow the kidnapper’s instructions to the letter if he is to entertain any hopes of seeing her alive again. Is this a mere kidnapping or is there more to it than what meets the eye?",imrankhan sanjaydutt minisshalamba vidyamalvade reemalagoo,sanjaygadhvi,
12273,Singh Is Kinng,2008-08-08,2008,hi,"[28, 35]",1.1234,5.6,107,"A comic caper about Happy Singh, a Punjabi villager who goes through a series of misadventures and eventually becomes the King of the Australian underworld.",akshaykumar katrinakaif ompuri ranvirshorey nehadhupia,aneesbazmee,
19623,Drona,2008-10-02,2008,hi,"[28, 53]",0.956,3.3,18,"Aditya is an orphaned and lonely young man. He soon learns that he belongs to a family of ancestral warriors who guard a mystic source of cosmic energy, and he must now take up his responsibilities.",abhishekbachchan priyankachoprajonas jayabachchan alihaji kaykaymenon,goldiebehl,
277615,Mehbooba,2008-07-11,2008,hi,"[18, 10749]",1.0741,4.5,2,"After dreaming of a beautiful girl for over 8 years, Budapest-based but born in Rajasthan, Karan, finally gets to meet her in the shape and form of Varsha, who happens to be the foster daughter of his lawyer, Sahid. Karan is confident that Sahid will convince Varsha to marry him - little knowing that Varsha will not only refuse to marry but she also hates men, and had a parallel New York-based lifestyle as Payal Mehra.",sanjaydutt ajaydevgn manishakoirala sumanranganathan kaderkhan,afzalkhan,
20365,Hello,2008-10-10,2008,hi,[35],1.075,5.7,140,Call-center workers receive a phone call from God.,sharmanjoshi sohailkhan ishakoppikar gulpanag amritaarora,atulagnihotri,
14467,Jaane Tu... Ya Jaane Na,2008-07-04,2008,hi,"[18, 35, 10749]",1.3589,6.8,168,Two best friends being convinced that they are not in love search for each other's love.,imrankhan geneliad'souza manjarifadnnis prateiksmitapatil sugandhagarg,abbastyrewala,romantic familiar
18609,Shaurya,2008-04-04,2008,hi,"[18, 53]",1.5179,7.2,16,"Maj. Siddhant Chaudhary, an Indian Army lawyer, attempts to defend Capt. Javed Khan who is accused of killing a decorated officer. The problem is that Khan does not wish to be defended and freely admits to his crime.",kaykaymenon rahulbose amritarao minisshalamba javedjaffrey,samarkhan,
14071,Dostana,2008-11-13,2008,hi,"[18, 35, 10749]",1.1111,6.1,165,"Two straight guys pretend to be a gay couple to secure a posh Miami apartment, but fall for their gorgeous roommate. Hilarity ensues as they strive to convince everyone of the ruse while secretly trying to win her heart.",abhishekbachchan johnabraham priyankachoprajonas kirronkher bomanirani,tarunmansukhani,"friendship miami, florida womanizer"
35695,Welcome to Sajjanpur,2008-09-19,2008,hi,[35],1.0179,5.6,21,"Mahadev (Shreyas Talpade) is an unemployed graduate with a Bachelor of Arts from Satna college, who is forced to make a living writing letters for the uneducated people of his village. His real ambition is to become a novel writer. Through his humble occupation, Mahadev has the potential to impact numerous lives. The movie is a satirical, but warm-hearted portrait of life in rural India.",shreyastalpade amritarao kunalkapoor ravikishan ravijhankal,shyambenegal,rural area writer
125289,Super Star,2008-02-08,2008,hi,[],0.9221,7.0,3,"Kunal Mehra lives a middle-classed lifestyle in Borivali, Mumbai, along with his disapproving dad, Purabi, and supportive mom, Kusum. He has a sweetheart in Mausam, an aspiring Journalist. Ever since he was 8 years of age, Kunal wanted to act in Bollywood movies much to his dad's displeasure. He did play the part of Bhagwan Shri Hanuman in a play in school, but has been not very successful in landing any major part in any movie. He gets a break when his look-alike, Karan Saxena, the leading man of his dad's production 'Super Star' has qualms about heights and is unable to act. Kunal steps into Karan's shoes, and even accompanies the unit to film in Bangkok, Thailand. Shortly thereafter the media explodes with the news that Karan has been injured, and Kunal has been killed in a car accident. Watch what impact this news has on the Mehra family, the Saxenas, Mausam, as well as on the outcome of the movie.",kunalkhemu,,
15467,Kismat Konnection,2008-07-18,2008,hi,"[18, 35, 10749]",1.6199,4.8,63,Raj Malhotra is a luckless architect who seeks success but in vain. He bumps into a social activist named Priya. Raj finds out that Priya is a lucky charm for him but unfortunately she is protecting the community center for which he aims to win the contract of demolishing for a brand new shopping mall.,shahidkapoor vidyabalan juhichawlamehta ompuri vishalmalhotra,azizmirza,
23848,Halla Bol,2008-01-11,2008,hi,[18],1.393,4.8,20,Ashfaque (Ajay Devgan) is a small town boy aspiring to be a film star in the Hindi film industry. He joins a street theatre group run by a reformed dacoit Sidhu (Pankaj Kapur) who uses street theatre as a medium to bring about an awakening in the masses. Ashfaque struggles to give a creative vent to the actor in him in order to realize his dreams.,ajaydevgn vidyabalan pankajkapur sanakhaan darshanjariwala,rajkumarsantoshi,
20653,Roadside Romeo,2008-10-24,2008,hi,"[16, 10751, 12, 35]",1.2942,4.7,37,"This is the story of Romeo. A dude who was living the life. He had the works - the mansion to live in, the chicks to party with and the cars to be driven around in. Until one day, the family he was the favourite pet of, decided to move and left him back, abandoned on the mean streets of Mumbai. Romeo is now faced with situations he has never been in before. He encounters four strays, who scare the daylights out of him. But soon, he smooth talks his way into their hearts and he makes friends. Then, Romeo finds love! He encounters the beautiful, ravishing Laila, the most beautiful girl he has ever seen - and he loses his heart to her at first sight. Finally, he encounters a villain! The dreaded Don of the area - Charlie Anna. The Don who everyone is scared of. So hop on to the adventure as Romeo, wins friendship, love and a new life - in spite of Charlie Anna and his gang!",saifalikhan kareenakapoorkhan javedjaffrey tannazirani vrajeshhirjee,jugalhansraj,anthropomorphism riches to rags
14546,Golmaal Returns,2008-10-29,2008,hi,[35],0.7869,5.5,127,"Stuck all night on a yacht with a damsel in distress, Gopal lies to his soap opera junkie wife to avoid drama. This sets off a chain of chaotic events that ultimately land him smack dab in the middle of a police case.",ajaydevgn arshadwarsi shreyastalpade tussharkapoor kareenakapoorkhan,rohitshetty,stupidity
19624,Fashion,2008-10-29,2008,hi,"[18, 10749]",0.9493,6.5,93,A small-town girl finally realizes her dream of becoming a famous supermodel but soon finds out that there's a price for her glamorous new life.,priyankachoprajonas kanganaranaut mugdhagodse arjanbajwa samirsoni,madhurbhandarkar,drug abuse sexual obsession black money drug use modeling
14193,Tashan,2008-04-25,2008,hi,"[28, 10749]",1.107,4.4,39,"Jeetendra Kumar Makwana is employed full-time at a Call Center and works part-time teaching English. He is recruited by an attractive young woman, Pooja, to teach her Hinglish-speaking boss, Bhaiyaji, English. Jeetendra agrees to do so, falls in love with Pooja, and joins forces with her to steal a bag containing 25 Crore Rupees in cash. He will soon find out that Bhaiyaji is a hoodlum and extortionist known to the Police as Lakhan Singh.",akshaykumar kareenakapoorkhan saifalikhan anilkapoor sanjaymishra,vijaykrishnaacharya,
20832,Krazzy 4,2008-04-11,2008,hi,"[35, 80]",1.0959,4.9,33,4 mental patients formulate the plan to rescue their kidnapped doctor and teach the kidnappers a lesson.,arshadwarsi irrfankhan sureshmenon rajpalyadav juhichawlamehta,jaideepsen,kidnapping mental institution police corruption doctor psychiatrist mental patient mental illness mental hospital
25510,Jannat,2008-05-16,2008,hi,"[80, 18, 10749]",1.0267,6.2,41,A gambler turns into a cricket bookie banking on his sixth sense for the game. But his urge to make quick money pushes him into match-fixing and he loses control of his life and love.,emraanhashmi sonalchauhan javedsheikh sameerkochhar vishalmalhotra,kunaldeshmukh,
19703,A Wednesday!,2008-09-05,2008,hi,"[18, 53]",1.0239,7.0,354,"Prakash Rathod, a retired police commissioner recounts the most memorable case of his career wherein he was informed about a bomb scare in Mumbai by an ordinary commoner.",anupamkher naseeruddinshah jimmyshergill deepalshaw aamirbashir,neerajpandey,police bomb al qaeda bomb threat
161801,Maan Gaye Mughal-e-Azam,2008-08-21,2008,hi,"[80, 35]",0.7082,4.5,2,"When the Kalakar Theatre Company, a theatre group in Goa, attempts to stage a political drama, the local authorities close down the play and force them to perform a more traditional play, a stage version of Mughal-E-Azam. The company then discovers that an underworld don is engineering a bomb blast to shake confidence in the Indian government. The drama company forms a plan to save the entire city from the blast.",rahulbose pareshrawal mallikasherawat kaykaymenon tannazirani,sanjaychel,
20976,Mission Istaanbul,2008-07-25,2008,hi,"[28, 12]",1.2082,3.3,8,A news reporter must uncover the secret on the 13th floor of a News Station.,zayedkhan vivekoberoi shriyasaran nikitindheer shabbirahluwalia,apoorvalakhia,
20917,Sunday,2008-01-25,2008,hi,"[35, 53]",1.0815,4.9,23,"A dead body found floating in a lake… Unexplained scratch marks on her neck… Supari killers out to kill her… A taxi driver who yells ‘bhoot, bhoot’ every time he sees her...",ajaydevgn arshadwarsi ayeshatakia irrfankhan anjanasukhani,rohitshetty,
15974,Bhoothnath,2008-05-09,2008,hi,"[10751, 35]",1.2439,6.1,117,"Moving into a new house, a family witnesses an unfriendly ghost who wants to drive them away from the house. However, he befriends a little boy who changes his outlook forever.",amitabhbachchan amansiddiqui juhichawlamehta shahrukhkhan rajpalyadav,viveksharma,flashback ghost
16928,Black & White,2008-02-01,2008,hi,"[28, 18]",0.8559,4.5,1,"Rajan Mathur (Anil Kapoor) is a Professor in Urdu literature in Dr. Zakir Hussain's College. He resides in Chandni Chowk with his activist wife, Roma Mathur (Shefali Shah). Professor Mathur comes across a young boy called Numair Qazi (Anurag Sinha) who introduces himself as a victim of communal riots in Gujarat.",anilkapoor anuragsinha shefalishah habibtanvir aditisharma,subhashghai,
117329,Haal-e-Dil,2008-06-20,2008,hi,"[18, 10749]",0.9318,3.5,2,"While traveling by train Shekhar attempts to woo Sanjana Sharma, but finds out she had given her heart to a former boyfriend, Rohit, who is no more. Both share some misadventures en-route to Simla, and upon arrival Shekhar openly declares his love for her knowing fully that this decision will bring nothing but heartbreak for him.",adhyayansuman nakuulmehta amitapathak tanujasamarth himanishivpuri,anildevgan,
188284,Hulla,2008-09-19,2008,hi,"[35, 18]",0.7438,6.0,1,A stockbroker who moves into a flat finds that he cannot sleep because of the loud whistle blown by the night-watchman. This leads him into conflict with the building's secretary who insists on the use of the whistle.,sushantsingh kartikarane rajatkapoor mandeepmazumdar vrajeshhirjee,jaideepvarma,
46414,My Name Is Anthony Gonsalves,2008-01-11,2008,hi,"[18, 35]",0.4963,4.4,9,"Riya lives a middle-classed lifestyle in Mumbai and works as an Assistant Director for a movie producer, Bharucha. After the passing of her mother, she is consoled by a young man, Anthony Gonsalves, in the church graveyard. He introduces himself as the son of Jeffrey, who passed away during 1986, and works as a waiter in Jimmy's Pub...",amritarao nikhildwivedi mithunchakraborty priyankachoprajonas pavanmalhotra,eeshwarnivas,
20358,Yuvvraaj,2008-11-21,2008,hi,[18],1.2149,4.8,26,"Two estranged brothers (Salman Khan, Zayed Khan) must learn to work together to claim their rightful share of an inheritance left solely to their eldest sibling (Anil Kapoor).",salmankhan anilkapoor katrinakaif zayedkhan bomanirani,subhashghai,sibling relationship
16537,Mumbai Meri Jaan,2008-08-22,2008,hi,[18],0.7282,7.0,27,"Shortly after 1800 hours, 11 July 2006, Mumbai was shattered by seven bomb blasts on Western Railway stations: Matunga, Mahim, Khar, Bandra, Jogeshwari, Borivali, and Bhayandar. It took the Police and ambulance over an hour to attend at various sites. This incident changes lives of Thomas, originally from Chennai, who sells tea from his bike; Rupali Joshi, a TV News reporter, who has to deal with the death of her to-be spouse, Ajay Kumar Pradhan; Suresh, in debt, starts to suspect all Muslims, especially Yusuf; Inspector Tukaram Patil, about to retire, goes about collecting bribes as usual, much to the chagrin of his embittered, honest and soon to-be suspended subordinate, Sunil Kadam; while Nikhil Agarwal, a Nationalist and environmentalist, debates whether he should re-locate to the United States, along with his pregnant wife, Sejal.",pareshrawal irrfankhan kaykaymenon r.madhavan sohaalikhan,nishikantkamat,9/11
15864,Bachna Ae Haseeno,2008-08-15,2008,hi,"[10749, 35, 18]",0.9122,6.1,92,"Raj is a heartbreaker. His love stories with Mahi, Radhika and Gayatri finally teach him about love and life in their own sweet, sexy and sassy way.",ranbirkapoor deepikapadukone bipashabasu minisshalamba kunalkapoor,siddharthanand,
31897,U Me Aur Hum,2008-04-11,2008,hi,"[10749, 35, 18]",0.7915,6.2,22,"While on a cruise, Ajay Mehra falls in love with Piya and soon marries her. However, their marital bliss is shattered when Piya is diagnosed with Alzheimer's disease.",ajaydevgn kajol divyadutta ishasharvani karankhanna,ajaydevgn,disease
1419548,Inquilab,2008-08-15,2008,hi,"[99, 36]",0.8736,0.0,0,"A documentary that traces the life and times of Bhagat Singh, a committed Marxist who most ably exemplified the spirit of revolutionary resistance against British imperialism in undivided India.",zohrasehgal suchitragupta swamiagnivesh kuldipnayar urvashibutalia,gauharraza,independence biography british colonialism history shaheed bhagat singh marxism hindustan socialist republican association
647873,Tulsi: Mathrudevobhava,2008-01-18,2008,hi,[18],0.7194,7.0,1,"Tulsi tells the story of Tulsi, married to a drunkard Suraj. The couple is blessed with four kids. One evening, while Suraj is away, his friend tries to molest Tulsi. When Suraj gets to know of it, he beats Yashpal black and blue. A furious Yashpal swears revenge. In the meanwhile, Tulsi is diagnosed with blood cancer. Yashpal attacks Suraj and murders him. A distraught Tulsi now decides to get her kids adopted by different families before she's gone.",manishakoirala irrfankhan sadashivamrapurkar tinnuanand kulbhushankharbanda,k.ajaykumar,
20453,3 Idiots,2009-12-23,2009,hi,"[18, 35]",6.1129,7.993,2663,"Rascal. Joker. Dreamer. Genius... You've never met a college student quite like ""Rancho."" From the moment he arrives at India's most prestigious university, Rancho's outlandish schemes turn the campus upside down—along with the lives of his two newfound best friends. Together, they make life miserable for ""Virus,"" the school’s uptight and heartless dean. But when Rancho catches the eye of the dean's daughter, Virus sets his sights on flunking out the ""3 idiots"" once and for all.",aamirkhan r.madhavan sharmanjoshi kareenakapoorkhan bomanirani,rajkumarhirani,challenge middle class slapstick comedy coming of age flashback teacher friends engineering university subjective camera smart kid poor kid looking for friend plot twist inspirational student life advice amused delhi
25868,Aladin,2009-10-29,2009,hi,"[14, 18, 10749, 12, 35]",1.9958,6.2,98,"Aladin, an orphan tormented by bullies, discovers a magic lamp that grants him incredible powers. Later, with the help of a genie, he embarks on thrilling adventures to defeat the evil Ringmaster.",riteishdeshmukh amitabhbachchan jacquelinefernandez victorbanerjee ratnapathakshah,sujoyghosh,
197490,Phir Kabhi,2009-08-22,2009,hi,"[18, 10749]",1.8437,6.0,1,Phir Kabhi tells the story of two high school sweethearts who rekindle their romance at a school reunion decades later at their old age.,mithunchakraborty dimplekapadia ratiagnihotri tinnuanand gulshangrover,v.k.prakash,
22717,Wanted,2009-09-18,2009,hi,"[28, 35, 80, 53]",1.9763,5.8,120,"Radhe is a hardcore gangster. A sharpshooter with a sharp brain, he works for Gani Bhai, the dreaded Mafioso, but on his own terms. Totally fearless, Radhe single handedly eliminates Gani Bhai's enemies one by one; making more enemies than he bargained for.",salmankhan vinodkhanna ayeshatakia maheshmanjrekar prakashraj,prabhudeva,gang war
24827,Ajab Prem Ki Ghazab Kahani,2009-11-06,2009,hi,"[10749, 35, 28]",1.7155,6.2,151,"When his love interest doesn't show up for a meeting, a man and his friends go to Goa in order to find her, where they discover she loves someone else.",ranbirkapoor katrinakaif upenpatel govindnamdeo darshanjariwala,rajkumarsantoshi,mischievous romantic
83351,Bolo Raam,2009-12-31,2009,hi,"[53, 18, 9648]",1.4433,0.0,0,A youth accused of the murder of his mother refuses to speak to the police. Is he really the killer?,naseeruddinshah ompuri rajpalyadav dishapandey rishibhutani,'om'rakeshchaturvedi,
21607,Kisaan,2009-08-28,2009,hi,"[28, 80, 18, 53]",1.2582,7.2,4,A bitter family battle ensues between a father and his sons when a businessman makes a deal that entices farmers to sell off their properties.,jackieshroff sohailkhan arbaazkhan diamirza nauheedcyrusi,puneetsira,
20687,Teree Sang: A Kidult Love Story,2009-08-07,2009,hi,"[10749, 18]",1.1911,7.2,7,"A 15-year-old Maahi, who hails from an rich family, falls in love with Kabir, a 17-year-old. When she becomes pregnant, their families' opposition forces the couple to elope.",ruslaanmumtaz anupamkher satishkaushik sushmitamukherjee rajatkapoor,satishkaushik,elopement teenage pregnancy
10788,Kambakkht Ishq,2009-07-03,2009,hi,"[28, 35, 18, 10749]",1.8015,4.3,57,"Simrita, a doctor, performs her first surgery on Viraj, a man she hates. She soon realises that she accidentally left her watch inside his body and must do whatever it takes to save her career.",akshaykumar kareenakapoorkhan aftabshivdasani amritaarora sylvesterstallone,sabbirkhan,
16345,Billu,2009-02-13,2009,hi,"[35, 18]",1.8244,6.4,110,"When a famous Bollywood actor visits a small village for a film's shoot, a poor hairdresser's claim that they were once childhood friends soon makes him the centre of attention.",irrfankhan shahrukhkhan laradutta ompuri rajpalyadav,priyadarshan,school friend friendship remake india barbershop superstar barber reunited friends
1324937,Narmeen,2009-04-27,2009,hi,[],1.0251,0.0,0,"A young mother, grieving the loss of her daughter. The country, facing partition. Loss and mayhem. Will humanity prevail?",rasikadugal jaideepahlawat,diptigogna,
304049,Pancham Unmixed: Mujhe Chalte Jaana Hai...,2009-11-26,2009,hi,[99],0.8305,0.0,0,"Winner of 2 National Awards, Pancham Unmixed: Mujhe Chalte Jaana Hai, takes an incisive look into the legendary composer, RD Burman's reflective artistry and buoyant-but-also-lonely inner being. Featuring a host of close friends, colleagues and admirers, the film evokes awe, admiration and nostalgia the way most of his music does, till date.",vidhuvinodchopra,brahmanands.singh,
15980,Raaz: The Mystery Continues...,2009-01-23,2009,hi,"[27, 9648]",1.3789,5.6,44,"A beautiful lady turns up in an architect's masterpiece.When he founds that she is real, he realizes that she is haunted and hunted by the reasons they have to find out",emraanhashmi kanganaranaut adhyayansuman jackieshroff dineshlamba,mohitsuri,
20002,Chandni Chowk to China,2009-01-15,2009,hi,"[28, 12, 35]",1.6358,4.9,84,A cook from Chandni Chowk gets mistaken for the reincarnation of an ancient peasant warrior by the residents of an oppressed Chinese village.,akshaykumar deepikapadukone mithunchakraborty ranvirshorey gordonliuchia-hui,nikkhiladvani,
16344,Luck by Chance,2009-01-30,2009,hi,"[10749, 18, 35]",1.2851,6.5,69,"Not wanting the same fate as befell her sisters, Sona Mishra re-locates to Mumbai to try to make a living making movies, but she soon finds that the path she has chosen is not an easy one.",konkonasensharma farhanakhtar rishikapoor dimplekapadia juhichawlamehta,zoyaakhtar,woman director actor
59262,Ek: The Power of One,2009-03-27,2009,hi,"[28, 18, 53]",0.8459,4.1,7,"Mumbai-based Nandkumar Sharma is a high-priced hit-man. He is paid a princely 1.5 Crore Rupees to injure Anna Mhatre, so that the later can get enough 'sympathy' votes to get him elected as the next Chief Minister, but ends up killing him. On the run from the Police, he ends up assuming the guise of Hoshiyarpur's Puran Singh, who has been away from home for the last 18 years, and does succeed in fooling Puran's joint family. But his hopes for settling there appear to be in vain with the arrival of a CBI Team, led by Inspector Mahendra Kumar Rane - who is determined to expose and arrest Nandkumar at any and all costs.",bobbydeol shriyasaran kulbhushankharbanda sachinkhedekar sanjaymishra,sangeethsivan,
24603,All the Best: Fun Begins,2009-10-16,2009,hi,"[28, 35, 10402]",1.1957,6.1,54,"In order to increase his monthly allowance, Veer lies to his stepbrother Dharm about being married. When Dharm unexpectedly arrives in Goa, he mistakes Prem's wife for Veer's. This case of mistaken identities leads to chaotic and hilarious situations.",ajaydevgn sanjaydutt fardeenkhan bipashabasu mugdhagodse,rohitshetty,mistaken identity plan gone wrong debt
22609,Dil Bole Hadippa!,2009-09-18,2009,hi,"[10749, 35, 18]",1.0092,5.5,56,"Veera, a fire-cracker of a girl who lives in a small village but dreams of playing cricket in the big league. Rohan is an accomplished captain of a county cricket team in England. Rohan returns to India to captain his father's cricket team which has been losing for the last 8 years. In a Village where girls don't play Cricket, Veera has to put on a put on a turban & beard to live her dream.",ranimukerji shahidkapoor anupamkher daliptahil rakhisawant,anuragsingh,
24613,Kurbaan,2009-11-20,2009,hi,"[80, 18, 10749, 53, 28]",1.1308,4.9,41,"When a handsome young Indian couple (Saif Ali Khan and Kareena Kapoor) moves into the suburbs to claim their stake in the American dream, they are shocked to discover that they've become enmeshed in a secretive terrorist plot. But as tensions escalate, the bride begins to wonder if her husband has told her everything he knows.",saifalikhan kareenakapoorkhan vivekoberoi diamirza ompuri,renzild'silva,new york city journalist investigation terrorism
19616,New York,2009-06-26,2009,hi,"[80, 18, 53]",0.8107,6.2,80,New York is a contemporary story of friendship set against the larger than life backdrop of a city often described as the centre of the world. Omar has gone abroad for the first time in his life and soon enough he begins to see and love America through the eyes of his American friends - Sam and Maya. It is the story of these three friends discovering a new world together.,johnabraham neilnitinmukesh katrinakaif irrfankhan aidanwagner,kabirkhan,new york city war on terror 9/11
15977,Dev.D,2009-02-06,2009,hi,"[35, 18, 10749]",1.304,7.0,141,The son of a wealthy businessman finds solace in drugs and alcohol when he breaks up with his childhood love.,abhaydeol mahiegill kalkikoechlin parakhmadan kuldeepsingh,anuragkashyap,drug addiction tragic love
21297,Wake Up Sid,2009-10-02,2009,hi,"[35, 18, 10749]",0.9022,7.2,178,"Wake Up Sid! is the story of a lazy Mumbai college student who does absolutely nothing, with a turn of events will Sid realize his potential in this world and become a success in the fast-paced life of Mumbai.",ranbirkapoor konkonasensharma rahulkhanna anupamkher supriyapathak,ayanmukerji,coming of age spoilt brat inspirational
15646,Jugaad,2009-02-13,2009,hi,[35],0.8035,5.3,3,"The catch is Jugaad comes to life when the MCD locks the doors of advertising agency under the sealing drive. Life turns around to the worst and pushes the desperate CEO towards Jugaad and all makeshift efforts. In the process many characters like property dealer, power brokers, so called connected people with politicians and senior officers walk into the story.",manojbajpayee hrishitaabhatt vijayraaz sanjaymishra govindnamdeo,r.anandkumar,
24595,Blue,2009-10-16,2009,hi,"[28, 12, 53]",0.9744,3.9,47,"Sagar, Sam, and Aarav decide to go underwater to find the sunken ship Lady in Blue to retrieve the treasure in it to help Sameer clear his debt, but one of them has a hidden agenda.",akshaykumar sanjaydutt laradutta zayedkhan katrinakaif,anthonyd'souza,
20688,Kaminey,2009-08-14,2009,hi,"[28, 80, 18]",1.0259,6.7,103,"Two brothers, as different as chalk and cheese, find their lives intertwined when one puts himself in danger via a `get rich quick' scheme and the other finds there is a price on his head.",shahidkapoor priyankachoprajonas amolegupte debmukherjee shivkumarsubramaniam,vishalbhardwaj,twin brother
21606,Daddy Cool: Join the Fun,2009-08-28,2009,hi,[35],0.6558,1.3,3,An aspiring writer wants to arrange a decent funeral for his father by paying him a tribute. But a series of mishaps and unusual situations throw his plans into disarray.,aftabshivdasani tulipjoshi sunielshetty aartichabria aashishchaudhary,k.muralimohanarao,
26379,Paa,2009-12-04,2009,hi,"[18, 10751]",1.2188,6.4,86,"Auro suffers from a progeria like syndrome. Mentally he is 13 but physically he looks 5 times older. In spite of his condition, Auro is a very happy boy. He lives with his mother Vidya, who is a gynaecologist. Amol is young, progressive politician. He is a man with a mission. Auro is Amol's son. Paa is a 'rare' story about a father-son, son-father relationship.",amitabhbachchan abhishekbachchan vidyabalan pareshrawal arundathinag,r.balki,politician adult as a child political scandal rare disease father son relationship mother son relationship grandmother grandson relationship
25511,London Dreams,2009-10-30,2009,hi,[18],0.7759,5.3,19,"When famous musician Arjun (Ajay Devgan) invites his childhood friend Mannu (Salman Khan) to join his band and tour Europe, jealousy and betrayal threaten to destroy the lives and dreams of both men.",ajaydevgn salmankhan adityaroykapur rannvijaysingha asinthottumkal,vipulamrutlalshah,
26815,Rocket Singh: Salesman of the Year,2009-12-11,2009,hi,"[18, 35, 10749]",1.0604,6.8,120,"Rocket Singh: Salesman of the Year is the sometimes thoughtless, sometimes thoughtful story of a fresh graduate trying to find a balance between the maddening demands of the 'professional' way, and the way of his heart - and stumbling upon a crazy way which turned his world upside down, and his career right side up. Welcome to the world of sales boss!",ranbirkapoor premchopra mukeshbhatt d.santosh naveenkaushik,shimitamin,ambition business india struggling career
20027,Delhi-6,2009-02-20,2009,hi,[18],0.9846,6.0,54,"Roshan, an NRI, arrives in Old Delhi with his ailing grandmother and starts to rediscover himself before getting caught in a religious dispute that shakes the once peaceful neighborhood.",abhishekbachchan sonamkapoorahuja waheedarehman rishikapoor ompuri,rakeyshomprakashmehra,
306406,Gaiir,2009-11-06,2009,hi,[],0.7418,5.0,2,Bollywood 2009,ilabhatey ankushchaudhari shrirangdeshmukh vidyadharjoshi amrutakhanvilkar,satishrajwade,
21224,Barah Aana,2009-03-13,2009,hi,"[35, 18]",0.5896,5.3,3,Three impoverished roommates have the chance to change their fates when one of them stumbles upon a seemingly low-risk way to earn some extra cash.,naseeruddinshah tannishthachatterjee violanteplacido vijayraaz arjunmathur,rajamenon,
64756,Aao Wish Karein,2009-11-13,2009,hi,"[14, 18, 35, 10749, 10751]",0.9928,7.2,4,"12 year old Mickey's life was almost like a fairy tale, a beautiful family, best buddy 'Bonnie' and his angel on earth-Mitika. But one beautiful day Mickey's fairy tale is shattered into a million pieces. It was the day he realized he was an adopted child and his 23 year old angel Mitika called him a 'Kid'. Mickey was feeling so low that he wished for a miracle. He wished to become big. When he woke up the next morning his whole life changed. But is this miracle a blessing or a curse?",aftabshivdasani aamnashariff ratiagnihotri johnylever yatinkaryekar,glenbarreto,
22155,Fox,2009-09-04,2009,hi,"[28, 53]",0.8375,6.0,8,Fox is an edge-of-the-seat suspense thriller that moves at high speed between the bustling metropolis of Bombay and the beautiful beaches of Goa.,sunnydeol arjunrampal sagarikaghatge uditagoswami vipulgupta,deepaktijori,
20290,Luck,2009-07-24,2009,hi,"[28, 53, 18, 12]",1.0234,4.6,41,"Born lucky, Karim Moussa takes to exploiting it instead of focusing on studies. Now a wealthy gambler, he decides to recruit about a dozen lucky people to participate in a deadly game of survival.",sanjaydutt mithunchakraborty dannydenzongpa imrankhan shrutihaasan,sohamshah,bet chance musical mistake small community death game
19663,Love Aaj Kal,2009-07-31,2009,hi,"[35, 18, 10749]",1.339,6.2,109,Two lovers break up after they realize that their career goals are pulling them in different directions.,saifalikhan deepikapadukone rishikapoor rahulkhanna gisellimonteiro,imtiazali,friendship urban setting passage of time
1609777,Boond,2009-08-06,2009,hi,[18],0.6294,0.0,0,The story revolves around that timeless and controversial concept of power. The story is a powerful and graphic representation of power and its ability to corrupt.The story is a powerful rendition of our own secret fantasy of possessing power and being the harbinger of divine justice. The story is a moving description of our helplessness in the face of awareness of the illusion of power. The story is one that is told over and over again everywhere and yet is still waiting to be told.,rajeshbagotra shubhrajyotibarat tillotamashome bachanpachera hirenmaru,abhishekpathak,
24604,Main Aurr Mrs Khanna,2009-10-16,2009,hi,[18],0.8911,5.0,58,"Three people, each having different aspirations from life, are caught in a tangle of emotions and don’t know the way out. There’s a husband and wife with love eroding from their life. And there’s a single, happy-go-lucky dude who falls in love with the wife.",salmankhan kareenakapoorkhan sohailkhan bappilahiri deepikapadukone,premsoni,
22241,Firaaq,2009-03-20,2009,hi,[18],1.0425,6.1,16,"Firaaq is an Urdu word that means both separation and quest. The film is a work of fiction, based on a thousand stories. The story is set over a 24-hour period, one month after a campaign that took place in Gujarat, India, in 2002. It traces the emotional journey of ordinary people- some who were victims, some perpetrators and some who choose to watch silently.",naseeruddinshah pareshrawal inaamulhaq nassar shahanagoswami,nanditadas,woman director
25867,De Dana Dan,2009-11-27,2009,hi,"[35, 80]",0.871,5.7,95,Two down on their luck men try to kidnap a wealthy businesswoman's dog to demand a hefty ransom from her.  But things go haywire when the dog goes missing.,akshaykumar sunielshetty pareshrawal katrinakaif sameerareddy,priyadarshan,romcom
49679,Action Replayy,2010-11-05,2010,hi,"[35, 10749, 878]",2.6983,5.2,79,A young man tries to revive his parents' wilting marriage by traveling to the 1970s when their romance was budding to help make it bloom: something more complex than he expects.,akshaykumar aishwaryaraibachchan adityaroykapur nehadhupia randhirkapoor,vipulamrutlalshah,
26022,My Name Is Khan,2010-02-10,2010,hi,"[18, 10749]",2.6484,8.0,1413,"Rizwan Khan, a Muslim from the Borivali section of Mumbai, has Asperger's syndrome. He marries a Hindu single mother, Mandira, in San Francisco. After 9/11, Rizwan is detained by authorities at LAX who treat him as a terrorist because of his condition and his race.",shahrukhkhan kajol arjanaujla jimmyshergill sonyajehan,karanjohar,"autism mumbai (bombay), india based on true story prejudice religion disability asperger's syndrome asian american"
29538,Pyaar Impossible!,2010-01-08,2010,hi,"[35, 10749]",1.7384,5.4,39,"Be-spectacled geek, Abhay falls in love with college hottie, Alisha and silently slinks away into the shadows when he realises she's unattainable. Seven years later, he re-enters her life as the nanny and hopes to woo the single mom, this time at least. Does he succeed?",priyankachoprajonas udaychopra advikayadav anupamkher dinomorea,jugalhansraj,friendship nerd geek falling in love university
44549,Peepli Live,2010-08-13,2010,hi,"[18, 35]",1.9779,7.3,73,"Natha decides to commit suicide to get the farmers' compensation. However, the media and politicians learn about his intentions and descend on their village to capture the rare event.",omkardasmanikpuri raghubiryadav malaikashenoy nawazuddinsiddiqui sitarampanchal,anusharizvi,woman director
38257,Kushti,2010-05-14,2010,hi,"[35, 10749]",1.5514,3.5,2,"The film Kushti is the story of a small village in Northern India where wrestling is a popular sport and an important wrestling match is held every year. Ever year rivals Avtar Singh (Sharat Saxena) and Jiten Singh (Om Puri) try to beat each other in the wrestling match and gain the trusteeship of the village. Rama (Rajpal Yadav) plays the role of a village simpleton and a post-master. It filled with misunderstandings and misconceptions, of hidden identities and secret love-affairs and the outcome is simply hilarious. The movie begins to take a turn when a certain someone delivers a secret package in the wrong hands. Especially someone, who is bound to take advantage and manipulate the real owner of the package.",rajpalyadav nargisbagheri dalipsingh ompuri sharatsaxena,t.k.rajeevkumar,
41518,Guzaarish,2010-11-16,2010,hi,"[18, 10749]",1.5765,7.4,126,"Ethan, a magician rendered paralyzed in an accident, sets off a furor when he makes a petition to the court to end his own life.",hrithikroshan aishwaryaraibachchan shernazpatel adityaroykapur suhelseth,sanjayleelabhansali,nurse bodily disabled person love lawyer petition quadriplegic euthanasia paralyzed magician
54081,Aakrosh,2010-10-01,2010,hi,"[28, 18, 80, 53]",1.2042,7.0,24,"The Central Bureau of Investigation deputes two officers to investigate the disappearance of three medical students, which they believe to be an incident of 'honour killing' in a small, closed community.",ajaydevgn akshayekhanna bipashabasu reemasen pareshrawal,priyadarshan,
30886,Veer,2010-01-22,2010,hi,"[28, 10749]",1.6637,5.1,47,"A Pindari Prince goes to England to study military tactics so that he can avenge his people, but while there, he falls in love.",salmankhan mithunchakraborty jackieshroff sohailkhan rajkhatri,anilsharma,
37737,Kites,2010-05-21,2010,hi,"[18, 28, 10749]",1.4076,7.2,219,"A wounded man searches for his sweetheart in the Mexican desert while on the run from the police, bounty hunters, and others.",hrithikroshan bárbaramori kabirbedi kanganaranaut nicholasbrown,anuragbasu,dancing fugitive interracial romance tragic event desert dance instructor
44425,Dabangg,2010-09-10,2010,hi,"[28, 35, 80]",1.6841,5.8,172,A troubled relationship with his younger half-brother and stepfather compels Chulbul Pandey to become a corrupt but fearless cop whose life changes when he locks horns with a corrupt political leader.,salmankhan sonakshisinha arbaazkhan sonusood vinodkhanna,abhinavkashyap,fight police officer
88452,Pappu Can't Dance Saala,2010-12-16,2010,hi,"[35, 18, 10749]",1.065,7.0,1,"One time bickering neighbors are forced to share the same apartment. The cultural clash between traditional-orthodox-India and modern-urban-India. The collision of two cultures creates havoc in the beginning but finds a peaceful co-existence, at the end. An orthodox boy from the holy city of Banaras, is forced to stay with a chorus dancer in Bombay... The film does the journey of these two opposite personalities and how, after the initial phase of rejection, they find each others place in their respective lives.",nehadhupia rajatkapoor brijendrakala vinaypathak,saurabhshukla,
37822,Badmaash Company,2010-05-07,2010,hi,[80],1.6499,5.9,57,Four young friends decide to work together when one of them comes up with an innovative and lucrative business plan. But their lives begin to deteriorate when their personal issues surface.,shahidkapoor anushkasharma meiyangchang virdas anupamkher,parmeetsethi,organized crime
35708,Tum Milo Toh Sahi,2010-03-14,2010,hi,"[35, 18]",1.3604,5.5,4,Tum Milo Toh Sahi is not just a romantic comedy... it is three unique romantic stories in one.,kishorenandlaskar nanapatekar dimplekapadia sunielshetty vidyamalvade,kabirsadanand,
46040,Tees Maar Khan,2010-12-24,2010,hi,"[35, 80]",1.3617,3.7,109,A con artist poses as a film director in a village with the intention of executing a caper with the unwitting help of the villagers.,akshaykumar katrinakaif akshayekhanna aliasgar vijaymaurya,farahkhan,police village con man thief money wealth erotic dance female protagonist train director savior woman director
34418,Teen Patti,2010-02-26,2010,hi,"[18, 53]",1.238,3.8,9,A professor uses the three-card game to prove his probability thesis. He involves some of his students on his research and later realizes it was a big mistake,amitabhbachchan benkingsley r.madhavan shraddhakapoor dhruvganesh,leenayadav,woman director
58051,Housefull,2010-04-30,2010,hi,"[35, 10749]",1.9388,5.723,137,"Believing himself to be a jinx and bringing bad luck upon himself and others, a man attempts to find true love, but ends up in very complicated relationships.",akshaykumar arjunrampal riteishdeshmukh deepikapadukone laradutta,sajidkhan,love game
44978,Golmaal 3,2010-11-05,2010,hi,"[35, 10751]",1.2122,5.6,91,"Cupid strikes when Pritam, a single father, comes across his college sweetheart, Geeta, in Goa. However, when their respective children go to war with each other, the two find it difficult to reunite.",ajaydevgn arshadwarsi shreyastalpade tussharkapoor kunalkhemu,rohitshetty,friendship stupidity dysfunctional family shot
44565,Khatta Meetha,2010-07-23,2010,hi,"[35, 18]",1.0301,5.7,70,"Sachin Tichkule, a struggling contractor whose failure in making peace with the corrupt bureaucracy in town as well as strained relation with his ex-girlfriend and his family leads to misadventures that deprive him of his closest relations. However, as he begins to mend his ways, justice comes knocking on his door.",akshaykumar trishakrishnan rajpalyadav johnylever makranddeshpande,priyadarshan,
37951,Raajneeti,2010-06-04,2010,hi,"[18, 53]",1.0563,6.3,84,"It is the story of a fiercely fought election campaign, where money power and corruption are the accepted norms, and where treachery and manipulation are routinely used weapons. As the personal drama of these conflict-ridden characters unfolds against this gritty backdrop, love and friendship become mere baits, and relationships get sacrificed at the altar of political alignments. The darkness that rises from their souls threatens to envelope all that they hold precious. Until eventually, in the crescendo of increasing violence, the line between good and evil blurs, making it impossible to distinguish heroes from villains. Raajneeti is the story of Indian democracy. And its ugly underside. It is about politics. And beyond.",ajaydevgn ranbirkapoor manojbajpayee katrinakaif arjunrampal,prakashjha,
43216,Prince,2010-04-09,2010,hi,"[28, 878, 53]",1.1617,5.2,16,A wanted thief races against time to find an antique coin after he commits the biggest heist of his life and wakes up the next day with no memories.,vivekoberoi arunashields nandanasen sanjaykapoor neerubajwa,kookiegulati,
340735,"Shahrukh Bola ""Khoobsurat Hai Tu""",2010-11-19,2010,hi,"[35, 18]",1.0597,0.0,0,"While dealing with personal issues, a woman hopes to meet and act with a famous actor.",afzaalkhan preetikachawla makranddeshpande suzannebernert kaykaymenon,makranddeshpande,
154936,Chase,2010-04-30,2010,hi,"[28, 80, 18]",0.8836,0.0,0,"After a dramatic chase, Mumbai Police finally catch up with a severely wounded Sohail Ansari, a terrorist, who assassinated Udyog Mantri Vishwajeet Rana, and hospitalize him. When doctors inform them that he is in a vegetative state, they move him to Neurological Research Institute in Panchgani where his condition is closely monitored by medical staff and Nurse Nupur Chauhan, while the person entrusted with security is Inspector Siddharth Sharma. When Sohail's journalist girl-friend, Surabhee Patel, breaks-in the hospital, they arrest her, hold her in a cell, but subsequently let her go with a warning. Then the Police will face more challenges and launch a man-hunt after they find out that Sohail has abducted Nupur and has gone on the run.",anujsaxena uditagoswami tarinapatel sameerkochhar rajeshkhattar,jagmundhra,
49028,Rakht Charitra,2010-10-21,2010,hi,"[28, 80, 18]",1.3483,6.9,25,"Based on the life of Paritala Ravindra, the film follows his life from just a college student to being a politician in the state of Andhra Pradesh.",vivekoberoi shatrughansinha abhimanyusingh sushantsingh radhikaapte,ramgopalvarma,gangster revenge political killing political thriller
53283,Khichdi: The Movie,2010-10-01,2010,hi,"[35, 10751]",1.1154,7.0,19,"In order to immortalize his love, a groom decides to create conflict between his and his to-be bride's families.",anangdesai rajeevmehta supriyapathak jdmajethia nimishavakharia,aatishkapadia,
52394,Rokkk,2010-03-05,2010,hi,"[53, 27, 9648]",0.885,4.0,2,Anushka helps her sister fight a murder charge and she becomes trapped in a nightmarish world that may be inescapable.,tanushreedutta sachinkhedekar uditagoswami nishigandhawad muralisharma,rajeshranshinge,
33384,Road to Sangam,2010-01-29,2010,hi,[18],0.8429,7.0,3,"Hasmat, a devout Muslim, is asked to repair a vehicle that transported the ashes of Mahatma Gandhi. However, the situation soon complicates when his community is shaken by violence.",pareshrawal ompuri pavanmalhotra javedsheikh masoodakhtar,amitrai,mahatma gandhi hindu muslim conflict
52899,Isi Life Mein,2010-12-24,2010,hi,"[18, 10751]",0.9761,5.0,3,"Coming from a conservative family, Rajnandini moves to a city for higher studies and falls in love with Vivaan. However, he must win the heart of Rajnandini's strict father Ravimohan to take things further.",akashbhatija samairarao suyeshasawant rahulkarla tashakapoor,vidhikasliwal,
47655,Hisss,2010-10-22,2010,hi,"[14, 27, 53]",1.2582,3.3,39,"After being diagnosed with brain cancer, a desperate American man kidnaps the reptilian lover of the snake goddess in hopes of gaining immortality.",mallikasherawat irrfankhan jeffdoucette divyadutta ramantrikha,jenniferlynch,monster sanke snake woman pregnancy craving snake bite woman director
54892,Ramayana: The Epic,2010-10-15,2010,hi,"[16, 28, 12]",1.0207,5.6,9,"The film is a retelling of the story of Lord Rama, from his birth until his battle with Ravan at Sri Lanka.",manojbajpayee juhichawlamehta ashutoshrana mukeshrishi,chetandesai,hindu mythology
37460,Raavan,2010-06-18,2010,hi,"[28, 12, 80, 18, 10749, 53]",1.2535,4.9,27,"A bandit leader kidnaps the wife of the policeman who killed his sister, but later falls in love with her.",abhishekbachchan aishwaryaraibachchan vikram govinda ravikishan,maniratnam,dancer police love triangle fight loss of loved one gun kidnapping marriage mythology forest waterfall rope bridge hindu mythology manhunt
44972,We Are Family,2010-09-03,2010,hi,"[18, 10751]",0.999,5.7,38,"Maya is the perfect mother. Her life revolves around her three children, Aleya, Ankush, and Anjali. Who thinks nothing much then the world of her. Despite being divorced from her husband, Aman. Maya has ensured that everything runs smoothly in her house, under her watch, and that they continue to remain a happy family unit. However, when Aman introduces his girlfriend, Shreya a career oriented woman, who has a lot to learn about children's, to the family, the situation immediately takes an unexpected turn. When an incident changes their lives drastically, bringing the two women under the same roof, they find themselves putting to test an unusual situation; can two mothers make a home?",arjunrampal kajol kareenakapoorkhan aanchalmunjal diyasonecha,siddharthp.malhotra,photographer stepmother household romance remake cancer family drama
59903,Click,2010-02-19,2010,hi,"[27, 9648, 53]",0.7502,4.3,12,"Avi is a photographer having a relationship with Sonia who is a model. One night the couple after driving from a late night party accidentally bumps of a young girl. As Sonia is driving the car, to avoid further complications, Avi insists on them fleeing away from the accident scene. But trouble starts for the couple soon after. While Avis clicked photos start having strange white marks over them, Sonia starts having spooky experiences. Avi also develops a severe shoulder pain and even though he is not overweight he starts weighing 120 kilos. Avi too then starts having similar experiences like Sonia. The couple is petrified when all three of Avis best buddies kill themselves in a similar manner. It then comes to light that the spirit haunting them all has a connection to Avis college life. Meanwhile Sonia finds out that Avi was friends with one Aarti during his college days. What is Aartis connection to all this and what revelation awaits Sonia forms the rest of the film.",shreyastalpade sadha snehaullal rehankhan chunkypanday,sangeethsivan,
83315,Mallika,2010-09-03,2010,hi,"[18, 27, 9648, 53]",0.7615,6.0,2,"Tormented by nightmares, a woman experiences more horror when she goes to relax at a resort.",anjumnayar mamiksingh himanshumalik pujaballutia,,nightmare
71562,I Am Kalam,2010-10-15,2010,hi,"[35, 18, 10751]",0.7397,7.2,30,"The film celebrates the survival of the human spirit against overwhelming odds and highlights the need for underprivileged children's education. Its a film based on former indian president A.P.J. Abdul Kalam and is aimed at inspiring the poor to educate their children. Written by DaGambit Chhotu's peasant village is ruined by drought, so his ma drops the boy with uncle Bhati, who runs a tea stand at the city outskirts. Clever Chottu, who calls himself Kalam after the self-made Indian president, soon outsmarts uncle's adult assistant and makes friends with the loneliest boy in the palace, now a hotel, a prince his age.",gulshangrover harshmayar hussansaad pitobash beatriceordeix,nilamadhabpanda,
101154,Berozgaar,2010-09-10,2010,hi,[35],0.8677,6.5,2,"Unemployed slacker Nawab lives a poor lifestyle in Chaqu-Pura, Hyderabad, with his elderly parents and refuses to find employment. He spends his time with another slacker, Baba, and are financed by their Auto-Rikshaw driver friend, Abbu. Both also indulge in petty theft and act as con-men to make money. His fed-up father asks them to leave, and they end up at Abbu's house. Not satisfied, they con Abbu's landlord, Jango Pathan, to lend them Rs.25000/- which they lose in a Carrom game. They decide to break into a wealthy man's house, steal, sell the goods, and then re-pay their debt. But the hapless duo comically end up being caught by the police and their plight is telecast on TV. Watch what impact this news has on Jango, Abbu, and Nawab's parents.",aziznaser mastali chitrambasha akbarbintabar azizrizwan,aziznaser,
71315,Jaane Kahan Se Aayi Hai,2010-04-09,2010,hi,"[35, 18, 14, 10749]",1.1923,4.6,10,A man tries to help an alien from Venus find true love on Earth.,riteishdeshmukh jacquelinefernandez vishalmalhotra ruslaanmumtaz satishshah,milapzaveri,
33556,Ishqiya,2010-01-29,2010,hi,"[53, 35]",0.9455,6.4,73,"While on the run from goons, a man and his nephew fall for a kidnapper's seductive widow.",naseeruddinshah vidyabalan arshadwarsi salmanshahid adilhussain,abhishekchaubey,friendship love triangle village betrayal unrequited love
274680,Ek Second... Jo Zindagi Badal De...,2010-06-11,2010,hi,"[53, 18, 10749]",0.8017,0.0,0,"From the moment Rashi (Manisha Koirala) decides not to get on a train home from her job, her life turns in a new direction. But what about what could have been if she did board that train? This drama about destiny and life's turns traces Rashi's parallel lives. Her current beau (Moammar Rana) may not be her true love, as she's about to find out -- or &NFi;not&NFi_; find out. Partho Ghosh (Mr. Hot Mr. Kool) directs.",jackieshroff manishakoirala moammarrana nikitaanand rozzacatalona,parthoghosh,
29888,Dulha Mil Gaya,2010-01-08,2010,hi,"[35, 18, 10749]",1.0996,5.4,33,"A man, the heir to an empire, believes that marriage will ruin a man's life. Unfortunately, the only way for him to inherit his father's wealth, is to get married.",sushmitasen fardeenkhan shahrukhkhan ishitasharma johnylever,mudassaraziz,arranged marriage womanizer inheritance
38272,Pankh,2010-04-02,2010,hi,[18],1.0318,3.8,5,"Maradona Rebello grows up playing a girl in popular Hindi films on the behest of his ambitious and dominant mother, Lillete Dubey. This results in a confused gender identity for the young boy who tries to build his film career, once again, when he grows up. This time, as a hero? Does he succeed?",bipashabasu sanjeedasheikh maheshmanjrekar ronitroy lilletedubey,sudiptochattopadhyay,
73582,Bodyguard,2011-08-31,2011,hi,"[18, 28, 10749]",3.0388,5.2,154,"Lovely Singh is extremely respectful of Mr Rana and his daughter Divya. While appointed as Divya's bodyguard, he falls in love with a girl he has never met, unaware that she is none other than Divya.",salmankhan kareenakapoorkhan hazelkeech rajbabbar maheshmanjrekar,siddique,lie diary college remake train railroad
597048,Phhir,2011-08-12,2011,hi,[],1.2285,2.0,1,A doctor's wife goes missing and enlists a psychic to help the police investigation.,rajneeshduggal adahsharma roshnichopra gurpreetsingh paragtyagi,girishdhamija,
61202,Zindagi Na Milegi Dobara,2011-07-15,2011,hi,"[18, 35, 10749]",2.9117,7.6,398,"Three friends who were inseparable in childhood decide to go on a three-week-long bachelor road trip to Spain, in order to re-establish their bond and explore thrilling adventures, before one of them gets married. What will they learn of themselves and each other during the adventure?",hrithikroshan abhaydeol farhanakhtar katrinakaif kalkikoechlin,zoyaakhtar,school friend friendship cheating painter poet vacation travel scuba diving misunderstanding lyricist childhood friends road movie flirting female domination scuba diver father son conflict sky diving lyrical
81273,The Dirty Picture,2011-12-02,2011,hi,"[35, 18]",1.6934,6.2,85,"After running away from home in search of movie stardom, a village girl rises to become a prominent sex symbol.",vidyabalan emraanhashmi tussharkapoor naseeruddinshah anjumahendru,milanluthria,biography
75896,Rascals,2011-10-06,2011,hi,[35],1.8337,3.7,26,Two rival con-men attempt to outdo each other to woo a wealthy woman.,sanjaydutt ajaydevgn kanganaranaut arjunrampal lisahaydon,daviddhawan,
79464,Rockstar,2011-11-11,2011,hi,"[18, 10402, 10749]",1.6335,7.3,215,"College student Janardhan is a simpleton who desperately seeks inspiration for the musician inside him. Although heartbreak helps him reach his goal, it also leads him to self-destruction.",ranbirkapoor nargisfakhri shammikapoor aditiraohydari kumudmishra,imtiazali,adultery musical terminal illness rebellious youth heartbreak rock musical rockstar
70590,Singham,2011-07-22,2011,hi,"[18, 28, 80]",1.5412,6.5,176,"An honest, small town cop is transferred to a big city that is controlled by a crime boss that he had once humiliated.",ajaydevgn kajalaggarwal prakashraj sachinkhedekar ashoksaraf,rohitshetty,fight remake one man army job transfer love interest tough guy police officer flipping car cop universe
41517,Ra.One,2011-10-24,2011,hi,"[12, 28, 878]",1.8219,5.7,365,"When the titular antagonist of an action game takes on physical form, it's up to the game's less powerful protagonist to save the world.",shahrukhkhan arjunrampal kareenakapoorkhan armaanverma tomwu,anubhavsinha,video game superhero villain science fiction action adventure
41109,Don 2,2011-12-23,2011,hi,"[28, 53]",1.6403,7.0,259,"Having conquered the Asian underworld, crime boss Don sets in motion a plan that will give him dominion over Europe.",shahrukhkhan priyankachoprajonas bomanirani kunalkapoor laradutta,farhanakhtar,sequel
67109,Delhi Belly,2011-07-01,2011,hi,"[28, 35]",1.5819,7.1,205,"Three unsuspecting, average guys find themselves on the hit list of one of India's most-powerful crime syndicates.",imrankhan kunaalroykapur virdas shenaztreasury poornajagannathan,abhinaydeo,"gangster blackmail delhi, india dark comedy polaroid camera"
79990,Desi Boyz,2011-11-25,2011,hi,"[35, 18]",1.5184,6.2,107,"When two cash-strapped UK-based Indians become male escorts amid an economic downturn, money flows right in but everything else in their lives starts falling apart.",akshaykumar johnabraham deepikapadukone chitrangadasingh anupamkher,rohitdhawan,
63467,I Am,2011-04-29,2011,hi,"[99, 18]",1.356,6.5,11,"I Am is a 2011 Indian anthology film by Onir. It consists of four short films: ""Omar"", ""Afia"", ""Abhimanyu"", and ""Megha"". Each film shares the common theme of fear and each is also based on real life stories. The film was financed by donations from more than 400 different people around the world, many of whom donated through social networking sites like Facebook. There are four stories but the characters are interwoven with each story. ""Abhimanyu"" is based on child abuse, ""Omar"" on gay rights, ""Megha"" is about Kashmiri Pandits and ""Afia"" deals with sperm donation. I Am was released with subtitles in all regions as six different languages are spoken in the film: Hindi, English, Kannada, Marathi, Bengali and Kashmiri.",rahulbose nanditadas juhichawlamehta sanjaysuri manishakoirala,onir,lgbt
316841,Chaloo Movie,2011-12-23,2011,hi,[],0.8088,6.5,2,"The police raid a theatre where movie tickets of a very successful film are being sold in black (illegally at a higher price). When Police Inspector Sher Khan interrogates Khoji, a man in his 20s, he claims that he is the director of the very film whose tickets he is selling in black. The cynical Sher Khan puts Khoji behind bars. Now Sher Khan receives two phone calls -- one from the Police Commissioner and another from the dreaded don ""WC"", both of whom support Khoji's detention. Who is Khoji? Is he really the film's director? Then why is he selling his film's tickets in black? What do the Police Commissioner and don ""WC"" want from Khoji? All this is revealed through a hilarious turn of events.",rajpalyadav shekharsuman divyadutta hrishitaabhatt gulshangrover,vinodpande,
61400,Thank You,2011-04-08,2011,hi,[35],0.9776,5.0,60,"Three married womanisers cheat on their wives. In order to catch them red-handed, their sceptic wives enlist a detective who specialises in investigating extramarital relationships.",akshaykumar bobbydeol irrfankhan sunielshetty sonamkapoorahuja,aneesbazmee,
65946,Ready,2011-06-03,2011,hi,"[28, 35]",1.1942,5.0,99,"Prem believes Sanjana is the girl chosen by his dad and falls in love with her. However, she is a runaway bride escaping from a marriage set up by her mafia uncles against her wishes. On learning the truth, he devises a plan to win her over from her uncles who intend to usurp her huge inheritance.",salmankhan asinthottumkal pareshrawal sudeshlehri sharatsaxena,aneesbazmee,
79407,Loot,2011-11-04,2011,hi,"[35, 80]",1.1375,4.8,4,Four burglars end up stealing a vehicle from robbers as well as unknowingly breaking in the house of a notorious gangster.,shwetabhardwaj mimohchakraborty premchopra govinda sunielshetty,rajnishthakur,
79862,My Friend Pinto,2011-10-14,2011,hi,[35],1.0952,5.7,3,"Sweet, honest, and optimistic Michael Pinto has a knack for finding trouble. The search for a childhood friend leads him to the big city, and into an outlandish adventure.",prateiksmitapatil kalkikoechlin arjunmathur shrutiseth makranddeshpande,raaghavdar,
82698,Ladies VS. Ricky Bahl,2011-12-08,2011,hi,"[35, 18, 10749]",0.995,6.0,81,"A smooth and charming conman, Ricky Bahl, cons girls for a living but finally meets his match is this fun-filled ""ROM-CON.""",ranveersingh anushkasharma parineetichopra dippanitasharma aditisharma,maneeshsharma,con man romcom con artist
69891,Chillar Party,2011-07-08,2011,hi,"[18, 35, 10751]",1.1191,6.9,61,"A gang of innocent but feisty kids who lead carefree lives in Chandan Nagar colony, take on the big bad world of politics when one of their friend's life is endangered.",irfankhan sanathmenon rohangrover namanjain vissheshtiwari,niteshtiwari,gang dog television broadcast b-boying
75157,Mausam,2011-09-23,2011,hi,"[10749, 18]",1.1058,5.7,37,"A war, religious conflicts, and misunderstandings create obstacles for a couple of different faiths.",shahidkapoor sonamkapoorahuja anupamkher supriyapathak aditisharma,pankajkapur,9/11
138755,Zokkomon,2011-04-02,2011,hi,"[28, 12, 10751]",0.7671,5.0,5,"An orphan is abused and abandoned, believed to be dead, and upon his return is first feared as a ghost, and then projected as a superhero.",darsheelsafary anupamkher manjarifadnnis tinnuanand sheebachaddha,satyajitbhatkal,
74458,Mere Brother Ki Dulhan,2011-09-09,2011,hi,"[18, 35, 10749]",1.1764,6.0,81,A Mumbai man finds himself in an unpredictable situation when the prospective bride of his older brother is a woman he has history with.,alizafar imrankhan katrinakaif tarad'souza kyradutt,aliabbaszafar,"delhi, india himachal pradesh, india punjab punjab, india"
66841,Ragini MMS,2011-05-13,2011,hi,"[18, 27, 9648]",1.2592,4.6,37,"Out to relax and have fun at a farmhouse, a couple experience horror at the hands of an unknown entity",kainazmotivala rajkummarrao rajatkaul janice shernaza,pavankirpalani,handcuffs murder found footage sex tape concealed cameras
56901,Yeh Saali Zindagi,2011-02-04,2011,hi,[53],0.7763,5.6,23,Arun who has seen his lover in other man's arms cant forget her beauty and is always distracted by it. And wants to help her in any sought of situation even save her love from kidnappers.,irrfankhan aditiraohydari chitrangadasingh arunodaysingh saurabhshukla,sudhirmishra,
75745,Force,2011-09-30,2011,hi,"[28, 80, 18, 53]",0.9449,6.5,47,A vengeful drug-dealer/gangster targets and terrorizes an entire police unit and their families.,johnabraham geneliad'souza rajbabbar mohnishbehl kamleshsawant,nishikantkamat,
72152,Aarakshan,2011-08-12,2011,hi,"[18, 53]",1.2266,6.2,41,The decision by India's supreme court to establish caste-based reservations for jobs in education causes conflict between a teacher and his mentor.,amitabhbachchan saifalikhan deepikapadukone manojbajpayee prateiksmitapatil,prakashjha,parent child relationship politics demonstration mathematics education teacher prejudice tutor loan affirmative action social activism
111057,Gattu,2011-11-14,2011,hi,[18],1.1507,6.5,4,"In this town, the sky is full of kites, and all the kids are obsessed with kite-flying. There is a kite called KALI that rules the skies. No one knows who flies Kali. No one can defeat Kali. An illiterate street urchin takes up the challenge. With neither money nor education on his side, he sets out for his goal. Dreams aren't impossible when the desire is strong... Premiered internationally at The 62nd Berlin International Film Festival.",nareshsharma mohammadsamad jayantadas,rajankhosa,
71900,Always Kabhi Kabhi,2011-06-17,2011,hi,"[35, 80, 18, 10749]",1.1828,3.8,10,"Four students come of age during a year at their school, St Marks with various encounters.",alifazal zoamorani lilletedubey satishshah gisellimonteiro,roshanabbas,high school police corruption high school student stage mother
63006,Dum Maaro Dum,2011-04-22,2011,hi,"[28, 80, 53]",1.2187,5.6,34,"ACP Vishnu is sent on a mission to investigate and clean the underbelly of Goa. During his investigation, he uncovers a huge racket and discovers the involvement of various politicians.",abhishekbachchan bipashabasu ranadaggubati prateiksmitapatil adityapancholi,rohansippy,goa rave party
60740,Game,2011-04-01,2011,hi,"[9648, 53]",1.0613,5.8,44,"Four strangers are invited by the reclusive Kabir Malhotra, to his private island of Samos, Greece. They don't know each other and they don't know him ... and by the next morning they will wish they had never come.",abhishekbachchan kanganaranaut gauaharkhan sarah-janedias jimmyshergill,abhinaydeo,suspicion of murder
58333,Tanu Weds Manu,2011-02-25,2011,hi,"[35, 10749, 18]",1.3273,6.8,104,Manu comes to India to find a bride for himself and falls for Tanu at first sight but she is a free spirited girl has no plans of marrying him.,r.madhavan kanganaranaut jimmyshergill eijazkhan deepakdobriyal,aanandl.rai,
64501,Naughty @ 40,2011-04-14,2011,hi,"[35, 18]",0.6498,3.0,2,"Laxminarayan Kapoor lives a wealthy lifestyle in London along with his religious wife, Maya; son Ravinder; and two nephews, Sandeep and Randeep. While the nephews have adapted themselves to the country and women, Ravinder is still a virgin at 40, and is a sleep-walker. After getting his leg pulled constantly, he asks his father to get him married, and is introduced to a statuesque beauty - who rejects him after discovering his sleep-walking disorder. His parents then get him married to Gauri, and he hopes to end his celibacy, in vain albeit, as she turns out to be child-like and naive. Frustrated, unable to get intimate he befriends a Caucasian female, Sharon, and decides to marry her. Watch what response he gets, and the impact this has on everyone.",govinda yuvikachaudhary shaktikapoor ameetchana smitajaykar,jagmundhra,
69775,Murder 2,2011-07-07,2011,hi,"[28, 80, 18, 53]",0.8931,5.7,53,A former police officer gets hired by a pimp to trace missing call girls who work for him.,emraanhashmi jacquelinefernandez prashantnarayanan sudhanshupandey sulagnapanigrahi,mohitsuri,prostitute ex-cop remake serial killer model
56338,7 Khoon Maaf,2011-02-18,2011,hi,"[18, 9648, 53]",1.2142,6.1,52,"Susanna is hungry for love and will go to any extent to find it in its purest form. In her quest for the perfect man, she gets married a number of times as each of her husband's die mysteriously.",priyankachoprajonas vivaanshah konkonasensharma neilnitinmukesh ushauthup,vishalbhardwaj,murder murder mystery
76038,Love Breakups Zindagi,2011-10-07,2011,hi,"[35, 10749]",1.1392,6.4,8,A couple and many of their friends experience changes and challenges in their respective lives after attending a wedding.,zayedkhan diamirza cyrussahukar tiscachopra pallavisharda,sahilsangha,
53299,Patiala House,2011-01-28,2011,hi,[18],0.7326,6.1,61,"Parghat Singh 'Gattu' Kahlon is a middle aged shopkeeper who secretly practices bowling at night in order to keep his dream of playing for England alive. Even though his family members despise him for giving up his dreams only due to his father's wish, they find a ray of hope and convince him to play for England while they plan to hide the truth from his father.",akshaykumar anushkasharma rishikapoor dimplekapadia mashapaur,nikkhiladvani,sports
61429,Hostel,2011-01-21,2011,hi,"[18, 28, 80]",0.5713,5.1,22,"A hostel is a student's second home, but what happens when this safe place turns into a torture house? A gripping thriller, depicting the effects of ragging.",vatsalsheth tulipjoshi mukeshtiwari,manishgupta,suicide torture beaten molestation humiliation
82945,Mummy Punjabi,2011-08-31,2011,hi,[],0.8329,6.0,1,"Mummy Punjabi is a New Age Mother India, with today`s grandeur, intensity, humour & emotions. A complete family entertainer, wherein a Punjabi urban mother balances tradition with her own value system.",kirronkher kanwaljitsingh jackieshroff anjumahendru divyadutta,,
244322,Milta Hai Chance by Chance,2011-08-05,2011,hi,[35],0.8169,0.0,0,"Milta Hai Chance By Chance, a comedy movie. Starring Gracy Singh, Aslam Khan, Vishal Kaushik is directed by Ramesh Modi. Some of the story takes place while they are travelling in a car.",amitanangia gracysingh tikutalsania maheshthakur,rameshmodi,
69785,Shaitan,2011-06-01,2011,hi,"[28, 80, 18, 53]",0.8605,6.2,49,Five substance-abusing friends decide to fake a kidnapping in order to bribe a police constable for covering-up a hit-and-run accident.,rajeevkhandelwal kalkikoechlin shivpanditt neilbhoopalam gulshandevaiah,bejoynambiar,drug abuse drug addiction
85992,Tezz,2012-04-27,2012,hi,"[18, 28, 53]",2.723,4.1,26,"To avenge his past, Aakash Rana plants bomb in a train endangering lives of 500 passengers.",ajaydevgn kanganaranaut anilkapoor zayedkhan sameerareddy,priyadarshan,
86004,Talaash,2012-11-30,2012,hi,"[80, 18, 53]",2.0914,6.8,242,"A cop, investigating the mysterious death of a filmstar, meets a sex-worker, while he faces some personal problems psychologically. The mystery connects these people in a way, that ultimately changes their lives.",aamirkhan kareenakapoorkhan ranimukerji nawazuddinsiddiqui rajkummarrao,reemakagti,murder police investigation murder investigation woman director neo-noir
134215,Heroine,2012-09-21,2012,hi,[18],1.9408,5.0,44,A female superstar struggles through the trials and tribulations of being a Bollywood actress.,kareenakapoorkhan arjunrampal randeephooda lilletedubey shahanagoswami,madhurbhandarkar,
102632,Rowdy Rathore,2012-06-01,2012,hi,"[28, 35, 80]",1.8588,5.9,106,"A small-time thug comes across a young girl who claims him to be her father, following which he realizes he has a lookalike who's being hunted by goons.",akshaykumar sonakshisinha nassar yashpalsharma mushtaqkhan,prabhudeva,fight cop love remake thief revenge look-alike goon
85985,Ek Tha Tiger,2012-08-15,2012,hi,"[28, 53, 10749]",2.4549,6.2,212,A top Indian agent is sent to observe the actions of a scientist but the mission complicates when he falls in love with the scientist's Pakistani caretaker.,salmankhan katrinakaif girishkarnad ranvirshorey gaviechahal,kabirkhan,spy secret agent romantic tragic
84858,Agneepath,2012-01-25,2012,hi,"[28, 80, 18]",1.7288,6.3,160,"When his father is lynched by a mob after being framed by a gangster, a young boy leaves his village along with his pregnant mother  and flees to Mumbai. He takes up a life of crime and swears to avenge his father. A remake of the 1990 film.",hrithikroshan sanjaydutt priyankachoprajonas rishikapoor zarinawahab,karanmalhotra,remake revenge shaved head avenging son
117691,Gangs of Wasseypur - Part 1,2012-06-22,2012,hi,"[28, 53, 80]",2.1617,7.1,423,"In 1970s India, Sardar Khan vows to take revenge on the man who killed his father decades earlier.",manojbajpayee richachadha tigmanshudhulia nawazuddinsiddiqui reemasen,anuragkashyap,mafia gang coal mining
118051,Cocktail,2012-07-13,2012,hi,"[10749, 18, 35]",2.1183,6.1,123,"A shy simple traditional girl leaves her family in India for her new husband in London, where she meets a shameless flirt and a complicated party girl.",saifalikhan deepikapadukone dianapenty randeephooda bomanirani,homiadajania,"friendship london, england love triangle romcom beach party"
132316,Jab Tak Hai Jaan,2012-11-13,2012,hi,"[18, 10749]",2.0043,7.0,284,"Samar Anand (Shah Rukh Khan), a London-based struggling musician falls in love with Meera Thappar (Katrina Kaif). After a severe accident, a panicked Meera promises God to leave Samar if he lives. Heartbroken, Samar leaves for India to become a fearless bomb disposal expert in the army.",shahrukhkhan katrinakaif anushkasharma sarika andrewbicknell,yashchopra,
139582,Chakravyuh,2012-10-24,2012,hi,[53],1.5597,6.2,19,"On the request of his friend Kabir, SP Adil Sends him to the Naxal group as an informer. When Kabir finds the truth he becomes one of their gang leader.",arjunrampal abhaydeol manojbajpayee eshagupta ompuri,prakashjha,
118628,English Vinglish,2012-09-21,2012,hi,"[35, 18, 10751]",1.9857,7.3,286,"In the United States for the first time, an Indian housewife with a limited command of English turns Manhattan into her personal language school.",sridevi adilhussain mehdinebbou priyaanand navikakotia,gaurishinde,"classroom housewife speech foreign language wedding xenophobia manhattan, new york city social differences woman director"
150979,Mere Dost Picture Abhi Baki Hai,2012-07-20,2012,hi,[35],1.2507,3.5,2,"Picture Abhi Baki Hai is the journey of Amar Joshi (Sunil Shetty) who runs a video library in banaras and aspires to be a film maker. Despite facing objection from his father Amar Joshi decides to sell his video library and joins a film Institute in London.  After completing his course he lands in the city of dreams ""Mumbai"" to make his film. Suraj (Rajpal Yadav) is a struggling actor doing bit roles in T.V. serials, who Is Amar's only connection in Bollywood.  Amar Joshi starts his struggle to make his film by meeting different type of producers who have their own take on Amar's story. After many failed attempts He finally bumps into Monty Chadda (Rakesh Bedi) a P.R. Publicity man who sees good potential in Amar and decides to produce his film.  Amar &amp; Monty take help of star secretary Guptaji (Akhil Mishra) to convince Mohini (Udita Goswami) &amp; her starry mother Mummyji (Neena Gupta) who agrees to do the film.",sunielshetty mukeshahuja shawarali ompuri rakeshbedi,rajnishthakur,
222951,B.A. Pass,2012-08-30,2012,hi,[18],1.4357,5.5,42,"After losing his parents in a car accident, Mukesh stays at his Aunt's house in Delhi. Enrolled in a good for nothing course in college he finds peace by playing chess at the local cemetery, the rest of the times he worries over ways to make a living and taking care of his sisters. 'B.A.Pass' is a story looking at the fatal promise of a new life. When Mukesh meets Sarika 'auntie' at a kitty party, little does he know of the city and it's ways and means to survive. Sarika seduces Mukesh, shy and inexperienced he falls for her. What follows is a twist of destiny, a kind of story that appears in the tabloids as 'heinous acts of crime'",shadabkamal shilpashukla dibyendubhattacharya rajeshsharma deeptinaval,ajaybahl,male prostitution neo-noir
138122,Student Of The Year,2012-10-19,2012,hi,"[35, 18, 10749]",1.3471,5.8,188,Several alumni reminisce about their final year at St. Theresa's College and the events that shaped their lives.,sidharthmalhotra varundhawan aliabhatt rishikapoor sanasaeed,karanjohar,friendship jealousy love triangle competition college scavenger hunt romance reunion triathlon
158397,?: A Question Mark,2012-02-17,2012,hi,[27],0.8451,5.4,4,"A group of friends went to shoot their film project, but never returned. A few days later, their camera was found.",kiranbhatia yamanchatwal maanvigagroo chiragjain,allysonpatel,haunted house found footage horror thriller hindi
127501,Barfi!,2012-09-13,2012,hi,"[18, 10749, 35]",1.5448,7.6,359,"The heartwarming tale of Barfi, a charming deaf-mute young man from 1970s Darjeeling, and two unalike women who can't help but fall for him.",ranbirkapoor priyankachoprajonas ileanad'cruz saurabhshukla jisshusengupta,anuragbasu,deaf-mute autism love wedding handicapped
126400,Gangs of Wasseypur - Part 2,2012-08-08,2012,hi,"[80, 53, 28]",1.4952,7.8,103,"After the death of his father and brother Danish, Faizal Khan vows to take revenge by destroying Ramadhir Singh's gang.",nawazuddinsiddiqui humaqureshi richachadha rajkummarrao tigmanshudhulia,anuragkashyap,gun family relationships revenge mafia
135718,OMG: Oh My God!,2012-09-28,2012,hi,"[35, 18]",1.0741,7.2,282,A shopkeeper takes God to court when his shop is destroyed by an earthquake.,pareshrawal akshaykumar mithunchakraborty ompuri maheshmanjrekar,umeshshukla,superstition based on play or musical lawsuit remake courtroom atheism hindu mythology faith vs atheism religious satire
85052,Housefull 2,2012-04-05,2012,hi,"[35, 10749]",1.7873,5.577,123,A comedy of errors wherein four men help each other to fool their prospective father-in-laws creating a cascade of confusion and mayhem.,akshaykumar johnabraham riteishdeshmukh asinthottumkal rishikapoor,sajidkhan,
82825,Kahaani,2012-03-08,2012,hi,"[9648, 53]",1.3409,7.2,339,"Pregnant and alone in the city of Kolkata, a woman begins a relentless search for her missing husband, only to find that nothing is what it seems.",vidyabalan parambratachatterjee nawazuddinsiddiqui saswatachatterjee kharajmukherjee,sujoyghosh,investigation police corruption india missing husband nerve gas
83382,Players,2012-01-06,2012,hi,"[28, 12, 80, 53, 18]",1.1917,5.0,61,"Two professional robbers, an illusionist, an expert make-up artist, a gadget expert and a hacker come together to steal Romanian gold ingots while it is in transit.",abhishekbachchan sonamkapoorahuja bobbydeol neilnitinmukesh bipashabasu,abbasalibhaiburmawalla,heist remake betrayal
124093,Jism 2,2012-08-03,2012,hi,[53],1.0204,4.2,26,"A porn star is hired by a dashing intelligence officer as a 'honey-trap' for a dreaded assassin. She not only has to confront her bitter-sweet past, but is also forced to make an impossible choice - one that will put her own life in jeopardy.",sunnyleone randeephooda arunodaysingh arifzakaria sumitnijhawan,poojabhatt,gangster india honey trap woman director erotic thriller erotic
147767,Khiladi 786,2012-12-07,2012,hi,"[28, 35]",0.8473,4.8,47,"A father who runs a marriage bureau believes that his son is a failure in life. In order to prove him wrong, his son takes on the task of finding a match for a gangster's sister.",akshaykumar asinthottumkal himeshreshammiya mithunchakraborty rajbabbar,ashishr.mohan,
127498,Raaz 3,2012-09-07,2012,hi,"[27, 53]",0.9039,5.2,40,"When an ingénue's sudden popularity threatens to shove her out of the spotlight, a movie star uses black magic in an attempt to derail her career.",bipashabasu emraanhashmi eshagupta manishchaudhary mohankapur,vikrambhatt,black magic
161043,Gulabi Gang,2012-12-14,2012,hi,[99],0.8341,7.5,1,"In Bundelkhand, India, a revolution is in the making among the poorest of the poor, as the fiery women of the Gulabi Gang empower themselves and take up the fight against gender violence, caste oppression and widespread corruption.",sampatpaldevi ramdulari devrati bharatpatel chandrakali,nishthajain,fight india emancipation woman director
144028,Kamaal Dhamaal Malamaal,2012-09-28,2012,hi,"[35, 18]",0.9717,4.4,6,"Jhonny is often fooled by villagers as he is fit for nothing. He is in love with Maria but is often targeted by her brothers. Then enters Sam, who will be like a Samaritain to Jhonny's family.",nanapatekar nyrabanerjee shaktikapoor asrani pratimakazmi,priyadarshan,
85050,Agent Vinod,2012-03-23,2012,hi,"[28, 12, 53, 10749]",1.0792,5.4,65,"Agent Vinod sets out on a secret mission to find the reason behind the death of Rajan, his colleague. Terror strikes when he unfolds an even bigger conspiracy.",saifalikhan kareenakapoorkhan adilhussain ravikishan premchopra,sriramraghavan,threat seductress
96398,Paan Singh Tomar,2012-03-02,2012,hi,"[80, 18]",1.0925,7.4,139,Paan Singh Tomar goes from celebrated runner to star brigand and rebel when life after sports fails to unfold as planned.,irrfankhan mahiegill vipinsharma nawazuddinsiddiqui imranhasnee,tigmanshudhulia,army sports rebel
84877,Jodi Breakers,2012-03-02,2012,hi,"[35, 10749]",0.6915,5.5,5,Jodi Breakers is a Hindi film directed by Ashwini Chaudhary featurring R Madhavan and Bipasha Basu in the leading roles with Omi Vaidya and Dipannita Sharma in supporting roles.,r.madhavan bipashabasu omivaidya dipannitasharma kubbrasait,ashwinichaudhary,
138370,Luv Shuv Tey Chicken Khurana,2012-11-02,2012,hi,[35],0.7288,6.4,17,"On-the-run from the London mafia, Omi returns to his ancestral village – a place he’d flown from with his grandad’s money and grander ‘London Dreams’. Will Omi be able to hide his failures while chasing love, and the lost recipe of the infamous dish, ‘Chicken Khurana’?",kunalkapoor humaqureshi mukeshchhabra vipinsharma rajeshsharma,sameersharma,restaurant redemption senility debt punjab
140896,Son of Sardaar,2012-11-13,2012,hi,"[28, 35, 10749]",1.3022,4.523,65,A Punjabi man returning to India falls in love with a woman whose family welcomes him as a guest before realizing he is the man they need to kill in order to avenge their loved ones.,ajaydevgn sonakshisinha sanjaydutt juhichawlamehta tanujasamarth,ashwnidhir,
109221,Chittagong,2012-10-12,2012,hi,"[10752, 28, 18]",0.9044,6.6,18,"Jhunku, a 14-year-old youth in 1930s British Bangladesh, embarks on a journey to determine where he belongs.",manojbajpayee nawazuddinsiddiqui rajkummarrao delzadhiwale vegatamotia,bedabratapain,freedom fighter
271416,Chal Pichchur Banate Hain,2012-09-07,2012,hi,"[18, 35]",0.7244,0.0,0,"Suraj has everything any young man would kill for–an MBA, a well-paid job and an offer from the UK. But his dream is to become a filmmaker, and so he says goodbye to his career. Disowned by his family and friends, Suraj starts out at the bottom, pasting movie posters on walls and also faces rejection from the industry as well. This movie follows his journey from being an MBA to a filmmaker.",rahiltandon bhavnaruparel sandeepsachdev deneshpandey smitahai,pritishchakraborty,
244323,Yeh Jo Mohabbat Hai,2012-08-03,2012,hi,[],0.797,0.0,0,"Yeh Jo Mohabbat Hai is a dramatic love story of two young people who are caught between love for each other and the generations old enmity between their respective Rajput families. The film begins with the birth of Karishma and Karan on the same day in the same hospital. 23 years later, unknown of their family backgrounds, they meet each other one summer at Krakow University Poland and fall in love. When Karan finds out her family background, he starts avoiding Karishma. What happens thereafter is a succession of interesting events that you would get to see in this musical extravaganza from the house of Shakti Samanta which made some memorable romantic films like Aradhana, Kati Patang, Amar Prem, Kashmir Ki Kali and others.",ratiagnihotri mohnishbehl naziahussain faridajalal anuradhapatel,shreenarayansingh,
120942,Teri Meri Kahaani,2012-06-22,2012,hi,"[35, 18, 10749]",0.9923,5.9,35,"A couple lives though three different lives over different eras as destiny conspires to make them fall in love with each other, against all odds.",shahidkapoor priyankachoprajonas omarkhan prachidesai nehasharma,kunalkohli,romcom true love
84879,Gali Gali Chor Hai,2012-02-03,2012,hi,"[18, 28]",0.6971,4.0,9,"Bharat is the Indian common man and a part-time actor, and portrays the role of Hanuman, the monkey God, at the local Ramleela skit.  His family consists of his wife, Nisha, ambitious for her husband, and would like him to be promoted from cashier to manager at the bank.  Bharat, however, wants to be Ram, the protagonist in Ramleela.  And then one day, Bharat’s table-fan gets stolen. Bharat then gets sucked into a system that worships corruption and dishonesty, and is forced to bribe his way through criminals and law keepers alike, just to get this table-fan back. What the system does not seem to realise, however, is that even somebody as common as Bharat can snap, and when he does, he can make life hell for a lot of people",akshayekhanna shriyasaran mugdhagodse annukapoor satishkaushik,rumijaffery,
118032,Ferrari Ki Sawaari,2012-06-15,2012,hi,"[10751, 35]",0.8453,5.9,34,"A little boy thinks of nothing but cricket. His father, Rusy, thinks of nothing but his little boy. To fulfill his sons dream of playing at Lords cricket ground, the honest and upright Rusy takes a reckless step. He borrows a gleaming red Ferrari. Just for one hour. The only trouble-- he doesnt inform the cars legendary owner. A wild, breathless, bumpy ride begins. A naive Rusy must dodge bullets and bouncers for one unforgettable night, and play the role of a perfect father. Can he do it?  Ferrari Ki Sawaari is a fun-filled story of small guys and their big dreams and how these dreams turn into a mad comedy of errors.  Fasten your seatbelts. The joyride awaits",sharmanjoshi ritwiksahore bomanirani pareshrawal seemapahwa,rajeshmapuskar,
135469,Shirin Farhad Ki Toh Nikal Padi,2012-08-24,2012,hi,[10749],0.7809,3.3,7,"Shirin Farhad Ki Toh Nikal Padi is a 2012 Bollywood romantic comedy film directed by Bela Bhansali Sehgal, starring Farah Khan, Boman Irani, Kavin Dave, Shammi, Kurush Deboo and Daisy Irani.",kavindave kurushdeboo bomanirani farahkhan daisyirani,belasegal,romcom mother son relationship
84238,Chaalis Chauraasi,2012-01-13,2012,hi,"[80, 18, 53]",0.6014,6.0,2,"Four friends -- Pankaj (Naseeruddin Shah), Bobby (Atul Kulkarni), Shakti Chinappa (Ravi Kissen), Albert Pinto (Kay Kay Menon) -- want to rob a lonely house in a lonely stretch of it's Rs 20 crore fake Indian currency... and the very fake note vending machine that lies in there. Just one problem: They have no plan...",naseeruddinshah kaykaymenon atulkulkarni rajeshsharma shwetabhardwaj,hridayshetty,chalis chaurasi chaalis chaurasi
147405,Dabangg 2,2012-12-21,2012,hi,"[28, 35, 80]",1.0113,5.0,116,Chulbul Pandey invites a fresh trouble when he kills the brother of a notorious politician and the former swears to wreak havoc in his life.,salmankhan sonakshisinha arbaazkhan vinodkhanna prakashraj,arbaazkhan,police officer
243831,Jackpot,2013-12-13,2013,hi,"[35, 53]",2.5222,3.1,4,"JACKPOT THE SET UP -  Jackpot is a fast-paced thriller con, with sharp comic one-liners and crazy characters, set entirely in Goa against the backdrop of casino boats.  The film goes back and forth in time, capturing one Goan monsoon of Full Jhol. Its a card game between the players in the con. Who will come out Aces and who will end up being the Joker?  An amateur gang of young Goans plan the perfect con - no nuksaan, no pareshan. However, all good plans often  It doesn't take long for them to discover that a reverse con has been played back on them - by the very people they were trying to con.  In doing so, the five members of the gang split and start suspecting each other. After all, when there is cash in a briefcase, and a beautiful woman with a gun, things tend to go horribly wrong.",makranddeshpande sachiinjoshi sunnyleone bharathsrinivasan naseeruddinshah,kaizadgustad,casino gambling
205022,Chennai Express,2013-08-08,2013,hi,"[10749, 35, 28]",2.3259,6.5,371,"Rahul embarks on a journey to a small town in Tamil Nadu to fulfill the last wish of his grandfather: to have his ashes immersed in the Holy water of Rameshwaram. En route, he meets a woman hailing from a unique family down South. As they find love through this journey in the exuberant lands of South India, an unanticipated drive awaits them.",shahrukhkhan deepikapadukone nikitindheer sathyaraj mukeshtiwari,rohitshetty,temple language barrier romcom elopement rameshwaram domineering father funeral ceremony fake couple train ride confectionery
192558,Aashiqui 2,2013-04-26,2013,hi,"[18, 10749]",2.8644,6.8,183,"A young woman meets a failing musician who launches her singing career, but their relationship is doomed when people assume he's with her for her fame and fortune.",adityaroykapur shraddhakapoor shaadrandhawa maheshthakur salilacharya,mohitsuri,artist musical tragic love
185008,Yeh Jawaani Hai Deewani,2013-05-31,2013,hi,"[10749, 35]",2.3534,7.3,289,"On a trekking trip, an introverted Naina falls for a charming ex-classmate, whose thirst for adventure drives them apart. Years later, their paths cross again.",ranbirkapoor deepikapadukone adityaroykapur kalkikoechlin kunaalroykapur,ayanmukerji,school friend friendship romcom dysfunctional family relationship philosophical trekking cheerful comforting romance musical
228355,Boss,2013-10-16,2013,hi,"[28, 35, 18]",1.8795,5.6,84,"Disowned by his father as a boy, Surya is taken in by a crime boss. When his brother Shiv is wrongly imprisoned, his father pleads for Surya's help.",akshaykumar shivpanditt mithunchakraborty ronitroy aditiraohydari,anthonyd'souza,sibling relationship remake
218898,Zanjeer,2013-09-05,2013,hi,"[28, 80, 18]",1.4158,4.5,34,A remake of the 1973 action film of the same name.,ramcharan prakashraj priyankachoprajonas sanjaydutt srihari,apoorvalakhia,gangster
191714,The Lunchbox,2013-09-20,2013,hi,"[18, 10749]",1.54,7.4,793,"A mistaken delivery in Mumbai's famously efficient lunchbox delivery system (Mumbai's Dabbawallahs) connects a young housewife to a stranger in the dusk of his life. They build a fantasy world together through notes in the lunchbox. Gradually, this fantasy threatens to overwhelm their reality.",irrfankhan nimratkaur nawazuddinsiddiqui lilletedubey nasirrkhan,riteshbatra,"housewife mumbai (bombay), india food tiffin gastronomia indian cuisine"
206324,Bhaag Milkha Bhaag,2013-07-12,2013,hi,"[36, 18]",1.9606,7.5,276,"The true story of the ""Flying Sikh"" world champion runner and Olympian Milkha Singh who overcame the massacre of his family, civil war during the India-Pakistan partition, and homelessness to become one of India's most iconic athletes.",farhanakhtar sonamkapoorahuja divyadutta pavanmalhotra rebeccabreeds,rakeyshomprakashmehra,fight knife biography past sister love jail slaughter family sports documentary athlete
186747,Ek Thi Daayan,2013-04-18,2013,hi,"[27, 10749, 53]",2.1363,5.0,34,A popular magician seeks help from a psychiatrist to protect him from a witch that has haunted him since childhood.,emraanhashmi konkonasensharma kalkikoechlin humaqureshi pavanmalhotra,kannaniyer,witch dreams magic surreal boyfriend girlfriend relationship magician
44977,Dhoom 3,2013-12-19,2013,hi,"[28, 80]",1.9391,6.0,304,"To avenge his father's death, a circus entertainer trained in magic and acrobatics robs banks to take down a corrupt bank owner. Two cops from Mumbai are assigned to the case.",aamirkhan abhishekbachchan katrinakaif udaychopra jackieshroff,vijaykrishnaacharya,circus bank robber sequel heist bank heist motorcycle chase
208036,Ramaiya Vastavaiya,2013-07-19,2013,hi,"[10749, 28, 35]",1.9884,6.3,39,A wealthy NRI falls hard for a country girl during a visit to his homeland.,shrutihaasan girishkumar sonusood randhirkapoor poonamdhillon,prabhudeva,village life nri older brother younger sister
190940,Bombay Talkies,2013-05-03,2013,hi,"[18, 10749]",1.2878,6.3,59,One hundred years of Hindi cinema is celebrated in four short stories showcasing the power of film.,ranimukerji randeephooda saqibsaleem nawazuddinsiddiqui sadashivamrapurkar,zoyaakhtar,anthology woman director
204435,Krrish 3,2013-11-01,2013,hi,"[28, 878]",2.2219,5.7,195,Krrish and his father must team up to save the world from a psychokinetic evil man named Kaal and his army of mutants.,hrithikroshan priyankachoprajonas vivekoberoi kanganaranaut arifzakaria,rakeshroshan,secret identity superhero mad scientist sequel lethal virus pregnant woman
178476,3G,2013-03-14,2013,hi,"[27, 878, 53]",1.2656,3.5,11,"When Sam and Sheena are on vacation in the Fiji Islands, Sam buys a 3G enabled phone. Unforeseen events take place after he starts receiving unknown calls and finds his life at risk.",neilnitinmukesh sonalchauhan vishaardsharan asheeshkapur mrinalinisharma,shiirshaks.anand,
235984,Goliyon Ki Raasleela Ram-Leela,2013-11-14,2013,hi,"[18, 10749]",1.37,7.0,197,Ran and Leela are passionately in love with each other. The only problem is that their respective clans have been enemies for 500 years.,ranveersingh deepikapadukone richachadha supriyapathak sharadkelkar,sanjayleelabhansali,forbidden love musical based on play or musical family relationships love death of lover
206851,D-Day,2013-07-19,2013,hi,"[28, 53]",1.3173,6.6,66,Four Indian agents spend nine years under cover to track down India's most wanted criminal.,irrfankhan arjunrampal rishikapoor humaqureshi imranhasnee,nikkhiladvani,spy
326490,Bloody Isshq,2013-03-01,2013,hi,[10749],1.2063,5.0,2,The story revolves around the three characters and showcases the love trap which Nirvaan throws for Natasha hiding the fact that he is married to Radhika. The love mystery unravels as destiny has something else planned for Nirvaan.,daisyshah shilpaanand triptaparashar mukeshtiwari karanmehra,arupdutta,
240614,R... Rajkumar,2013-12-06,2013,hi,"[28, 10749]",1.4796,6.2,97,"Rajkumar, an aimless youth, works for a drug baron and is sent to kill a rival dealer. His life is changed forever when he meets Chanda, and has no idea she is the adopted daughter of the man he is supposed to kill.",shahidkapoor sonakshisinha mukuldev ashishvidhyarthi sonusood,prabhudeva,hero fighter love killer lovesick damsel in distress
168117,Gangoobai,2013-01-11,2013,hi,"[18, 10751]",1.1463,7.5,2,"Gangoobai, a childless, elderly widow, has lived her whole life in the tiny colonial hill station of Matheran, set in the spectacularly beautiful Sahyadri mountain range about 4 hours' drive from Mumbai.",saritajoshi purabkohli mitavashisht rajzutshi,priyakrishnaswamy,
191121,Raanjhanaa,2013-06-21,2013,hi,"[18, 10749]",1.2749,6.6,159,A small-town boy needs to break through the class divide to gain acceptance from his childhood sweetheart who is in love with big city ideals.,dhanush sonamkapoorahuja abhaydeol swarabhasker mohammedzeeshanayyub,aanandl.rai,tragedy unrequited love teenage love inter religion relationship
180853,Chashme Baddoor,2013-04-05,2013,hi,"[35, 18]",1.1155,4.5,26,"Seema rejects six marriage proposals set by her father and leaves for Goa. After Jai and Omi fail to impress her, they come up with a cruel plan when they realise that their friend Sid is dating her.",alizafar taapseepannu siddharth divyendusharma rishikapoor,daviddhawan,roommates male friendship adult humor friends
215383,Nasha,2013-07-22,2013,hi,"[18, 10749, 53]",1.2195,4.1,10,"A teenage boy becomes smitten with his new drama teacher and pursues her, despite the perilous risks of being found out.",poonampandey shivampatil ranbirchakma vishalbhonsle sheetalsingh,amitsaxena,coming of age high school teacher older woman younger man relationship erotic movie
220714,Grand Masti,2013-09-13,2013,hi,"[35, 10749]",0.86,4.7,39,"Meet, Prem, and Amar look to have a blast at their college reunion, though they soon find themselves in another predicament.",riteishdeshmukh vivekoberoi aftabshivdasani sureshmenon karishmatanna,indrakumar,
165904,Special 26,2013-02-07,2013,hi,"[80, 18, 53]",1.1605,7.3,219,"During the 1980s in India, a group of con artists rob businessmen and politicians by conducting fake raids, posing as officers of the CBI or Income Tax Department . They plan to execute their biggest con as a final job while a relentless cop is on their trail.",akshaykumar anupamkher manojbajpayee jimmyshergill divyadutta,neerajpandey,heist con artist theft
209410,Shuddh Desi Romance,2013-09-06,2013,hi,"[18, 10749]",1.1828,5.8,65,A journey of three restless young people who junk the society's syllabus for finding love and decide to follow their heart.,sushantsinghrajput parineetichopra vaanikapoor rishikapoor rajeshsharma,maneeshsharma,
170241,Deewana Main Deewana,2013-02-01,2013,hi,"[35, 10749, 53]",0.6996,5.4,7,"Govinda plays role of a person who is an easy going person and Priyanka enters his life. He wants to win her over and for this he keeps making one after another mistake. In order to impress her, he tells many lies and she starts hating him.  This film is remake of successful Tamil film ""Priyamudan"" directed by Vincent Selva.",govinda priyankachoprajonas premchopra kaderkhan johnylever,k.c.bokadia,
222430,Phata Poster Nikhla Hero,2013-09-20,2013,hi,"[28, 35]",1.4192,5.1,66,"Vishwas, the son of a widow, wants to be an actor despite his mother's wish that he become a police inspector. However, his life takes a turn when he is is mistaken for an inspector while dressed for a photo shoot and gets entangled with a criminal gang.",shahidkapoor ileanad'cruz padminikolhapure mukeshtiwari darshanjariwala,rajkumarsantoshi,
503928,Mahabharat,2013-12-27,2013,hi,"[12, 16, 28, 36, 10751]",0.9877,7.2,6,"Mahabharat is considered as the greatest and the longest epic in world literature It has all the possible elements that a story could have - conflict, duty, sacrifice, heroism, truth, justice, romance, adventure, fantasy and relationships - making it truly an all-encompassing fascinating saga.",shatrughansinha manojbajpayee sunnydeol ajaydevgn vidyabalan,amaankhan,hinduism
168243,Zila Ghaziabad,2013-02-22,2013,hi,"[28, 80, 18]",1.1412,4.0,16,"In the city of Ghaziabad, gang war breaks between two rival groups led by Satbir Singh and Fauji. Thakur Pritam Singh, a corrupt police officer, is transferred to the city to handle the situation.",sanjaydutt arshadwarsi vivekoberoi minisshalamba ashutoshkaushik,anandkumar,
177358,Jolly LLB,2013-03-15,2013,hi,"[35, 18]",1.1775,7.1,136,"Wanting to earn fame and fortune, a small time lawyer files a PIL for an infamous hit-and-run, and thus learns what it really is like to be a lawyer.",arshadwarsi bomanirani saurabhshukla amritarao harshchhaya,subhashkapoor,lawyer
199997,Sona Spa,2013-03-22,2013,hi,[18],1.1062,2.7,3,"The world is deprived of sleep. In Sona Spa you can buy sleep for yourself. Here, women (Sleep Workers) sleep for you, not with you.",naseeruddinshah aahanakumra shrutivyas poojapradaan romijaispal,makranddeshpande,
168245,Kai Po Che!,2013-02-13,2013,hi,[18],1.3756,7.1,146,Three friends growing up in India at the turn of the millennium set out to open a training academy to produce the country's next cricket stars.,sushantsinghrajput rajkummarrao amitsadh amritapuri asifbasra,abhishekkapoor,cricket friends buddy
185640,Commando - A One Man Army,2013-04-11,2013,hi,[28],0.9652,6.4,61,A disavowed Indian commando helps protect a woman from a local thug who is hellbent on forcing her to marry him.,vidyutjammwal poojachopra jaideepahlawat jagatrawat ishitavyas,dilipghosh,martial arts army commando
239586,Issaq,2013-07-27,2013,hi,[10749],0.7435,4.0,4,"A contemporary adaptation of Romeo and Juliet set in the backdrop of Varanasi in the UP heartland, complete with naxalism, sand mining mafia and of course the timeless love story.",prateiksmitapatil amyradastur evelynsharma ravikishan rajeshwarisachdev,manishtiwary,
191726,Ugly,2013-05-17,2013,hi,"[53, 18, 9648, 80]",1.3072,6.965,128,"When a 10-year old girl goes missing, her stepfather races against time to investigate the kidnapping. Can he find her before it's too late?",ronitroy rahulbhat vineetkumarsingh tejaswinikolhapure girishkulkarni,anuragkashyap,police investigation missing child
248211,Liar's Dice,2013-10-05,2013,hi,[18],0.9204,6.3,18,"The film follows Kamala, a young woman from Chitkul village and her girl child Manya, who embarks on a journey leaving their native land in search for her missing husband. Along this journey she encounters Nawazudin, a free spirited army deserter who helps them to get to their destination with his own selfish motive.",nawazuddinsiddiqui geetanjalithapa manyagupta murarikumar harishkhanna,geethumohandas,woman director
253709,Enemmy,2013-06-21,2013,hi,[28],0.8394,8.0,3,"Enemmy follows daredevil CID officers against an underworld don.  Four under cover cops Eklavya (Sunil Shetty), Naeem (Kay Kay Menon), Madhav (Mahaakshay Chakraborty) and Eric (Johny Lever) get the assignment to stop a gang war over a missing sum of money. They manage to put under world don Mukhtar Memon (Zakir Hussain) behind the bars but that doesn't solve the problem. Later, a senior CBI officer Yugandhar (Mithun Chakraborty) starts investigating the case",sunielshetty mithunchakraborty kaykaymenon johnylever zakhirhussain,ashutrikha,
237305,Gori Tere Pyaar Mein,2013-11-22,2013,hi,"[35, 10749]",1.0855,6.0,53,"Sriram Venkat is the most shallow guy on earth who doesn't value relationships, family, friends, life or the country. Not necessarily in that order. Because he couldn't care less about the order. This makes him the clear 'black' sheep of the family.",kareenakapoorkhan imrankhan anupamkher nizhalgalravi kalyaninatarajan,punitmalhotra,
198556,Main Krishna Hoon,2013-01-25,2013,hi,"[16, 10751]",0.8886,6.0,112,"In answer to an orphan boy's prayers, the divine Lord Krishna comes to Earth, befriends the boy, and helps him find a loving family.",pareshganatra juhichawlamehta namitshah hrithikroshan katrinakaif,rajivs.ruia,
348094,Rajjo,2013-11-15,2013,hi,"[10749, 18]",1.0824,3.0,1,The journey of a nautch girl in the most extraordinary circumstances. Rajjo and Chandu fall in love against the backdrop of the dying Kothas of Mumbai.,kanganaranaut prakashraj maheshmanjrekar jayaprada parasarora,vishwaspatil,
297222,PK,2014-12-18,2014,hi,"[35, 18, 878]",7.4268,7.692,1135,"A stranger in the city asks questions no one has asked before. Known only by his initials, the man's innocent questions and childlike curiosity take him on a journey of love, laughter and letting go.",aamirkhan anushkasharma saurabhshukla bomanirani sushantsinghrajput,rajkumarhirani,friendship society christianity hinduism islam satire alien love religion sociology belief in god islamophobia pakistan vs india sikhism jainism religious satire
276935,Ek Villain,2014-06-27,2014,hi,"[10749, 28, 80, 53]",2.3655,6.5,165,An ex-gangster re-enters the world of violence after his wife is murdered by a serial killer.,sidharthmalhotra shraddhakapoor riteishdeshmukh aamnashariff asifbasra,mohitsuri,revenge serial killer
277432,Happy New Year,2014-10-24,2014,hi,"[28, 35, 80, 12]",1.8745,6.1,286,Six would-be thieves enter a prestigious dance competition as a cover for their larger goal of pulling off a major heist.,shahrukhkhan deepikapadukone abhishekbachchan sonusood bomanirani,farahkhan,dance diamond competition stripper heist dubai con artist thief pole dancer diamond heist woman director
278347,It's Entertainment,2014-08-08,2014,hi,[35],1.3924,4.8,67,"Akhil, an underdog and a failure, comes to know that his real father is a rich diamond merchant who has just passed away. When he goes to retrieve his wealth, he learns that a dog has inherited it.",akshaykumar junior tamannaahbhatia krishnaabhishek mithunchakraborty,farhadsamji,
303281,Happy Ending,2014-11-21,2014,hi,[35],1.3828,5.3,35,Yudi’s happy life is about to encounter a speed breaker-his BMW gets towed away and his dues have started piling up. He’s run out of money and luck! To make matters worse-his supposed ex-girlfriend isn’t really his ex.,saifalikhan ileanad'cruz kalkikoechlin govinda ranvirshorey,krishnad.k.,
316846,Manjunath,2014-05-09,2014,hi,[18],1.2676,7.0,1,"Shanmugam Manjunath, an IIM student, who was killed for his stand against corruption and fuel adulteration.",anjorialagh seemabiswas divyadutta satiiyshsaarathysasho asifbasra,sandeepa.verma,
280690,Kick,2014-07-25,2014,hi,"[28, 10749, 35, 80]",1.6716,5.7,166,"An adrenaline junkie walks away from a whirlwind romance and embraces a new life as a thief, though he soon finds himself pursued by veteran police officer and engaged in a turf war with a local gangster.",salmankhan jacquelinefernandez randeephooda nawazuddinsiddiqui mithunchakraborty,sajidnadiadwala,remake
269238,Koyelaanchal,2014-05-09,2014,hi,[],1.3276,6.9,4,"Koyelaanchal (coal belt of India) brings to light the explosive story of the people who have kept our precious fuel station at ransom for centuries. Koyelaanchal unveils itself through Saryu Bhan Singh (Vinod Khanna),an ex-owner turned Mafioso of the region, who through his sheer brutality & blatant defiance of law of the land, forces the people & the authorities to acknowledge him as their 'maalik'. Any protest, any voice of dissent against him is dealt with spine chilling violence of epic proportions.",vinodkhanna roopalikrishnarao sunielshetty ravisingh vipinno,ashutrikha,
280795,Haider,2014-10-02,2014,hi,"[80, 18]",1.8338,7.2,246,A young man returns to Kashmir after his father's disappearance to confront his uncle - the man he suspects to have a role in his father's fate.,shahidkapoor tabu kaykaymenon shraddhakapoor narendrajha,vishalbhardwaj,death of father revenge kashmir conflict hamlet avenge
287767,Mardaani,2014-08-22,2014,hi,"[28, 80, 18, 53]",2.3395,6.6,110,A Mumbai police officer's search for a missing teenage girl leads her to the depraved world of child trafficking. What follows is a cat-and-mouse game between the officer and a ruthless mafia kingpin.,ranimukerji tahirrajbhasin jisshusengupta sanjaytaneja monaambegaonkar,pradeepsarkar,rape kidnapping brothel pimp investigation villain fistfight rape victim beaten to death teenage girl female protagonist cruelty brutality teenage prostitute sex trafficking anger tough girl female police officer one woman army female detective misogyny child trafficking misogynist tough cop police agent child prostitution abduction knocked unconscious forced into prostitution evil man self justice woman wrapped in a towel
254420,Gulaab Gang,2014-03-07,2014,hi,[18],1.1285,6.2,16,A fearless woman fights social injustice; creating a sanctuary for abused women and battling a crooked politician.,madhuridixit juhichawlamehta tannishthachatterjee sudevnair divyajagdale,soumiksen,rebellion
372084,Mastram,2014-05-09,2014,hi,[18],1.4365,3.1,8,Rajaram is a small town bank clerk who dreams of travelling to Delhi and becoming a reputed writer. His litterateur aspirations are supported by none except his wife Renu.,rahulbagga taraalishaberry,akhileshjaiswal,marriage masturbation
265289,Purani Jeans,2014-05-02,2014,hi,[10749],1.1482,4.8,6,"Purani Jeans is a film based on the belief that friendship is like a pair of old jeans—the more you wear them the better it gets. The summer now unfolds more dramatically as the boys make detrimental choices—of love, sex, friendship, jealousy, heartbreaks & betrayal, finally leading to broken bonds of friendship. The film travels with Siddharth as he explores equations with his past—to rebuild friendships with his four friends whom he grew up with in a small town in Himachal Pradesh in India. When Siddharth lands in India from the US, ghosts from his youth loom up. He finally overcomes the complications and sets right all the wrongs done in his past & rediscovers bonds of friendship.I n the end Siddharth goes back to New York a better man; reconciled with his past & most importantly rediscovering a happier today. He returns to New York with the belief that friendship is indeed like Purani Jeans, the older the better!!",izabelleleite adityaseal tanujvirwani sarika ratiagnihotri,,
282353,Pizza,2014-07-18,2014,hi,"[53, 27]",1.3245,4.7,13,"'Pizza' is a supernatural thriller - it is the story of Kunal,a pizza delivery boy who works at a small pizza joint in Mumbai. The staff working at the Pizza joint are his only friends and his wife Nikita, is someone whom he trusts and enjoys spending time with.  His life is limited to delivering pizzas across the city .Kunal is a non believer in the occult - whether ghosts or the afterlife. Life is a series of regular uneventful days, until one day a pizza delivery goes wrong. Kunal delivers to a couple at a House and this encounter changes his life around for the worse. The experiences in the haunted house makes Kunal realize there are supernatural powers in existence... and to make matters worse, when he finally escapes from the house, his wife Nikita goes missing. 'Pizza' is a horror film, with a twist.",akshayoberoi parvathyomanakuttan dipannitasharma arunodaysingh rajeshsharma,akshayakkineni,
283589,Bang Bang!,2014-10-02,2014,hi,"[28, 12, 35, 10749, 53]",1.6196,6.2,245,"A young bank receptionist gets mixed up with Rajveer Nanda, a man who has a mysterious background.",hrithikroshan katrinakaif dannydenzongpa javedjaffrey jimmyshergill,siddharthanand,"rescue dancing london, england secret agent heist revenge jewel thief jewelry heist motorcycle chase"
259720,2 States,2014-04-17,2014,hi,"[35, 10749, 18]",1.4351,6.5,157,"A man and a woman come from two very different cultural backgrounds, and decide that they won't get married until they convince their parents. As feared, differences between the families pose a hurdle.",aliabhatt arjunkapoor amritasingh revathi ronitroy,abhishekvarman,"based on novel or book delhi, india romcom love cultural difference wedding university boyfriend girlfriend relationship"
250551,Gunday,2014-02-14,2014,hi,"[28, 80, 18]",1.6408,4.9,109,"The lives of Calcutta's most powerful gangsters - Bikram and Bala, changes when Nandita enters it. Then a counter-force takes charge and a thriller unfolds.",ranveersingh arjunkapoor priyankachoprajonas irrfankhan saurabhshukla,aliabbaszafar,friendship love triangle gangster two man army train train robbery coal fight on train roof
252841,Highway,2014-02-13,2014,hi,"[18, 10749, 80]",1.4442,7.2,183,"Right before her wedding, a young woman finds herself abducted and held for ransom. As the initial days pass, she begins to develop a strange bond with her kidnapper.",aliabhatt randeephooda durgeshkumar pradeepnagar saharshkumarshukla,imtiazali,stockholm syndrome kidnapping self-discovery on the road
303904,Ungli,2014-11-28,2014,hi,"[53, 35, 18]",1.1483,5.6,27,"When a corrupt judicial system lets a drunken driver off scott-free, four gym friends become vigilantes to avenge the death of their trainer.",emraanhashmi kanganaranaut sanjaydutt randeephooda nehadhupia,renzild'silva,
281730,Fugly,2014-06-13,2014,hi,"[35, 18, 53]",0.9682,5.2,10,The fun-filled and carefree life of four college friends comes to an abrupt end when they cross paths with a corrupt police officer.,mohitmarwah kiaraadvani vijendarsingh arfilamba jimmyshergill,kabirsadanand,
262903,Main Tera Hero,2014-04-04,2014,hi,"[10749, 35]",1.7137,5.7,192,"Seenu loves Sunaina but they're chased by a stalking cop, an infatuated beauty and her mafia don dad - can Seenu's heroics work?",varundhawan ileanad'cruz nargisfakhri anupamkher rajpalyadav,daviddhawan,coming of age
310123,Zid,2014-11-28,2014,hi,"[53, 10749]",1.166,4.1,9,"A journalist, who is still in love with his ex-girlfriend, becomes the obsession of his landlord's daughter.",mannarachopra karanvirsharma shraddhadas seeratkapoor mohankapur,vivekagnihotri,love triangle obsession vertigo hit-and-run goa crime reporter erotic thriller
297809,Sonali Cable,2014-10-17,2014,hi,"[18, 10749]",1.1507,5.2,10,"Sonali, a spunky self-made internet operator, proudly runs a small outfit along with her band of ghetto boys catering to a sprawling Mumbai suburb. Complications arise when Sonali's childhood sweetheart, Raghu returns from the United States and helps bring her small enterprise into the 21st century. But not all forces of modernization are as kind and as loving as Raghu. SHINING INC, a huge corporation wants her out to complete their monopoly of Shining Broadband in the city. Sonali refuses... and it's war! This is a character driven, edgy survival drama of an ordinary girl, a sizzling love interest and her rag-tag family of internet cable technicians for whom Sonali Cable Centre is more than a livelihood... it's their home.",rheachakraborty alifazal anupamkher smitajaykar swanandkirkire,charuduttacharya,love business internet
271200,Heropanti,2014-05-23,2014,hi,"[10749, 28]",1.4361,5.7,67,Two young people find love despite the violent landscape in which they live.,tigershroff kritisanon prakashraj shireeshsharma sandeepadhar,sabbirkhan,
276928,Humpty Sharma Ki Dulhania,2014-07-11,2014,hi,"[18, 35, 10749]",1.5383,6.4,116,"A girl from Ambala, Kavya Pratap Singh, is about to be married. When she visits Delhi to shop for her 'dhai lakh ka Ghagra'(wedding dress worth Rs. 2.5 Lakh), she meets Humpty Sharma, a carefree Delhiite, and falls in love with him.",varundhawan aliabhatt ashutoshrana sidharthshukla adityasharma,shashankkhaitan,
285803,Singham Returns,2014-08-15,2014,hi,[28],1.4768,6.1,126,"Owing to the wrongdoings affiliated with evils similar to black money, an honest but ferocious police officer returns as the Deputy Commissioner of Police with the prospect of wiping out injustice.",ajaydevgn kareenakapoorkhan amolegupte anupamkher vineetsharma,rohitshetty,sequel police officer cop universe
161064,Filmistaan,2014-06-06,2014,hi,[35],0.9151,6.6,17,"Sunny is struggling to make a living in the Bollywood industry. He takes a job as assistant director (the operative word being assistant) for an American documentary filmmaking team, but during filming in the Indian Rajasthan province he is kidnapped by Pakistani terrorists – and detained in a small village in Pakistan. The situation is delicate, but the villagers share Sunny's passion for Bollywood film, and little by little the hostage and the guardians come to understand each other. Eventually, Sunny lays a plan to escape with the help of the villagers.",sharibhashmi kumudmishra gopaldatt inaamulhaq,nitinkakkar,
491320,Vimana,2014-07-21,2014,hi,[878],1.048,0.0,0,Two Indian astronauts must cope with the death of their captain on a one-way voyage to the nearest Earth-like sanctuary.,ravikapoor hinakhan anjulnigam meerasimhan,faroukhvirani,short film
251626,Hasee Toh Phasee,2014-02-07,2014,hi,"[35, 10749]",1.0691,6.5,111,"On the eve of Nikhil and Karishma’s engagement, Karishma’s wealthy father, Devesh Solanki, expresses his disapproval, believing Nikhil to be a lackadaisical young man. With one week to prove himself worthy to marry Karishma, Nikhil and Karishma's sister, Meeta, grow closer to each other.",sidharthmalhotra parineetichopra adahsharma manojjoshi sharatsaxena,vinilmathew,romcom family relationships relationship
244237,Jai Ho,2014-01-24,2014,hi,"[28, 18]",1.4195,5.0,96,"An upright ex-army man, Jai fights a solitary war against corruption and injustice. With a simple mantra to pay forward, he starts off by helping one person and forms an ever growing circle of people helping each other.",salmankhan tabu dannydenzongpa daisyshah maheshmanjrekar,sohailkhan,war of independence political correctness
298923,Roar,2014-10-31,2014,hi,"[53, 28, 12]",1.0009,5.2,6,"After his photojournalist brother gets killed by a white tigress in the jungles of the Sundarbans, Pandit and his team of commandos enter the prohibited core area of the forest to avenge his death.",pulkitjawahar himarshavenkatsamy pranaydixit abhinavshukla achintkaur,kamalsadanah,tiger bengal tiger maneater tigers sundarbans
264085,Bhoothnath Returns,2014-04-11,2014,hi,"[35, 18, 14]",1.5105,6.3,85,"Boothnath vows to redeem himself when spirits tease him, and searches for a child to terrify. He befriends Akhrot, a slum kid, and helps him take on the country's most powerful politician.",amitabhbachchan parthbhalerao bomanirani ushajadhav sanjaymishra,niteshtiwari,political satire sitcom
273886,Holiday,2014-06-06,2014,hi,"[28, 80, 53]",1.1777,6.3,142,"Virat Bakshi, an Indian army soldier on vacation stumbles upon a terror plot to rip Mumbai apart with a series of bomb blasts and must hunt down the sleeper cell of the terror organisation before it's too late.",akshaykumar sonakshisinha freddydaruwala govinda sumeetraghvan,a.r.murugadoss,soldier
287637,Tigers,2014-11-08,2014,hi,"[18, 53]",1.0038,7.1,23,"Ayan, a pharmaceutical salesman in Pakistan, takes on the multinational health care corporation he works for after he realizes they knowingly marketed a baby formula that's responsible for the death of hundreds of babies everyday.",emraanhashmi geetanjalithapa dannyhuston khalidabdalla adilhussain,danistanović,pharmaceuticals
370235,Badlapur Boys,2014-12-12,2014,hi,[18],0.7789,1.0,1,"A story about a bunch of underdogs who not only play Kabaddi passionately, but also get involved in crucial socio-economic issues.",annukapoor anupammaanav saranyamohan nishank.p.nanaiah kishorishahane,,
247645,Queen,2014-03-07,2014,hi,"[35, 18]",1.0501,7.3,302,"Rani, a 24-year-old homely girl, decides to go on her honeymoon alone when her fiancé calls off the wedding. Traveling around Europe, she finds joy, makes friends, and gains new-found independence.",kanganaranaut rajkummarrao lisahaydon mishboyko jeffreyho,vikasbahl,"dancing friendship paris, france self-discovery roommates canceled wedding"
250726,Mr Joe B. Carvalho,2014-01-03,2014,hi,[35],0.7468,3.1,8,A small time detective is hired to bring back the daughter of a businessman who has run away from home with the house chef.,arshadwarsi sohaalikhan javedjaffrey karishmakotak geetabasra,samirtewari,
299692,Super Nani,2014-10-31,2014,hi,"[10751, 18]",0.7147,7.2,6,"The movie revolves around how an Indian woman, Bharti, who sacrifices her life for her children and husband, and yet they do not value her or her sacrifices, and they all maltreat her. Then tables turn when her grandson, Mann comes to her rescue. He gets her modeling assignments which makes her more successful than any of the family members, including her husband. Even after so much success she misses the love and affection of family members. Mann suggests her to teach everyone in the house a lesson so that they start to value her. The movie has a happy end where she reunites with her family and they learn to respect her and value the efforts she makes for keeping them happy. The moral of the movie is importance of your mother and what all she does for you. Respecting her and valuing her efforts.",rekha sharmanjoshi randhirkapoor shwetakumar anupamkher,indrakumar,
273505,Humshakals,2014-06-20,2014,hi,[35],1.3342,3.1,53,"A comedy centered around three people who each have a lookalike of a lookalike, all with the same name.",saifalikhan riteishdeshmukh ramkapoor bipashabasu tamannaahbhatia,sajidkhan,
1212403,Haircut,2014-01-02,2014,hi,[35],0.6966,6.0,2,A simple story of a simple man who just want a simple haircut. Sounds easy doesn't it?,imranrasheed faezehjalali shivanitanksale kunalkhemu ishatalwar,anandtiwari,
283827,Singh Is Bliing,2015-10-02,2015,hi,"[28, 35]",27.5902,5.4,80,"Raftaar Singh is always looking to have fun and runs away from responsibility. Fed up, his father orders Raftaar to go to Goa and work, and learn to take on responsibility. Once in Goa, he impresses his new boss with his enthusiasm and creative thinking. Soon he gets an assignment, and meets Sara Amy Jackson - and thus begins their unique love story. What ensues is a great comedy of errors, as one hilarious situation after another unfolds. Raftaar falls head over heels for this exotic, mysterious girl. The romance takes a deadly turn when he realizes that Sara is not who he thinks she is and has an agenda, which takes him to Romania. Will Raftaar be able to win her over in a distant and dangerous land?",akshaykumar amyjackson ratiagnihotri laradutta kaykaymenon,prabhudeva,gangster redemption misunderstanding india punjab gangster comedy
348892,Bajrangi Bhaijaan,2015-07-17,2015,hi,"[35, 18, 12]",2.7332,7.8,532,A young mute girl from Pakistan loses herself in India with no way to head back. A devoted man with a magnanimous spirit undertakes the task to get her back to her motherland and unite her with her family.,salmankhan harshaalimalthotra nawazuddinsiddiqui kareenakapoorkhan sharatsaxena,kabirkhan,religion journey lost child
370665,Dilwale,2015-12-18,2015,hi,"[80, 28, 35]",2.7532,6.612,338,Raj is a Mafia member. One day he meet a girl (Meera) while chasing by his rival gang and falls in love with her. Later he finds out that this girl is the daughter of the leader of his rival gang. Yet their love story continues until he was shot by his girlfriend upon a deep misunderstanding. After that incident these two lovers lives separate until their siblings fallen in love. With this new love story their paths intertwines again.,shahrukhkhan kajol varundhawan kritisanon bomanirani,rohitshetty,mafia
360826,Jazbaa,2015-10-09,2015,hi,"[53, 28]",1.8346,6.8,33,"After her daughter is kidnapped, a lawyer is forced to defend a criminal in exchange for her daughter's freedom.",aishwaryaraibachchan irrfankhan shabanaazmi chandanroysanyal jackieshroff,sanjaygupta,
362045,Bajirao Mastani,2015-12-18,2015,hi,"[36, 10749, 18]",2.2188,7.3,300,"Peshwa Bajirao married to Kashibai, falls in love with Mastani, a warrior princess in distress. They struggle to make their love triumph amid opposition from his conservative family.",ranveersingh deepikapadukone priyankachoprajonas tanviazmi vaibhavtatwawadi,sanjayleelabhansali,husband wife relationship based on true story romance love battle period drama 18th century warrior mother son relationship
352173,Drishyam,2015-07-30,2015,hi,"[9648, 53, 18]",2.2233,7.542,477,A simple street-smart man tries to protect his family from a cop looking for her missing son who was accidently killed by his daughter.,ajaydevgn tabu shriyasaran ishitadutta mrunaljadhav,nishikantkamat,police blackmail hidden camera remake murder family phone based on movie false evidence suspenseful
352205,Parched,2015-11-14,2015,hi,[18],1.7443,7.3,94,"In the arid landscape of Rajasthan, four women navigate their way through personal and cultural difficulties.",radhikaapte tannishthachatterjee sayanigupta surveenchawla adilhussain,leenayadav,sheep fire fight tradition pregnancy fireworks cave feminism rural area teenage girl female protagonist prostitution motorcycle campfire woman director televison teenage marriage
314389,Baby,2015-01-23,2015,hi,"[28, 53]",1.5018,6.8,186,A nascent elite team of the Indian intelligence system perpetually strives to detect and eliminate terrorists and their plots. Officer Ajay leads his team to destroy one such potentially lethal ploy in their biggest operation yet.,akshaykumar anupamkher kaykaymenon ranadaggubati dannydenzongpa,neerajpandey,espionage elite unit terrorism commando
330037,Brothers,2015-08-14,2015,hi,"[28, 18]",1.7817,6.4,88,"David and Monty, estranged half-brothers, train in mixed martial arts to earn a livelihood. However, things change when the two are forced to compete against each other in the final tournament.",akshaykumar sidharthmalhotra jackieshroff jacquelinefernandez shefalishah,karanmalhotra,christianity fighter alcoholism mixed martial arts (mma) domestic violence father son relationship
353464,Talvar,2015-10-02,2015,hi,"[53, 18, 9648]",1.5268,7.5,188,A hardened cop deals with three conflicting perspectives involving a brutal double murder. The case is complicated as the prime suspects are the parents who supposedly killed their teenage daughter.,irrfankhan konkonasensharma neerajkabi prakashbelawadi sohumshah,meghnagulzar,murder investigation woman director honor killing
338065,Dil Dhadakne Do,2015-06-04,2015,hi,"[18, 10751, 10749]",1.7525,6.9,156,"On a cruise to celebrate their parents' 30th wedding anniversary, a brother and sister deal with the impact of family considerations on their romantic lives.",anilkapoor shefalishah priyankachoprajonas ranveersingh anushkasharma,zoyaakhtar,cruise dysfunctional family family relationships anthropomorphism dysfunctional marriage family vacation dog wedding anniversary woman director mediterranean sea
312056,I Love NY,2015-07-10,2015,hi,"[10749, 35]",1.3165,4.6,13,"Two strangers meet in Manhattan on New Year's Eve, and both of their lives are forever transformed in this romantic Bollywood drama. Even as they try to preserve their current relationships, neither can resist falling head over heels for the other.",kanganaranaut sunnydeol premchopra kubbrasait reemalagoo,radhikarao,
331298,Hey Bro,2015-03-06,2015,hi,"[28, 35, 18]",1.1578,3.5,2,"Gopi is a care-free, oversized young guy who lives with his grandfather. He suddenly discovers that his parents had separated following a spat right after his birth and he has a twin brother who lives in Mumbai with their mother...",ganeshacharya manindersingh nupursharma kurushdeboo premchopra,ajaychandhok,
323517,Badlapur,2015-02-20,2015,hi,"[80, 53, 28, 18]",1.4389,7.0,147,"After his wife and son are killed, a young man finds out the man behind the murder and fights against him, along committing some big mistakes.",varundhawan nawazuddinsiddiqui humaqureshi yamigautamdhar divyadutta,sriramraghavan,revenge
332835,Piku,2015-05-08,2015,hi,"[35, 18]",1.0924,7.1,212,A taxi driver is caught between a dysfunctional relationship between a woman and her father as he drives them to Kolkata.,deepikapadukone amitabhbachchan irrfankhan moushumichatterjee raghubiryadav,shoojitsircar,playful
336203,Masaan,2015-07-24,2015,hi,[18],1.3508,7.1,198,"Four lives intersect along the Ganges: a low caste boy in hopeless love, a daughter ridden with guilt of a sexual encounter ending in a tragedy, a hapless father with fading morality, and a spirited child yearning for a family, long to escape the moral constructs of a small-town.",richachadha sanjaymishra vickykaushal shwetatripathisharma vineetkumar,neerajghaywan,small town love guilt caste system sexual encounter interlinked stories ganges pretty
337876,Gabbar Is Back,2015-05-01,2015,hi,"[18, 28]",1.3599,6.9,132,A vigilante network taking out corrupt officials draws the notice of the authorities.,akshaykumar shrutihaasan sumantalwar jaideepahlawat sunilgrover,radhakrishnajagarlamudi,
316654,Bombay Velvet,2015-05-15,2015,hi,"[80, 53]",1.004,5.4,46,"An ordinary man, who goes against all odds to forge his own destiny and become a star in the glittering sky of 'Bombay,' thriving on jazz and violence.",ranbirkapoor anushkasharma karanjohar kaykaymenon satyadeepmisra,anuragkashyap,jazz gangster boxer organized crime neo-noir
374970,Lateef,2015-06-05,2015,hi,[53],0.9293,8.0,2,"Lateef is a middle-class man who aspires to become a doctor. But, this dream is shattered when he gets arrested in a drug raid.",nawazuddinsiddiqui kaderkhan muralisharma mukeshtiwari pratimakazmi,israrahmed,drugs
362140,Shaandaar,2015-10-22,2015,hi,"[35, 10749]",1.1621,4.3,65,"Jagjinder Joginder, a wedding planner, brings together the dysfunctional family of businessman Bipin Arora while making arrangements for Bipin's daughter's destination wedding in London.",shahidkapoor aliabhatt pankajkapur sanjaykapoor kumudpant,vikasbahl,
336790,ABCD 2,2015-06-19,2015,hi,[18],0.9039,5.8,95,"Childhood friends Suresh and Vinnie want to become successful dancers. To fulfill their dreams, they form a dance group with their friends and compete in a hip-hop contest in Las Vegas.",prabhudeva varundhawan shraddhakapoor laurengottlieb poojabatra,remod'souza,dancing dance competition musical
339274,Tamasha,2015-11-27,2015,hi,"[10749, 18, 35]",1.1732,6.9,165,"Meeting while on vacation, Ved and Tara sense a connection but vow to keep their real identities a secret. Years later, their paths cross again.",ranbirkapoor deepikapadukone piyushmishra vivekmushran javedsheikh,imtiazali,storytelling nonlinear timeline
357563,Welcome Back,2015-09-04,2015,hi,"[28, 35]",0.8516,5.0,70,"A pair of reformed gangsters try to find a husband for their newly discovered sister, but complications arise due to mistaken identities.",johnabraham shrutihaasan anilkapoor nanapatekar pareshrawal,aneesbazmee,
340742,Kaagaz Ke Fools,2015-04-24,2015,hi,[35],0.9726,3.0,3,"Revolving around a middle-class family, Kaagaz Ke Fools touches upon the issue of a lack of good novel writers.",vinaypathak mugdhagodse raimasen saurabhshukla rajeevvashishth,anilchaudhary,
363416,Bumper Draw,2015-10-16,2015,hi,[35],0.9143,7.0,2,"Sunderlal and Farooq who befriend each other in a strange situation. After which, they both encounter Pestonji, an old Parsi man who adds to their existing list of problems.",rajpalyadav zakirhussain seemaazmi reenacharnya bomiee.dotiwala,,
362136,Prem Ratan Dhan Payo,2015-11-11,2015,hi,"[10749, 18, 28]",1.0893,5.3,121,"While recovering from an assassination attempt four days before his coronation, a stern prince is replaced by a romantic lookalike.",salmankhan sonamkapoorahuja neilnitinmukesh anupamkher swarabhasker,soorajbarjatya,coronation royal family substitute brother against brother engaged dramedy
372316,Bezubaan Ishq,2015-07-03,2015,hi,[10402],1.0199,0.0,0,"The film has been shot in various parts of India like Jaipur, Jaisalmer and Mumbai. The film is set in the modern milieu with traditional Indian backdrop and values. It revolves around three friends and their families.",mugdhagodse snehaullal nishant darshanjariwala faridajalal,jashwantgangani,
569281,Chitrashala: House of Paintings,2015-02-06,2015,hi,"[16, 18]",0.7031,0.0,0,"When a gallery of paintings becomes emptied of its spectators, the curtains raise within the paintings.",,amitdutta,
1062920,Bunny,2015-02-13,2015,hi,[],0.6807,0.0,0,A girl and a guy pop sleeping pills around a bonfire. You won’t believe what happens next.,sunnykaushal sayanigupta,vasanbala,
310567,Umrika,2015-07-29,2015,hi,"[18, 35]",0.784,6.0,37,"When a young village boy discovers that his brother, long believed to be in America, has actually gone missing, he begins to invent letters on his behalf to save their mother from heartbreak, all the while searching for him.",surajsharma tonyrevolori prateiksmitapatil smitatambe pramodpathak,prashantnair,"loss of loved one american dream mumbai (bombay), india missing person delivery boy 1980s"
320873,Dhanak,2015-02-02,2015,hi,"[18, 35]",0.9414,7.4,48,Orphaned siblings Pari and Chotu embark on a journey to restore Chotu's eyesight.,krrishchhabria hetalgada vipinsharma gulfamkhan danielvincentgordh,nageshkukunoor,
312809,Tevar,2015-01-09,2015,hi,"[53, 28, 18]",0.9539,5.1,33,A Kabaddi player rescues a young woman from an unwanted marriage and hides her in his home.,arjunkapoor sonakshisinha manojbajpayee subratdutta gunjanmalhotra,amitsharma,
287499,Margarita with a Straw,2015-04-17,2015,hi,[18],0.8266,6.8,83,"A rebellious young woman with cerebral palsy leaves India to study in New York. On her journey of self-discovery, she unexpectedly falls in love.",kalkikoechlin revathi sayanigupta hussaindalal williammoseley,shonalibose,new york city self-discovery bisexuality wheelchair coming of age lesbian relationship lgbt cerebral palsy mother daughter relationship lesbian
358996,Hero,2015-09-11,2015,hi,"[10749, 28, 18]",0.8852,5.9,30,"After meeting the chief of police's pretty daughter, a gangster kidnaps the girl. During the journey they fall in love and the gangster decides to set her free.",soorajpancholi athiyashetty adityapancholi sharadkelkar tigmanshudhulia,nikkhiladvani,
321747,Sharafat Gayi Tel Lene,2015-01-16,2015,hi,[],0.6823,2.7,3,"A mysterious sum of money is credited into Prithvi Khurrana, a commoner's bank account. It is allegedly done by a top notorious don.This forms the crux of the film leading to subsequent comical situations.",taliabentson tinadesai zayedkhan anupamkher rannvijaysingha,gurmmeetsingh,
323426,Shamitabh,2015-02-06,2015,hi,"[35, 18, 53]",0.8872,6.1,55,"A mute, aspiring actor joins forces with a man who has a powerful voice. Together they take the film industry by storm, but will their egos get in the way?",dhanush amitabhbachchan aksharahaasan ivanrodrigues rajeevravindranathan,r.balki,deaf-mute
323030,Khamoshiyan,2015-01-30,2015,hi,"[18, 27]",1.2869,4.6,18,"A writer adrift in the icy slopes of Kashmir, discovers a woman with a strange and silent past.",sapnapabbi alifazal gurmeetchoudhary vikrambhatt debinabonnerjee,karandarra,love triangle supernatural erotic horror
353879,Phantom,2015-08-28,2015,hi,"[53, 28]",0.8871,5.7,52,"Phantom is an action thriller that unfolds across various countries around the world. The plot revolves around protagonist Daniyal, whose journey to seek justice takes him from India to Europe, America and the volatile Middle East. However, he finds out that in a mission like this, there is always a price to pay, in this case, a very personal price.",saifalikhan katrinakaif mohammedzeeshanayyub rajeshtailang sabyasachichakraborty,kabirkhan,espionage revenge terrorism soldier
352099,Bangistan,2015-08-07,2015,hi,"[35, 18]",1.2086,5.9,12,"Two blundering terrorists with lofty ideologies, but ordinary talent, on a mission to change the world.",riteishdeshmukh pulkitsamrat rajeshsharma zacharycoffin tomalter,karananshuman,
1139110,El’ayichi,2015-02-14,2015,hi,[35],0.5769,7.5,2,"A clingy husband haunts his irritated wife with a fossilized dodo for company. An exploration of love, way past its 'expiry' date.",nimratkaur divyendusharma vibhachibber,devashishmakhija,
360814,Dangal,2016-12-21,2016,hi,"[18, 10751, 35]",5.6269,7.887,1129,"Dangal is an extraordinary true story based on the life of Mahavir Singh and his two daughters, Geeta and Babita Phogat. The film traces the inspirational journey of a father who trains his daughters to become world class wrestlers.",aamirkhan fatimasanashaikh sanyamalhotra zairawasim suhanibhatnagar,niteshtiwari,small town strong woman sports parent child relationship empowerment abusive father feminism wrestling training biography autobiography domestic abuse fighting womanhood endurance woman vs woman fight female empowerment determination strength training overcoming fears father daughter relationship cheerful excited
392572,Rustom,2016-08-12,2016,hi,"[53, 18, 80]",4.4629,6.7,134,"A naval officer is devastated to learn about his wife's extramarital affair with a rich businessman while he was away. He pays him a visit and shoots him to death, following which he surrenders himself but claims to be ""not guilty"" in the court, much to the surprise of the businessman's sister and the officers dealing with his case.",akshaykumar ileanad'cruz eshagupta arjanbajwa ushanadkarni,tinusureshdesai,jury trial
377985,Fan,2016-04-14,2016,hi,"[28, 12, 53]",2.2049,6.3,263,"A man who bears a striking resemblance to a renowned movie star becomes an obsessive fan, but when his fierce love is spurned by the star, he decides to destroy the star's life and reputation.",shahrukhkhan deepikaamin yogendratiku shriyapilgaonkar sayanigupta,maneeshsharma,obsession revenge fan culture obsessed fan deconstruction of celebrity
376812,Sultan,2016-07-06,2016,hi,"[18, 28, 10749]",2.1969,6.9,252,"The ageing wrestler Sultan Ali Khan decides to try his luck on the mat again; to do this, he wants to represent his country at the Olympic Games, but first has to overcome personal issues.",salmankhan anushkasharma randeephooda amitsadh kumudmishra,aliabbaszafar,sports wrestling
375290,Airlift,2016-01-22,2016,hi,"[18, 36, 28]",2.0162,7.1,210,"When Iraq invades Kuwait in August, 1990, a callous Indian businessman becomes the spokesperson for more than 170,000 stranded countrymen.",akshaykumar nimratkaur inaamulhaq prakashbelawadi kumudmishra,rajamenon,evacuation based on true story iraq war
428227,Motu Patlu: King of Kings,2016-10-14,2016,hi,"[16, 12, 35, 10751]",1.363,9.0,4,"Motu and Patlu are your home-grown Laurel and Hardy in an animation avatar. They befriend a circus lion, Guddu and attempt to save the jungle from a greedy poacher.",vinaypathak sauravchakraborty,suhaskadav,
502403,Mahayoddha Rama,2016-11-04,2016,hi,[16],1.2468,5.0,1,"Mahayoddha Rama - Hindi Mahayoddha Rama is an animated 3D film that retells the Ramayana from the villain Ravanas perspective, featuring his ten heads providing comic relief. It promises a fresh take on the epic with a focus on Ravanas motivations alongside a celebration of Lord Ramas valor This is in Hindi language having a duration of 115.03",kunalkapoor jimmyshergill gulshangrover mouniroy sadashivamrapurkar,rohitvaid,
391629,Baaghi,2016-04-29,2016,hi,"[28, 53, 10749, 12]",1.8498,6.4,140,"Ronny is a rebellious man, who falls in love with Sia but circumstances separate them. Years later, Ronny learns that Sia is abducted by a martial arts champion, Raghav.",tigershroff shraddhakapoor sunilgrover sudheerbabu sauravchakrabarti,sabbirkhan,martial arts kidnapping rebel
415358,Pink,2016-09-16,2016,hi,"[18, 53]",1.78,7.4,236,"After being molested, Minal and her friends try to file an FIR against a politician's nephew. When the subsequent case gets rigged, a retired lawyer helps them to fight the case.",amitabhbachchan taapseepannu kirtikulhari andreatariang angadbedi,aniruddharoychowdhury,trial lawyer false accusations attempted rape courtroom intimidation social thriller courtroom drama
370992,Shivaay,2016-10-28,2016,hi,"[12, 28, 18, 53]",1.8381,5.8,63,"Shivaay , a fearless Himalayan mountaineer covered in Lord Shiva tattoos, heads to Bulgaria to fulfill his nine-year-old daughter Gaura’s  wish of seeing her mother Olga, who abandoned them years ago. But their plan goes for a toss when the little girl gets kidnapped in the foreign land. Rescuing her from the masked child-traffickers becomes his only reason for survival.",ajaydevgn abigaileames erikakaar sayeshasaigal alikazmi,ajaydevgn,fight kidnapping mountaineer mountain climbing father daughter relationship
381070,Loev,2016-05-12,2016,hi,"[18, 10749]",1.1972,5.3,103,"When hot shot, Wall Street dealmaker Jai thinks of putting some pleasure into his 48 hour business trip to Mumbai, Sahil, his young, music-producer friend, drops everything, including his reckless boyfriend Alex, to help him execute the perfect getaway. Hiking the hills and canyons of Maharashtra, amidst half-attempted conversations and sudden silences, business calls and old jokes, the friends discover there is more than just time-zones keeping them apart. Things take another turn when Alex shows up with a new male-companion at his side, throwing up old conflicts and bringing unanswered questions to the fore.",shivpanditt dhruvganesh rishabchadha siddharthmenon,sudhanshusaria,"friendship mumbai (bombay), india visit lgbt gay theme"
393441,Dishoom,2016-07-29,2016,hi,"[35, 28]",1.5798,5.5,95,"When India's top cricketer is kidnapped in the Middle East, a loose cannon and a rookie cop are tasked with finding him before the high-stakes match with Pakistan.",johnabraham varundhawan akshayekhanna jacquelinefernandez saqibsaleem,rohitdhawan,
376047,Fitoor,2016-02-12,2016,hi,"[10749, 18]",1.2329,5.5,56,"A young artist tries to win the heart of his muse, while her mother hatches a scheme to end his quest for true love.",tabu katrinakaif adityaroykapur rahulbhat akshayoberoi,abhishekkapoor,dancing artist love
393445,Ae Dil Hai Mushkil,2016-10-27,2016,hi,"[10749, 18]",1.7411,6.4,215,"Ayan falls in love with his soulmate, Alizeh, but she doesn’t reciprocate the feeling. Later, a relationship with Saba helps him realize Alizeh’s value in his life, irrespective of their relationship status.",ranbirkapoor anushkasharma aishwaryaraibachchan fawadkhan lisahaydon,karanjohar,love relationship break-up heartbreak rebound
374173,Kapoor & Sons,2016-03-18,2016,hi,"[18, 10749, 35, 10751]",1.42,7.0,196,"Returning home to visit their ill grandfather, two estranged brothers must confront their unresolved rivalry while their parents’ marriage frays.",sidharthmalhotra fawadkhan aliabhatt ratnapathakshah rishikapoor,shakunbatra,coming out loneliness
511340,Satyavati: And We Call This Love,2016-05-18,2016,hi,[],1.6097,3.1,4,"""When you are shunned and looked down upon for non-conformance, there is nowhere to go. When your protector has become the threat, there is nowhere to go.When the crime gets legitimized in the garb of tradition, there is nowhere to go"" Satyavati- and we call this love is a story that takes place in today's times where tenderness & innocence come under attack and all that remain is a scar. And nowhere to go.",itiacharya shwetagupta somnayak siraushapp suryavasishta,deepthitadanki,
398535,Udta Punjab,2016-06-17,2016,hi,"[80, 18]",1.7067,7.2,161,"Drug abuse and the darker side of Punjab rear their heads in the intense, interwoven tales of a policeman, a doctor, a migrant worker, and a rockstar.",shahidkapoor aliabhatt kareenakapoorkhan diljitdosanjh satishkaushik,abhishekchaubey,police drug addiction singer doctor drugs punjab rockstar
413543,Dear Zindagi,2016-11-23,2016,hi,"[18, 10749]",1.3175,7.0,253,"Kaira, a young girl, faces problems in her relationships. She meets Dr Jehangir, who helps her resolve her issues with her parents and get a new perspective on life, which leads to her following her passion and an improvement in her love life.",aliabhatt shahrukhkhan kunalkapoor angadbedi alizafar,gaurishinde,depression cinematographer coming of age psychologist
426780,Dongri Ka Raja,2016-11-11,2016,hi,"[10749, 28, 18]",1.1033,3.0,2,Two lovers fall into a passionate love affair in the underworld.,ashmitpatel gashmeermahajani reechasinha ronitroy ashwinikalsekar,hadialiabrar,based on true story revenge police officer
393562,Raman Raghav 2.0,2016-06-24,2016,hi,"[53, 80]",1.4652,7.0,129,A corrupt cop and a serial killer obsessed with a psychopath from the '60s get caught up in a ruthless cat-and-mouse game.,nawazuddinsiddiqui vickykaushal sobhitadhulipala amrutasubhash mukeshchhabra,anuragkashyap,"drug addiction mumbai (bombay), india based on true story serial killer murder investigation life in the slums"
388333,M.S. Dhoni: The Untold Story,2016-09-30,2016,hi,[18],1.3918,7.3,196,"Based on the life story of Mahendra Singh Dhoni, and his journey to being the world cup winning captain of the Indian cricket team.",sushantsinghrajput anupamkher dishapatani kiaraadvani rajeshsharma,neerajpandey,sports biography cricket
392344,Baar Baar Dekho,2016-09-09,2016,hi,"[10749, 18, 28]",1.5813,5.8,60,"An artist wishes to marry her childhood sweetheart and settle into family life. However, her boyfriend, who is a genius mathematician is afraid of commitment and breaks up with her just ahead of their wedding. What will the future hold in store for them?",sidharthmalhotra katrinakaif hussinaraja zackeisakuniizato tahashahbadussha,nityamehra,woman director
402672,Mohenjo Daro,2016-08-11,2016,hi,"[12, 18, 36, 10749]",1.4045,6.1,89,"During the Indus valley civilization, an Indigo farmer strives for the justice and protection of the city of Mohenjo-Daro and its civilians from an evil politician.",hrithikroshan poojahegde kabirbedi arunodaysingh kishorishahane,ashutoshgowariker,crocodile india ancient civilization bronze age
403790,Warrior Savitri,2016-07-22,2016,hi,"[53, 28]",1.0466,2.5,5,"A modern day adaptation of the legendary fable of Savitri, Satyavaan and Yamaraj from Mahabharata, one of the major Sanskrit epics of ancient India. The modern day Savitri is adept in martial arts and will do anything to save her husband.",niharicaraizada ompuri lucypinder gulshangrover rajatbarmecha,paramgill,
396389,One Night Stand,2016-05-06,2016,hi,"[18, 10749]",1.2223,4.1,18,An obsession with a woman Celina with whom Urvil had a one-night stand brings disharmony into hiss life and destroys his peace of mind.,tanujvirwani sunnyleone nyrabanerjee narendrajetley kapilpunjabi,jasmined'souza,obsession stalker erotic movie
386275,Ishq Forever,2016-02-19,2016,hi,[10749],0.9969,6.0,1,"The film stars Ruhi Singh as Rhea, a free-spirited girl, whose life turns upside down when her father gets appointed as the Prime Minister of India. The fiercely independent Rhea starts to feel stifled because of the security team that accompanies her wherever she goes and the young lady jumps at the chance of an adventure provided by a mysterious stranger Aryan Shekhawat (Krishna Chaturvedi), who she runs off with while on a vacation in South Africa, much to the anguish of her security team led by RAW agents Lisa Ray and Jaaved Jaaferi.",javedjaffrey gurpreetghuggi lisaray ruhisingh,sameersippy,
381418,Sanam Teri Kasam,2016-02-05,2016,hi,"[18, 10749]",1.3307,7.9,136,"Tough ex-convict Inder and traditional mousy Saraswati fall in love and get married, but a tragedy changes their lives forever. The film is a modern rendition of the legends of Shiva-Sati and the novel ""Love Story"" by Eric Segal.",harshvardhanrane mawrahocane vijayraaz muralisharma manishchaudhary,radhikarao,musical loss melodramatic
403517,Banjo,2016-09-23,2016,hi,"[10402, 28]",0.9573,4.6,10,"A musical drama film directed by Ravi Jadhav, starring Riteish Deshmukh and Nargis Fakhri in the lead roles.",riteishdeshmukh nargisfakhri adityakumar rammenon dharmeshyelande,ravijadhav,
391778,Azhar,2016-05-13,2016,hi,[18],1.3693,5.7,35,"The famous and idolized Indian cricketer Mohammad Azharuddin, known as Azhar, faces in court those who accuse him of match-fixing in exchange for large sums of money during the national team's tour of South Africa.",emraanhashmi nargisfakhri laradutta prachidesai kunaalroykapur,anthonyd'souza,
339325,Chauranga,2016-01-08,2016,hi,[18],1.2082,6.3,9,A fourteen year old Dalit (lower caste) boy in rural India is killed for writing a love letter.,tannishthachatterjee dhritimanchatterjee delzadhiwale anshumanjha sohammaitra,bikasranjanmishra,caste system
408522,Autohead,2016-10-27,2016,hi,"[80, 18, 27]",0.8994,5.6,9,"A documentary crew starts to make a documentary about an Auto Rickshaw driver in Mumbai. As they dig deeper into his life they discover angst, sexual frustration and paranoia that leads to a terrible end.",deepaksampat rohitmittal ronjinichakroborty ravidevsingh sunnybanerjee,rohitmittal,found footage film crew hindi
391766,Do Lafzon Ki Kahani,2016-06-10,2016,hi,"[18, 10749, 28]",0.8944,6.3,13,Centered on ex-mixed martial arts artist Sooraj and sculptor artist Jenny. Their fate intertwines when their past are revealed in their blooming relationship.,kajalaggarwal randeephooda anilgeorge yurisuri,deepaktijori,martial arts sports remake blind relationship ex-boxer fight club female sculptor
407825,Chudail Story,2016-05-13,2016,hi,"[27, 53]",0.6587,4.5,4,A seductive witch kills men by casting a spell on them. A bunch of friends are trapped in a haunted house with mysterious lady. Is she the Chudail?,preetisoni amalsehrawat nidhinautiayl menkalalwani pankajberry,suryalakkoju,
395339,Teraa Surroor,2016-03-11,2016,hi,"[10749, 28, 18]",0.9871,6.2,2,"Tara Wadia (Farah Karimaee), a singer and girlfriend of a gangster Raghu (Himesh Reshammiya) lives with her mother (Shernaz Patel). She goes to Dublin where she gets detained after being caught with drugs. Tara calls Raghua for help now Raghu must help her and find Anirudh Brahman, the stranger who met Tara on Facebook and invited her to Ireland.",himeshreshammiya farahkarimi monicadogra naseeruddinshah,shawnarranha,
412849,Kanha,2016-08-26,2016,hi,[],0.7293,0.0,0,Kanha is a 2016 Marathi film written by Sachin Dharekar and directed by Avadhoot Gupte,gashmeermahajani vaibbhavtatwawdi,avdhootgupte,
671626,Ouch,2016-10-23,2016,hi,"[18, 35]",0.7561,5.0,5,A married man and a married woman meet in a hotel room.,manojbajpayee poojachopra,neerajpandey,
400484,Jugni,2016-01-22,2016,hi,[18],0.7992,6.5,4,"Jugni (Firefly) is the beat of the soul, the free-flying spirit. Jugni is Vibhavari (Vibs). Vibs is a music director, working on her first big break in the Hindi film industry. When work and home affairs, with her live-in boyfriend Sid hit a high tide, Vibs hits the road with a glint of hope; to find music. The journey takes her to a village in Punjab in the search of a Bibi Saroop, whose voice holds the promise that Vibs is searching for. But as the twist of fate would have it, Mastana, Bibi's son and a proficient singer himself, is the voice and man who winds his way into Vibs' heart. From here on, Jugni is about striking balances, making tough decisions while trying to soften the blows and dealing with the studied dramatic turns and unpredictabilities of life and finding the place which one can call home; home of the heart, where the firefly is at her brightest.",sugandhagarg sadhanasingh siddhantbehl anuritajha samirsharma,shefalibhushan,woman director
376869,Neerja,2016-02-19,2016,hi,"[18, 53]",1.1016,7.3,233,"Neerja is a portrayal on the life of the courageous Neerja Bhanot, who sacrificed her life while protecting the lives of 359 passengers on the Pan Am flight 73 in 1986. The flight was hijacked by a terrorist organization.",sonamkapoorahuja shabanaazmi shekharravjiani yogendratiku jimsarbh,rammadhvani,hijacking biography based on true story airplane hijacking terrorism tragic event heroine flight attendant
430508,Wajah Tum Ho,2016-12-16,2016,hi,"[18, 9648, 10749, 53]",1.0122,5.0,21,A hooded vigilante is broadcasting murders on a news channel. Will the police catch him alive before he live-casts another death?,sanakhaan sharmanjoshi rajneeshduggal gurmeetchoudhary prarthanabehere,vishalpandya,murder
382717,Sanam Re,2016-02-12,2016,hi,"[18, 10749]",1.0515,6.0,59,A story about the man who is confused with his love life finds solace in his birthplace with his childhood love.,yamigautamdhar pulkitsamrat urvashirautela rishikapoor pracheeshah,divyakhossla,love reunion true love
363343,Raees,2017-01-25,2017,hi,"[53, 28, 80]",3.2827,6.7,245,"Set in the early ’80s and ’90s in Gujarat, India, ‘Raees’ is a fictitious story of a crime lord named Raees, who builds an entire empire from scratch, and a police officer who is determined to bring him down.",shahrukhkhan mahirakhan nawazuddinsiddiqui mohammedzeeshanayyub sheebachaddha,rahuldholakia,bootlegger bootlegging period film
471972,Chef,2017-10-06,2017,hi,"[18, 35, 10751]",2.2589,5.3,30,"Roshan Kalra is a three-star Michelin chef who gets fired from New York's Gulli restaurant after he punches a customer. Forced to take a break, he flies to Kochi to spend time with his son, Armaan and his estranged wife Radha Menon. It's a fruitful trip because he manages to mend broken family ties. In a bid to help him get his mojo back, his wife suggests he put up his own food truck and begin afresh.",saifalikhan svarkamble padmapriyajanakiraman sobhitadhulipala milindsoman,rajamenon,chef father son reunion
404604,Mom,2017-07-07,2017,hi,"[80, 18, 53]",2.1599,7.5,213,"After her stepdaughter is sexually assaulted at a party, a furious mother sets out to destroy the lives of the four perpetrators who walked free.",sridevi nawazuddinsiddiqui sajalali adnansiddiqui akshayekhanna,raviudyawar,dancing rape police kidnapping aggression rape victim revenge rapist private detective physical abuse rape and revenge sexual assault mother daughter relationship stepmother stepdaughter relationship vigilante justice
441909,Tiger Zinda Hai,2017-12-18,2017,hi,"[28, 12, 53]",2.3691,6.3,170,"When a group of Indian and Pakistani nurses are held hostage in Iraq by a terrorist organization, a renowned Indian secret agent is drawn out of hiding to rescue them.",salmankhan katrinakaif girishkarnad pareshrawal angadbedi,aliabbaszafar,hostage hostage situation iran hostage crisis
403867,Kaabil,2017-01-25,2017,hi,"[28, 53, 18]",2.0613,6.9,142,"Rohan is a kind, happy young man who has been blind since birth and works as a voice-over artist for a living. Through friends, he meets Supriya, a working woman who is also blind, but proudly independent. The two start liking each other and get married. Rohan toughest journey starts in his quest of vengeance for Supriya's indirect murderers.",hrithikroshan yamigautamdhar ronitroy rohitroy narendrajha,sanjaygupta,rape corruption revenge murder blindness blind man
392271,Rangoon,2017-02-24,2017,hi,"[10752, 36, 18, 10749]",1.8355,6.1,34,"Julia travels to the Indo-Burma border to perform for the troops during the World War II, on the insistence of Billimoria, her lover. She finds herself in love with Jemadar Malik, a soldier there.",shahidkapoor kanganaranaut saifalikhan richardmccabe alexavery,vishalbhardwaj,love triangle world war ii
464458,Ittefaq,2017-11-03,2017,hi,"[80, 53]",1.8155,6.8,113,"Police officer Dev investigates a double murder case that has only two witnesses - an acclaimed writer Vikram and a young homemaker Maya, who also happen to be the prime suspects in the case. He finds himself being torn between their own version's of what happened on the fateful night, and takes it upon himself to figure out the real story and capture the real murderer.",sidharthmalhotra sonakshisinha akshayekhanna pavailgulati mandirabedi,abhaychopra,police double murder murder whodunit murder investigation
413882,Ok Jaanu,2017-01-12,2017,hi,"[18, 10749]",1.5414,5.9,61,"Adi and Tara move to Bombay to pursue their dreams. A chance meeting sparks off a heady, no strings attached romance until their careers pull them apart. Will ambition prevail over matters of the heart?",adityaroykapur shraddhakapoor leelasamson naseeruddinshah kitugidwani,shaadali,lovesickness ambition urban life remake
444713,Commando 2 - The Black Money Trail,2017-03-02,2017,hi,"[28, 53]",1.1881,6.1,48,"India's most wanted Black Money agent, Vicky Chaddha, gets arrested in Malaysia and is kept in a safe house by the Malaysian authorities, along with his wife. A team of four is being sent to Malaysia to bring them to India. Apart from the growth of inter-personal relationships, the mission has quite a few twists and turns on its way. The story follows Karan as he uses his brain and brawn to recover all of the laundered black money.",vidyutjammwal adahsharma freddydaruwala suhailnayyar thakuranoopsingh,devenbhojani,money laundering special agent
441906,Jab Harry Met Sejal,2017-08-04,2017,hi,"[35, 18, 10749]",1.6492,6.4,205,A middle-aged tour guide develops profound affection for a bubbly traveller while helping her search for a lost engagement ring across various picturesque European destinations.,shahrukhkhan anushkasharma arukrishanshverma chandanroysanyal evelynsharma,imtiazali,challa
456562,Raabta,2017-06-08,2017,hi,"[10749, 53]",1.4179,5.9,61,"An inseparable couple Saira and Shiva find themselves in a complicated situation when a stranger claims to be her reincarnated lover from their previous lifetime, hellbent on destroying their relationship and winning her back.",sushantsinghrajput kritisanon jimsarbh vikasverma rajkummarrao,dineshvijan,
413884,Half Girlfriend,2017-05-18,2017,hi,"[10749, 18]",1.157,6.3,84,"A boy meets a girl named Riya and falls in love. After struggling to convince her to be his girlfriend, she half-heartedly agrees to be his `half-girlfriend'.",arjunkapoor shraddhakapoor rheachakraborty seemabiswas gregkriek,mohitsuri,based on novel or book sports basketball love
411625,Noor,2017-04-21,2017,hi,"[35, 10749, 18, 12]",1.2653,4.5,23,"The jumbled up, crazy and happening life of journalist Noor takes a dramatic turn when she comes across a news breaking cover story",sonakshisinha garethlawrence kanangill shibanidandekar purabkohli,sunhilsippy,journalist
479918,Qarib Qarib Singlle,2017-11-10,2017,hi,"[35, 18, 10749]",0.9943,7.0,68,"Yogi and Jaya, who have polar opposite personalities and sensibilities, meet via an online dating app. This encounter turns into so much more when the two travel to Rishikesh.",irrfankhan parvathythiruvothu nehadhupia lukekenny brijendrakala,tanujachandra,candid absurd compassionate
456565,Judwaa 2,2017-09-29,2017,hi,"[28, 35, 10749]",1.159,5.4,112,"Separated at birth and peculiarly connected via their reflexes, twins Prem and Raja are reunited with each other as they set out to take down the underground smuggling world.",varundhawan jacquelinefernandez taapseepannu anupamkher upasnasingh,daviddhawan,twin brother twins
481738,Tera Intezaar,2017-12-01,2017,hi,"[53, 10749]",1.0714,2.0,2,"Tera Intezaar (English: I'm waiting for you) Veer is a gifted yet undiscovered painter. Serendipity brings him next to Rounak, an art gallery owner. Upon seeing his paintings and interacting with him, Rounak falls in love with Veer. However, when she introduces Veer to some of her clients, Veer mysteriously disappears. Unable to cope with the loss, Rounak sets out to uncover the truth.",arbaazkhan sunnyleone aryababbar salilankola gauaharkhan,raajeevwalia,
1299423,Pinjra,2017-01-16,2017,hi,"[18, 99]",0.9715,10.0,1,A short film that's about brave women who overcome heartbreaking trials.,naseeruddinshah anupriyagoenka harleensethi teenasingh himanishivpuri,prammodsanghi,
413421,Phillauri,2017-03-24,2017,hi,"[14, 35, 10749, 18]",1.0032,6.2,36,A man is forced to marry a tree to ward off ill-luck that surrounds his love-life which turns into a nightmare when the tree is embodied by a spirit with an unfinished business.,anushkasharma diljitdosanjh surajsharma mehreenpirzada manavvij,anshailal,bad luck spirit
441881,Tubelight,2017-06-22,2017,hi,"[18, 10752]",1.2168,5.3,96,"Laxman Singh Bisht is nicknamed tube light by his neighbours because he is feeble-minded. Despite being special, Laxman lives by one life-lesson; keep your faith alive and you can do almost anything, even stop a war.",salmankhan sohailkhan ompuri yashpalsharma mohammedzeeshanayyub,kabirkhan,
441071,Naam Shabana,2017-03-31,2017,hi,[53],1.165,5.7,58,"Shabana Khan, a special agent, is entrusted with the task of assassinating a deadly arms dealer by the Indian Intelligence Agency.",taapseepannu prithvirajsukumaran manojbajpayee akshaykumar anupamkher,shivamnair,secret agent
401285,Jagga Jasoos,2017-07-14,2017,hi,"[12, 35, 9648, 10749]",1.2223,6.1,94,A gifted teenage detective searches for his missing father with his ladylove assistant.,ranbirkapoor katrinakaif sayanigupta saswatachatterjee saurabhshukla,anuragbasu,detective
441889,Secret Superstar,2017-10-19,2017,hi,"[18, 10402]",1.1324,7.3,190,A talented teenage singer-songwriter living amid domestic abuse becomes a YouTube sensation after a video in which she hides her identity goes viral.,zairawasim aamirkhan mehervij rajarjun kabirsajidshaikh,advaitchandan,husband wife relationship violent husband singing abusive marriage young singer father daughter relationship mother daughter relationship
452968,Rajdarshan,2017-03-21,2017,hi,[35],0.9942,7.5,2,"When Lambodar Bhatt is given the opportunity to have his soul transported into King Nand’s body, he thinks of it as a way to make things right and become rich. However, once Lambodar becomes the King, he finds himself turning into the same exploitative and frivolous king that Nand was.",zakirhussain ranapratapsengar anangdesai shubhampachauri,shivajeechandrabhushan,
943514,Gopi Bhina,2017-01-06,2017,hi,"[35, 10751]",0.8861,0.0,0,"Gopi Bhina is a Kumaoni language movie released on 06 January, 2017. The movie is directed by Ashok Mall and featured Hemant Pandey and Himani Shivpuri as lead characters",hemantpandey himanishivpuri sanjusilodi twishaabhatt,ashokmall,
413771,You Are My Sunday,2017-10-06,2017,hi,"[18, 35]",0.7888,7.5,12,Five friends struggle to find a place to play football in Mumbai.,barunsobti shahanagoswami avinashtiwary vishalmalhotra maanvigagroo,milinddhaimade,
456570,Hindi Medium,2017-05-19,2017,hi,"[35, 18]",1.6015,7.389,202,"Mita and Raj Batra, an affluent couple from Delhi’s Chandni Chowk, are grappling with getting their daughter admission into an English medium school. But there is one big problem. Their zubaan is Hindi, and the elitist snobs won’t let the Hindi speaking hoi-polloi fit in.",irrfankhan sabaqamar sanjanasanghi deepakdobriyal mallikadua,saketchaudhary,education system
441875,Toilet: A Love Story,2017-08-11,2017,hi,"[35, 18, 10749]",1.7899,6.8,213,"A woman threatens to leave her husband unless he installs a toilet in their home. To win back her love and respect, he heads out on a journey to fight against the backward society.",akshaykumar bhumipednekar anupamkher sudhirpandey rajeshsharma,shreenarayansingh,newspaper husband wife relationship village toilet romance inequality social issues
413548,Begum Jaan,2017-04-14,2017,hi,"[28, 18, 36]",1.1255,5.6,23,"On the eve of Independence, the chairman of the Border Commission, Sir Cyril Radcliffe decides to divide India and Pakistan into equitable halves. What the administration doesn’t account for is the line running through the middle of Begum Jaan’s brothel situated plonk on the border; with one half falling in India and the other in Pakistan.",vidyabalan naseeruddinshah pallavisharda gauaharkhan ilaarun,srijitmukherji,brothel border prostitution period drama colonial india india pakistan border
484914,Ram Ratan,2017-06-12,2017,hi,[],0.7893,6.0,1,"Ram Ratan is a Hindi movie starring Daisy Shah and Rishi Bhutani in prominent roles. The cast also includes Mahesh Thakur, Sudha Chandran and Rajpal Yadav. It is a romantic-comedy movie directed by Govind Sakariya, with Praful Parekh as the writer, forming part of the crew.",daisyshah rishibhutani sumitvats maheshthakur sudhachandran,govindsakariya,
472123,Golmaal Again,2017-10-20,2017,hi,"[35, 27, 28, 14]",1.2687,5.4,109,"Gopal and his best friends are back again, and this time they move back to their old neighborhood in a new palatial house where they learn that it is being haunted by a ghost.",ajaydevgn arshadwarsi tussharkapoor shreyastalpade kunalkhemu,rohitshetty,
461707,Haseena Parkar,2017-09-22,2017,hi,"[80, 18]",0.7521,5.3,11,"Haseena is very close to her brother Dawood, who turns to a life of crime and rises to power in the Mumbai underworld. After the bomb blasts of 1993, Dawood escapes to Dubai and she falls in trouble.",shraddhakapoor siddhanthkapoor ankurbhatia rajeshtailang dayashankarpandey,apoorvalakhia,biography terrorism criminal underworld indian mafia dawood ibrahim
441547,Typecaste,2017-02-13,2017,hi,[35],0.5935,6.7,3,"Mahipat Babruvahan becomes the first from his caste and village to complete his M.A. degree. Being fired from his current job after expecting a raise, he takes up a new job as a professor where his patience is put to the test by his students and his love interest.",shreyastalpade aaditipohankar atulmathur,sourabhshrivastava,
460508,Munna Michael,2017-07-20,2017,hi,"[10402, 28]",1.1586,5.8,47,"An expert dancer Munna who idolizes the king of pop, reluctantly tutors a gangster until their developing bond gets disrupted by their common romantic interest towards the same woman.",tigershroff nawazuddinsiddiqui ronitroy nidhhiagerwal sudeshlehri,sabbirkhan,dancing dance dance competition
480810,Shaadi Mein Zaroor Aana,2017-11-10,2017,hi,"[10749, 10751]",1.1637,6.9,83,"Satyendra aka Sattu and Aarti meet for a proposed arranged marriage and fall in love in the process. On the night of their marriage, an unexpected turn of events turns their world upside down. Set in the backdrop of India's civil services, Shaadi Mein Zaroor Aana explores the challenges that Satyendra and Aarti face as a middle-class couple in India.",rajkummarrao kritikharbanda navniparihar govindnamdeo nayanidixit,ratnaasinha,
467106,Bareilly Ki Barfi,2017-08-17,2017,hi,"[35, 10749]",1.0611,6.9,185,"Bitti Mishra is a bohemian Bareilly girl who falls deeply in love with Pritam Vidrohi, an author because she admires his progressive way of thinking. Finding him though proves to be as hard as looking for a needle in the haystack. So Bitti seeks the help of the local printing press-owner, Chirag Dubey on her journey of love.",kritisanon ayushmannkhurrana rajkummarrao rohitchoudhary pankajtripathi,ashwinyiyertiwari,based on novel or book love triangle mind reading tomboy
515206,Mum,2017-08-11,2017,hi,[18],0.6745,0.0,0,An eight-year-old Mamta is struggling with her homework. She gains the attention of her always strict class teacher as she reads from the unwritten essay on Mother; leaving the class teacher distressed.  Mum has won 19 international awards and is selected/nominated in 70+ film festivals across the globe. Mum also qualifies for the Oscars 2019,gunnmihani,akashmihani,gunn mihani short film
473014,Aksar 2,2017-11-17,2017,hi,"[10749, 53]",0.875,4.0,5,A love triangle where everybody is blackmailing the other two gets a nasty upset when one of them is suddenly found murdered.,zareenkhan gautamrode lilletedubey abhinavshukla s.sreesanth,ananthnarayanmahadevan,love triangle
452967,Baaki Itihaas,2017-03-28,2017,hi,[18],0.6914,6.0,1,"A timeless Bengali classic, this drama explores the history of mankind - fights, riots, wars, death, destruction, exploitation, molestation. Through the story of 40-year-old Sitanath’s suicide, Sharad and Vasanthi force the audience to introspect and analyse their self-centred and monotonous lives.",zakirhussain amrutakhanvilkar anjumsharma girijaoak,nikhilmahajan,
726802,Mumbai Underworld,2017-12-08,2017,hi,[80],0.7259,0.0,0,"Mumbai Underworld tells the tale of two 12 year old boys (Vijay and Yakub) who grow up in the slums of India. Wanting to make a name for themselves in the mafia world, they start delivering drugs and loot people with the help of their transvestite friend.  Things go wrong when they are sent to a juvenile reformatory after being wrongly convicted for a murder. They learn life is much tougher in the reformatory than the world they came from. They are tortured by the warden and senior inmates. But instead of reforming they develop a more sinister plan in their quest for ultimate power.  Unexpected events force the two men to decide between redemption and their quest for power. Will they find redemption, if so, at what price?",naseeruddinshah sharmanjoshi farukkabir ajazkhan atulkulkarni,farukkabir,
412090,Jolly LLB 2,2017-02-09,2017,hi,"[35, 80]",0.9756,6.9,153,"A blunt, abrasive and yet oddly compassionate Jagdishwar Mishra aka Jolly, a small-time struggling lawyer who moves from Kanpur to the city of Nawabs to pursue his dream of becoming a big-time lawyer.",akshaykumar annukapoor saurabhshukla humaqureshi kumudmishra,subhashkapoor,courtroom celebrity lawyer
470641,Mukkabaaz,2018-01-12,2018,hi,[18],1.8567,7.5,44,"A low caste boxer, Shravan, trains at a gym controlled by a local Don, Mishra. Shravan falls for Mishra's niece, Sunaina. Mishra does not approve of this match. Shravan strives to win Sunaina's hand in marriage and become a successful boxer while trying to avoid retaliation from Mishra.",vineetkumarsingh zoyahussain ravikishan jimmyshergill rajeshtailang,anuragkashyap,boxing caste politics
496328,Sanju,2018-06-29,2018,hi,[18],2.764,7.2,213,Sanju explores some of the most crucial chapters from movie star Sanjay Dutt’s dramatic and controversial real life. It gives a lowdown on his tryst with drugs and his trials and tribulations in the Arms Acts case and the 1993 Mumbai blasts.,ranbirkapoor pareshrawal vickykaushal anushkasharma diamirza,rajkumarhirani,artists' life biography sanjay dutt
444000,Love Sonia,2018-09-14,2018,hi,[18],2.674,7.2,30,Inspired by a real story of young girl's journey escape from the world of international sex trafficking.,mrunalthakur richachadha freidapinto manojbajpayee adilhussain,tabreznoorani,sex trafficking child sex trade
569578,Ascharya Fuck It,2018-12-18,2018,hi,"[53, 18]",2.5411,4.5,11,"Desire and greed intertwines the lives of a Bollywood star, his chauffeur, a prostitute and her pimp in an unlikely love story.",priyankabose vaibhavrajgupta ankitraaj anangshabiswas santoshjuvekar,samitkakkad,prostitute pimp threesome
432527,Padmaavat,2018-01-25,2018,hi,"[18, 36, 10749]",2.6236,6.9,302,"Rajputana, India, 13th century. The tyrannical usurper Alauddin Khilji, sultan of Delhi, becomes obsessed with Queen Padmavati, wife of King Ratan Singh of Mewar, and goes to great lengths to satisfy his greed for her.",deepikapadukone shahidkapoor ranveersingh jimsarbh aayammehta,sanjayleelabhansali,"husband wife relationship obsession queen delhi, india afghanistan sultan musical romance honor king battle period drama fortress based on song, poem or rhyme medieval mongol history of india 13th century ancient india mewar, india"
503838,Raid,2018-03-16,2018,hi,"[80, 18, 53]",1.9962,7.2,124,"After receiving an anonymous tip, a tax officer leads a raid on the mansion of the most powerful figure in Lucknow, a member of parliament who has been evading income tax for years.",ajaydevgn saurabhshukla ileanad'cruz gayathriiyer sheebachaddha,rajkumargupta,based on true story raid income tax
534780,Andhadhun,2018-10-05,2018,hi,"[80, 9648, 53, 35, 10402]",2.5325,7.6,606,A series of mysterious events changes the life of a blind pianist who now must report a crime that was actually never witnessed by him.,ayushmannkhurrana tabu radhikaapte manavvij zakirhussain,sriramraghavan,witness pianist blind man piano suspenseful excited
493623,Hichki,2018-03-23,2018,hi,"[18, 35]",2.4102,7.591,154,Hichki presents a positive and inspiring story about a woman who turns her biggest weakness into her biggest strength.,ranimukerji neerajkabi rohitsaraf sachinpilgaonkar asifbasra,siddharthp.malhotra,educational based on movie
538858,Tumbbad,2018-10-12,2018,hi,"[14, 27]",2.0003,7.6,314,"India, 1918. On the outskirts of Tumbbad, a cursed village where it always rains, Vinayak, along with his mother and his brother, care of a mysterious old woman who keeps the secret of an ancestral treasure that Vinayak gets obsessed with.",sohumshah mohammadsamad harshk. jyotimalshe dhundirajprabhakarjogalekar,rahianilbarve,husband wife relationship independence village greed india evil wheat hindu mythology cursed father son relationship suspenseful horrified
518497,Sir,2018-09-20,2018,hi,"[18, 10749]",2.0035,7.1,109,"A prosperous young Indian man falls in love with his servant, a widow with the dream of becoming a fashion designer.",tillotamashome vivekgomber geetanjalikulkarni rahulvohra divyasethshah,rohenagera,woman director
496076,Zero,2018-12-21,2018,hi,"[10749, 18, 35]",2.287,5.2,113,"Short in stature but big on love, a bachelor meets two very different women who broaden his horizons and help him find purpose in life.",shahrukhkhan anushkasharma katrinakaif tigmanshudhulia abhaydeol,aanandl.rai,small person wealthy family
496316,Baaghi 2,2018-03-30,2018,hi,"[28, 80, 12, 9648, 53]",1.5973,5.8,82,"Ronny, a battle-hardened soldier, learns of the disappearance of the daughter of his former lover. His intense investigation leads him to uncover a web of crimes and a secret from the past.",tigershroff dishapatani manojbajpayee randeephooda darshankumaar,ahmedkhan,
540612,Paltan,2018-09-07,2018,hi,"[10752, 18, 28]",2.1521,6.2,13,"A war drama based on the Indo-China War of 1962, JP Dutta's ""PALTAN"" focuses on the hard-hitting truth of India's relations with China, and how it is important to acknowledge that China, an enormous power in world politics, poses to be a huge threat to India.",arjunrampal jackieshroff sonusood sonalchauhan eshagupta,j.p.dutta,indian army 1960s sino-indian war indochina war
447856,Pad Man,2018-02-09,2018,hi,"[35, 18]",1.7454,7.439,236,"Upon realizing the extent to which women are affected by their menses, a man sets out to create a sanitary pad machine and to provide inexpensive sanitary pads to the women of rural India.",akshaykumar radhikaapte sonamkapoorahuja jyotisubhash mrinmayeegodbole,r.balki,superhero village invention biography menstruation based on true story taboo based on short story dramedy social awareness
530154,Lust Stories,2018-06-15,2018,hi,"[18, 10749]",1.6496,6.2,139,An anthology of four stories that sheds light on modern relationships from the viewpoint of the Indian woman.,kiaraadvani radhikaapte akashthosar randeepjha bhumipednekar,anuragkashyap,anthology
491629,Raazi,2018-05-10,2018,hi,"[53, 18, 36]",1.5749,7.2,187,An Indian spy is married to a Pakistani military officer during the Indo-Pakistani War of 1971.,aliabhatt vickykaushal rajitkapoor shishirsharma ashwathbhatt,meghnagulzar,based on novel or book female spy india pakistan war
533991,Stree,2018-08-31,2018,hi,"[27, 35]",1.6777,6.9,184,"Set in the town of Chanderi, Stree is based on the urban legend of Nale Ba that went viral in Karnataka in the 1990s, and features Shraddha Kapoor and Rajkummar Rao in pivotal roles.",rajkummarrao shraddhakapoor pankajtripathi aparshaktikhurana abhishekbanerjee,amarkaushik,witch suspenseful maddock horror comedy universe (mhcu)
540620,Laila Majnu,2018-09-07,2018,hi,"[18, 10749]",1.3708,6.9,26,"Laila is a free-spirited girl from a conservative family who firmly believes in living for the present. Qais, a spoilt brat, falls head over heels in love with her. Their families, however, are warring over property, which leads to self-destruction, pain and bleeding hearts.",triptiidimri avinashtiwary parmeetsethi benjamingilani sumitkaul,sajidali,romance love
713609,Maya,2018-12-19,2018,hi,"[18, 53]",0.9795,8.0,2,Get into the world of Maya. Where a love story goes on over a series of phone calls and some mysteries,abirchatterjee padmapriya rajuraman,aniruddharoychowdhury,
523192,Mehsampur,2018-05-12,2018,hi,"[18, 99, 14]",1.1662,4.5,6,A desperate filmmaker drives a neurotic actress and an aging musician to a village of trauma.,lalchand navjotrandhawa devrathjoshi jagjeetsandhu kesarsinghtikki,kabirsinghchowdhry,complex whimsical bold
504080,Dhadak,2018-07-20,2018,hi,"[10749, 18, 35]",1.5672,7.0,58,"Madhukar and Parthavi fall head over heels in love with each other, but the fact that they belong to different castes of society, becomes an obstacle in their romance. The lovers dare to go against societal norms and battle all odds for the sake of love.",ishaankhatter janhvikapoor ashutoshrana adityakumar aishwaryanarkar,shashankkhaitan,caste system honor killing
489852,Soorma,2018-07-13,2018,hi,[18],1.7936,7.2,37,"Soorma, a comeback story of the hockey legend Sandeep Singh is a biopic that chronicles the life and times of the famed hockey player.",diljitdosanjh taapseepannu danishhusain angadbedi vijayraaz,shaadali,sports biography ice hockey
513540,Missing,2018-04-06,2018,hi,"[53, 9648]",1.2179,6.1,16,A couple checks into a beach resort in Mauritius late night with their three-year-old daughter Titli who in the next morning goes missing.,manojbajpayee tabu annukapoor shrutigupta,mukulabhyankar,psychological thriller missing person
478682,Gold,2018-08-15,2018,hi,"[18, 36]",1.2715,7.1,78,"Set in 1948, the historic story of India's first Olympic medal post their independence.",akshaykumar mouniroy kumudpant kunalkapoor amitsadh,reemakagti,sports olympic games biography ice hockey bengali
479491,Gali Guleiyan,2018-03-15,2018,hi,"[53, 18]",1.502,6.8,5,"A reclusive Old Delhi shopkeeper, spends his time watching people through hidden cameras. When he overhears a boy being beaten, his search for the boy leads to reality crumbling around him, as he is lost in the maze of the city and his own mind.",manojbajpayee shahanagoswami ranvirshorey neerajkabi omsingh,dipeshjain,
498479,Vodka Diaries,2018-01-19,2018,hi,"[9648, 53]",0.8605,6.3,14,"In the misty town of Manali, ACP Ashwini Dixit attempts to solve a series of mysterious murders happening in a single night, which might be connected to the night club, Vodka Diaries.",kaykaymenon raimasen mandirabedi sharibhashmi rishibhutani,kushalsrivastava,
493620,Aiyaary,2018-02-16,2018,hi,"[80, 18, 53]",1.0389,5.8,55,An Indian Army officer is compelled to chase down his protege when the latter turns rogue and threatens to disrupt the country’s government and army.,manojbajpayee sidharthmalhotra rakulpreetsingh anupamkher naseeruddinshah,neerajpandey,
496524,Simmba,2018-12-28,2018,hi,"[28, 35, 18]",1.5027,6.2,95,A corrupt police officer enjoys all the perks of being an immoral and unethical police officer until an event which transforms his life completely and forces him to choose the righteous path.,ranveersingh saraalikhan sonusood ashutoshrana ashwinikalsekar,rohitshetty,police corruption based on movie cop universe
472138,Thugs of Hindostan,2018-11-07,2018,hi,"[12, 28]",0.9221,5.5,121,"After the British company’s officer Clive takes over the kingdom of Mirza, Princess Zafira and Khudabaksh aka Azaad form a band of rebel pirates who swear to defeat the English officer and win their freedom back. The British Company in return, hire the wily thug Firangi track Azaad’s gang and thwart his plans.",amitabhbachchan aamirkhan katrinakaif fatimasanashaikh mohammedzeeshanayyub,vijaykrishnaacharya,
498598,Sonu Ke Titu Ki Sweety,2018-02-23,2018,hi,"[10749, 35]",1.4192,6.6,127,Titu is going to marry a perfect woman named Sweety. Titu's best-friend Sonu doubts Sweety's character and tries to break the marriage while Sweety tries to do opposite and which leads to war between Bromance and Romace.,kartikaaryan nushrrattbharuccha sunnysingh aloknath deepikaamin,luvranjan,
556907,Baazaar,2018-10-26,2018,hi,"[80, 18, 53]",1.34,6.2,29,"After moving to Mumbai, an ambitious young man becomes the stock trader for a notorious businessman.",saifalikhan rohanvinodmehra radhikaapte chitrangadasingh manishchaudhary,gauravvk.chawla,stock market business tycoon
608148,Halwa,2018-05-03,2018,hi,[18],0.8424,0.0,0,"When Sujata gets an unexpected piece of news about her secret childhood sweetheart and best friend Premila, she begins to rekindle the spark with the aid of a new Facebook account, but her abusive husband takes notice.",veekumari asitvyas sanchitamalik aishveryaanidhi samiyakhan,niravbhakta,
726960,Panchaali,2018-05-26,2018,hi,[28],0.7916,3.0,4,"In a small Haryanvi village, five brothers trade in death and fear. When they kill one of their debtors and abduct his daughter Panchaali, she lures each of the five brothers to herself, laying out their death-trap.",anuraagarora,sourabhbali,
547654,Badhaai Ho,2018-10-19,2018,hi,"[35, 10749, 18]",1.0313,7.2,167,A 25-year-old man tries to suppress his embarrassment when his mother announces that she is pregnant.,ayushmannkhurrana neenagupta gajrajrao sanyamalhotra surekhasikri,amitsharma,husband wife relationship pregnancy middle class family relationships wedding gossip boyfriend girlfriend relationship mother son relationship embarrasment
465642,Parmanu: The Story of Pokhran,2018-05-25,2018,hi,"[18, 36, 53]",1.089,7.1,110,"A look at India's second confidential nuclear test series at Pokhran lead by Dr. APJ Abdul Kalam, during the time of PM Atal Bihari Vajpayee's tenure.",johnabraham dianapenty bomanirani zacharycoffin markbennington,abhisheksharma,army based on true story nuclear explosion indian army nuclear testing
523277,Manmarziyaan,2018-09-14,2018,hi,"[10749, 18]",1.0001,6.7,68,A spirited girl finds herself caught in a complicated love triangle while burdened with societal and familial pressures.,taapseepannu abhishekbachchan vickykaushal arunbali ashnoorkaur,anuragkashyap,love triangle free spirited
526090,Mulk,2018-08-03,2018,hi,[18],1.2084,6.8,40,"The youngest son of a Muslim family settled in Benaras gets involved in terrorist activities, leading to a bomb blast massacre. His actions have an adverse effect on the family who are left to defend themselves as people who are innocent and not anti-nationals.",rishikapoor taapseepannu prateiksmitapatil rajatkapoor ashutoshrana,anubhavsinha,bigotry islamophobia religious prejudice
543692,Namaste England,2018-10-19,2018,hi,"[35, 10749]",1.2669,5.4,12,"Param and Jasmeet fall in love and they get married. Their perfect romance gets disturbed by Jasmeet’s suppressed ambition however, she has dreams of going to London so that she can pursue her career and build a better life for herself. But Param unable to get a visa and that creates some high drama in their love life.",parineetichopra arjunkapoor adityaseal anilcharanjeett satishkaushik,vipulamrutlalshah,
483189,Veere Di Wedding,2018-06-01,2018,hi,"[18, 35]",1.1755,4.7,40,"Kalindi, Avni, Sakshi and Meera are childhood friends. Kalindi and Rishabh are getting married, and the four gal pals come together for their veere’s wedding. But of course, there can be no shaadi without showsha and a lot of drama. This wedding celebration brings out skeletons from the closet, unspoken truths and some harsh realities as well.",kareenakapoorkhan sonamkapoorahuja swarabhasker shikhatalsania sumeetvyas,shashankaghosh,
547723,Silvat,2018-09-07,2018,hi,"[18, 10749]",0.7274,5.5,2,"A young, middle-class housewife, living in the crowded lanes of Bombay in 1997, struggles with her loneliness, and cannot stop herself from falling in love with her neighbourhood tailor ...",kartikaaryan amalfarooque maamanmemon mehermistry,tanujachandra,
596650,Chhichhore,2019-09-05,2019,hi,"[10749, 35, 18]",2.266,7.7,167,Following a group of friends from university as they progress into middle-age life and go their own separate ways.,sushantsinghrajput shraddhakapoor tahirrajbhasin varunsharma naveenpolishetty,niteshtiwari,friendship college hostel life
624794,Posham Pa,2019-08-21,2019,hi,"[80, 18, 53]",2.9036,6.0,5,Gundeep and Nikhat are making a documentary on the government-based project of psycho women who killed several kids with her daughters. Prajakta Deshpande was a psycho woman who would sleep with men and kill them after robbing their valuables this bought a very bad upbringing for her daughter Rega who also lost mental imbalance as she was badly abused by Prajakta. Prajakta then married military officer Deshpande and had a daughter Shikha and things were going fine but old habits die soon.,mahiegill sayanigupta raginikhanna shivaniraghuvanshi imaadshah,sumanmukhopadhyay,
554600,Uri: The Surgical Strike,2019-01-11,2019,hi,"[28, 18, 10752]",3.3536,7.0,465,"Following the roguish terrorist attacks at Uri Army Base camp in Kashmir, India takes the fight to the enemy, in its most successful covert operation till date with one and only one objective of avenging their fallen heroes.",vickykaushal pareshrawal yamigautamdhar mohitraina kirtikulhari,adityadhar,army based on true story terrorism india terrorist attack indian army
560964,Junglee,2019-03-29,2019,hi,"[28, 12]",3.0213,6.8,106,A vet returns home to his father's elephant reserve where he encounters and fights an international poacher's racket.,vidyutjammwal poojasawant ashabhat atulkulkarni makranddeshpande,chuckrussell,elephant poacher jungle veterinary
585268,War,2019-10-02,2019,hi,"[28, 53, 12]",2.4255,6.8,370,"Khalid, entrusted with the task of eliminating former soldier turned rogue Kabir, engages in an epic battle with his mentor who taught him everything.",hrithikroshan tigershroff vaanikapoor ashutoshrana anupriyagoenka,siddharthanand,friendship chase gun italy portugal spy traitor two man army karate love betrayal shootout one man army explosion india motorcycle one against many mentor protégé relationship motorcycle chase new delhi india
556271,Kalank,2019-04-17,2019,hi,"[18, 10749]",3.3002,5.8,58,"Set in 1945, in Pre-Independent India, the elite, opulent and solemn world of the Chaudhry family, and the wild, mysterious and musical underbelly of the town, Hira Mandi, clash when Roop Chaudhry encounters Zafar, a daredevil from Hira Mandi, unleashing deep-buried truths, secrets of betrayal and affairs that threaten to bring both worlds crashing down.",aliabhatt varundhawan adityaroykapur sanjaydutt madhuridixit,abhishekvarman,blacksmith terminal illness caste system illegitimate son publishing house semi-narrative half-brothers partition of india
491625,Gully Boy,2019-02-14,2019,hi,"[18, 10402]",1.7687,7.3,206,"Murad, an underdog, struggles to convey his views on social issues and life in Dharavi through rapping. His life changes drastically when he meets a local rapper, Shrikant alias MC Sher.",ranveersingh aliabhatt siddhantchaturvedi vijayraaz vijayvarma,zoyaakhtar,"rap music slum rapper ghetto mumbai (bombay), india poverty rapper wannabe inspirational"
503129,Student of the Year 2,2019-05-10,2019,hi,"[10749, 35, 18]",1.3413,4.2,81,"A student must overcome bullies and hardships, both academic and romantic, in order to win his college's coveted Student of the Year trophy.",tigershroff ananyapanday tarasutaria adityaseal harshbeniwal,punitmalhotra,
581361,Badla,2019-03-08,2019,hi,"[80, 53, 9648, 18]",1.8553,7.2,164,A dynamic young entrepreneur finds herself locked in a hotel room with the corpse of her dead lover. She hires a prestigious lawyer to defend her and they work together to figure out what actually happened.,amitabhbachchan taapseepannu tonyluke amritasingh manavkaul,sujoyghosh,based on movie
466550,Drive,2019-11-01,2019,hi,"[28, 53]",1.3397,5.0,60,"A notorious thief allies with a street racer for a grand heist involving an elaborate game of deceit with authorities, who have their own dirty secrets.",sushantsinghrajput jacquelinefernandez vikramjeetvirk sapnapabbi bomanirani,tarunmansukhani,based on novel or book
619061,Jhalki,2019-09-27,2019,hi,[18],0.9288,6.8,5,"A lyrical story of lost childhood, against the powerful backdrop of child slavery and human trafficking. It is a heart-rending but inspiring story of a nine-year old street-smart girl, Jhalki, in search of her seven-year old brother, Babu, who is suddenly thrown into an inhuman world of child labor with no respite from a terminally gloomy, dark and depressing workplace. Armed with an intimate folk tale of a tireless sparrow, her own ingenious efforts and her charming presence of mind, Jhalki manages her search and eventually free her brother, along with thousands of other enslaved children caught in this insidious practice, affecting over 200 million children worldwide.",tannishthachatterjee bomanirani divyadutta sanjaysuri yatinkaryekar,brahmanands.singh,
579224,Dream Girl,2019-09-13,2019,hi,"[10749, 35]",1.636,6.3,81,"Desperate to find employment, Karam picks up a job as ‘Pooja’ at a call center for sex chats, keeping most people in his life in the dark about the nature of his work. How long can he keep it up before everyone including his girlfriend and father find out?",ayushmannkhurrana nushrrattbharuccha annukapoor manjotsingh vijayraaz,raajshaandilyaa,
643534,Good Newwz,2019-12-27,2019,hi,"[10749, 35, 10751, 18]",1.2518,6.6,93,Two couples with the same surnames pursue in-vitro fertilisation and wait for their upcoming babies. Trouble ensues when they find that the sperms of each couple have been mixed with each other.,akshaykumar diljitdosanjh kareenakapoorkhan kiaraadvani tiscachopra,rajmehta,
577328,Kabir Singh,2019-06-20,2019,hi,"[18, 10749]",1.4173,6.3,176,"Kabir, a genius yet hostile medical student, falls in love with Preeti from his college. When Preeti's father spots the couple kissing, he opposes their relationship and decides to marry her off.",shahidkapoor kiaraadvani arjanbajwa sureshoberoi nikitadutta,sandeepreddyvanga,"self-destruction delhi, india surgeon family relationships love remake based on movie medical student anger issues unconditional love self hatred"
611748,Housefull 4,2019-10-25,2019,hi,"[35, 18, 10749]",1.6802,5.701,97,"Three couples who get separated from each other due to an evil ploy, reincarnate after 600 years and meet each other as history repeats itself again and their respective partners get mixed up this time.",akshaykumar bobbydeol riteishdeshmukh kritisanon poojahegde,farhadsamji,
498448,Kesari,2019-03-21,2019,hi,"[28, 18, 36, 10752]",1.2827,7.0,118,"In 1897, an army of 21 Sikhs battles 10,000 Afghans to prevent the Saragarhi Fort from being taken down.",akshaykumar parineetichopra mirsarwar ashwathbhatt 'om'rakeshchaturvedi,anuragsingh,kingdom patriotism based on true story king historical drama 19th century periodic
576121,Total Dhamaal,2019-02-22,2019,hi,"[35, 12]",1.6489,5.2,49,"Con-artists Guddu and Johnny, a bickering couple Avinash and Bindu who are on a verge of divorce, a fireman Lallan and his side-kick siblings Adi and Manav and a cunning police commissioner set out on a mad chase for a hidden booty of Rs 50 crores in a zoo in Janakpur.",ajaydevgn riteishdeshmukh arshadwarsi javedjaffrey sanjaymishra,indrakumar,money
660300,Love Shots,2019-10-18,2019,hi,[],1.1994,10.0,1,"An erotic drama film directed by Prithviraj Oberoi, starring Anvita Rai and Ravnit Singh in the lead roles.",anvitarai ravnitsingh rajeshpuri sudhachandran,prithvirajoberoi,
696483,Tindey,2019-09-28,2019,hi,[35],0.99,4.0,2,The film smartly questions what people truly want and expect from their partners and the hidden agendas of people on dating apps.,adahsharma rajeshsharma ashwinikalsekar abhishekkhanna,seemadesai,
534075,Super 30,2019-07-12,2019,hi,[18],1.2562,7.2,126,Based on life of Patna-based mathematician Anand Kumar who runs the famed Super 30 program for financially weak IIT aspirants in Patna.,hrithikroshan mrunalthakur veerendrasaxena nandishsingh pankajtripathi,vikasbahl,mathematician biography patna bihar
657955,Happi,2019-12-25,2019,hi,"[35, 18]",1.0384,8.0,1,"Happi is a comedy drama that tells the amazing story of survival of a social misfit set in Mumbai. The film is all about a man, who is content with what he earns as his needs are few and thus, he is comfortable being a misfit. He earns by making people laugh as well as by singing at Cafe Bombay.",pankajkapur supriyapathak hrishitaabhatt nakulvaid manojpahwa,bhavnatalwar,
543693,Jabariya Jodi,2019-08-09,2019,hi,"[18, 10749]",1.0619,4.7,12,"Abhay Singh runs a syndicate of kidnapping greedy grooms, who demand dowry in Bihar’s Madhopur. He then, forcefully marries them off to the girl, calling it a ‘surprise party’. But when his childhood sweetheart Babli re-enters his life, he must choose between love and his long-term ambitions.",parineetichopra sidharthmalhotra aparshaktikhurana sanjaymishra javedjaffrey,prashantsingh,
431582,Line of Descent,2019-12-13,2019,hi,"[80, 18]",1.1079,4.6,7,"A classic crime narrative in the backdrop of Delhi merges a dysfunctional, mafia family at war with each other as an undercover officer fights his demons by assisting in their downfall.",brendanfraser premchopra abhaydeol ronitroy neerajkabi,rohitkarnbatra,
533148,Ek Ladki Ko Dekha Toh Aisa Laga,2019-02-01,2019,hi,"[10749, 18]",1.2219,5.5,62,Sweety has to contend with her over-enthusiastic family that wants her to get married but the ultimate truth is that her love might not find acceptance in her family and society.,sonamkapoorahuja anilkapoor juhichawlamehta rajkummarrao abdulquadiramin,shellychopradhar,homophobia hinduism islam theater play wedding party food industry fashion lgbt punjab song and dance betting long distance relationship inter religion relationship struggling writer lesbian sikhism
613446,The Sky Is Pink,2019-10-11,2019,hi,"[10749, 18, 35]",1.0213,7.8,75,The 25-year-old love story of a couple is told through the lens of their teenage daughter after she is diagnosed with pulmonary fibrosis.,priyankachoprajonas zairawasim farhanakhtar rohitsaraf manasmittal,shonalibose,biography based on true story family relationships love story pulmonary fibrosis
491622,Manikarnika: The Queen of Jhansi,2019-01-25,2019,hi,"[36, 18, 28]",1.2776,6.6,52,"Story of Rani Lakshmibai, one of the leading figures of the Indian Rebellion of 1857 and her resistance to the British Rule.",kanganaranaut dannydenzongpa sureshoberoi atulkulkarni kulbhushankharbanda,kanganaranaut,rebellion queen invasion
569594,Bharat,2019-06-05,2019,hi,"[28, 36, 18]",1.6626,6.1,68,"At the cusp of India's birth as an Independent nation, a family makes an arduous journey to freedom at a cost. A young boy Bharat, makes a promise to his Father that he will keep his family together no matter what.",salmankhan katrinakaif dishapatani jackieshroff shashankarora,aliabbaszafar,
590401,De De Pyaar De,2019-05-17,2019,hi,"[10749, 35]",0.8001,6.0,58,A 50-year-old single father faces disapproval from his family and his ex-wife when he falls in love with a 26-year-old woman.,ajaydevgn tabu rakulpreetsingh jimmyshergill aloknath,akivali,
585862,Romeo Akbar Walter,2019-03-15,2019,hi,"[28, 53]",1.4013,6.1,40,"Prior to the India-Pakistan war of 1971, the RAW (Research and Analysis Wing) trains an Indian banker in espionage and martial arts, and sends him to Pakistan for an undercover operation where he finds himself sinking between emotions and violence.",johnabraham mouniroy jackieshroff sikandarkher suchitrakrishnamoorthi,robbygrewal,
617123,Penalty,2019-07-19,2019,hi,[18],0.8742,4.0,3,"A young boy Lukram, hailing from the state of Manipur, situated in the Northeastern part of the country, is a football enthusiast and enrols in a Lucknow-based college to realise his dream of playing for the Indian national team, but his dreams start to crumble when he is subjected to blatant racism and zonal politics that is prevalent in this sport’s team-selection process.",kaykaymenon shashankarora lukramsmil bijouthaangjam manjotsingh,shubhamsingh,sports
627715,Marjaavaan,2019-11-15,2019,hi,"[10749, 28]",1.6073,7.0,35,Raghu and Zoya are enjoying their lives together until a gang leader with harmful intentions turns their world upside down.,riteishdeshmukh sidharthmalhotra tarasutaria rakulpreetsingh nassar,milapzaveri,
541495,The Man Who Feels No Pain,2019-03-21,2019,hi,"[28, 35]",1.0279,6.7,73,"Leveraging his ability to withstand pain, a young man trains to follow in the footsteps of his martial arts hero.",abhimanyudasani radhikkamadan gulshandevaiah maheshmanjrekar jimittrivedi,vasanbala,
606599,Commando 3,2019-11-28,2019,hi,"[28, 53]",0.8177,7.0,39,A mysterious man is on an impending mission to attack the country from his base in London. Karan Singh Dogra sets out to hunt down the antagonist aided by the British Intelligence.,vidyutjammwal adahsharma gulshandevaiah angiradhar rajeshtailang,adityadatt,secret intelligence service
645998,House Arrest,2019-11-15,2019,hi,[35],0.8105,6.5,15,A world-weary man’s self-imposed home confinement becomes a comedy of errors with the simultaneous arrivals of a peculiar package and a curious journalist.,alifazal shriyapilgaonkar jimsarbh barkhasingh sunilkumar,samitbasu,
535144,Sonchiriya,2019-03-01,2019,hi,"[80, 28, 18]",1.0943,8.0,39,"In the more or less lawless Chambal Valley in 1975, a gang of bandits led by Maan Singh are up to mischief. The lawless men, who call themselves Bhaagis (rebels), live by robbery and attack the villages in the area. Since they have previously committed a more than shameful crime, they are hunted mercilessly by the police. When Maan Singh learns about a treasure of gold that is about to change hands at a wedding reception, the target of their next heist is clear. They have no idea that it is an ambush of the police. Some of the gang members barely manage to escape and flee into the inhospitably barren surrounding area. While a dispute arises about how to proceed, they meet a woman from the lowest caste who is being hunted by a family clan. In their care there is a girl who was raped and seriously injured by the leader of that clan. The bandits see the opportunity to atone for their shameful crime.",sushantsinghrajput bhumipednekar ashutoshrana ranvirshorey manojbajpayee,abhishekchaubey,dacoits
611594,Mission Mangal,2019-08-15,2019,hi,"[18, 36]",1.2473,6.7,75,A team of Indian scientists at ISRO (Indian Space Research Organisation) take on the extraordinary task of successfully sending a satellite into the orbit of planet Mars in a country's maiden attempt.,vidyabalan akshaykumar taapseepannu nithyamenen kirtikulhari,jaganshakti,strong woman planet mars satellite inspiring story space research inspirational based on real person
146329,Ammaa Ki Boli,2019-08-30,2019,hi,"[35, 18]",0.7802,4.2,3,"Ammaa Ki Boli is a comical genre movie directed by Narayan Chauhan and produced by Mukesh Chaudhary under the banner of Street Act Production. The story revolves around an old-aged husbandless mother, her 5 grown-up children’s and a second-rate two-seater scooter. The movie features Faruk Zafar as Ammaa in lead role, following with Priyal Patil, Govind Namdev, Sitaram Panchal, Sanjay Mishra, Hrishita Bhatt, Zakir Hussain Actor, Ishtiaq Khan, Shekhar Singh and others in their respective important roles",hrishitaabhatt sanjaymishra himanishivpuri govindnamdeo zakirhussain,,
649487,Pagalpanti,2019-11-22,2019,hi,"[35, 28]",1.2885,4.7,19,"3 men, considered as losers in their lives by the people, plan to get rich along with their girlfriends by fooling 2 gangsters and robbing their money.",johnabraham ileanad'cruz arshadwarsi urvashirautela pulkitsamrat,aneesbazmee,
582153,Gully Boy: Live In Concert,2019-02-14,2019,hi,"[10402, 99]",0.8307,5.4,4,The revolution is here. Witness gully rap rises from the streets of Mumbai to the biggest stage in the history of Indian hip-hop. This is an Amazon Prime Exclusive documentary on film Gully Boy's music launch and concert in mumbai.,ranveersingh aliabhatt kalkikoechlin siddhantchaturvedi divine,siddhantgoswami,
603540,#Gadhvi (He thought he was Gandhi),2019-06-21,2019,hi,[18],0.7769,5.0,1,"When a retired, widower inadvertently takes on the establishment, the nondescript Ram Nath Gadhvi becomes the social media sensation, #Gadhvi.",rasikadugal sanjaymishra akshayoberoi,gauravbakshi,
683395,Virgin Bhanupriya,2020-07-16,2020,hi,"[35, 18]",3.4826,1.0,1,"Bhanupriya, a conservative girl decides to lose her virginity but fails in her every attempt. A soothsayer predicts that it is an impossible task and it will not happen to her. She decides to overcome this bad luck.",urvashirautela gautamgulati archanapuransingh delnaazirani brijendrakala,ajaylohan,loss of virginity
661671,Shikara,2020-02-07,2020,hi,"[18, 10749]",2.2687,4.2,9,Shikara is the untold story of Kashmiri Pandits' forced exodus. It is the story of resilience in the face of insurmountable odds. It is also the story of a love that remains unextinguished through 30 years of exile. A timeless love story in the worst of times.,aadilkhan sadiakhateeb zainkhandurrani priyanshuchatterjee mushtaqkak,vidhuvinodchopra,
594669,Baaghi 3,2020-03-06,2020,hi,"[28, 12, 53]",2.0621,6.3,124,A man embarks on a bloody rampage to save his kidnapped brother.,tigershroff riteishdeshmukh shraddhakapoor ankitalokhande jameelkhoury,ahmedkhan,sibling relationship one man army
849920,All Ladies Do It,2020-10-13,2020,hi,"[10749, 18]",1.9143,1.0,2,A Handsome young man gets erotically involved with a Sultry seductive wife of an impotent man only to find himself tangles in a dangerous web of lies and cheat.,sejalshah ajaybafna vikassachdeva,akhilgautam,
856193,Hello Doctor,2020-10-28,2020,hi,[],1.3094,0.0,0,,yoginigoyekar ashiqjavid,,
761226,Welcome Home,2020-11-06,2020,hi,"[18, 27, 53]",1.4025,6.4,24,Welcome Home is being touted as a psychological drama with lots of thrills. The movie follows a pregnant woman living in a house. She is visited by a few other ladies presumably some officials and ask her about her lifestyle.,kashmirairani swardathigle boloramdas tinabhatia shashibhushan,pushkarsunilmahabal,countryside based on true story teacher revenge india thunderstorm incest census taker scooter brutal violence
850935,Online Ishq,2020-02-02,2020,hi,[10749],1.5661,0.0,0,"Suspecting her boyfriend of infidelity, She involves another woman who is her best friend to test his faithfulness. While his girlfriend is away her friend connects with him through social media and soon turns in to dating and romance, She indulges his deepest fantasies. Soon, the relationships between all three intensify as his girlfriend is set to return. Watch the drama and learn that Love should never be Judged",sharanyajitkaur farheenshaikh,gehanavasisth,
603673,Laxmii,2020-11-09,2020,hi,"[27, 35]",1.4803,4.3,55,Aasif's belief in logic and science shatters when he gets possessed by a transgender's ghost.,akshaykumar kiaraadvani ayesharazamishra manurishichadha ashwinikalsekar,raghavalawrence,remake vengeful ghost based on movie
695429,Ateet,2020-04-21,2020,hi,"[53, 18]",1.0033,3.0,2,"A soldier lost in war and pronounced dead returns after decade to his wife and daughter, only to realize that they have moved on. As he forces his way into their life, questions are asked whether he is dead or alive.",priyamani rajeevkhandelwal sanjaysuri vipinsharma nehabam,tanujbhramar,
714338,Bulbbul,2020-06-24,2020,hi,"[27, 14, 53]",1.3347,6.6,166,"A child bride grows up to be an enigmatic woman presiding over her household, harboring a painful past as supernatural murders of men plague her village.",triptiidimri avinashtiwary rahulbose parambratachatterjee paolidam,anvitadutt,witch rape village patriarchy revenge tragedy murder misogyny child marriage folklore social issues supernatural horror
719949,Khuda Haafiz,2020-08-14,2020,hi,"[28, 53]",1.2816,7.0,47,"When the 2008 recession leaves Sameer Chaudhary and his wife Nargis jobless, they struggle to make a living and after three months, succeed when they find jobs in a Middle East country named Noman. Due to delay in arrival of documents, Sameer stays in India while Nargis heads to Noman, upon arriving where she is abducted as she pleads for help over a phone call to Sameer. Enraged and helpless, Sameer heads to Noman and teams up with a local taxi driver to find Nargis before it is too late.",vidyutjammwal shivaleekaoberoi annukapoor aahanakumra vipinsharma,farukkabir,based on true story missing wife
849775,Bye 2,2020-12-07,2020,hi,[],1.0208,1.0,2,"Story of boy and girl, how relationships change over a period of life and how hard is to say Bye sometimes when you want to end the relationship.",shreyatyagi vipinsingh karanmehra bhushan,tanveerhashmi,
1453444,The Sleepwalkers,2020-06-17,2020,hi,[53],0.8953,0.0,0,"Having found themselves in a delusional state, trying to discover if they are sleepwalking, a couple on the cusp of starting a family, dreaming of the perfect future, are made to face the consequences of their willful blindness.",shahanagoswami gulshandevaiah,radhikaapte,
601643,Ghost Stories,2020-01-01,2020,hi,[27],0.7936,5.2,87,An anthology of four short horror tales.,janhvikapoor surekhasikri vijayvarma sobhitadhulipala sagararya,anuragkashyap,anthology horror anthology
584850,Tanhaji: The Unsung Warrior,2020-01-10,2020,hi,"[28, 18, 36]",1.3263,6.4,83,"When Aurangzeb recruits his trusted soldier Udaybhan to control the Kondhana fort, Shivaji's military leader Tanhaji Malusare and his army of Maratha warriors set out to recapture the fortress.",ajaydevgn saifalikhan kajol sharadkelkar reyhnamalhotra,omraut,
662231,Hacked,2020-02-07,2020,hi,[53],1.0585,5.5,20,A young woman finds her life turned upside down when she rejects the advances of a teenage hacker.,hinakhan rohanshah mohitmalhotra sidmakkar,vikrambhatt,
666353,Gul Makai,2020-01-31,2020,hi,"[10752, 18]",0.9501,0.0,0,"Fear is like an elastic band. You stretch the band inside of your mind and it keeps expanding, till one moment it snaps or you cut it for it to break. 'Gul Makai' is such a story, a story of courage that overcame fear and oppression. 'Gul Makai' accounts the courageous journey and struggle of Nobel laureate Malala Yousufzai, from her humble upbringing in the Swat Valley to her becoming the champion for free education to all. 'Gul Makai' is a small tribute to this lion hearted girl who is in every essence a global citizen championing a cause that transcends boundaries, caste, religion and geography.",reemshaikh atulkulkarni divyadutta ompuri arifzakaria,h.e.amjadkhan,
645489,Gunjan Saxena: The Kargil Girl,2020-07-23,2020,hi,"[28, 18]",0.9762,7.4,87,Inspired by the life of a fearless young officer who made history by becoming the first Indian female Air Force officer to fly in a combat zone during the 1999 Kargil War,pankajtripathi janhvikapoor angadbedi manavvij ayesharazamishra,sharansharma,biography inspirational admiring
607297,Jawaani Jaaneman,2020-01-31,2020,hi,[35],1.3425,6.0,36,The carefree life of a 40-year-old playboy comes to a standstill when he comes to know that he has a 20 something-year-old daughter.,saifalikhan alayaf tabu chloébooyens chunkypanday,nitinkakkar,
744876,Kaali Khuhi,2020-10-30,2020,hi,"[27, 18, 53]",0.9915,4.6,24,"When a restless spirit curses a Punjab village that has a history of female infanticide, the town's fate lies in the hands of a 10-year old girl, Shivangi.",shabanaazmi rivaarora satyadeepmisra sanjeedasheikh leelasamson,terriesamundra,
757329,Footfairy,2020-10-24,2020,hi,"[80, 53]",1.0297,4.1,8,"The plot is set in Mumbai, a city of dream and land of opportunities. The psychological crime thriller showcases an intriguing chase between a serial killer with a distinctive fetish and CBI officer named Gulshan. In the serial killer's point of view, the film explores the fugitive's darkest desire for momentary pleasure.",gulshandevaiah sagarikaghatge kunaalroykapur ashishpathode,kanishkvarma,
710667,Climax,2020-06-06,2020,hi,"[18, 53]",1.0421,2.8,14,"Diane and her boyfriend try to do things out of the blue and enter a desert even after there is a no-entry board written on it. In this situation, scary things and some crazy people start troubling them. The couple runs for their life and reaches a small town only to know there are more dangerous situations are in store for them. Who is behind these incidents and how the couple comes out of this mess forms the crux of the story.",miamalkova renansevero,ramgopalvarma,
822197,Keep Punching,2020-11-20,2020,hi,[18],1.2071,5.0,1,"Prior to fighting for her country, Kirnay, a withdrawn boxer must fight the battle for her freedom.",samridhidewan kunjanand asthaarora shubhampamecha richashuklamoorjani,kirnaybhatt,boxer woman director female boxing boxing short film
661043,Malang,2020-02-06,2020,hi,"[10749, 28, 12, 80, 53]",1.1008,7.0,64,"Advait visits Goa where he meets Sara, a free-spirited girl who lives life unshackled. Opposites attract and all goes well until life turns upside down. Years later, Advait is on a killing spree with cops Aghase and Michael in his way.",adityaroykapur dishapatani anilkapoor kunalkhemu elliavram,mohitsuri,killer killers
668435,Thappad,2020-02-27,2020,hi,[18],1.1577,6.985,68,"A young woman's life is shattered into pieces when her husband slaps her at a party, causing her to question what this relationship stands for.",taapseepannu pavailgulati diamirza mayasarao geetikavidya,anubhavsinha,husband wife relationship domestic violence divorce social issues
589615,Raat Akeli Hai,2020-07-31,2020,hi,"[80, 9648, 53]",1.1191,6.7,87,"When a newly married landlord is murdered, a misfit cop’s investigation is complicated by the victim’s secretive family and his own conflicted heart.",nawazuddinsiddiqui radhikaapte padmavatirao shwetatripathisharma adityasrivastava,honeytrehan,whodunit police investigation murder investigation
658412,Ludo,2020-11-12,2020,hi,"[80, 35]",0.9144,7.2,121,"Ludo is about the butterfly effect and how, despite all the chaos and crowd of the world, all our lives are inextricably connected. From a resurfaced sex tape to a rogue suitcase of money, four wildly different stories overlap at the whims of fate, chance and one eccentric criminal.",pankajtripathi abhishekbachchan inayatverma rajkummarrao fatimasanashaikh,anuragbasu,kidnapping gangster suitcase full of money sex tape
645484,Dil Bechara,2020-07-24,2020,hi,"[18, 10749]",0.8656,6.7,114,"Kizie and Manny, two ordinary people brought together by a tragic twist, embark on a bittersweet and extraordinary journey into the heart of that crazy little thing called 'life'.",sushantsinghrajput sanjanasanghi sahilvaid saswatachatterjee swastikamukherjee,mukeshchhabra,based on novel or book coming of age cancer
672520,Shukranu,2020-02-14,2020,hi,"[35, 18]",0.8092,6.8,7,"Set in Delhi/UP/Haryana, SHUKRANU is a comic take on the darkest phases of Indian democracy through the encounters of a would-be groom who is forcefully sterilized just days before his much-awaited marriage.",divyendusharma shwetabasuprasad sheetalthakur rajbhansali aakashdabhade,bishnudevhalder,
678960,Guns of Banaras,2020-02-28,2020,hi,"[28, 80, 18]",0.8764,0.0,0,"In the process of getting back his beloved vehicle that gave him everything he needed, Guddu Shukla and his friends get into major trouble with the most dangerous criminals in Banaras.",karannath nathaliakaur abhimanyusingh ganeshvenkatraman shilpashirodkar,shekarsuri,bike theft
744181,Halahal,2020-09-21,2020,hi,"[9648, 18]",0.7613,6.3,6,The Murder of a college girl morphed into a suicide takes Dr. Shiv on a journey to dig the truth out of his daughter's murder.,sachinkhedekar barunsobti devendrachauhan purnendubhattacharya enabkizra,randeepjha,
614179,Coolie No. 1,2020-12-25,2020,hi,"[35, 18]",0.8263,5.2,71,"Insulted by Rosario, a rich businessman, Jai Kishen a Matchmaker teaches him a lesson by getting his daughter married to Raju, a Coolie, who poses to be a millionaire. They sense something fishy and Raju's deceptions are discovered. In an attempt to cover it up, he cooks up a story of having a filthy rich twin. One lie leads to another and things start to go awry culminating in a comedy of errors.",varundhawan saraalikhan pareshrawal rajpalyadav johnylever,daviddhawan,remake
671909,Yeh Ballet,2020-02-21,2020,hi,[18],0.8538,7.6,23,"Discovered by an eccentric ballet master, two gifted but underprivileged Mumbai teens face bigotry and disapproval as they pursue their dancing dreams.",achintyabose manishchauhan juliansands jimsarbh danishhusain,soonitaraporevala,"dancing dreams dancing master competition mumbai (bombay), india ballet dancer ballet ballet school inspiring stage performance street performer ballet performance ballet dancing"
606717,Angrezi Medium,2020-03-13,2020,hi,"[18, 35]",1.0167,7.0,70,"When his daughter decides to further her studies in London, a hardworking Haryanvi businessman does everything in power to make her dreams come true.",irrfankhan radhikkamadan kareenakapoorkhan dimplekapadia pankajtripathi,homiadajania,sequel
714281,Kriya,2020-08-20,2020,hi,"[27, 14, 35]",0.8333,3.5,6,"A DJ encounters a beautiful woman at a club, goes back to her home, and finds himself thrust into a nightmare odyssey of ritual magic, patriarchal death customs, and family conflict most unusual.",navjotrandhawa nobleluke avantikaakerkar mdasif kishanbahurupiya,sidharthsrinivasan,ritual nightclub dark comedy black magic patriarchy beautiful woman occult dj family curse death cult
706783,Choked: Paisa Bolta Hai,2020-06-05,2020,hi,"[18, 80, 53]",1.0664,6.5,36,A bank employee weighed down by her jobless husband's debts - and her own broken dreams - finds a secret source of seemingly unlimited cash in her home.,saiyamikher rajshrideshpande amrutasubhash roshanmathew udaynene,anuragkashyap,
730428,Class of '83,2020-08-21,2020,hi,"[28, 80, 18]",1.4241,5.9,39,A hero policeman shunted to a punishment posting as the Dean of the police academy decides to punish the corrupt bureaucracy and its criminal allies in return by training five lethal assassin policemen.,bobbydeol anupsoni joysengupta vishwajeetpradhan hiteshbhojraj,atulsabharwal,based on novel or book
635503,Lootcase,2020-07-31,2020,hi,[35],1.267,6.3,62,"Nandan, a middle-class man, finds a suitcase full of money near his workplace and steals it. However, he is soon chased by a police officer, a notorious gangster and a corrupt politician.",kunalkhemu rasikadugal ranvirshorey gajrajrao vijayraaz,rajeshkrishnan,
679994,Devi,2020-03-02,2020,hi,[18],0.6825,7.5,11,A tale of nine women navigating through an unusual sisterhood thrust upon them by circumstances.,kajol shrutihaasan nehadhupia shivaniraghuvanshi yashaswinidayama,priyankabanerjee,
656007,Panga,2020-01-24,2020,hi,[10749],1.0147,6.7,26,'Panga' follows the triumphs and struggle of a national level Kabbadi player from India who receives the love and support from her family to help achieve her dream.,kanganaranaut jassiegill richachadha neenagupta yagyabhasin,ashwinyiyertiwari,dreams sports comeback love second chance kabaddi women empowerment supportive husband
869472,Transistor,2021-08-02,2021,hi,[10749],3.5212,0.0,0,"Set in 1975 - Rural India, Transistor is a love story of two teenagers and how proclamation of the National Emergency and a Transistor made all the difference to their relationship.",ahsaaschanna mohammadsamad,premsingh,
592508,Sooryavanshi,2021-11-05,2021,hi,"[28, 80, 53]",2.2334,5.8,172,"A fearless, faithful albeit slightly forgetful Mumbai cop, Veer Sooryavanshi, the chief of the Anti-Terrorism Squad in India pulls out all the stops and stunts to thwart a major conspiracy to attack his city.",akshaykumar katrinakaif javedjaffrey kumudmishra abhimanyusingh,rohitshetty,police sequel police officer cop universe
601337,83,2021-12-23,2021,hi,"[18, 36]",1.9425,7.2,63,"On the 25th of June 1983, the Lord’s Cricket Ground witnessed one of the biggest underdog stories in the history of sports. Fourteen inspired players - led by a man's self-belief and conviction - fought against all odds and orchestrated India’s greatest sporting triumph by beating the two-time World Champions West Indies.",ranveersingh pankajtripathi tahirrajbhasin jiiva saqibsaleem,kabirkhan,sports world cup biography cricket based on true story 1980s
679844,Radhe,2021-05-12,2021,hi,"[28, 12, 80, 53]",2.3784,3.9,64,"As Mumbai’s youth are falling prey to rampant drug abuse, suspended cop Radhe is recalled for a clean-up mission. But Radhe is up against a dangerous new outlaw Rana, who will stop at nothing to rule the city.",salmankhan dishapatani randeephooda jackieshroff meghaakash,prabhudeva,police gang war cop
653457,Mimi,2021-07-26,2021,hi,"[35, 18]",1.5093,6.9,92,"An aspiring actress in a small town in Rajasthan agrees to bear a child for a visiting couple seeking a surrogate mother, but her experience takes an unexpected turn when they refuse to have the child anymore.",kritisanon pankajtripathi saitamhankar evelynedwards supriyapathak,laxmanutekar,surrogate mother based on movie
598826,Sardar Udham,2021-10-16,2021,hi,"[80, 18, 36]",1.4376,7.1,121,"A young Sardar Udham Singh left deeply scarred by the Jallianwala Bagh massacre, escaped into the mountains of Afghanistan, reaching London in 1933-34. Carrying an unhealed wound for 21 years, the revolutionary assassinated Michael O’Dwyer on 13th March, 1940, the man at the helm of affairs in Punjab, April 1919 to avenge the lost lives of his beloved brethren.",vickykaushal shaunscott stephenhogan amolparashar kirstyaverton,shoojitsircar,"biography historical punjab, india"
599925,Shershaah,2021-08-12,2021,hi,"[28, 18, 53, 10752]",1.5416,7.3,117,"Inspired by the life of Captain Vikram Batra (PVC), the film celebrates his bravery, valiant spirit and honors his invaluable sacrifice during the Kargil War of 1999, at the age of 24.",sidharthmalhotra kiaraadvani shataffigar shivpanditt nikitindheer,vishnuvaradhan,biography kargil conflict
829808,D Company,2021-05-15,2021,hi,"[28, 80, 53]",1.169,5.0,1,"The biggest saga of the year is about to unfold the dark side of India's underworld enterprise. The film will showcase the true story behind India's biggest underworld enterprise, D Company, a Mumbai based underworld gang headed by Dawood Ibrahim Kaskar.",nainaganguly irramor sandeepbose abhilashchaudhary ashwatkanth,ramgopalvarma,
786190,Pagglait,2021-03-26,2021,hi,"[18, 35]",1.5532,6.6,47,"Widowed soon after marriage, a young woman grapples with an inability to grieve, quirky relatives and a startling discovery about her late husband.",sanyamalhotra shrutisharma chetansharma ashutoshrana sheebachaddha,umeshbist,
819727,Rifle Ganj,2021-04-15,2021,hi,"[80, 18]",1.1437,3.0,1,"A young talented Engineer & Civil Services topper, Chandar turns into a naxal commander when the abuse of power and politics result in his sister's kidnapping and death of his much respected grandfather.",ompuri mohanjoshi dikshapanth poojagupta madhulagnadas,manojjha,
824744,Shiddat,2021-10-01,2021,hi,"[10749, 18]",1.4724,6.9,33,"Love-struck Jaggi can cross the seven seas for his dream girl, Kartika. Even if it means stopping her wedding as he doesn't want to be friend-zoned.",mohitraina radhikkamadan sunnykaushal dianapenty vidhatribandi,kunaldeshmukh,
832056,Infected 2030,2021-05-20,2021,hi,[18],0.9436,0.0,0,"The film is set in 2030, where a happy couple's life changes after the wife contracts a virus and is quarantined.",noyrikabhatheja rahuldatta chandanpsingh,,short film
1090374,Friction,2021-09-30,2021,hi,[18],0.9807,0.0,0,Rahul and Roskija are married and have a kid but things are not smooth in their relationship. Will the friction between them lead to a bigger disaster?,sanjaykapoor shwetakawatra,sumitsureshkumar,
669696,Tadap,2021-12-03,2021,hi,"[28, 10749]",1.3705,6.8,13,"Passionate Ishana falls madly in love with Ramisa. As their love grows stronger by the day, fate plays the villain and throws one hurdle after another.",ahanshetty tarasutaria saurabhshukla kumudmishra mangalakenkre,milanluthria,remake based on movie
802403,Ajeeb Daastaans,2021-04-16,2021,hi,"[18, 10749]",0.942,6.1,46,An anthology of four stories that explore the surprising ways in which unexpected catalysts inflame the uncomfortable emotions simmering under fractured relationships.,konkonasensharma shefalishah aditiraohydari abhishekbanerjee nushrrattbharuccha,kayozeirani,
660042,The Big Bull,2021-04-08,2021,hi,"[80, 18]",1.3167,5.2,12,"Inspired by events from the late '80s and the early '90s that shook the country's financial fabric, The Big Bull tells the story of the biggest hustle in the stock market.",abhishekbachchan ileanad'cruz sohumshah nikitadutta ramkapoor,kookiegulati,
931541,Quickie,2021-01-01,2021,hi,"[18, 10749]",1.0759,8.9,7,Quickie is a Bollywood comedy movie touted to be a teenage love story.,barbierajput kumudpant ruchikajain darsheelsafary atulsharma,pradipatluri,
695958,The Girl on the Train,2021-02-26,2021,hi,"[18, 53]",1.205,5.8,91,"When a voyeuristic divorcee fixates on the lives of a perfect couple a far, she soon gets embroiled in a murder mystery that unfolds revealing truths about her own life.",parineetichopra aditiraohydari kirtikulhari totaroychowdhury shamaunahmed,ribhudasgupta,remake psychological thriller
732621,12 “o” CLOCK,2021-01-08,2021,hi,"[27, 53]",0.8146,3.0,3,"Aahuti a metaphysics student from Delhi, shifts to Mumbai to be close to her fiancee, what happens next when she discovers the apartment she lives in is haunted.",makranddeshpande mithunchakraborty manavkaul ashishvidhyarthi daliptahil,ramgopalvarma,
694103,Roohi,2021-03-11,2021,hi,"[27, 35]",1.2817,4.5,37,"In a fictional North Indian town, two boys Bhaura and Kattanni are stuck in a forest with Roohi. But there’s an insidious spirit following them with feet turned backwards.",rajkummarrao varunsharma janhvikapoor manavvij saritajoshi,hardikmehta,
721048,Bell Bottom,2021-08-19,2021,hi,"[28, 53]",0.7789,6.3,41,"By the early ‘80s, India had already witnessed multiple airplane hijacks. In 1984, the country was made to face another such challenge. BellBottom, a RAW Agent, sees through the plan and thus begins India's first overseas covert operation. An operation, lead by a forgotten hero, that went on to create one of the most defining moments for India.",akshaykumar humaqureshi adilhussain laradutta vaanikapoor,ranjittiwari,spy dubai airplane hijacking 1980s raw agent indian prime minister pakistani intelligence service
741397,Harami,2021-06-30,2021,hi,"[80, 18, 10749]",1.0086,7.5,4,"An orphan teenage pickpocket working the trains of Mumbai along with his gang, embarks on a life-altering journey when faced by the daughter of one of his victims who's committed suicide after being robbed.",emraanhashmi rizwanshaikh dhanshreepatil dikshanisha ashutoshgaikwad,shyammadiraju,
643807,Ramprasad Ki Tehrvi,2021-01-01,2021,hi,"[18, 10751, 35]",1.2301,6.4,23,"Ramprasad's entire family gathers under one roof for 13 days after his death, to perform and observe the Hindu traditions and rituals called the tehrvi. During the course, the family’s dynamics, politics, and insecurities come out, and then they realise that the importance of people and things are only evident in retrospect.",naseeruddinshah parambratachatterjee konkonasensharma manojpahwa vinaypathak,seemapahwa,family history family drama death family conflict family dynamics
695969,Haseen Dillruba,2021-06-30,2021,hi,"[10749, 9648, 53]",1.0922,6.7,115,"Under investigation as a suspect in her husband's murder, a wife reveals details of their thorny marriage that seem to only further blur the truth.",taapseepannu vikrantmassey harshvardhanrane adityasrivastava yaminidas,vinilmathew,
666390,Bunty Aur Babli 2,2021-11-19,2021,hi,"[35, 80, 18]",0.9878,5.0,10,"Bunty and Babli are forced out of retirement as a new pair of cons emerge, doing robberies in their name with their trademark sigil across India.",saifalikhan ranimukerji siddhantchaturvedi sharvari pankajtripathi,varunv.sharma,
618911,Atrangi Re,2021-12-24,2021,hi,"[10749, 35, 18]",1.029,6.5,62,Runaway Rinku gets forcefully married to already engaged Vishu. Both don't want this marriage and make a deal to go on their separate ways. The equation gets weirder when Rinku's lover Sajjad shows up and Vishu starts developing feelings for her.,saraalikhan dhanush akshaykumar seemabiswas ashishverma,aanandl.rai,
813360,Flight,2021-04-02,2021,hi,"[28, 53]",0.8943,10.0,1,"The movie follows the journey of Ranveer Malhotra, who against all the odds, has to face deadly obstacles on a plane in order to survive.",mohitchadda zakirhussain pavanmalhotra shibanibedi vivekvaswani,surajjoshi,
828871,Meenakshi Sundareshwar,2021-11-05,2021,hi,"[10749, 18]",0.8535,5.6,33,"Forced to live apart due to a unique job prospect, two newlyweds face the hassles, hiccups — and hilarity — that arise from their long-distance marriage.",sanyamalhotra abhimanyudasani purnendubhattacharya shivkumarsubramaniam maheshpillai,viveksoni,marriage long distance relationship
608746,Mumbai Saga,2021-03-19,2021,hi,"[28, 18, 80]",1.0577,5.6,24,"The film, set in the 1980s and 90s, chronicles the transformation of Bombay to Mumbai. The story is a cat and mouse game between a deadly don, Amartya Rao, who doesn’t think twice before killing, and there’s nobody who could stop him and a cop, who is dogging his every step.",johnabraham emraanhashmi sunielshetty kajalaggarwal prateiksmitapatil,sanjaygupta,"gangster mumbai (bombay), india"
679024,Toofaan,2021-07-16,2021,hi,[18],1.2936,5.1,27,"An inspiring story about an orphan boy from the streets of Dongri, who grows up to become a local goon of his area and how his life changes after he meets the young and compassionate Ananya, who guides him towards the right path and makes him realize his true calling i.e boxing.",farhanakhtar mrunalthakur pareshrawal hussaindalal supriyapathak,rakeyshomprakashmehra,
674531,Bob Biswas,2021-12-03,2021,hi,"[80, 53, 28]",1.0051,6.5,19,"Bob Biswas, a hitman-for-hire, comes out of a prolonged coma and struggles to recall his identity but suffers a moral dilemma when the memories of his past resurface.",abhishekbachchan chitrangadasingh paranbanerjee tinadesai purabkohli,diyaannapurnaghosh,assassin memory loss spin off contract killer
465007,Raag,2021-03-26,2021,hi,[18],0.7421,0.0,0,"Raag revolves around the dehumanizing situation of commercial sexual exploitation of women in India. Madhu, who belongs to the Bedia community from the Bundelkhand region, vows to bring change through education.",rajpalyadav sudhachandran bhappisonie mohanjoshi yashpalsharma,arvindtripathi,
695973,Satyameva Jayate 2,2021-11-25,2021,hi,"[28, 80, 18, 53]",0.7312,5.7,24,"Satya Azad, an upright Home Minister wants to cleanse the country of corruption with his Anti-Corruption Bill. However, it fails to get enough ‘Ayes’, not only from his allies, but also from his wife Vidya a member of the Opposition, who votes ‘Nay’ in the Vidhan Sabha. When a couple of gruesome killings take place in the city, ACP Jay Azad is brought in to nab the murderer, never mind his motive.",johnabraham divyakhossla norafatehi gautamikapoor anupsoni,milapzaveri,police twin brother vigilante
776557,Writing with Fire,2021-01-30,2021,hi,"[99, 36]",0.7112,7.3,33,"In a cluttered news landscape dominated by men, emerges India’s only newspaper run by Dalit women. Armed with smartphones, Chief Reporter Meera and her journalists break traditions on the frontlines of India’s biggest issues and within the confines of their own homes, redefining what it means to be powerful.",meeradevi suneetaprajapati shyamkalidevi,rintuthomas,journalist india social documentary women's issues pioneer women women's rights political documentary social & cultural documentary women and society friendship between women women power powerful woman indian woman women
798303,Bawri Chhori,2021-02-19,2021,hi,[],0.8036,4.0,3,A young woman who has arrived in London from India to find her husband and kill her and feed her corpse to the pigs.,aahanakumra nikianejawalia vikramkochhar rumanamolla,,
830891,Sherni,2021-06-18,2021,hi,[18],1.0477,6.3,29,"A jaded forest officer leads a team of trackers and locals intending to capture an unsettled tigress while battling intense obstacles and pressures, both natural and man-made.",vidyabalan brijendrakala vijayraaz sharatsaxena mukulchadda,amitmasurkar,
760932,Not Today,2021-01-08,2021,hi,[18],0.656,0.0,0,"A 24-year-old Muslim woman's secret job is as a suicide prevention counselor in Mumbai. On her first day, she must open up to stop a suicidal man from jumping off a high-rise.",ruchainamdar harshchhaya vibhawarideshpande jaiminipathak kirandpatil,adityakripalani,
545071,99 Songs,2021-04-16,2021,hi,"[10402, 18, 10749]",0.684,5.2,8,"Challenged to compose 100 songs before he can marry the girl he loves, a tortured but passionate singer-songwriter embarks on a poignant musical journey.",ehanbhat edilsyvargas manishakoirala lisaray tenzingdalha,vishweshkrishnamoorthy,musical
812547,The Flute,2021-04-16,2021,hi,[18],0.6375,0.0,0,,anuragkashyap rituparnasengupta upendralimaye,hariviswanath,
695951,Chehre,2021-08-27,2021,hi,"[53, 9648, 18]",1.0141,6.4,24,"An ad agency executive takes shelter at an old man's home in mountains amid a dangerous snow storm, but soon finds himself trapped with no way out when the man and his clan of veterans hook him for a game of crime and punishment.",amitabhbachchan emraanhashmi krystled'souza annukapoor rheachakraborty,rumijaffery,
915831,"Monica, O My Darling",2022-11-11,2022,hi,"[80, 35, 18, 9648, 53]",2.6056,7.0,100,"A slick robotics expert joins a murderous plot after a passionate affair takes a sudden turn, but nothing — not even death — is what it seems to be.",rajkummarrao humaqureshi radhikaapte sikandarkher bagavathiperumal,vasanbala,
496331,Brahmāstra Part One: Shiva,2022-09-08,2022,hi,"[28, 12, 14]",2.7223,6.3,192,"The story of Shiva – a young man on the brink of an epic love, with a girl named Isha. But their world is turned upside down when Shiva learns that he has a mysterious connection to the Brahmāstra... and a great power within him that he doesn’t understand just yet - the power of Fire.",ranbirkapoor aliabhatt mouniroy amitabhbachchan nagarjunaakkineni,ayanmukerji,superhero mythology astraverse
664332,Gangubai Kathiawadi,2022-02-24,2022,hi,"[80, 18, 36]",2.2883,7.5,182,"Duped and sold to a brothel, a young woman fearlessly reclaims her power, using underworld connections to preside over the world she was once a pawn in.",aliabhatt ajaydevgn shantanumaheshwari indiratiwari seemapahwa,sanjayleelabhansali,based on novel or book biography
888268,Anek,2022-05-27,2022,hi,"[28, 53]",1.6479,6.1,24,"Amid the turmoil in northeast India, an undercover agent tasked with peace negotiations crosses paths with a tenacious boxer fighting for her dreams.",ayushmannkhurrana andreakevichusa manojpahwa kumudmishra j.d.chakravarthi,anubhavsinha,political thriller northeast india
977128,Biscut,2022-02-07,2022,hi,[18],1.2332,10.0,1,"BISCUT  (HOTSTAR-DISNEY RELEASE -2022)  In an Indian village ruled by muscle and money, one man sparks a revolution without guns or bullets by betting his life on just the power of democracy. Biscut is the awe-inspiring story of Bhoora, a poor Dalit (lower caste) youth condemned to a daily struggle for survival, who turns a collective curse into a formidable force for change.  BISCUT is the Hindi language word for a cookie or a biscuit.",chittaranjantripathy chetansharma advinmassey priyankraj manishmahan,amishsrivastava,hunger poverty democracy biscuit short film caste discrimination
601635,Laal Singh Chaddha,2022-08-11,2022,hi,"[18, 10749, 35]",1.8242,6.3,88,"Events in India's history — from the Emergency and the famous Cricket World Cup win to the Punjab riots — unfold from the perspective of an innocent Sikh man Laal Singh Chaddha, a person with a low IQ but high optimism. Laal is able to achieve everything under the sun but his childhood love continues to elude him.",aamirkhan kareenakapoorkhan nagachaitanyaakkineni monasingh manavvij,advaitchandan,mentally disabled based on novel or book remake india foreign language adaptation based on movie official adaptation
799155,Attack,2022-04-01,2022,hi,"[28, 878, 53]",1.7316,6.8,216,"With the Parliament under siege, India’s first super soldier Arjun Shergill is tasked to get hold of the terrorists in time, save the Prime Minister from their clutches and stop a dirty bomb from exploding and destroying Delhi.",johnabraham serenawalia rakulpreetsingh prakashraj ratnapathakshah,lakshyarajanand,"artificial intelligence (a.i.) post-traumatic stress disorder (ptsd) delhi, india prime minister hostage-taking parliament memory loss super soldier cyberpunk soldier terrorist attack genetic engineering indian army death of girlfriend 2010s mumbai military sci-fi islamic terrorism 2020s"
783461,Looop Lapeta,2022-02-04,2022,hi,"[28, 35, 80]",1.5862,6.1,67,"When her boyfriend loses a mobster's cash, Savi races against the clock to save the day — if only she can break out of a curious cycle of dead ends.",taapseepannu tahirrajbhasin shreyadhanwanthary dibyendubhattacharya rajendrachawla,aakashbhatia,remake looop lapeta saade saati
695962,Bhool Bhulaiyaa 2,2022-05-20,2022,hi,"[27, 35]",1.735,6.2,86,"When strangers Reet and Ruhan cross paths, their journey leads to an abandoned mansion and a dreaded spirit who has been trapped for eighteen years.",kartikaaryan kiaraadvani tabu rajpalyadav sanjaymishra,aneesbazmee,sequel
893165,Manoranjan,2022-02-03,2022,hi,[18],1.2436,6.7,3,"An 18-year-old man visits an apparently conventional household. Therein, layer by layer, the husband and wife’s family stories begin to contradict one another—until things start to get spooky",gulpanag mihirahuja satyajitsharma akshitaarora,suhailtatari,short film
988228,Holy Cow,2022-08-26,2022,hi,"[35, 18]",1.1174,4.0,2,"The story of how Salim's cow, Ruksar, goes missing and he starts searching for it at night.",sanjaymishra tigmanshudhulia sadiyasiddiqui mukeshbhatt nawazuddinsiddiqui,saikabir,
611598,Samrat Prithviraj,2022-06-03,2022,hi,"[28, 18, 36]",1.5408,6.6,29,"The true story of legendary Hindu warrior king ""Prithviraj Chauhan"" including his early military successes, love story with Sanyogita & clashes with Muhammad of Ghor, a ruler of the Ghurid dynasty who led the foundation of Muslim rule in the Indian subcontinent.",akshaykumar manushichhillar sanjaydutt sonusood manavvij,dr.chandraprakashdwivedi,india period drama warrior 12th century rajput ghurid dynasty
801526,Darlings,2022-08-05,2022,hi,[35],1.386,7.0,67,"Badru hopes her volatile husband will reform if he stops drinking. But when his rage goes too far, she and her mom boldly, albeit clumsily, seek revenge.",aliabhatt shefalishah vijayvarma roshanmathew rajeshsharma,jasmeetkreen,
877655,Dangerous,2022-04-08,2022,hi,"[10749, 80, 28, 53]",1.2449,2.2,5,"Two women, who have some had bad experiences with men, passionately fall in love with each other.",rajpalyadav palaksingh nainaganguly gordhansingh apsararani,ramgopalvarma,
941596,Thar,2022-05-06,2022,hi,"[37, 28, 53, 18, 80]",0.9553,5.7,38,A mysterious stranger arrives in a village situated in the Thar desert and crosses paths with a veteran cop investigating a case of brutal killings.,anilkapoor harshvardhankapoor fatimasanashaikh satishkaushik jitendrajoshi,rajsinghchaudhary,revenge thriller
851783,Vikram Vedha,2022-09-30,2022,hi,"[28, 80, 53]",1.4932,6.7,45,"Vikram, an honest officer with the Lucknow police, is on a mission to find and eliminate gangster Vedha. However, when Vedha surrenders himself to the police and starts narrating stories to Vikram, it blurs the lines between good and evil. Vedha questions Vikram's righteousness while the latter believes he is fair and just. But is he?",saifalikhan hrithikroshan radhikaapte rohitsaraf yogitabihani,gayathri,remake based on movie
882826,An Action Hero,2022-12-02,2022,hi,"[28, 53, 35]",0.704,6.5,72,"At the age of just 30, Maanav at the peak of his acting career gets caught up in a murder accusation, which turns his own life into an eccentric action thriller as he flees the country, with a vengeful politician hot on his heels.",ayushmannkhurrana jaideepahlawat gautamjoglekar harshchhaya neerajmadhav,anirudhiyer,
956757,Cuttputlli,2022-09-02,2022,hi,"[80, 9648, 53]",1.2273,5.9,24,"When a small town gets plunged into the nightmare of serial killings, rookie cop Arjan embarks on a chase for the truth and unravels a gruesome conspiracy.",akshaykumar rakulpreetsingh sargunmehta chandrachursingh gurpreetghuggi,ranjittiwari,remake based on movie
1029827,Drishyam 2,2022-11-18,2022,hi,"[53, 18, 9648]",1.7519,8.015,102,"7 years after the case related to Vijay Salgaonkar and his family was closed, a series of unexpected events bring truth to light that threatens to change everything for the Salgaonkars. Can Vijay save his family this time?",ajaydevgn akshayekhanna tabu shriyasaran ishitadutta,abhishekpathak,based on movie suspenseful
908397,Mili,2022-11-04,2022,hi,[53],1.4953,6.4,17,"Mili Naudiyal, a nursing graduate is planning to move to Canada. She takes up a job at a food outlet for the time being but her sudden disappearance without a clue leaves her loved ones in a desperate search for her in this survival drama.",janhvikapoor manojpahwa sunnykaushal vikramkochhar seemapahwa,mathukuttyxavier,remake based on movie
715765,Bachchhan Paandey,2022-03-18,2022,hi,"[35, 28, 80]",1.1617,5.5,34,A budding director tries to research a merciless gangster for making a film on gangsterism. But her secret attempts to conduct the research fail when she gets caught for snooping.,akshaykumar kritisanon jacquelinefernandez arshadwarsi pankajtripathi,farhadsamji,
1052662,Love You Loktantra,2022-10-14,2022,hi,[],0.9542,0.0,0,"Political satire narrated in a tongue-in-cheek manner, commenting on current Indian politics with a touch of humor.",krishnaabhishek aliasgar sapnachoudhary manojjoshi ravikishan,abhaynihalani,
900783,The Kashmir Files,2022-03-11,2022,hi,"[36, 18]",1.2009,7.0,86,"Based on a true tragedy, the emotionally triggering film sheds light on the plight of Kashmiri Pandits (Hindus), a religious minority in the 1990s Kashmir valley, who were compelled to flee their homes by the Islamic militants.",mithunchakraborty anupamkher darshankumaar pallavijoshi chinmaymandlekar,vivekagnihotri,tragedy massacre brutality genocide kashmir factual kashmiri pandit mass execution
944410,Jalsa,2022-03-18,2022,hi,"[18, 53]",1.4204,6.2,26,"A hit and run of an 18-year-old girl becomes the hub of a wheel that sets into motion many a spoke - a journalist, a raging mother, a cop and a system all caught in an ethical dilemma. Questions are raised only to realize that the truth is rarely pure and never simple.",vidyabalan shefalishah rohinihattangadi vidhatribandi manavkaul,sureshtriveni,
682401,Ek Villain Returns,2022-07-29,2022,hi,"[28, 80, 53]",1.3701,6.1,131,"When a singer goes missing amid a serial killing spree, a cabbie and a businessman's son cross paths in a twisted tale where good and evil is blurred.",johnabraham arjunkapoor tarasutaria dishapatani j.d.chakravarthi,mohitsuri,sequel
799177,Bhediya,2022-11-25,2022,hi,"[27, 35]",1.3153,6.9,64,"Inspired by legendary folklore rooted in Arunachal Pradesh, Bhediya tells the story of Bhaskar, a man who gets bitten by a mythical wolf and begins to transform into the creature himself. As Bhaskar and his ragtag buddies try to find answers, he is worried that the monster in him will wipe out human existence in the local town.",varundhawan kritisanon abhishekbanerjee paalinkabak deepakdobriyal,amarkaushik,werewolf monster movie creature comedy maddock horror comedy universe (mhcu)
651534,Ladki: Dragon Girl,2022-07-15,2022,hi,[28],1.2154,6.6,7,"Heavily influenced by Bruce Lee’s wisdom and his martial art techniques, Pooja aspires to be like him. Will she be able to follow in his footsteps, or will she be forced to compromise her desire to lead a tranquil life like other girls?",poojabhalekar miyamuqi parthsuri dragonsektin-lung abhimanyusingh,ramgopalvarma,
1454520,The Master: Shyam Benegal,2022-10-13,2022,hi,[99],0.7547,4.0,1,"A personal portrait of director Shyam Benegal, made by his collaborator, Khalid Mohammed",shyambenegal shabanaazmi naseeruddinshah javedakhtar shamazaidi,khalidmohammed,
883125,Chup,2022-09-23,2022,hi,"[80, 53]",1.123,6.6,44,"A series of bizarre and disturbing murders rock the city of Mumbai. Film critics are being killed week after week with the release of every new film. Arvind Mathur, Head of Crime Branch Mumbai, is tasked with solving the case. With the help of Zenobia, a criminal psychologist, he tries to understand the mind of the killer to trap him.",dulquersalmaan sunnydeol shreyadhanwanthary poojabhatt saranyaponvannan,r.balki,satire slasher psychological thriller film critic
897525,A Thursday,2022-02-17,2022,hi,"[53, 80, 18]",0.9361,6.6,48,"When a kindergarten teacher takes her 16 students hostage and makes a set of demands, it not only rattles the Mumbai police and the city but also sends shockwaves through the country and its leaders as the motive behind the hostage situation is unearthed.",yamigautamdhar atulkulkarni nehadhupia dimplekapadia karanvirsharma,behzadkhambata,hostage situation hostages
1014386,Jogi,2022-09-16,2022,hi,"[80, 18]",1.0983,6.893,14,"Amid tension in 1980s India, three friends of different faiths unite in a noble yet dangerous effort to save hundreds in their town.",diljitdosanjh kumudmishra mohammedzeeshanayyub hitentejwani pareshpahuja,aliabbaszafar,
796207,Dobaaraa,2022-08-19,2022,hi,"[878, 9648, 53]",1.4038,5.2,27,"In the 1990s, during a wild thunderstorm night, 12-year-old Anay dies in a road accident shortly after he sees his next-door neighbor committing a crime. Twenty-five years later, in a strange turn of events, on an identical stormy night, Antara finds herself in front of a TV set through which she attempts to save Anay’s life but her good deed causes a disturbing chain of unexpected consequences.",taapseepannu pavailgulati aarriansawant rahulbhat saswatachatterjee,anuragkashyap,based on movie
1060899,Naam Tha Kanhaiyalal,2022-11-29,2022,hi,[99],0.8587,0.0,0,"A very spellbinding story about the reel and real life of great old thespian Kanhaiyalal and his bygone era when Indian Cinema was at a nascent stage. The story tells about his inspiring journey from a confused, gullible youth to a mesmerizingly spontaneous actor. It also unfurls the turbulent phases of Kanhaiyalal's life where there is excessive alcoholism and the mysterious death of his son.",amitabhbachchan bomanirani naseeruddinshah govinda anupamkher,pawankumar,
729700,Raksha Bandhan,2022-08-11,2022,hi,"[35, 18, 10751]",0.9694,6.1,25,"Lala Kedarnath is blessed with 4 sisters. But his only worry is to find suitable grooms for each of them, as only then can he marry his childhood love. To what lengths will he go to succeed?",akshaykumar bhumipednekar sadiakhateeb sahejmeenkaur smrithisrikanth,aanandl.rai,
978489,Sanwri - Love Beyond Gender,2022-06-01,2022,hi,"[10749, 18]",0.9014,10.0,1,"Bhanwar, a simpleton young man in the rural Rajasthan wants a bride for him but gets duped. Instead of a woman, he is married off to a transgender person – Sanwri.  Having no resort Bhanwar and his uncle decide to keep Sanwri for their household work but fearing the social ostracization they also try to keep her actual identity a secret. Bhanwar and Sanwri eventually fall in love and fight to survive as a couple in a conservative, oppressive society where marriages are meant to take place only between a man and a woman, and traditional norms are more important than humanity.",bhagwantiwari kanakgarg sarthaknarula girishpal pramod,pallaviroy,romance india social injustice lgbt social issues rajasthan lgbt rights
764081,Ram Setu,2022-10-25,2022,hi,"[28, 12, 18]",0.8968,5.1,32,An atheist archaeologist turned believer must race against time to prove the true existence of the legendary Ram Setu before evil forces destroy the pillar of India’s heritage.,akshaykumar jacquelinefernandez satyadevkancharana nushrrattbharuccha nassar,abhisheksharma,
821119,Jaadugar,2022-07-15,2022,hi,"[35, 18, 10749]",0.9872,6.3,30,A small-time magician with zero interest in football must lead his local team to the finals of a tournament if he wishes to marry the love of his life.,jitendrakumar arushisharma javedjaffrey manojjoshi rukshardhillon,sameersaxena,
817866,Goodbye,2022-10-07,2022,hi,"[18, 35, 10751]",0.8938,7.6,15,"After a mother's sudden death, chaos and grief collide when four adult siblings return to their traditional father's home for the funeral.",amitabhbachchan neenagupta rashmikamandanna pavailgulati abhishekhkhan,vikasbahl,
828901,Love Hostel,2022-02-25,2022,hi,"[80, 10749, 53]",0.7144,5.3,18,"Set against the pulsating backdrop of rustic North India, Love Hostel traces the volatile journey of star-crossed lovers, being hunted by a ruthless mercenary on the orders of the area's MLA, who also happens to be the girl's grandmother.",vikrantmassey sanyamalhotra bobbydeol rajarjun swaroopaghosh,shankerraman,
934878,Sherdil: The Pilibhit Saga,2022-06-24,2022,hi,[18],1.0425,5.8,3,"Inspired by the real events that took place in the Pilibhit Tiger Reserve where people used to leave their elderly family members for tigers to prey on, and then claim compensation from the administration, it is a story of Gangaram, a patriarch of a farmer family entrenched in poverty because of three consecutive failed monsoons. He enters the forests to adopt the infamous Tiger practice to give up his life so that his family can have two square meals, however, what follows next is a series of unprecedented events.",pankajtripathi sayanigupta neerajkabi masoodakhtar akshaykapoor,srijitmukherji,
848116,Rocky Aur Rani Kii Prem Kahaani,2023-07-28,2023,hi,"[35, 18, 10751, 10749]",126.8102,6.0,76,"Gym-freak brat Rocky falls in love with Rani, who comes from a well-educated Bengali family. Being from polar opposite worlds, the two decide to switch their families to adjust to each other's cultures and backgrounds and to know if their marriage will survive. Rocky and Rani are trapped in a world where they are united by love but divided by families and the ultimate question is will they fit in?",aliabhatt ranveersingh jayabachchan shabanaazmi dharmendra,karanjohar,musical nostalgia love interest nostalgic wealthy family
1135873,GGS - Ganteng-Ganteng Sange,2023-05-28,2023,hi,"[18, 10749]",7.9517,6.1,7,Kelas Bintang is back with this pack of drama called GGS - Ganteng-Ganteng Sange.,,,
781732,Animal,2023-12-01,2023,hi,"[28, 80, 18]",4.7102,6.1,178,The hardened son of a powerful industrialist returns home after years abroad and vows to take bloody revenge on those threatening his father's life.,ranbirkapoor rashmikamandanna anilkapoor bobbydeol triptiidimri,sandeepreddyvanga,fistfight shootout held at gunpoint machine gun hand to hand combat action hero father son conflict complex relationship
872906,Jawan,2023-09-07,2023,hi,"[28, 53]",4.358,7.1,315,"An emotional journey of a prison warden, driven by a personal vendetta while keeping up to a promise made years ago, recruits inmates to commit outrageous crimes that shed light on corruption and injustice, in an attempt to get even with his past,  and that leads him to an unexpected reunion.",shahrukhkhan nayanthara vijaysethupathi deepikapadukone sanjaydutt,atlee,revenge vigilantism political admiring
1163258,12th Fail,2023-08-11,2023,hi,[18],3.6117,7.9,225,"Based on the true story of IPS officer Manoj Kumar Sharma, 12th Fail sheds limelight on fearlessly embracing the idea of restarting the academic journey despite the setbacks and challenges and reclaiming one's destiny at a place where millions of students attempt the world's toughest competitive exam: UPSC.",vikrantmassey medhashankr anantjoshi anshumaanpushkar priyanshuchatterjee,vidhuvinodchopra,awestruck
1135847,Mimi Cucu Part 2,2023-05-06,2023,hi,"[18, 27, 10749]",4.8699,0.0,0,Kelas Bintang is back with this pack of drama called Mimi Cucu Part 2.,,,
864692,Pathaan,2023-01-25,2023,hi,"[28, 12, 53]",3.815,6.4,246,"A soldier caught by enemies and presumed dead comes back to complete his mission, accompanied by old companions and foes.",shahrukhkhan deepikapadukone johnabraham dimplekapadia ashutoshrana,siddharthanand,spy fake death spy thriller
734253,Adipurush,2023-06-16,2023,hi,"[28, 12, 14]",2.4143,4.7,104,"7000 years ago, Ayodhya's Prince Raghava and Prince Sesh along with the Mighty Vanar Warriors travels to the island of Lanka with an aim to rescue Raghava's wife Janaki, who has been abducted by Lankesh, the king of Lanka.",prabhas saifalikhan kritisanon sunnysingh devdattanage,omraut,"ramayana based on myths, legends or folklore cgi-live action hybrid"
611359,Tu Jhoothi Main Makkaar,2023-03-08,2023,hi,"[35, 10749, 10751]",2.1271,6.3,215,"To earn extra cash, Mickey helps couples break up — but life gets complicated when he falls for Tinni, a career woman with an independent streak.",ranbirkapoor shraddhakapoor anubhavsinghbassi dimplekapadia boneykapoor,luvranjan,romcom amused comforting
1142127,Bawaal,2023-07-21,2023,hi,"[18, 10749, 28, 36]",1.9258,6.5,32,"Ajay Dixit, an ordinary history teacher in a high school, enjoys mini celebrityhood in his town courtesy of the fake image he has built. He shares a strained relationship with his newly-wed wife. Circumstances force him to take a trip to Europe for the World War II trail accompanied by his wife. Will his relationship with his wife survive this trip? Will he manage to win the war within?",varundhawan janhvikapoor manojpahwa anjumansaxena prateekpachori,niteshtiwari,holocaust (shoah) world war ii
960876,Dunki,2023-12-21,2023,hi,"[12, 35, 18]",2.0629,6.3,106,"Four friends from a sleepy little village in Punjab share a common dream: to go to England. Their problem is that they have neither the visa nor the ticket. A soldier alights from a train one day, and their lives change. He gives them a soldier's promise: He will take them to the land of their dreams. What follows is a hilarious and heartwarming tale of a perilous journey through the desert and the sea, but most crucially through the hinterlands of their mind.",shahrukhkhan taapseepannu vikramkochhar anilgrover bomanirani,rajkumarhirani,affectation ambiguous
1136736,Lust Stories 2,2023-06-29,2023,hi,"[18, 10749]",1.4714,5.6,55,"Four eminent Indian directors explore sex, desire and love through short films in this sequel to 2018's Emmy-nominated 'Lust Stories'.",neenagupta mrunalthakur tamannaahbhatia kajol angadbedi,konkonasensharma,anthology love lust
720557,Tiger 3,2023-11-12,2023,hi,"[28, 12, 53]",1.6446,5.8,60,"Following the events of Tiger Zinda Hai, War, and Pathaan, Avinash Singh Rathore returns as Tiger but this time the battle is within. He has to choose between his country or family as an old enemy is after his life, who claims that his family was killed by Tiger. He holds Tiger captive in Pakistan as the Indian agent's loyalty towards his country faces its biggest test.",salmankhan katrinakaif emraanhashmi simran revathi,maneeshsharma,intense
965606,Bholaa,2023-03-30,2023,hi,"[28, 12, 80, 53]",2.4862,5.9,32,"An ex-convict must undertake a perilous, violent journey in order to meet his daughter after ten years of imprisonment.",ajaydevgn tabu deepakdobriyal amalapaul sanjaymishra,ajaydevgn,fight orphanage siege gore truck remake murder betrayal travel drug cartel police corruption drugs on the road police station one against many female police officer based on movie road movie bloodshed substance abuse gatling gun narcotics trident father daughter relationship brother brother relationship action adventure students 3d
950071,Jaane Jaan,2023-09-21,2023,hi,"[80, 53, 18]",2.1286,7.1,108,"When a single mother her teenage daughter becomes ensnared in a deadly crime,  find an unexpected ally in their neighbor, a simple, doting but genius teacher math teacher comes to aid, while a tenacious cop digs into the case.",kareenakapoorkhan jaideepahlawat vijayvarma naishakhanna saurabhsachdeva,sujoyghosh,based on novel or book
814215,Sam Bahadur,2023-12-01,2023,hi,"[18, 36, 10752]",1.6703,6.9,33,"Based on the life of Sam Manekshaw, who was the Chief of the Army Staff of the Indian Army during the Indo-Pakistani War of 1971, and the first Indian Army officer to be promoted to the rank of Field Marshal.",vickykaushal sanyamalhotra fatimasanashaikh mohammedzeeshanayyub edwardsonnenblick,meghnagulzar,1970s based on true story historical drama india pakistan war
1196317,Lakeerein,2023-11-03,2023,hi,[18],1.1453,0.0,0,"Lakeerein tells the powerful story of Kavya, who seeks justice against her husband for marital rape, a deeply troubling issue often overlooked due to societal misconceptions about consent in marriage.",tiabajpai ashutoshrana biditabag gauravchopra rajeshjais,durgeshpathak,justice marital rape courtroom drama
884434,Shehzada,2023-02-17,2023,hi,"[28, 35, 18, 10749]",1.4721,5.6,40,"Bantu has grown up suffering his father Valmiki’s vitriolic tongue until he discovers that he’s actually an heir to an influential family, who was exchanged at birth. He moves into their mansion to protect them from a criminal drug lord’s attack and helps the family sort their issues.",kartikaaryan kritisanon pareshrawal manishakoirala ronitroy,rohitdhawan,remake based on movie
1112552,Kennedy,2023-05-24,2023,hi,"[80, 53]",1.4523,6.4,10,"An insomniac former cop, Kennedy has been presumed dead for years. Yet, in secret, he continues to serve a corrupt system while seeking redemption. Halfway between thriller and film noir, Kennedy chronicles a violent and bloody vendetta in the dark streets of Mumbai. At the rate of the murders, Kennedy's character reveals itself more and more and sinks into a spiral that seems to have no way out.",rahulbhat sunnyleone mohittakalkar meghaburman haripriyamanishlodhia,anuragkashyap,
878926,Khufiya,2023-10-05,2023,hi,"[80, 53, 9648]",1.478,6.2,46,"When a mole in an intelligence unit leads to the murder of an undercover spy, a hardened agent relentlessly pursues him to avenge the death.",tabu alifazal wamiqagabbi ashishvidhyarthi atulkulkarni,vishalbhardwaj,based on novel or book based on true story spy thriller
966719,Kisi Ka Bhai... Kisi Ki Jaan,2023-04-21,2023,hi,"[10749, 28]",1.5999,5.1,31,"Bhaijaan, a self-defense trainer lives happily as a bachelor with his three brothers Moh, Ishq and Luv and uses violence to settle disputes. When his brothers, who’ve already found partners, come together to fix a match for him, Bhagya Lakshmi, Bhaijaan decides to mend his ways for his lover's sake. All hell breaks loose when he learns about Bhagya's family facing threats from their haunting past.",salmankhan poojahegde venkatesh jagapatibabu jassiegill,farhadsamji,
1063633,Haddi,2023-09-07,2023,hi,"[18, 80]",1.3276,5.2,8,"A transgender woman, Haddi, moves to Delhi to join a gang of transpeople and cross-dressers headed by an influential man. But is this move aspirational or driven by revenge?",nawazuddinsiddiqui anuragkashyap shreedhardubey saharshkumarshukla ilaarun,akshatajaysharma,gang lgbt transgender
1018228,Chor Nikal Ke Bhaga,2023-03-24,2023,hi,"[80, 53]",1.307,6.9,138,A flight attendant and her boyfriend must steal a cache of diamonds to clear an old debt — but the plan spins into a mayhem when the plane gets hijacked.,yamigautamdhar sunnykaushal sharadkelkar indraneilsengupta barunchanda,ajaysingh,heist airplane hijacking
1001241,Yaariyan 2,2023-10-20,2023,hi,"[10749, 18, 10751]",1.0885,4.4,7,"As three cousins embrace the warmth of a new city, they also face challenges that transform their lives.",divyakhossla yashdaasguptaa meezaanjafri pearlvpuri hirawarina,vinaysapru,remake
946025,Kathal,2023-05-19,2023,hi,"[35, 18]",1.2154,5.963,40,"When two prized jackfruits disappear from a politician's garden, a spirited cop's investigation takes an unexpected turn as she digs for the truth.",sanyamalhotra anantjoshi vijayraaz rajpalyadav nehasaraf,yashowardhanmishra,
1301795,ICU,2023-10-27,2023,hi,"[10751, 18]",1.0941,8.0,1,"After spending several years trying to distance herself from her childhood and her father, Kia is forced to return. Her father is in critical condition and could pass away at any second; her sister and her mother insist that her last words to him should be a fond goodbye. Kia has to decide what her last few words to her father will be.",sheebachaddha aahanakumra rytasharathore denzilsmith,nikhilchalam,short film
1185652,Darranchhoo,2023-10-13,2023,hi,[35],0.9864,0.0,0,,smritikalra karanpatel manojjoshi kiranbhargava saanandverma,bharatratan,
975533,The Archies,2023-12-07,2023,hi,"[35, 18, 10402, 10749]",1.202,5.7,62,"Set in 1960s India, Archie and the gang navigate romance, friendship and the future of Riverdale as developers threaten to destroy a beloved park.",agastyananda suhanakhan khushikapoor mihirahuja vedangraina,zoyaakhtar,musical based on comic india 1960s teenager
942411,Mrs.,2023-11-17,2023,hi,[18],0.9592,6.5,17,A newly wed finds herself in an overcooked and tasteless happily ever-after laced with patriarchal traditions.,sanyamalhotra nishantdahiya kanwaljitsingh aparnaghoshal mrinalkulkarni,aratikadav,housewife patriarchy remake based on movie bad marriage
763118,Ganapath,2023-10-20,2023,hi,"[28, 53]",1.0132,3.3,9,"In a dystopian future, Ganapath, a relentless and skilled vigilante, embarks on a mission to dismantle a powerful criminal empire that has gripped the city in fear. Ganapath becomes a symbol of hope for the oppressed in which leads dark.",tigershroff kritisanon amitabhbachchan rahman elliavram,vikasbahl,
1141868,Tante Siska,2023-06-02,2023,hi,"[18, 10749]",1.0699,0.0,0,,,,
1099930,Ouch 2,2023-03-13,2023,hi,[18],0.8434,0.0,0,A comical story of an unfaithful man who believes he is the smartest of all.,sharmanjoshi shefalijariwala nidhibisht,vaibhavmutha,short film
986594,Mrs. Chatterjee Vs Norway,2023-03-16,2023,hi,"[18, 53]",1.2528,5.7,65,An immigrant Indian mother fights the Norwegian foster care system and legal machinery to win back custody of her children.,ranimukerji jimsarbh bodhisattvamazumdar saswatiguhathakurta soumyamukherjee,ashimachibber,bias hidden agenda fake news fictionalized history
926130,Selfiee,2023-02-24,2023,hi,"[35, 18]",1.2789,6.0,23,"RTO officer Om Prakash strikes a golden opportunity to meet his icon, Vijay Kumar. Bhut when his love gets spurned by the superstar, a clash of egos ensues.",akshaykumar emraanhashmi nushrrattbharuccha dianapenty maheshthakur,rajmehta,remake movie star superstar based on movie male egos
1321937,Chal Zindagi,2023-05-26,2023,hi,"[12, 18]",0.9081,0.0,0,"Strangers Sana ,Sahil, Sada and Rana go on a bike trip to Leh, Ladakh with different objectives. Through their journey, their perceptions of life change and leave a deep impact on them",shannonk sanjaymishra vivekdahiya mitavashisht vivaansharma,viveksharma,
1125221,Chatrapathi,2023-05-12,2023,hi,"[28, 18]",1.1894,5.0,2,"When Shivaji and his family and the entire community of his village are one day forced to leave Pakistan, he is separated from his beloved mother, who once adopted him, while fleeing to India. Having grown into a respectable and feared man a few years later, Shivaji now sets out in search of his next of kin. But he also stands up for the rights of his people who are forced into forced labor by an exploiter and devotes his whole life to this task, which is why he is henceforth referred to as 'Chatrapathi'.",bellamkondasrinivas nushrrattbharuccha sharadkelkar bhagyashree freddydaruwala,v.v.vinayak,
1189126,Kofuku,2023-10-09,2023,hi,[],0.8597,0.0,0,Sadaf meets a stranger in a Café in Mussoorie who insists that he would show her around. What lay ahead is a rendezvous that changed Sadaf's perspective on her life.,jatinsarna adahsharma,sumitsureshkumar,
1131409,Mission Raniganj,2023-10-06,2023,hi,"[18, 28, 53]",1.0487,6.2,18,"A real-life story of additional chief mining engineer Jaswant Singh Gill who helped in the rescue of people when a coal mine in Raniganj, West Bengal, was flooded. The incident dates back to 1989.",akshaykumar parineetichopra kumudmishra dibyendubhattacharya pavanmalhotra,tinusureshdesai,
864573,Kuttey,2023-01-13,2023,hi,"[35, 80, 53]",1.0501,5.8,21,"A van carrying crores of cash. One rainy night in the outskirts of Mumbai. Unaware of each other, three stray gangs cross paths on the hunt. Unfortunately, all of them have the same plan. Bullets... Blood... Betrayal... It’s every man for himself... All the dogs after one bone. Will these dogs bite the bone, or will they lose to greed?",arjunkapoor tabu kumudmishra radhikkamadan shardulbhardwaj,aasmaanbhardwaj,dark comedy caper
888710,OMG 2,2023-08-11,2023,hi,"[35, 18]",1.019,7.3,70,"Life is bliss until one day Kanti Sharan Mudgal’s son Vivek is blamed for immoral conduct and expelled from school. Overwhelmed, Kanti plans to leave town until a divine intervention leads him to seek justice by taking those responsible to court.",pankajtripathi akshaykumar yamigautamdhar pavanmalhotra arungovil,amitrai,controversy sex education sequel hindu mythology dramedy film censorship religious satire
1160018,Kill,2024-07-03,2024,hi,"[28, 80, 53, 18]",4.4001,7.12,471,"When an army commando finds out his true love is engaged against her will, he boards a New Dehli-bound train in a daring quest to derail the arranged marriage. But when a gang of knife-wielding thieves begin to terrorize innocent passengers on his train, the commando takes them on, one by one.",lakshyalalwani raghavjuyal tanyamaniktala ashishvidhyarthi abhishekchauhan,nikhilnageshbhat,train one man army relationship train robbery aggressive action hero high octane
784651,Fighter,2024-01-24,2024,hi,"[28, 18]",3.7175,6.2,153,"As India faces a militant attack in Kashmir, the country’s best combat aviators join forces under a reckless yet brilliant squadron leader to form 'Air Dragons', faces mortal dangers and their inner demons.",hrithikroshan deepikapadukone anilkapoor karansinghgrover sanjeedasheikh,siddharthanand,helicopter airplane fighter pilot helicopter pilot kashmir conflict behind enemy lines jet fighter pilot military retaliation armed conflict kashmir fighter pilots india pakistan border military aviation military pilots islamic terrorism amused indian air force india pakistan conflict
1014214,Singham Again,2024-11-01,2024,hi,"[28, 18, 53, 80]",2.9394,5.0,37,The cop universe expands with newer additions while the old ones return led by Bajirao Singham. Singham Again interweaves the mythological epic Ramayana's good vs evil narrative when his wife Avni Kamath gets abducted by Danger Lanka setting Bajirao and his gang of Sangram Bhalerao and Veer Sooryavanshi along with Satya and Shakti Shetty on a mission to rescue her.,ajaydevgn akshaykumar ranveersingh tigershroff kareenakapoorkhan,rohitshetty,singham 3 rohit shetthy universe
1108828,Girls Will Be Girls,2024-08-21,2024,hi,"[18, 10749]",2.5648,7.0,43,"In a strict boarding school nestled in the Himalayas, 16-year-old Mira discovers desire and romance. But her sexual, rebellious awakening is disrupted by her mother who never got to come of age herself.",preetipanigrahi kanikusruti kesavbinoykiron kajolchugh nandiniverma,shuchitalati,coming of age woman director female writer
1045931,Crew,2024-03-29,2024,hi,[35],2.3797,6.8,70,Three ordinary air hostesses from Mumbai embark on a journey to pursue their dreams but find themselves caught up in unexpected misfortunes.,tabu kareenakapoorkhan kritisanon diljitdosanjh rajeshsharma,rajeshkrishnan,heist comedy thriller cabin crew
1233531,Article 370,2024-02-23,2024,hi,"[28, 53, 18]",1.823,7.0,40,"Ahead of a major constitutional decision which rendered the Article 370 of the Indian state ineffective, special agent Zooni Haksar is tasked with a secret mission to quell violence in the conflict-ridden region.",yamigautamdhar priyamani skandthakur vaibhavtatwawadi sumitkaul,adityasuhasjambhale,
1020951,Chandu Champion,2024-06-14,2024,hi,[18],1.9834,7.2,31,"9 bullet wounds (one still in the body), three different sports and an unshakable determination to fulfill the dream of an Olympic Gold later, Muralikant Petkar, India's first Paralympian to finish at the top of the podium, got the recognition by his own country 45 years after he achieved what no athlete from his country could.",kartikaaryan vijayraaz bhuvanarora rajpalyadav yashpalsharma,kabirkhan,sports paralympics biography based on true story battlefield soldier swimming military disability boxing paralympic games athlete sports drama based on real person sport
1163194,Lost Ladies,2024-03-01,2024,hi,"[35, 18, 10749]",1.9813,7.8,139,"In 2001, somewhere in rural India, two young brides get accidentally swapped on a train. In the ensuing chaos, they both encounter a host of colourful characters, resulting in hilarious and unexpected consequences.",nitanshigoel pratibharanta sparshshrivastava ravikishan chhayakadam,kiranrao,bride rural india adventure
901315,Mr. & Mrs. Mahi,2024-05-31,2024,hi,"[18, 10749]",1.548,5.9,15,"Poles apart, Mahima and Mahendra find a unifying force in the form of cricket. While one Mahi (Mahendra) is grappling to come to terms with his dream of playing for India getting shattered, he wants to live it through the other Mahi (Mahima.) Mahima is a doctor but Mahendra hasn't seen anyone play like her. Will the clash of dreams unite Mr. and Mrs. Mahi or create boundaries for life?",rajkummarrao janhvikapoor kumudmishra rajeshsharma zarinawahab,sharansharma,sports cricket
1184889,Jigra,2024-10-10,2024,hi,"[28, 18, 53]",1.6098,6.0,64,"When Ankur is wrongfully imprisoned and sentenced to death in a foreign country, his steely sister Satya is driven by a lethal resolve to break him free.",aliabhatt vedangraina manojpahwa vivekgomber akashdeepsabir,vasanbala,depressing
1112426,Stree 2,2024-08-15,2024,hi,"[27, 35]",1.8433,6.6,88,"Following the events of 'Stree', the town of Chanderi is being haunted again. This time, women are mysteriously abducted by a terrifying headless entity. Once again, it's up to Vicky and friends to save their town and loved ones.",rajkummarrao shraddhakapoor aparshaktikhurana abhishekbanerjee pankajtripathi,amarkaushik,suspenseful maddock horror comedy universe (mhcu)
1187058,Munjya,2024-06-07,2024,hi,"[35, 27]",1.9484,6.1,37,"A young man's visit to his native village unveils a family secret and a vengeful spirit, Munjya, who wants to get married. Now the young man must fight to protect himself and his love from Munjya's clutches leading to a humorously chaotic and terrifying adventure.",abhayverma sharvari ayushulagadde monasingh suhasjoshi,adityasarpotdar,ghost horror maddock horror comedy universe (mhcu)
1380003,Body,2024-12-14,2024,hi,[18],1.1025,0.0,0,"In the post covid world, Manoj, a young, struggling actor, is trying to cope with his personal trauma. On a village trip with his theatre peers he gets brutally bullied in the name of drunken fun. His friends leave him. He tries to find his way out of the village, battling shame and fear, without a stitch on. He comes back to Mumbai and starts stripping in public spaces. His life starts fragmenting to pieces. In his almost dysfunctional state he makes friends with a little boy living in the opposite apartment and finds that he is regularly abused by his father. This discovery sets him off on a complex journey of uncertainty and intrigue.",amoldeshmukh khushbooupadhyay sandeepshridhardhabale shivamparekh jatinnegi,abhijitmazumdar,
1083241,Baby John,2024-12-25,2024,hi,"[28, 18, 53, 80]",1.6333,5.9,23,"John's peaceful life with daughter Khushi is disrupted by a sex-trafficking gang. Revealing his past as DCP Satya, he seeks revenge for his family's murder, saving minor girls and punishing the criminals, before starting anew.",varundhawan keerthysuresh wamiqagabbi rajpalyadav sheebachaddha,kalees,remake based on movie
899718,Yodha,2024-03-15,2024,hi,"[28, 53]",1.1697,6.6,30,"When terrorists hijack a passenger plane, a suspended commando onboard under mysterious circumstances, crafts a plan to thwart the hijackers and safeguard the passengers' survival despite the engine's failure.",sidharthmalhotra raashiikhanna dishapatani sunnyhinduja tanujvirwani,pushkarojha,
1263031,I Want to Talk,2024-11-22,2024,hi,"[18, 10751]",1.5642,6.8,6,"'Sometimes life gives us a second chance,' and for Arjun settled in the USA in pursuit of The American Dream, it's an opportunity to rediscover and embrace precious relationships, especially with his daughter as they both try to navigate through whatever life throws at them. Whatever!",abhishekbachchan ahilyabamroo pearledey jayantkripalani kristingoddard,shoojitsircar,
1213712,Vicky Vidya Ka Woh Wala Video,2024-10-10,2024,hi,[35],1.6546,4.9,13,"Vicky and Vidya, newly married, decide to record a video of their first night together as a keepsake for the future. However, their plan goes awry when the CD with the video gets stolen. What follows is a chaotic and comedic journey as the couple scrambles to retrieve it before things spiral out of control.",rajkummarrao triptiidimri vijayraaz mallikasherawat tikutalsania,raajshaandilyaa,sex tape
1110390,Teri Baaton Mein Aisa Uljha Jiya,2024-02-09,2024,hi,"[10749, 35, 878]",1.9379,5.8,51,A robotics engineer searching for his perfect partner finds himself falling in love with a human-like android.,shahidkapoor kritisanon dimplekapadia dharmendra ashishverma,aradhanasah,romcom robotics romantic misunderstanding human android relationship human robot
1352958,Blind Spot,2024-10-22,2024,hi,[18],1.0844,0.0,0,"An 11-year-old boy with poor vision must confront more than his physical limitations when a school conflict forces him to make a difficult decision. Set against the backdrop of 1992 amidst India's rising sociopolitical tensions, Supriyo's journey boldly explores the emotional and societal blind spots around him.",konkonasensharma ayankhan kabirshah shafeenpatel,nitinbaid,
1187619,Shaitaan,2024-03-08,2024,hi,"[53, 27]",1.6446,6.2,84,"Kabir and his family's fun weekend retreat takes terrifying turn when an intruder takes over the control of the  body of his teenage daughter, putting her at the mercy of his increasingly sinister orders.",ajaydevgn r.madhavan jankibodiwala jyothika anngadraaj,vikasbahl,black magic remake absurd shaitaan universe
1320404,Ek Kori Prem Katha,2024-04-05,2024,hi,[18],1.1077,0.0,0,"Sabhyata, who falls in love with the village pradhaan's son, must decide how she will fight the ceremonial ritual of Kori in order to have a happy and respectful married life.",akshayoberoi poonamdhillon darshanjariwala sarahlockett,,
825685,No Means No,2024-03-22,2024,hi,"[10749, 18, 53]",0.9812,0.0,0,"No Means No is a cross-genre action-packed, teenage musical love story, a courtroom drama that's more like the thrill of a roller-coaster ride as each twist and turn begins to unravel to reach a conclusion that calls out for justice.",dhruvverma gulshangrover deeprajrana neetuchandra sharads.kapoor,vikashverma,india poland skiing interfaith love
936622,Bade Miyan Chote Miyan,2024-04-11,2024,hi,[28],1.5065,6.3,48,Two elite soldiers with troubled pasts are enlisted for a daring mission when a deadly masked madman threatens India's defenses.,akshaykumar tigershroff sonakshisinha manushichhillar alayaf,aliabbaszafar,
1356246,Beinteha,2024-09-13,2024,hi,[18],0.9665,0.0,0,"A Musical Love Story That Redefines Passion and Emotion!  Prateik Babbar and Elli AvrRam bring to life a heart-stirring romance, intertwined with unexpected twists.",prateiksmitapatil elliavram veeraryan,arifkhan,
918785,Jab Khuli Kitaab,2024-11-26,2024,hi,"[35, 18, 10751]",0.9511,10.0,1,"When Anusuya confesses to her husband, Gopal, that she cheated on him with another man a few months into their five decade-long marriage, all hell breaks loose. Angry and hurt, Gopal decides to seek divorce while he struggles to keep the rest of the family oblivious to his and Anusuya’s blistering secret. What follows is an impassioned, often hilarious deep-dive into the lives of Gopal and Anusuya while they manoeuvre the rocky roads of their relationship, rediscovering the meaning of love and togetherness.",pankajkapur dimplekapadia aparshaktikhurana manasiparekh samirsoni,saurabhshukla,infidelity based on play or musical
1372059,Ghamasaan,2024-10-18,2024,hi,"[53, 28]",0.9602,0.0,0,"A cat-and-mouse tale set in the Hindi heartland, where male friendships and rivalries unveil homoerotic tensions. Men on both sides of the law traverse arid lands, creating a sense of place where unexplored histories reside.",pratikgandhi arshadwarsi ishitadutta rajpalyadav jatingoswami,tigmanshudhulia,
1148172,Do Patti,2024-10-24,2024,hi,"[53, 18]",1.5165,6.9,58,A puzzling investigation leads a no-nonsense cop down a dark path involving the vicious rivalry between twin sisters and the volatile man they both love.,kritisanon kajol shaheersheikh tanviazmi brijendrakala,shashankachaturvedi,twins thriller
1093971,Srikanth,2024-05-10,2024,hi,[18],1.1998,7.6,25,"In a world with odds stacked against him in every step of the way, Srikanth defies norms, blazing a trail from rural India to becoming the first visually impaired student at MIT. As he builds Bollant Industries, his success brings challenges for which he would not only chase personal dreams but safeguard a shared future for the ones just like him. This is the tale of an entrepreneur's triumph and sacrifice, both which he welcomed with open arms and a smile.",rajkummarrao jyothika alayaf sharadkelkar anushanuthula,tusharhiranandani,
984101,Bad Newz,2024-07-19,2024,hi,"[35, 10749, 18]",1.4494,5.0,25,"After a whirlwind marriage with social media influencer Akhil Chadha that ends in divorce, chef Saloni Bagga meets hotelier Gurbir Pannu. One night with Gurbir – and then also with Akhil – leads to Saloni getting pregnant. But who's the father? By a one-in-a-billion twist of fate, Saloni is carrying twins – and not just any twins, each child has a different father!",vickykaushal triptiidimri ammyvirk nehadhupia sheebachaddha,anandtiwari,hotel love triangle romcom overbearing mother social media influencer unexpected pregnancy melodrama female chef romantic dramedy interfaith romance
1196940,Ruslaan,2024-04-26,2024,hi,[28],1.316,5.0,2,"The unstoppable force Ruslaan is coming to break free of the chains of conformity. With his gun and guitar, he's about to create a symphony of rebellion like no other.",aayushsharma sushriishreyamishraa jagapatibabu vidyamalvade jaswindergardner,karanlalitbutani,
1086725,Tees,2024-11-07,2024,hi,"[18, 878]",0.9292,0.0,0,"Spanning across 90 years, follow a middle-class Muslim family across three generations.  2042. Six months after his manuscript titled Tees (30) is rejected for publication by the Literature and Arts Commission, Anhad Draboo, a young freelance prostitute, meets Niharika, a “reader” from the Commission – who has been searching for Anhad ever since she read his manuscript.  2018. Zia Draboo, a corporate lawyer living in Mumbai and all set to buy the flat she has been renting with her partner Meera, finds out she cannot buy it because of the Housing Society’s resistance to her name.  1989-90. Ayesha, a housebound State Radio newsreader in Srinagar, Kashmir, reaches out to her childhood friend Usha to solicit help from her husband – a government official. She needs it for her own husband, Ghulam Muhammad, who faces bankruptcy and ruin amongst rising unrest in the city.",naseeruddinshah humaqureshi manishakoirala kalkikoechlin neerajkabi,dibakarbanerjee,cyberpunk political drama
1275462,Irani Chai,2024-12-14,2024,hi,"[18, 53]",1.0646,0.0,0,"An Iranian woman is visited by men each night, each confiding a story in her. She links these stories to reach a treasure.",zeishanquadri ananthnarayanmahadevan zakirhussain govindnamdeo akhilendramishra,manojsrivastava,
1252470,Sikandar Ka Muqaddar,2024-11-29,2024,hi,"[53, 80, 9648, 28]",1.2957,5.6,54,"After an unsolved diamond heist, a hard-nosed cop’s pursuit of his key suspect turns into obsession, until they finally face each other — and the truth.",jimmyshergill avinashtiwary tamannaahbhatia divyadutta rajeevmehta,neerajpandey,
1222306,Saali Mohabbat,2024-11-22,2024,hi,[18],1.0333,4.7,3,"A small-town housewife, Smita, is devastated to find her husband and cousin dead. What happens when the local cop, Ratan, suspects her to be the one behind their murder?",radhikaapte divyendusharma anuragkashyap anshumaanpushkar saurasenimaitra,tiscachopra,
980599,Bhool Bhulaiyaa 3,2024-11-01,2024,hi,"[27, 35]",1.3941,5.4,37,"Rooh Baba ventures into a haunted mansion in the kingdom of Raktaghat in West Bengal, where he confronts two vengeful spirits, both asserting to be Manjulika.",kartikaaryan vidyabalan madhuridixit triptiidimri vijayraaz,aneesbazmee,haunted house sequel vengeful spirit west bengal
1148486,Vedaa,2024-08-15,2024,hi,"[28, 18, 53]",1.1707,5.8,19,A court-marshalled soldier with a traumatic past helps a young girl from 'lower' caste and an aspiring boxer work towards her dreams despite her hostile environment.,johnabraham sharvari abhishekbanerjee ashishvidhyarthi kshitijchauhan,nikkhiladvani,caste system caste violence action thriller
1227136,Bhakshak,2024-02-08,2024,hi,"[18, 80]",1.1748,7.4,35,A struggling local journalist begins a dogged investigation into harrowing cases of abuse being covered up at a shelter for young girls.,chittaranjantripathy durgeshkumar satyakamanand vibhachibber pravinkumarsisodia,pulkit,child abuse sexual abuse corruption investigative journalism investigative journalist child sexual abuse
1051023,Murder Mubarak,2024-03-15,2024,hi,"[35, 80, 53]",0.9591,6.3,54,"When a gym trainer is murdered at an elite Delhi club, a wily investigator unravels the sordid secrets of its ultrarich members to find the killer.",pankajtripathi saraalikhan vijayvarma tiscachopra sanjaykapoor,homiadajania,based on novel or book mysterious killer murder mystery idle rich mystery killings
967344,Sarfira,2024-07-12,2024,hi,[18],1.0513,6.2,10,"A young man from a remote village dreams of launching his own airline service. However, he must overcome several obstacles and challenges in order to be successful in his quest.",akshaykumar radhikkamadan pareshrawal r.sarathkumar seemabiswas,sudhakongaraprasad,remake based on movie
890116,Merry Christmas,2024-01-12,2024,hi,"[18, 9648, 53]",1.257,6.8,52,A Christmas Eve encounter between two enigmatic strangers sparks a poignant connection - but a dark turn of events threatens to expose their murky past.,katrinakaif vijaysethupathi radhikaapte sanjaykapoor vinaypathak,sriramraghavan,based on novel or book christmas spirit neo-noir bilingual
1291608,Dhurandhar,2025-12-05,2025,hi,"[28, 80, 53]",64.1259,7.0,225,"A mysterious traveler slips into the heart of Karachi's underbelly and rises through its ranks with lethal precision, only to tear the notorious ISI-Underworld nexus apart from within.",ranveersingh akshayekhanna r.madhavan arjunrampal sanjaydutt,adityadhar,asia patriotism nationalism controversy gore pakistan torture terrorism india terrorist attack gun violence bloodshed political corruption 1990s spy thriller indian racial discrimination 2000s serious thriller intense action chase scene cruel excited
1109086,War 2,2025-08-13,2025,hi,"[28, 12, 53]",5.0111,5.8,58,"Years ago Agent Kabir went rogue, became India’s greatest villain ever.  As he descends further into the deepest shadows... India sends its deadliest, most lethal agent after him, Agent Vikram  A Special Units Officer who is more than Kabir’s equal and a relentless Terminator driven by his own demons, determined to put a bullet into Kabir’s skull.",n.t.ramaraojr. hrithikroshan kiaraadvani ashutoshrana anilkapoor,ayanmukerji,
1227128,Raid 2,2025-05-01,2025,hi,"[80, 18, 53]",4.715,6.4,44,"Set seven years after the events of the first film, it follows the return of IRS officer Amay Patnaik, who is attempting to take down a seemingly benevolent politician.",ajaydevgn riteishdeshmukh vaanikapoor saurabhshukla rajatkapoor,rajkumargupta,sequel political corruption
1241634,Saiyaara,2025-07-18,2025,hi,"[10749, 18, 10402]",3.8557,6.43,135,"Two artistic souls find harmony through music despite their contrasting worlds. As feelings deepen, age and circumstances challenge their undeniable bond.",ahaanpanday aneetpadda alamkhan rajeshkumar geetaagrawalsharma,mohitsuri,romantic romance musical young adult romance
1190511,Sitaare Zameen Par,2025-06-20,2025,hi,"[35, 18]",5.2416,7.1,41,A disgraced basketball coach is given the chance to coach a team of players who are intellectually disabled as part of community services. Gulshan has apprehensions at first and feels out of place but soon realizes they just might have what it takes to make it to the national championships.,aamirkhan geneliad'souza dollyahluwalia brijendrakala happyranajit,r.s.prasanna,basketball remake based on movie intellectual disability sports drama family sports drama sports comedy
1195430,Deva,2025-01-31,2025,hi,"[28, 53, 9648, 80]",3.4312,6.0,59,"Dev Ambre, a ruthless cop, loses his memory in an accident just after he has finished solving a murder case and now has to reinvestigate it while keeping his memory loss a secret from everyone except DCP Farhan Khan.",shahidkapoor poojahegde pavailgulati pravesshrana girishkulkarni,rosshanandrrews,remake based on movie
1257960,Sikandar,2025-03-29,2025,hi,"[28, 18]",3.807,5.0,66,A tragic accident pushes the powerful Sikandar to protect the less fortunate by standing up to corruption and greed — using any means necessary.,salmankhan rashmikamandanna sathyaraj sharmanjoshi prateiksmitapatil,a.r.murugadoss,
1196943,Chhaava,2025-02-14,2025,hi,"[36, 28, 18]",3.9776,6.9,50,"Shivaji's death sparks the Maratha-Mughal conflict. His son Sambhaji leads resistance against Aurangzeb's forces. Amid battles and intrigue, both sides face challenges in a struggle for power.",vickykaushal rashmikamandanna akshayekhanna ashutoshrana divyadutta,laxmanutekar,biography historical drama 17th century historical epic
1196364,Thamma,2025-10-21,2025,hi,"[35, 27]",3.4868,6.5,43,"Two destined lovers battle supernatural forces, family ties, and nature itself to defend their forbidden romance in a mystical world where ancient powers and prophecies threaten to keep them apart.",ayushmannkhurrana rashmikamandanna nawazuddinsiddiqui pareshrawal faisalmalik,adityasarpotdar,maddock horror comedy universe (mhcu)
1306845,Jaat,2025-04-10,2025,hi,"[80, 28, 53]",3.3291,6.2,30,"A mysterious stranger journeys to a remote town controlled by a callous crime lord, with one violent mission — restoring justice to its people.",sunnydeol randeephooda saiyamikher reginacassandra vineetkumarsingh,gopichandmalineni,
1415974,Raat Akeli Hai - The Bansal Murders,2025-12-18,2025,hi,"[53, 9648, 80, 18]",3.5164,6.0,21,"When members of the Bansal family are found murdered, Inspector Jatil Yadav uncovers a trail of greed, betrayal and secrets tied to a deadly conspiracy.",nawazuddinsiddiqui radhikaapte chitrangadasingh rajatkapoor revathi,honeytrehan,
1201012,Dhoom Dhaam,2025-02-13,2025,hi,[35],2.8146,6.8,71,"On their wedding night, an oddball couple is thrust into a chaotic chase, dodging goons and cops in a frenzied hunt for the mysterious ""Charlie.""",yamigautamdhar pratikgandhi eijazkhan pavitrasarkar mukulchadda,rishabseth,
1227739,Homebound,2025-09-26,2025,hi,[18],2.7492,7.6,46,"Two childhood friends from a small North Indian village chase a police job that promises them the dignity they’ve long been denied. But as they inch closer to their dream, mounting desperation threatens the bond that holds them together.",ishaankhatter vishaljethwa janhvikapoor shalinivatsa pankajdubey,neerajghaywan,
1059007,Agra,2025-11-14,2025,hi,[18],2.3509,5.0,1,The story of a family and an exploration of space in an increasingly crowded world. It follows the quest for a sexual odyssey of an individual.,priyankabose rahulroy vibhachibber mohitagarwal aanchalgoswami,kanubehl,sexuality urban life sexual repression horny interpersonal relationships indian family personal space
1225915,Jewel Thief - The Heist Begins,2025-04-24,2025,hi,"[28, 53]",2.4151,6.7,85,"In this high-octane battle of wits and wills, ingenious con artist Rehan devises a diamond heist while trying to outsmart Rajan, his sadistic adversary.",saifalikhan jaideepahlawat nikitadutta kunalkapoor kulbhushankharbanda,robbygrewal,audacious
1147546,The Diplomat,2025-03-07,2025,hi,"[53, 18]",2.6036,6.6,37,"The Deputy High Commissioner, J.P. Singh, faces an unusual crisis when a mysterious woman rushes inside the Indian High Commission in Islamabad, claiming forced marriage in Pakistan and seeking a return to India.",johnabraham sadiakhateeb kumudmishra sharibhashmi ashwathbhatt,shivamnair,based on true story pakistan sexual violence sex trafficking forced marriage
1604783,Mission Muh Dikhayi,2025-08-30,2025,hi,"[10751, 35, 18]",2.8184,0.0,0,"Mission Muh Dikhayi follows Anjana, a modern woman who marries Devesh, an engineer from Delhi. Two days later, the Muh Dikhayi ritual ignites culture clash, emotional conflict, and a struggle between modern values and tradition.",kushaldubey mugdhaagarwal dhananjaysharma sudhanshusharma ashutoshtrivedi,suryanshthakur,
1561969,Baramulla,2025-11-06,2025,hi,[27],2.1138,5.7,43,A cop's inquiry into child kidnappings unravels chilling secrets as supernatural events endanger his family and the peaceful town of Baramulla.,manavkaul bhashasumbli aristamehta rohaansingh neelofarhamid,adityasuhasjambhale,
1389158,Maa,2025-06-20,2025,hi,[27],2.3628,6.8,57,A mother and daughter encounter a demon in a village where girls have been disappearing.,kajol ronitroy indraneilsengupta jitingulati kherinsharma,vishalfuria,female protagonist folk horror supernatural horror mother and daughter feminist horror shaitaan universe
1146210,Housefull 5,2025-06-05,2025,hi,"[35, 9648, 53]",2.9097,5.388,40,"A father writes his will — his son ""Jolly"" is going to get it all. But who is Jolly? The comedy unfolds as different people pose as the ""real"" Jolly on a cruise celebrating the father's birthday — where a murder takes place.",akshaykumar abhishekbachchan riteishdeshmukh jacquelinefernandez sonambajwa,tarunmansukhani,sequel cruise ship murder mystery comedy of errors party joyful
1015981,Jolly LLB 3,2025-09-19,2025,hi,"[18, 35]",2.1053,6.344,32,"The third part of the Jolly LLB trilogy brings back Jagdish Tyagi and Jagdishwar Mishra for the biggest face-off as penurious widow Janki Devi Solanki awaits justice against business tycoon Haribhai Khaitan in a satire on the judiciary, justice and the gulf between the privileged and the people on the other side of the spectrum.",akshaykumar arshadwarsi saurabhshukla gajrajrao amritarao,subhashkapoor,playful dramatic
758923,Baaghi 4,2025-09-05,2025,hi,"[28, 10749, 53]",1.5914,3.8,16,"After waking up from a coma, a grieving man sets out to uncover the truth about his missing girlfriend.",tigershroff sanjaydutt harnaazkaursandhu sonambajwa shreyastalpade,a.harsha,
1291198,55,2025-07-31,2025,hi,[53],1.5967,9.0,5,"An organized pick pocketing gang names their members after numbers.  55, an orphan teenage pickpocket working in the streets of Mumbai, embarks on a life-alerting journey when he’s being confronted by the daughter of one of his victims.",emraanhashmi,shyammadiraju,pickpocket orphan gang member mumbai
1417941,Haq,2025-11-07,2025,hi,[18],2.0347,7.5,24,"In 1980s India, Shazia Bano takes her husband to court after he abandons her and their children, sparking a national battle over faith, women’s rights, and justice.",yamigautamdhar emraanhashmi vartikasingh sheebachaddha danishhusain,suparnverma,based on novel or book
955496,Fateh,2025-01-10,2025,hi,"[28, 80, 53]",2.1098,5.8,15,"Ex-Special Ops officer Fateh Singh springs back to action when a girl falls prey to a cybercrime syndicate. Racing against time, can he bring down the mafia?",sonusood jacquelinefernandez naseeruddinshah vijayraaz shivjyotirajput,sonusood,
1143407,Sky Force,2025-01-24,2025,hi,"[28, 53, 10752, 36]",1.9233,6.6,43,"In the 1965 Indo-Pak War, India faces a devastating surprise attack. Wing Commander Ahuja leads a retaliatory strike, but Squadron Leader Vijaya goes missing after a heroic solo engagement against a superior enemy jet. Ahuja spends 23 years seeking the truth and uncovering a cover-up.",veerpahariya akshaykumar nimratkaur saraalikhan sharadkelkar,sandeepkewlani,based on true story historical epic indian air force pakistani air force
1407523,Tu Meri Main Tera Main Tera Tu Meri,2025-12-24,2025,hi,"[10749, 35]",2.3344,4.3,11,"When a carefree NRI wedding planner and a headstrong novelist collide during a wild summer in Croatia, sparks fly in ways neither expected. What begins as playful clashes soon transforms into something deeper – only to be tested when love, family, and tradition pull them in opposite directions.",kartikaaryan ananyapanday neenagupta jackieshroff chandnibhabhda,sameervidwans,
942058,Tehran,2025-08-14,2025,hi,"[28, 53]",2.2724,6.1,15,"On 13th February 2012, a magnetic bomb exploded, destroying an Israeli embassy vehicle in Delhi. ACP Rajeev Kumar, leading the investigation, suspects more than what meets the eye. Amid political pressure and suspicions of an Iranian connection, he embarks on a perilous journey to uncover the truth, facing formidable adversaries.",johnabraham neerubajwa manushichhillar dinkersharma hadikhanjanpour,arungopalan,
1142921,Tere Ishk Mein,2025-11-28,2025,hi,"[10749, 18]",2.02,5.8,13,"A psychology student attempts to rehabilitate a volatile young man, before evolving into a doomed romance.",dhanush kritisanon prakashraj totaroychowdhury priyanshupainyuli,aanandl.rai,
1000438,Emergency,2025-01-17,2025,hi,"[18, 36, 10752]",2.4292,3.8,6,"Based on true events that unfolded in 1975, the film chronicles incidents that took place under the leadership of Indira Gandhi, one of the most powerful women in Indian history.",kanganaranaut anupamkher satishkaushik shreyastalpade mahimachaudhry,kanganaranaut,1970s biography based on true story female politician emergency indian politics farcical
1320810,Boong,2025-09-19,2025,hi,[18],1.8281,8.0,4,"In the valley of Manipur, Boong (*a little boy) plans to surprise his mother with a gift. In his innocence, he believes that bringing his father home would be the most special. His search culminates into an unexpected gift – a new beginning...",gugunkipgen balahijam angomsanamatum vikramkochhar hamomsadananda,lakshmipriyadevi,
1137339,Kesari Chapter 2: The Untold Story of Jallianwala Bagh,2025-04-17,2025,hi,"[18, 36]",1.8204,7.0,29,"A dramatization of the life story of C. Sankaran Nair, the lawyer who fought for the truth behind the Jallianwala Bagh massacre.",akshaykumar r.madhavan ananyapanday markbennington sammyjonasheaney,karansinghtyagi,biography lawyer 20th century intense
1214835,De De Pyaar De 2,2025-11-13,2025,hi,"[35, 10749]",1.4768,6.3,13,"When Ashish meets his girlfriend's parents for the first time, their age difference sparks outrage and a madcap plot to drive him out of her life.",ajaydevgn rakulpreetsingh r.madhavan gautamikapoor ishitadutta,anshulsharma,
1311649,Son of Sardaar 2,2025-08-01,2025,hi,"[35, 18]",1.8143,3.85,10,"Years after settling an epic family feud and surviving house arrest in Punjab, Jassi Singh Randhawa returns this time chasing love, not trouble. But when he lands in Scotland to win back his estranged wife, he stumbles into a hostage crisis, a mafia war and the most bizarre Sardaar wedding of the century.",ajaydevgn mrunalthakur ravikishan neerubajwa vindudarasingh,vijaykumararora,sequel
1416310,The Last Ride,2025-07-05,2025,hi,"[80, 18, 27]",1.5187,0.0,0,"Desperate to secure a dowry for his sister's wedding and escape his exploitative boss, Aman – a migrant ride-share driver in Mumbai – decides to steal his boss's taxi. But his plan spirals into a nightmare when his last minute passenger turns out to be a Chudail (a demonic witch).",chandanroy faisalmalik aamirdalvi dheerhira,vijeshrajan,short film
1226572,Superboys of Malegaon,2025-02-27,2025,hi,"[35, 18, 36]",1.5646,7.5,43,"The residents of Malegaon look to Bollywood cinema for a much-needed escape from daily drudgery. Amateur filmmaker Nasir Shaikh gets inspired to make a film for the people of Malegaon, by the people of Malegaon. He bands together his ragtag group of friends to bring his vision to life, thereby bringing a fresh lease of life into the town.",adarshgourav shashankarora vineetkumarsingh anujsinghduhan saqibayub,reemakagti,cinema on cinema filmmaking
1383072,Mahavatar Narsimha,2025-07-25,2025,hi,"[16, 28, 14, 18]",1.3941,7.4,37,"Tyrannical demon Hiranyakashyap challenges Vishnu, proclaiming himself a god. However, his son Prahlad remains devoted to Vishnu, who appears as Narsimha to defeat the demon.",harjeetwalia adityarajsharma haripriyamatta sanketjaiswal priyankabhandari,ashwinkumar,"hinduism vishnu demon demigod test of faithfulness based on myths, legends or folklore hindu mythology father son conflict independent film religion and spirituality compassionate"
1238164,Gustaakh Ishq,2025-11-28,2025,hi,"[10749, 18]",1.4511,6.8,4,"On a pursuit to save his father's printing press in the heart of Purani Delhi, a man becomes a disciple of a revered poet and falls in love with his daughter. Torn between his love and honoring his mentor, he must make a choice that could change his life forever.",vijayvarma fatimasanashaikh naseeruddinshah sharibhashmi natasharastogi,vibhupuri,
1213777,Dhadak 2,2025-08-01,2025,hi,"[10749, 18]",1.6864,7.0,16,"When Neelesh, an idealistic law student from a marginalised section of society, steps into a prestigious institution, he is thrust into a world that doesn't reflect his own. His friendship with Vidhi offers hope-until a wave of tragedy exposes the deep-rooted hierarchies he tried to outrun. He must confront the invisible forces that shape who we are allowed to become and who we are allowed to love.",siddhantchaturvedi triptiidimri saadbilgrami saurabhsachdeva vipinsharma,shaziaiqbal,remake based on movie caste system honor killing caste politics casteism caste violence official adaptation
1205021,Rambo,2025-01-01,2025,hi,[28],1.3173,0.0,0,Upcoming Rambo remake starring Tiger Shroff,,rohitdhawan,
