tmdb_id,title,release_date,release_year,language,genres,popularity,vote_average,vote_count,overview,cast,director,keywords
69426,Kandukondain Kandukondain,2000-05-05,2000,ta,"[18, 10749]",2.0534,7.0,36,Two young women with differing views on love find themselves with three suitors in this modern take on Jane Austen's 'Sense and Sensibility' set in Tamil Nadu.,tabu aishwaryaraibachchan ajithkumar mammootty abbas,rajivmenon,based on novel or book
78962,Vallarasu,2000-04-14,2000,ta,"[28, 18]",1.2765,5.7,3,"Vallarasu is the honest Deputy Commissioner of Police who has arrested Wasim Khan, a terrorist from Pakistan. His wife is Anjali, and they both have two children. Vallarasu kills his senior police officer and father-in-law because he knows the latter is working alongside terrorists.",vijayakanth devayani raghuvaran livingston karan,n.maharajan,
49035,Alaipayuthey,2000-04-14,2000,ta,"[10749, 18]",1.5624,7.4,46,"Karthik and Shakthi marry against the wishes of their families and start their new life. However, they soon realize that marriage is not the bed of roses they had imagined it would be.",r.madhavan shalini swarnamalya vivek jayasudha,maniratnam,coma musical hit-and-run told in flashback social differences family disapproval
338843,Bharathi,2000-09-01,2000,ta,[18],0.881,0.0,0,"A biographical account of the life of the Indian freedom fighter, Mahakavi Subramaniya Bharathiar, who defied conventional norms to bring equality in society.",sayajishinde devayani nizhalgalravi rameshkumar t.p.gajendran,gnanarajasekaran,
469349,Ennamma Kannu,2000-06-16,2000,ta,[],0.9343,0.0,0,"Ennamma Kannu is a 2000 Indian Tamil drama film, directed by Sakthi Chidambaram, starring Sathyaraj, Devayani and Ranjith in lead roles. The film had musical score by Deva and was released in 2000.",sathyaraj devayani vadivelu ranjith kovaisarala,sakthichidambaram,
60579,Hey Ram,2000-02-18,2000,ta,"[36, 18, 80]",1.3226,7.0,59,Saketh Ram's wife is raped and killed during direct action day riots in Calcutta. He is convinced that Mahatma Gandhi is responsible for all the problems happening in the country. He sets out to kill him.,kamalhaasan shahrukhkhan vasundharadas ranimukerji atulkulkarni,kamalhaasan,assassination muslim hindu mahatma gandhi based on true story riot race riot revenge religion
422044,Snegithiye,2000-11-24,2000,ta,"[9648, 53]",1.1365,7.0,3,"Vasu and Radhika try to avoid Radhika's arranged marriage by saying that she loves Ramesh, a fictional man. However, they get into trouble when a man named Ramesh really walks into their life.",jyothika tabu sharbanimukherji lakshmi ishitaarun,priyadarshan,
443716,Koodi Vazhnthal Kodi Nanmai,2000-07-15,2000,ta,"[35, 18, 10751]",0.5678,5.2,2,Koodi Vazhnthal Kodi Nanmai is the story of three brother and their families who live together.,nassar khushboo karan rojaselvamani vadivelu,v.sekhar,
270040,Manu Neethi,2000-12-23,2000,ta,[],0.7703,2.0,1,"Muthazhagu, a true patriot, had fought against the British, had gone to jail, and is a man much honoured and respected by the villagers. So when he commits an indiscrete act the whole village is shocked. But they forgive him, for it was an act committed under the influence of liquor.  The only disgruntled element in this scenario is the village girl's uncle Vellaiyan (Nasser) who would have married her but for this misfortune.  The man vows revenge and gets his chance twenty years later . The nephew (Murali) ignorant of his uncle's motives finds out the truth later. His admiration for Muthazhagu, love for the girl, and attachment to his uncle makes him attempt to bring about a re-conciliation between the two warring factions, which were threatening to turn into a fight between the two villages.",napoleon nassar murali vadivelu prathyusha,,
78470,Kannan Varuvaan,2000-05-25,2000,ta,"[18, 35, 10751]",0.6554,0.0,0,"Kannan's (Karthik) ambition in life is to take up the construction of the temple left incomplete by his forefathers. Funds are not forthcoming. Goundamani assures him that with his employer's help Kannan's dream could become a reality. But Goundamani is disappointed when his employer, the wealthy landlady's (Manorama) grandson Raghu (Ranjith) turns out to be money minded and heartless. In a fit of anger, Goundamani pushes him into the waters of a river and thinks he has committed a murder. Predictably Kannan is made to enter the scene as an impostor. What follows next forms the crux of the story.",raasi goundamani senthil karthikmuthuraman manorama,sundarc,
69577,Thenali,2000-10-26,2000,ta,"[35, 18]",0.8671,7.0,22,"Thenali suffers from panophobia and seeks doctor Kailash's help but the latter denies his request. Later, when Kailash goes on a vacation with his family, Thenali joins them and charms his sister.",kamalhaasan jayaram devayani jyothika delhiganesh,k.s.ravikumar,
69446,Rhythm,2000-09-15,2000,ta,"[10749, 18]",0.9328,7.5,12,"Karthikeyan, a photo editor in Mumbai, is a widower whose parents wish to see him settled and happy. Chitra, a widow with a son, gives them hope, unaware that their pasts are intertwined.",arjunsarja meena lakshmi jyothika nagesh,vasanth,
69424,Unnai Kodu Ennai Tharuven,2000-05-25,2000,ta,"[80, 10749]",0.7579,5.0,2,"Surya (Ajith) has been brought up in the army barracks in Ooty, ever since his mother(Sukanya) handed him over as a baby to a brigadier (Nasser). She tells the officer the reason for her action but the audience is not allowed to hear it at this point. Surya grows up to be a patriotic youth and the best soldier in his class. He falls in love with Indu (Simran), the daughter of an army officer. Indu's parents accept her choice of husband but soon after, her father dies in a bomb blast while her mother loses her life on seeing her husband's body. Not wishing to lose her husband too in war, Indu asks Surya to choose between her and the army.",ajithkumar simran nassar manivannan charle,kaveekalidas,
69654,Kushi,2000-05-19,2000,ta,"[18, 10749]",0.8988,6.9,29,"College friends Jenny and Shiva part ways due to a misunderstanding. Although they are in love and realize they cannot live without each other, their egos prevent them from uniting.",vijay jyothika vivek nagendraprasad nizhalgalravi,s.j.suryah,egomaniac college love
1121874,Krodham 2,2000-09-01,2000,ta,[28],0.5607,0.0,0,"Krodham 2 is a 2000 Indian Tamil language thriller film, produced, written and directed by Prem Menon. The film stars Prem Menon himself, alongside Radhika Chaudhari and Khushbu, while Nassar and Mansoor Ali Khan portray supporting roles.",premmenon radhikachaudhari khushboo rajeev mansooralikhan,premmenon,police revenge
78621,Maayi,2000-08-21,2000,ta,[18],0.9312,5.0,1,"Maayi is the well-respected, do-gooder in the village. He sees women in the village as his sisters and even conducts their marriages. He is a man who is ready to kill his father when he learns that he had a second wife. But the father opts to kill himself rather than face his son and so, Maayi brings his stepsister Lakshmi (Suvalakshmi) to live with him.When the local MLA(Rajan. P. Dev) comes to him for support, he refuses and the MLA loses the election. But his son(Anand), who admires Maayi, marries Lakshmi. Meanwhile Bhuvaneswari (Meena),...",r.sarathkumar meena vadivelu vijayakumar suvalakshmi,suryaprakash,
264806,Vetri Kodi Kattu,2000-06-30,2000,ta,"[18, 10751]",0.8508,6.6,4,"Vetri Kodi Kattu is a Tamil film directed by Cheran starring Murali, Parthiban, Meena, Manorama and Malavika. It is about 2 men who find the way to prosperity with their effort in their own country after being cheated by a man who promised them a lucrative job in Dubai.",murali r.parthiban meena malavika manorama,cheran,immigration law immigrant life
373320,Budget Padmanabhan,2000-09-08,2000,ta,"[10751, 35]",0.7689,5.6,4,"Padmanabhan has earned the nickname Budget as he is a miser. However, he struggles to save his father's house from money lenders as his wife is a spendthrift and never lets him save enough.",prabhu ramyakrishnan vivek mumtaj manivannan,t.p.gajendran,
925765,Unnai Kann Theduthey,2000-09-01,2000,ta,[18],0.89,0.0,0,The police find a dead body in a river holding on to a 'thaali' and a wedding invitation. They begin an investigation that takes them to a house where wedding preparations are in full swing.,sathyaraj khushboo livingston ravali manivannan,sundarc,
339799,Good Luck,2000-02-04,2000,ta,[],0.5713,7.0,1,"Surya (Prashanth) is a carefree youth living in Malaysia with his brother Chandramohan (Raghuvaran) and sister-in-law Devi (Sukanya). Chandramohan and Devi are childless because of a problem with Chandramohan. Surya falls in love with dancer Priya (Riya Sen) and manages to steal her heart too. Just when things seem happy, a bombshell is dropped by a Sister Mary who tells Surya that he is the father of a small girl Pooja. Pooja must undergo an operation to save her life but insists on seeing her dad before agreeing to the operation. Surya agrees to pose as her dad and is forced to do so on a more permanent basis even after the operation is done.",prashanth riyasen raghuvaran sukanya vivek,manojbhatnaghar,
339823,Parthen Rasithen,2000-08-11,2000,ta,[],0.4301,7.0,1,"Shankar(Prashanth) is a graduate of BSC nautical science, waiting for a job in the shipping industry. He is a tenant in the house of Banu(Simran), who is his good friend and confidante. They spend almost all their time together and she seeks him out as a refuge from her step brother Panneer(Raghuvaran), whom she dislikes but is forced to live together with. Shankar falls in love with Sarika(Laila). She reciprocates but problems and misunderstandings plague their romance.",simran prashanth laila raghuvaran raghavalawrence,saran,
1176272,Veeranadai,2000-04-21,2000,ta,"[18, 10751, 28]",0.6353,0.0,0,"After the death of his sister, Periyakaruppu vows not to marry and raise his niece, Poomayil. When Poomayil grows up, she finds out about her uncle's sacrifices for her and decides to marry him.",sathyaraj khushboo umashankari c.arunpandian goundamani,seeman,
78471,Sandhitha Velai,2000-04-14,2000,ta,[18],0.6328,0.0,0,"On a trip, Aadalarasu meets his lookalike and promises to fulfil the latter's request. His look-alike dies and he takes his place in his family while his own family thinks he is dead.",karthikmuthuraman rojaselvamani kausalya vijayakumar sujatha,ravichandran,
280963,Eazhaiyin Sirippil,2000-02-03,2000,ta,[],0.5534,7.0,1,"Eazhaiyin Sirippil is a 2000 Tamil film directed by SUBHASH. The film stars Prabhu Deva, Kausalya, Roja and Suvalakshmi in lead roles.",prabhudeva kausalya rojaselvamani suvalakshmi vivek,k.subash,
69404,Mugavari,2000-02-02,2000,ta,"[18, 10749, 10751]",0.6318,6.6,10,"Sridhar, an aspiring music director, has been struggling to get a foothold in the music industry for many years. He falls in love but is willing to put his relationship on a backburner for success.",ajithkumar jyothika k.viswanath raghuvaran sithara,v.z.durai,
66521,Vaanavil,2000-10-27,2000,ta,[18],0.5008,5.5,1,,arjunsarja prakashraj abhirami manivannan lakshmi,manojkumar,
281823,Kakkai Siraginilae,2000-03-09,2000,ta,[18],0.3792,0.0,0,,r.parthiban preethavijayakumar manasa k.viswanath lakshmi,p.vasu,
331659,Ennavale,2000-12-22,2000,ta,[18],0.4969,0.0,0,"When a man and his friends start a music troupe that performs at weddings, he is highly motivated by his landlord's daughter.",r.madhavan sneha manivannan charle vaiyapuri,j.suresh,musical troupe
356059,Sudhandhiram,2000-02-25,2000,ta,"[28, 80, 18]",0.519,5.0,1,"The film features Arjun and Rambha in lead roles whilst Raghuvaran, Raadhika and Sharat Saxena play supporting roles.",arjunsarja rambha raghuvaran sharatsaxena radikaasarathkumar,rajkapoor,
277879,Appu,2000-03-31,2000,ta,"[53, 28, 18]",0.5638,6.5,2,Appu is a taxi driver in Mumbai (Bombay). He is still haunted by the suicide of his sister who was sold to a brothel. He is still trying to find out the culprit. Here he meets Sita who is chased by Eunuch Maharani who is also responsible for the death of his sister. Maharani is the madame or kingpin of the flesh trade in Mumbai. Maharani wants the beautiful Sita for the flesh trade. Appu fights and saves Sita from Maharani. Here his friend Vignesh and his lover Kaveri die saving Appu and Sita.,prashanth devayani prakashraj vignesh dhamu,vasanth,
502276,Sabhash,2000-09-01,2000,ta,"[53, 80]",0.3406,6.0,2,"The movie opens with Cheenu, who is blind, and his good friend Dharan finding out that Cheenu's wife Shanti has died by hanging herself from the ceiling of their house. The police close the case as a suicide but mysterious happenings force Cheenu to suspect that his wife may have been the victim of foul play. Evidence surfaces which points to Dharan's guilt. But he resolutely maintains that he is innocent while Cheenu too believes his friend.",r.parthiban divyaaunni ranjith delhiganesh thalaivasalvijay,k.subash,wife murder blind man
280965,Doubles,2000-08-11,2000,ta,[],0.4025,0.0,0,"Doubles is a 2000 Tamil film directed by Pandiarajan. The film stars Prabhu Deva, Pandiarajan, Meena and Sangeetha in lead roles.",prabhudeva pandiarajan sangeethakrish vivek manivannan,pandiarajan,
264173,Thirunelveli,2000-01-15,2000,ta,[18],0.6464,0.0,0,"Thulasi, A Highly Respected Man In A Village, Is Known For His Truthfulness In All Circumstances. But The Real Testing Time Arrives When His Good Trait Brings A Lot Of Troubles To The Family.",prabhu karan rojaselvamani sithara vindhya,bharathikannan,
476903,Palayathu Amman,2000-10-28,2000,ta,"[18, 14]",0.5389,7.0,1,A newly married couple give birth to a baby who is the reincarnation of goddess Devi; the goddess takes human form to battle evil.,meena ramki divyaaunni charanraj vivek,ramanarayanan,devotional
78961,Vaanathaippola,2000-01-13,2000,ta,[18],0.6887,6.5,5,"ellaichaamy (Vijayakanth) thinks the world of his three brothers, even giving up marriage when he learns that the woman he loves plans to send them to a hostel after the wedding. The brothers live with their grandmother (S. N. Lakshmi). He works hard to raise them and they too reciprocate his love and affection. The eldest of the three, Muthu (Vijayakanth again), is a cook in a small hotel, When Vellachamy learns that Muthu is in love with his childhood playmate (Meena) he goes to the city to his friend (Rajiv) with the marriage proposal. Only to be insulted! Circumstances bring Muthu to the city, to the girl's palatial bungalow where he works as a cook. The girl is arrogant and rude till she realises that Muthu is her childhood pal. And now it is she who does all the wooing and persuades her father to get her married to Muthu.",vijayakanth prabhudeva livingston meena kausalya,vikraman,
69656,Kannukkul Nilavu,2000-01-14,2000,ta,[10749],0.2819,6.2,4,"Gautham meets Dr Rajasekhar, a psychologist, to learn about his memories pertaining to a girl named Gayathri. Rajasekhar learns that he is looking for Shanmugam, who he thinks has killed Gayathri.",vijay shalini kaveri raghuvaran srividya,fazil,
69659,Priyamaanavale,2000-10-26,2000,ta,[18],0.4313,6.6,10,"A modern man, Vijay, marries his father's sincere secretary who hails from a poor family. But their stringent prenuptial agreement grants him the power to end his marriage after 12 months.",vijay simran vivek delhiganesh radhikachaudhari,k.selvabharathy,
550364,Rajakali Amman,2000-04-14,2000,ta,"[18, 14]",0.4277,0.0,0,"A simple minded women named Meena her brother Gopal and their pet snake, lives will soon be changed when they look out for the village goddess who is forced out of her temple in a nearby village. They all flourish because of the blessings of the maa but these days are over when Meena weds an evil man named Seemadorai, who is not who he really says he is, and without the goddesses blessings.",ramyakrishnan karan kausalya nizhalgalravi y.vijaya,,
78620,Pennin Manathai Thottu,2000-08-01,2000,ta,"[10749, 18, 28]",0.4335,0.0,0,"Pennin Manadhai Thottu, the romance is quite uninteresting and barely manages to hold out interest. Sunil(Prabhu Deva) is one of the leading heart surgeons in the country. He lives with Ganpat(Mouli) and is loved by everyone in the family. Sunitha(Jeya Seel) arrives at the house, alongwith a kid who has a heart problem. But she lashes out at Sunil when she learns that he is the doctor and meets him face to face. Turns out she has had a bitter past with him. They had been in love in college but he had deserted her at a crucial time. So she hates him for it and doesn't even want him to...",prabhudeva jayasealghosh r.sarathkumar vivek mouli,ezhil,
264069,Uyirile Kalanthathu,2000-09-23,2000,ta,"[10749, 28]",0.3565,4.4,6,"A man, who is the youngest in the family and much pampered, is detested by his elder brother. He falls for a girl and decides to meet her family, but out of animosity, his brother damages his image in front of them.",suriya jyothika raghuvaran radikaasarathkumar sivakumar,jayakr,
339826,Star,2001-07-17,2001,ta,[],1.3484,5.0,3,"Murthy (Prashanth) earns his living taking the blame for the mistakes of other people and the jail is his second home. Dhanushkodi (Raghuvaran) has sworn to kill ex-collector Ramanathan's (Vijayakumar) son and so, Ramanathan has transferred his son Santosh (Pravinkanth) to Mauritius while telling the world that he has ran away. Wishing to save his son, he hires Murthy to act as his long lost son, hoping that Dhanushkodi would kill him instead of his actual son. Murthy too accepts the gig since his lover Preeti (Jyotika) is Ramanathan's niece. In the climax, Santhosh supports Dhanushkodi for killing his father, But Dhanushkodi kills Santhosh. The film ends with Murthy taking the blame for killing Santhosh and surrenders himself to police.",prashanth jyothika raghuvaran vijayakumar praveengandhi,praveengandhi,
47938,Minnale,2001-02-18,2001,ta,"[35, 10749]",1.242,7.0,29,"Rajesh Shivakumar is a college hoodlum who has his first crush on Reena Joseph, who unfortunately, is engaged to be married to Rajiv Samuel, an Indian engineer settled abroad. In an effort to gain her heart, Maddy impersonates Rajiv and gets close to Reena, aided by his grandfather Subbuni and his crooked sidekick Chockalingam. However, the real Rajiv shows up, bringing a shocking end to Reena's romantic interlude.",r.madhavan abbas reemasen vivek nagesh,gauthamvasudevmenon,
876076,Looty,2001-01-14,2001,ta,[35],0.7549,0.0,0,"A childless couple adopts a child, but the wife becomes convinced her husband sired the child with another woman. The son decides to seek out his birth mother to find out the truth.",sathyaraj vadivelu rojaselvamani,sakthiparamesh,
305860,Sri Raja Rajeswari,2001-04-13,2001,ta,"[28, 18, 14]",0.8086,0.0,0,"Rasaiya and Rajeswari are tribal newly weds, out for a midnight stroll in the forest. Three drunk businessmen('Nizhalgal' Ravi, Thyagu, Ponnambalam) accost them and when Rajeswari refuses to succumb to their advances, they kill the couple. Rajeswari is them reborn as the child of a poor couple and once she remembers her past, starts taking her revenge. Once she has disposed off the first two, she finds out that the son of the third is a look-alike of Rasaiya. When Rasaiya ends up marrying the girl of his father's choice, Rajeswari attempts to prevent the consummation of their relationship and steal her husband back.",ramki ramyakrishnan sanghavi bhanupriya nizhalgalravi,bharathikannan,devotional
445329,Kutty,2001-08-10,2001,ta,[],0.7785,0.0,0,"The film revolves around a young girl who is forced into child labour working for an urban family after a tragedy in her own family. Paavaadai (Nassar) is a potter living in a village in the outskirts of Madurai. Even though his profession is in a miserable condition, he has high hopes for his daughter Kannammaa (Baby Swetha) and raises her with much affection. Unfortunately, he dies in an accident and this forces Kannammaa to be sent to work for an urban family.",ramesharavind p.shwetha easwarirao m.n.rajam vivek,janakivishwanathan,
1289060,Nila Kaalam,2001-08-03,2001,ta,[],0.7931,0.0,0,"Nila's mother, an actress, is separated from her husband. Nila has all the comforts but no friends. She befriends two boys who work in a garage. They plan a picnic that may change everything, forever.",rojaselvamani dinesh udayaraj ranjinipradeep nellaisundarrajan,gandhikrishna,
69591,Paarthale Paravasam,2001-11-14,2001,ta,"[10751, 28, 10749, 18]",0.7814,3.3,3,"A doctor becomes an instant heartthrob after making an appearance in a movie and soon marries a woman. But just after their marriage, the truth about his past is revealed, which leads to complications, taking the couple a step closer to divorce.",r.madhavan raghavalawrence simran vivek sneha,k.balachander,love triangle divorced couple
69652,Shahjahan,2001-11-14,2001,ta,[10749],0.9367,7.2,10,Shahjahan is about a man (Vijay) who helps out two lovers. He later realizes that he has been helping his friend Krishna to fall in love with the girl that he is in love with. But Vijay swallows his 'love' and beats up the villains in town for the sake of his friend.,vijay richapallod vivek kovaisarala krishna,raviappulu,
69399,Citizen,2001-06-08,2001,ta,"[18, 28, 80]",0.7327,6.3,23,"Three prominent members of society, a judge, a police official and a district collector are kidnapped in broad daylight by a man who calls himself 'Citizen'. As CBI Officer Sarojini (Nagma) follows his trail she finds clues to a shocking mystery, of a village called Attipatthi which simply disappeared off the map of India, and to which each of these men is connected",ajithkumar vasundharadas meena nagma nizhalgalravi,saravanasubbiah,
78625,Samuthiram,2001-08-31,2001,ta,[10751],0.9431,6.0,2,"Selvarasu is the head of the family and his two brothers Thangarasu and Chinnarasu are ready to give up their life for him. The three brothers think the world of their sister Rasamani. A rich man from the neighboring village feels insulted when Thangarasu mishandles his son, and to take revenge, he makes Rasamani his daughter-in-law. Starting with taking away all of the brothers' wealth, he insults them at every opportunity while ill-treating Rasamani. What transpires later forms the crux of the story.",r.sarathkumar murali manojbharathiraja abhirami kaveri,k.s.ravikumar,
108248,Friends,2001-01-14,2001,ta,"[10751, 18, 35]",1.2457,6.7,32,"A man values his best friend more than anything else in the world. One day he confesses a dark secret from their childhood to his wife, which is overheard by another. Once the secret gets out, the friendship is destroyed.",vijay suriya vadivelu devayani vijayalakshmi,siddique,friendship betrayal by friend enduring friendship
66346,Aalavandhan,2001-11-14,2001,ta,[53],0.9735,6.8,26,"Nandu and Vijay are brothers who were abused by their stepmother during their younger days. Nandhu, who is mentally ill, decides to kill Vijay's fiancee as he visualizes her as his stepmother.",kamalhaasan raveenatandon anuhasan milindgunaji kitugidwani,sureshkrissna,schizophrenia brother psychopath killer identical twin
69653,Badri,2001-04-16,2001,ta,[18],0.8123,5.5,14,"Badri (Vijay) is a troublemaker and a source of heartburn for his father (Kitty). So the father pins his hopes on his elder son, Vetri (Riyaz Khan), to win the kickboxing championship. Janu (Bhumika Chawla), Badri's neighbour, is in love with him but it is just one-sided as Badri considers her a good friend and a source of money (and since her dad is a garage owner, his gateway to new cars to impress the other girls). He falls in love with Mamathi (Monal), a rich girl, and poses as a rich guy to impress her. But he soon realises his mistakes and when his brother becomes bedridden, he decides to redeem himself in his father's eyes by fighting in the championship match. He finally redeems himself by defeating his opponent and at the same time, accepts Janu's love.",vijay bhumikachawla riyazkhan monal vivek,p.a.arunprasad,
376073,Little John,2001-04-13,2001,ta,"[14, 35, 28, 18]",0.794,5.1,5,"When a visiting researcher tries desperately to escape, after mistakenly captured by police for an alleged theft in a temple, bizarre things start happening.",bentleymitchum jyothika anupamkher nassar mohanraman,singeetamsrinivasarao,
318299,Rishi,2001-02-16,2001,ta,[28],0.9694,3.0,2,"Rishi, a thief, happens to own a floppy incriminating a minister of murder. Things turn chaotic when his lookalike Velu is targeted by the minister for the footage.",r.sarathkumar sanghavi meena prakashraj c.arunpandian,sundarc,dual role
69666,Dhill,2001-05-05,2001,ta,"[28, 18]",0.906,5.2,19,"Velu's only dream is to become a police officer. One night after having dinner at a restaurant near the beach, Velu goes to pay the bill leaving his girlfriend Asha behind. At that moment, a police officer drinks and urinates besides Asha. Irritated, she scolds him. He attempts to rape her but is beaten up by Velu severely and receives a scar on his face. Angered by this, he seeks revenge against Velu.",vikram laila ashishvidhyarthi vivek deepavenkat,dharani,musical
476941,Castle Mariamman,2001-12-14,2001,ta,[],0.6239,0.0,0,"Kottai Mariamman is a Tamil devotional film directed and produced by Rama Narayanan. The film featured Roja in the title role alongside Karan and Devayani, while Vadivelu plays a supporting role. The film, which had music composed by Deva. Watch the full movie Kottai Mariamman on...",devayani diamber karan ramireddy rojaselvamani,ramanarayanan,
78958,Vaanchinathan,2001-01-14,2001,ta,"[28, 18]",0.5906,4.7,3,"Vaanchinathan, a straightforward policeman, is not allergic to exploiting the loopholes in the law to eliminate the criminals who have thus far not been punished by the judiciary.",vijayakanth sakshishivananda ramyakrishnan prakashraj anjuaravind,shajikailas,
69401,Dheena,2001-01-14,2001,ta,"[28, 18]",0.9049,5.7,22,"A local gangster and his adopted brother rule over a town together. However, their relationship turns sour after the man's sister dies due to the gangster's mistake.",ajithkumar sureshgopi laila shyamganesh sriman,a.r.murugadoss,street gang gangster thug goon
385313,Kunguma Pottu Gounder,2001-06-08,2001,ta,[10751],0.5993,5.2,3,Kandasamy is desperate to enrol his son in a good school. Trouble ensues when his wife spots him with an educated woman who is posing as their child's mother in order to help him get admission.,sathyaraj rambha kausalya goundamani karan,suraj,
224930,Poovellam Un Vasam,2001-08-17,2001,ta,[18],0.8171,6.1,15,"Chinna and Chella, two childhood friends from neighboring families, end up falling in love with each other. Soon, a misunderstanding leads to a rift between them and their families.",ajithkumar jyothika sivakumar sayajishinde nagesh,ezhil,
78417,Azhagana Naatkal,2001-12-07,2001,ta,"[10751, 18, 35]",0.6056,2.0,1,"Chandru agrees to marry the girl of his father's choice when his lover Indu goes missing. However, Chandru faces a tough predicament when Indu returns with a young girl and claims he is the father.",karthikmuthuraman rambha goundamani manivannan senthil,sundarc,
80251,Chocklet,2001-09-07,2001,ta,[],0.7118,4.5,3,"Chocklet is a 2001 Tamil film directed by A. Venkatesh featuring Prashanth and Jaya Re in the lead roles. Livingston, Suhasini, Mumtaj and Nagendra Prasad play supporting roles, while the film's score and soundtrack are composed by Deva.",prashanth jayare mumtaj suhasinimaniratnam livingston,a.venkatesh,
339819,Majunu,2001-12-14,2001,ta,"[28, 10749, 18]",0.6332,5.8,4,"Vasanth (Prashanth) is a son of a wealthy MP Gajapathy (Raghuvaran) who hates love and against love marriage. Vasanth lives a fun-filled enjoyable life until he meets a girl (Rinke Khanna) while rushing to save a baby who is about to fall in a railway track while the girl also rushed for the same reason. He develops an attraction for that girl and again meets her in his college and knows her name to be Heena a Tamil speaking Bengali girl. Meanwhile, a trap is set for MP Gajapathy to kill him by explosion in a public gathering. Heena who is on an education trip to Chennai searches for some books in a book shop. Since the book is not available that day she has to come again to the shop and while leaving the shop some sound comes from her bag which she funnily mentions it to be a bomb which on explosion will destroy 20 km. The shop-keeper laughs on her fun. But the sound is actually the sound of watch alarm which she kept it inside.",prashanth rinkekhanna raghuvaran sonusood vivek,ravichandran,time bomb love terrorism terrorist attack
509482,Aandan Adimai,2001-11-14,2001,ta,"[18, 10751]",0.6476,0.0,0,"Sivaraman belongs to a low caste and is a cobbler by profession. He was orphaned as a little boy and has since been brought up by a couple belonging to the lower caste. A trip to the 'agraharam' brings back memories of his childhood and he realises that he is in fact a Brahmin and the son of the head priest at the temple. Wishing to help his real family while at the same time unable to forget the parents who adopted him, he shuffles between the two vastly different worlds. Maheswar, a lower caste woman, waits for him back home while Gayatri falls in love with him in his new life.",sathyaraj suvalakshmi divyaaunni ranjith manivannan,manivannan,caste system
69665,Kasi,2001-11-14,2001,ta,[18],0.5791,6.7,6,Life of a blind person and his sufferings because of cruel people who exploit his weakness. The remake of the director's 1999 Malayalam film Vasanthiyum Lakshmiyum Pinne Njaanum.,vikram kaveri kavyamadhavan manivannan vinuchakravarthy,vinayan,remake
111614,Nandha,2001-11-14,2001,ta,"[18, 80, 10749]",0.5538,6.7,16,"Nandha returns after serving his term for killing his father. Although he killed him to save his mother, she does not forgive him. He is then taken in by Periyavar, who shelters Sri Lankan refugees.",suriya laila karunas rajkiran saravanan,bala,gangster refugee abusive father tragedy sri lankan tamil war
153223,12 B,2001-05-15,2001,ta,"[18, 10749]",0.5725,5.6,7,"Unemployed Shakthi Singh lives a poor lifestyle along with his widowed and ailing mother and a sister. His mother falls ill and gets admitted in hospital. While on his way to an interview with HSBC, Shakthi sees a beautiful girl, gets distracted and misses his bus - route No.12B. As a result he misses the interview, and ends up getting employed as a Garage Mechanic with Madan, his friend. He does meet with the same girl, gets to know her name is Jyotika, who lives a wealthy lifestyle with her mother, Sulo, while her dad is away on business. Both continue meeting not aware that her marriage has been arranged with Pratap. This story also depicts the possibility of Shakthi catching the 12B on time, attending the interview and getting hired, pursuing Jyotika in vain, and ending up in the arms of his co-worker, Priya. Both possibilities end up with Shakthi getting involved in a vehicle accident - and no guarantees that he will survive or wed Jyotika.",shaam jyothika simran sunielshetty vivek,jeeva,parallel world alternative reality
78622,Vinnukkum Mannukkum,2001-03-30,2001,ta,"[10749, 35]",0.6316,2.6,4,"Sakthivel (R. Sarath Kumar) is the leader of his village and is adored by the people. His only brother is Selvam (Vikram) who, after completing his education in Singapore, returns to the hamlet. Both Sakthivel and his wife Lakshmi (Khushboo) are very fond of Selvam and want him to get married and live happily. Selvam is keen on marrying a girl he has seen in his dream. Sakthivel is prepared to go anywhere to find the girl.  Selvam actually comes across the photograph of his dream girl Devayani (Devayani) in a TV advertisement and discovers that she is an actress . A film crew lands in the village for shooting, and Devayani, as she is called in the film too, is in the group. Sakthivel approaches her with his brother's proposal, but she insults him.",vikram r.sarathkumar khushboo devayani sukumari,rajakumaran,
383344,Asathal,2001-05-18,2001,ta,[35],0.5898,0.0,0,"Vetri leads a carefree life with his two best friends. When an unknown woman dies leaving behind her baby, Vetri claims in court that he is the father to avoid marriage and puts himself in trouble.",sathyaraj ramyakrishnan swathi vadivelu rameshkhanna,p.vasu,
63826,Dum Dum Dum,2001-04-13,2001,ta,"[35, 28]",0.7521,5.8,7,"Adityan, a city slicker's marriage is fixed by his dad in the village to Ganga, a village belle. He is not happy with it, as he wants to marry a city girl and that too after falling in love. On the other hand, Ganga also is not interested, as she wants to marry only after completing her engineering in the city.",r.madhavan jyothika manivannan vivek murali,n.azhagamperumal,
366252,Middle Class Madhavan,2001-01-01,2001,ta,[35],0.5253,4.3,3,"Madhavan, a lawyer and the breadwinner of his family, finds it difficult to enjoy his married life due to his family's issues.",prabhu abhirami vadivelu vivek delhiganesh,t.p.gajendran,
273575,Dost,2001-06-29,2001,ta,[],0.6055,3.0,1,"Dosth is a 2001 Tamil language film directed by S. A. Chandrasekhar. The film features Sarathkumar and Abhirami in lead roles whilst Prakash Raj, Raghuvaran and Indu play supporting roles. Similar to Double Jeopardy.",r.sarathkumar abhirami prakashraj raghuvaran vadivelu,s.a.chandrasekhar,
78424,Lovely,2001-05-01,2001,ta,[18],0.5233,10.0,1,"Lovely starring Karthik Muthuraman and Malavika. Mahadevan(Manivannan) is a man who hates the very mention of the word 'love' and staunchly believes that his daughter Nivedha(Malavika) could - and should - never fall in love. But Nivedha is already in love with Chandru(Karthik). With his father becoming a business partner of Mahadevan and the rest of his family becoming friends with Nivedha's family, Chandru finds it easy to infiltrate Nivedha's home. Once there, he tries to impress Mahadevan while trying to prevent Mahadevan's friend from revealing his true identity as Nivedha's lover.",vivek karthikmuthuraman vinuchakravarthy vijayakumar mahimachaudhry,shakthi,
275736,Pandavar Bhoomi,2001-09-21,2001,ta,"[10751, 18]",0.4404,6.5,2,A man returns to his ancestral village after many years only to find his house in a dilapidated state and decides to rebuild it. The engineer he brings in to do the work gets really close to his family members.,arunvijay shamitha rajkiran vagaichandrasekar ranjith,cheran,
78957,Narasimha,2001-07-12,2001,ta,"[28, 18]",0.7289,5.1,4,"Rasool Akthar, a hardcore terrorist wants to cause confusion and chaos among the people of India by killing VIPs and destroying important buildings with bombs to separate Kashmir from India. How Narasimha destroys the terrorist and saves the country is the story.",vijayakanth ishakoppikar vadivelu nassar ramyakrishnan,tirupathiswamy,
339832,Piriyadha Varam Vendum,2001-02-16,2001,ta,[],0.4325,8.5,2,"Sanjay (Prashanth) and Nithi (Shalini) are best friends right from their childhood days. They are neighbours, have grown up together, attend the same college and spend every minute of their waking hours together. Both have their admirers in college with Sneha (Jomol) wooing Sanjay and Praveen (Krishna) revealing his love for Nithi. Nithi's week-long trip to Bangalore, along with some prodding by his housemaid, makes Sanjay realise how much he misses Nithi and that he is in love with her. But respect for their friendship and her makes him hide his feelings. Meanwhile, Nithi accepts Praveen's proposal and things quickly move towards their marriage. But when things come together Nithi realises that she cannot stay without Sanjay and at that time he reveals that he too loves her.",prashanth shalini jomol krishnakumarramakumar manivannan,kamal,
99109,Anandham,2001-05-25,2001,ta,"[18, 10749]",0.3471,6.8,3,"Thirupathisamy, the eldest son in the family, works hard to raise his three brothers Madhavan, Kannan and Surya. However, problems arise in the family when Madhavan's wife begins to rebel against him.",mammootty murali abbas devayani rambha,n.linguswamy,
78959,Thavasi,2001-11-14,2001,ta,[18],0.5449,5.2,6,A noble and just man makes the ultimate sacrifice after he imposes an unjust sentence on a male from a poor family.,vijayakanth soundarya prathyusha nassar vadivelu,udayasankar,
280966,Alli Thandha Vaanam,2001-09-05,2001,ta,[18],0.3857,0.0,0,Alli Thandha Vaanam is a 2014 Tamil film directed by Sridhar Prasad. The film stars  and  in lead roles.,prabhudeva murali laila prakashraj poornitha,sridharprasad,
69650,Youth,2002-07-19,2002,ta,"[28, 18]",1.7825,6.0,13,"On his wedding day, Shiva (Vijay) discovers that his cousin and bride, Aruna, has run away because she does not want to marry a cook. But he takes it lightly and moves to Chennai with the girl's brother (Shyam Ganesh) to look for a job. One night, he saves Sandya from some goons. In gratitude, she kisses him. Shiva starts to fall in love with Sandya. After several occasions where they bumped into each other, Shiva harbours hope that she too reciprocates his affections.",vijay shaheenkhan vivek vijayakumar yugendran,vincentselva,remake
40998,Kannathil Muthamittal,2002-02-14,2002,ta,"[18, 10752]",1.3507,7.6,49,"A little girl is told by her parents that she is adopted. Determined to find her birth mother, her family eventually agrees to take her to Sri Lanka, where they encounter the militant group known as the Tamil Tigers.",p.s.keerthana r.madhavan simran nanditadas delhikumar,maniratnam,civil war refugee sri lanka war victim suicide bomber extremist ltte
66344,Pammal K. Sambandam,2002-01-14,2002,ta,"[35, 18]",1.1689,6.5,18,"When Sambandham gets hurt, Dr Janaki performs a surgery in order to heal him. However, during the surgery, Janaki accidentally leaves her wrist watch in Sambandham's stomach.",kamalhaasan simran abbas sneha manivannan,mouli,romcom
69664,Gemini,2002-04-12,2002,ta,"[18, 28]",0.9498,5.7,11,"Gemini, a gangster, falls for Manisha who reciprocates his love without knowing his truth. After getting arrested and completing his term, he tries to convince his lover that he is a changed man.",vikram kiranrathod kalabhavanmani vinuchakravarthy murali,saran,
69651,Thamizhan,2002-04-12,2002,ta,"[18, 28]",0.9389,5.7,12,"Surya is a lawyer with right values, who tries to redress things the legal way. He falls in love with Priya. His brother-in-law Shakthivel, also an upright lawyer, is killed in the process of upholding justice. Surya's sister also meets a pitiful end at the hands of criminals. But Surya refuses to give up. His mission is to make the layman understand his legal rights and how he does so forms the crux of the story.",vijay priyankachoprajonas nassar revathi vivek,abdulmajith,
49033,Panchatanthiram,2002-06-28,2002,ta,"[35, 10749, 10751]",1.2966,7.0,32,"Ram's friends hire Maggie, a call girl, to help him get over his wife, who mistakenly believes him to be a philanderer. However, they get in trouble when Maggie ends up dead.",kamalhaasan jayaram ramesharavind sriman yugisethu,k.s.ravikumar,comedy of errors
66243,Baba,2002-08-15,2002,ta,"[18, 28, 14]",1.3437,6.3,23,"Baba is an atheist who always questions the existence of a higher power. But when a turn of events bestows him with divine powers, he uses the opportunity to help other people.",rajinikanth goundamani manishakoirala m.n.nambiar amrishpuri,sureshkrissna,
69418,Raja,2002-07-05,2002,ta,[18],0.8502,4.0,7,"Ajith is paranoid about getting married. Jyothika arrives at his place and begins to compel him to get married to her. The reason: Ajith was pouring his love out to someone else thinking that she was Jyothika! Under the cover of darkness Jyothika confesses her love for Ajith. Thinking that it was Priyanka Trivedi who was speaking to him, Ajith begins to love her. Suddenly, a villain pops out of nowhere and causes the death of Priyanka. Then, finally, after dilly dallying for a very long time, the story ends with the coming together of the lead pair of Ajith and Jyothika.",ajithkumar jyothika priyankaupendra vadivelu radharavi,ezhil,
69663,Samurai,2002-05-05,2002,ta,[28],0.884,5.5,10,"Thiyagu is a medico who leads a masked gang of four to abduct corrupt politicians and bureaucrats who use the loophole in law to enjoy their prison term in hospitals or guest houses. Deiva, a schoolgirl and daughter of the police officer who is hot on the trail of the mysterious gang, has a crush on Thiyagu, but she is not aware of his real identity.",vikram jayasealghosh nassar anupamshyam piyushmishra,balajisakthivel,
69419,Red,2002-05-05,2002,ta,"[28, 18, 10749]",1.0902,5.1,9,"Red is a local don who possesses a heart of gold. Seeni, another don in the area, is his biggest enemy. Red falls for Gayathri and she too likes him but wants him to give up his life of violence. Meanwhile Rajesh, a reporter, begins to serialize Red's story for Ananda Vikatan and it becomes quite the rage among readers.",ajithkumar priyagill salimghouse manivannan rajanpdev,singampuli,
69534,Thulluvadho Ilamai,2002-05-10,2002,ta,"[28, 18]",1.1081,7.0,3,"Six high-school classmates, three boys and three girls, coming from different strata of society, who have each their own problems in their respective families and escape from their homes, deciding to live together on their own with the help of an older friend of theirs.",dhanush sherinshringar abhinay ramesh shilpa,kasthooriraja,coming of age teenage love teenage romance pregnant teen runaway teen
111583,Mounam Pesiyadhe,2002-12-13,2002,ta,"[10749, 18]",0.679,6.8,23,"Gautham, who runs a restaurant, falls in love with his friend Kannan's cousin, Sandhya. Problems arise when Gautham learns that Kannan's parents want Kannan to marry Sandhya.",suriya trishakrishnan nandha nehapendse laila,ameer,misogynist
281820,Ivan,2002-07-14,2002,ta,[],0.8649,0.0,0,"Ivan is a 2014 Tamil film directed by Parthiban. The film stars Parthiban, Meena, Soundarya and Thalaivasal Vijay in lead roles.",r.parthiban meena soundarya thalaivasalvijay prithivi,r.parthiban,
702364,Dhaya,2002-02-14,2002,ta,"[28, 18]",0.6894,0.0,0,"Rudrayya, a retired soldier, wants to settle scores with Sharada Amma, a woman who runs an orphanage. He hires Dhaya who disguises himself as Sharada Amma's driver while planning her downfall.",dhamu janagaraj rameshkhanna lakshmi meena,senthilkumar,
1479991,Jaya,2002-12-06,2002,ta,"[28, 18, 53, 80]",0.7314,0.0,0,"Balaji, Kannan, Michael, and Salim are four close friends, each struggling with personal setbacks and aspirations. Their lives change when they meet Jaya, a spirited young woman who motivates them to pursue their goals with determination and self-belief. But behind Jaya’s resilience lies a painful past—she lost her best friend Priya during college, a tragedy linked to the sinister deeds of three influential men. Fueled by a desire for justice, Jaya embarks on a bold mission to expose and confront the person truly responsible.",ramyakrishnan sherinshringar sriman karunas tinku,ratnarajkalanathan,
69590,Run,2002-05-09,2002,ta,"[28, 18, 10749]",0.7468,6.8,17,Siva comes to Madras from a small Tamil Nadu town to study. He instantly falls in love with elusive stranger Priya who resists his charms quite persistently. Madhavan later discovers that romancing Priya can be a dangerous hobby.,r.madhavan meerajasmine atulkulkarni raghuvaran anuhasan,n.linguswamy,
99177,Yey! Nee Romba Azhaga Irukke,2002-07-13,2002,ta,"[10749, 35]",0.5307,8.0,3,A man falls in love with his childhood friend who does not seem to share the same feelings for him; meanwhile another woman is crazy about him.,shaam sneha vivek ramyakrishnan umapadmanabhan,vasanth,
69417,Villain,2002-11-04,2002,ta,"[28, 80, 18]",0.7869,6.4,15,"Shiva, a bus conductor, robs the corrupt in order to fund an organisation that aids those with disabilities. To avoid detection and trial, he pretends to be his twin, who has disabilities.",ajithkumar meena kiranrathod fefsivijayan sujatha,k.s.ravikumar,
66215,Kadhal Azhivathillai,2002-11-04,2002,ta,"[18, 10749]",0.9474,5.2,2,A young man and a woman fall in love with each other. But soon her father gets to know about their affair and goes to extremes to separate the couple.,silambarasan charmykaur t.rajendar karunas radharavi,t.rajendar,teenage love tough love
331481,Unnai Ninaithu,2002-05-10,2002,ta,"[18, 10751]",0.6696,6.3,5,"A young man tries to explain to his lover that her fiance is a crook. She refuses to believe him. Later, she realizes her mistake and comes back to him. But the man now loves another woman.",suriya laila sneha rameshkhanna charle,vikraman,
69648,Bagavathi,2002-11-04,2002,ta,"[28, 10749, 18]",0.6317,5.5,18,"Bagavathi, a tea vendor, has big dreams for his younger brother, Guna. However, when Guna's girlfriend's father kills him, Bagavathi must fight to protect Guna's unborn child.",vijay vadivelu ashishvidhyarthi reemasen jaisampath,a.venkatesh,
78422,Devan,2002-06-14,2002,ta,"[18, 28, 10749]",0.9973,6.0,1,"When the movie opens Devan(Arun Pandiyan) murdering photographer Jeeva(Thalaivasal Vijay) in cold blood in his house. Jeeva strategically positions a video camera to capture the impending murder but Devan never shows his face to it. And when Jeeva shouts out the name of his killer before dying, the audio is lost at that point. While the police search for the killer, Devan zeroes in on Chetta (Saikumar) as his next target. He follows Chetta to Chandigarh but is apprehended by CBI officer Ratnavel(Vijayakanth). But once Ratnavel realises Chetta's true nature, he begins to help Devan, even hiring successful lawyer Chakravarthy(Karthik) to fight for him. The flashback shows that Devan's sister (Kausalya) was killed by Chetta, Devan wants to avenge the death of his sister. In the climax, villain is killed.",c.arunpandian meena kausalya vijayakanth karthikmuthuraman,c.arunpandian,
78955,Ramanaa,2002-11-04,2002,ta,"[28, 18]",1.0648,7.5,10,Ramana decides to abolish corruption once for all with the help of his students who are now working in various government offices.,vijayakanth simran ashimabhalla vijayan riyazkhan,a.r.murugadoss,vigilante corrupt government
280969,123,2002-06-01,2002,ta,"[35, 10749]",0.6993,5.8,9,"Three men with physical impairments lead dull and monotonous lives. However, when Narmada, a young woman, befriends them, it brings lots of positive changes in them.",prabhudeva jyothika rajusundaram nagendraprasad ishari.k.ganesh,k.subash,
69662,King,2002-09-06,2002,ta,[18],0.6128,5.9,4,"King story evolves around Raja, a business management student and professional magician living in Hong Kong with his single-father, Shanmugam, who he loves a lot. Then one day, they end up in a car accident, and when Shanmugam is in need of blood, he is given an unanalyzed amount of blood which was infected with multiple sclerosis.Dr. Cheenu suggests to Raja that he take his father to his old home in India, and to keep him happy for the last 2 months of his life. It is then that Raja finds out that Shanmugam was exiled from his home 25 years ago because he had...",vikram sneha nassar janagaraj vadivelu,prabhusolomon,
69443,Ezhumalai,2002-06-21,2002,ta,"[28, 18]",0.478,6.2,3,"A young woman falls in love with a man and wishes to marry him. However, everything changes when she learns about her father's involvement in his first wife's death.",arjunsarja simran gajala mumtaj vijayakumar,arjunsarja,
264807,Solla Marandha Kadhai,2002-11-04,2002,ta,[],0.5714,0.0,0,"Sivadhanu, an educated but unemployed honest man, gets married to the daughter of a rich man and moves to their house. However, taunts and disrespect compel him to find a new job in another town.",cheran rathiarumugam manivannan pyramidnatarajan pushpavanamkuppusamy,thangarbachan,
264066,Shree,2002-07-19,2002,ta,"[28, 18]",0.4859,6.5,2,"Shree is a 2002 Tamil action film directed by Pushpavasagan which stars Suriya in the title role, with Shrutika and Gayatri Jayaraman in supporting roles. The film met with a poor response, critically and made poor business at the box office .",suriya shrutika vadivelu vijayakumar gayatrijayaraman,pushpavasakan,
429780,Karmegam,2002-08-02,2002,ta,[],0.7005,0.0,0,Karmegham is a 2002 Tamil drama film directed by S. P. Rajkumar. The film features Mammootty and Radha Ravi in lead roles. The film had musical score by Vidyasagar and was released in 2002,mammootty manorama radharavi abhirami vadivelu,s.p.rajkumar,
339829,Thamizh,2002-04-14,2002,ta,"[28, 18]",0.8515,6.0,1,"Thamizh, a brave youth, looks forward to working with his brother in Kuwait. Meanwhile, circumstances force him to clash with some gangsters which earn him Periyavar's wrath.",prashanth simran livingston nassar vadivelu,hari,
278531,Alli Arjuna,2002-01-14,2002,ta,"[10749, 53]",0.3263,4.0,2,"Rebellious Arivu (Manoj) -- who's incessantly at odds with his father -- shocks his family with his gallantry in this unconventional romantic drama. Forced to attend a wedding with his parents, Arivu graciously offers to marry Savitri (Richa Pallod) when the groom is a no-show. Though the jilted bride rejects the startling proposal, she later turns to Arivu after losing a cherished friend to suicide.",manojbharathiraja richapallod preethavijayakumar vinuchakravarthy nizhalgalravi,saran,revenge molestation
78624,Samasthanam,2002-09-27,2002,ta,[10751],0.2594,5.2,2,,r.sarathkumar devayani sureshgopi abhirami goundamani,rajkapoor,
335921,Vivaramana Aalu,2002-01-14,2002,ta,[],0.3914,2.0,1,"Mayilsamy (Sathyaraj) is a petty thief who is determined to make it big in life, by hook or crook. Even it means going through a marriage with a stranger, a trusting village belle, Pappu (Devayani), deserting her soon after and warming his way into the heart of Puppy (Mumtaj), a wealthy heiress. Of course, he realises his folly by the climax.",sathyaraj devayani mumtaj vivek prathappothan,k.selvabharathy,
361051,Azhagi,2002-01-14,2002,ta,"[18, 10749]",0.5062,6.2,2,"Shanmugam meets his childhood sweetheart after many years and employs her as his housemaid as she urgently needs a job. However, his wife creates problems when she learns about their relationship.",r.parthiban nanditadas devayani vivek pandu,thangarbachan,
278049,Junior Senior,2002-04-19,2002,ta,"[18, 35]",0.3709,3.2,2,"Shakthi and Santhosh live together in Malaysia. They both fall in love with the same girl Lena. Eventually, Lena has to choose between them and she chooses Santhosh as he is wealthy. Mammootty comes to know of this and breaks off his engagement to her and walks away, feeling all good.",mammootty hamsavardhan leena charulatha rameshkhanna,j.suresh,malaysia gold digger living abroad
497446,University,2002-10-04,2002,ta,"[53, 35, 10749]",0.2716,0.0,0,"This movie is about a socially awkward college student named Gandhi (Jeevan), who cannot seem to have joyful social interactions with people. He greatly differs from his peers-he doesn't smoke, drink or participate in any vices, which immediately sets him apart when it comes to friendships.",jeevan gajala vivek raghuvaran m.s.bhaskar,praghadish,suicide attempt romantic thriller
78623,Thenkasi Pattanam,2002-06-21,2002,ta,[10751],0.305,5.5,3,,r.sarathkumar napoleon devayani aswathimenon vivek,raffi,
1189952,Naina,2002-08-30,2002,ta,[35],0.5182,0.0,0,We follow Pasupathy's journey to uncover the truth behind his father's murder and prove his innocence.,jayaram manya vadivelu rameshkhanna,manobala,
79409,Roja Koottam,2002-02-22,2002,ta,[10749],0.5869,4.6,5,Two friends fall in love with the same girl.,srikanth bhumikachawla vivek radikaasarathkumar raghuvaran,sasi,friends
269723,Punnagai Desam,2002-01-14,2002,ta,[18],0.4506,5.8,2,Ganesh comes from village to meet his uncle and his daughter Ammu. His uncle refuses to acknowledge his presence and does not want his daughter to get married with him. He meets his friends  who are living in bad condition to achieve their dreams.,tarun sneha kunalsingh hamsavardhan preethavijayakumar,k.shahjahan,
281394,Iyarkai,2003-11-20,2003,ta,"[18, 10749, 28]",1.8843,7.8,4,"Marudhu, a sailor, falls in love with Nancy, a fruit vendor. However, she waits for the captain who had promised that he would return and marry her.",shaam arunvijay seemabiswas radhikakumaraswamy senthil,s.p.jananathan,love triangle sailor
69661,Dhool,2003-01-15,2003,ta,"[18, 28, 10749, 35]",1.3554,5.9,22,"Arumugham is an uneducated, good hearted, helpful village hick. Easwari is his childhood friend. A chemical factory in the village pollutes the local river and when all attempts to stop the factory waste from going to the drinking water falls flat, the villagers decide to send Arumugham to Chennai and meet the concerned minister who has won from their constituency. He sets out for the city with Easwari and her grandmother and they stay with Arumugham's friend and gang.",vikram jyothika reemasen vivek sayajishinde,dharani,
78630,Arasu,2003-04-14,2003,ta,"[28, 18, 10749]",1.1746,6.0,2,"Arasu movie is the story of Thirunavukkarasu(Sarathkumar) who is a mild mannered, quiet man, arrives at the agrahaaram in Kumbakonam to take up the job of handling accounts at the temple. He is helped by the family of Velu Shastri('Delhi' Ganesh) and Velu Shastri's daughter Meera(Simran) falls for him too.But news of a dangerous rowdy being released from a nearby jail brings out the real Arasu - a man who is out to take revenge on the men responsible for several atrocities, including the murder of his parents(Sarathkumar and Roja).",r.sarathkumar simran delhiganesh lakshmananganesh vadivelu,ar.suresh,
26910,Anbe Sivam,2003-01-14,2003,ta,"[35, 18]",1.1321,7.6,80,"Anbarasu, young and arrogant, and Nallasivam, damaged - physically but not spiritually - by life, are thrown together by circumstances, and find that they are in some ways bound together by fate.",kamalhaasan r.madhavan nassar kiranrathod santhanabharathi,sundarc,tragic love disabled atheism humanitarian communism altruism
99122,Enakku 20 Unakku 18,2003-12-19,2003,ta,"[35, 18, 10749]",0.9535,5.5,6,"Sridhar and Preeti begin to like each other, but part ways without confessing their feelings. Over the years, they search for each other in vain while fate keeps working its own magic.  The film was also simultaneously shot and released in Telugu with a slightly different cast as Nee Manasu Naaku Telusu.",tarun trishakrishnan vivek sunilvarma shriyasaran,jyothikrishna,musical
75076,Boys,2003-08-29,2003,ta,"[18, 35, 10749]",0.776,6.6,45,"The story centers on six youngsters, who experience the downfalls of teenage life. The film conveys a message about the importance of a good education and career over other distractions, such as romance and sex.",siddharth geneliad'souza bharathsrinivasan s.thaman nakul,shankar,
66343,Nala Damayanthi,2003-07-03,2003,ta,[35],0.768,7.5,6,"A village cook Ramji goes to Australia to become a chef at a multi-millionaire Indian's home. Unfortunately, the millionaire dies of indigestion the day Ramji arrives, leaving him jobless with an expired visa. Desperate to stay and earn, he starts working illegally as a cook, but to stay on, he needs to get legal. A solution comes up when Damayanthi, a free-spirited biker, agrees to marry the docile cook for a price.",r.madhavan geethumohandas shrutika sriman anuhasan,mouli,visa foreign occupation
303042,Anbu Thollai,2003-02-14,2003,ta,"[28, 18]",0.5883,0.0,0,"Singamuthu wants that he and his brothers marry girls who are sisters. However, Chinnathayi, his cousin, wants to marry him and decides to jeopardise all the marriage proposals that come his way.",pandiarajan ravali chinnijayanth sundarrajan ganthimathi,hayaath,
69646,Vaseegara,2003-01-15,2003,ta,"[10749, 35]",0.7763,5.8,14,"Bhupathi's father sends him to live under the guidance of his best friend, Viswanath, and find a job. He gets close to the family and falls in love with Viswanath's daughter, who is already engaged.",vijay sneha vadivelu gayatrijayaraman sriman,k.selvabharathy,
49029,Saamy,2003-05-05,2003,ta,"[28, 18]",0.8405,6.5,30,"A policeman accepts bribes from corrupt politicians and local thugs to help them in their illegal work. However, he decides to correct his mistakes after he falls in love with a woman.",vikram trishakrishnan vijayakumar delhiganesh kotasrinivasarao,hari,
69415,Anjaneya,2003-05-05,2003,ta,"[28, 53]",0.8096,2.5,5,"DCP Paramaguru is an efficient police officer who fights with the scum of the society. He later masquerades as a thief to infiltrate into the underworld. The bad guys are surprised to find that Paramguru is the DCP, out to get them. So they all gang up against him. In this process a thrilling encounter takes place between the good and the evil. Paramaguru is helped in his fight against injustice by Divya who falls in love with him.",ajithkumar meerajasmine raghuvaran jayaprakashreddy adithyamenon,n.maharajan,
69667,Kadhal Sadugudu,2003-04-13,2003,ta,"[18, 10749]",1.2347,6.1,4,"Kadhal Sadugudu is a love-comedy movie directed by the director Durai of Mugavari fame. It stars Vikram and Priyanka Trivedi in the lead roles, with Prakash Raj in the supporting role of Priyanka's father. It flopped miserably at the box-office.The film starts off with Prakash Raj, and how he's an important man in the village. when the temple festival starts,Kausalya(Priyanka) goes to her grandpa's house to celebrate. there she meets Suresh(Vikram) and they fall in love.",vikram priyankaupendra prakashraj vivek m.n.nambiar,v.z.durai,
276029,Priyamaana Thozhi,2003-07-11,2003,ta,"[10751, 18]",0.8276,6.4,7,"Two childhood best friends, who does not share any love interest, get married to two other people. But, problem arises when his wife doubts their friendship and his friend's husband's father asks him break their friendship.",r.madhavan sridevivijayakumar jyothika vineethradhakrishnan manivannan,vikraman,friendship enduring friendship
111540,Lesa Lesa,2003-05-16,2003,ta,"[18, 10749]",0.6521,6.8,6,"Chandru's grandfather is going to visit him but Chandru has spent all his money. So he requests his wealthy friend, Rakesh, to pose as the owner of all the riches till his grandfather stays with him.",shaam trishakrishnan r.madhavan vivek cochinhaneefa,priyadarshan,
69533,Kadhal Konden,2003-07-04,2003,ta,"[18, 10749, 53]",0.6727,7.8,21,"A genius-yet-introverted orphan, raised by a church priest, is sent to college where he turns out to be a social outcast. Although he is shunned by the majority of the other students, one girl shows him kindness and befriends him. Things take a turn when he falls for her, and she in turn falls for another classmate.",dhanush soniaagarwal danielbalaji srikanth nagesh,selvaraghavan,psychopath sociopath tragic love abused
69638,Pithamagan,2003-10-24,2003,ta,"[28, 18]",0.6692,7.5,40,"A young orphan grows up in a graveyard and is devoid of any human feelings; when he leaves the cemetery and meets people, he experiences emotions for the first time.",vikram suriya sangeethakrish laila karunas,bala,undertaker emotionless
277880,Winner,2003-09-27,2003,ta,"[10749, 28, 35]",0.745,4.6,8,"A young man moves to his hometown; here he falls in love with the village head's daughter. The village head learns about this and he has the girl abducted; if the young man tries to rescue her, his parent's life will be at stake.",prashanth kiranrathod vadivelu m.n.nambiar m.n.rajam,sundarc,love interest character comedy
78629,Paarai,2003-06-14,2003,ta,[18],0.5187,7.0,1,,r.sarathkumar jayaram meena ramyakrishnan vadivukarasi,k.s.ravikumar,
166228,Jay Jay,2003-11-14,2003,ta,[10749],0.4746,7.2,5,"Jagan and Jamuna spend all day chatting on their first meeting. Jamuna puts down her details on a 100 rupee note declaring that if the note comes back to Jagan, then they are destined to meet.",r.madhavan priyankakothari poojaumashankar kalabhavanmani delhiganesh,saran,
330629,Kaakha Kaakha,2003-08-01,2003,ta,"[80, 53, 28]",0.6349,7.5,36,"After a police team kills his brother, a drug-dealing gangster vows to kill the entire team and their respective families.",suriya jyothika jeevan danielbalaji devadarshini,gauthamvasudevmenon,police organized crime
312228,Aasai Aasaiyai,2003-01-31,2003,ta,"[10751, 18]",0.4627,0.0,0,"When young Shweta suddenly elopes with her beau, the road to romance takes an unexpected turn for her sister Brinda (Sharmilee) in this engaging love story. To keep her from following Shweta's lead -- and adding to their father's heartache -- a family friend enlists a gumshoe named Vinod (Jeevan) to tail Brinda. Along the way, Vinod and Brinda fall for each other … while her oblivious dad is busy arranging a marriage for Brinda.",jiiva sharmelee rameshkhanna anandaraj nassar,ravimariya,
69531,Thiruda Thirudi,2003-09-05,2003,ta,"[18, 10749, 35, 28]",0.5412,6.1,8,"Vasu is a prankster who whiles away his time teasing girls and getting scolded by his father. But when one of his pranks results in his brother getting jailed, he decides to turn over a new leaf.",dhanush chayasingh karunas manikkavinayagam ilavarasu,subramaniamsiva,
322341,Joot,2003-12-19,2003,ta,[28],0.5272,0.0,0,"Eashwaran, a man from a small village, moves to his brother's house in Chennai with his ailing father. However, his life turns upside down when his brother incurs the wrath of a local thug.",srikanth meerajasmine vivek murali fefsivijayan,n.azhagamperumal,
322930,Anbe Anbe,2003-05-01,2003,ta,"[10749, 10751, 18]",0.6563,6.5,1,"Anbe Anbe is a Tamil Family Drama Film. Nambiar and his wife Manorama head a large family with their two sons, one daughter and their spouses and children. Shaam, one of their grandsons, is loved by all while Yugendran, who works in the city, is the black sheep of the family. Shaam and Sharmili, Nambiar's grand daugther fall in love but it soon develops into a love triangle when Yugendran starts believing Sharmili is in love with him and so falls for her too.",shaam sharmilee m.n.nambiar ramyakrishnan yugendran,s.manibharathy,love triangle
79412,Parthibhan Kanavu,2003-05-23,2003,ta,"[18, 10749]",0.702,6.1,4,"Parthiban, a young marketing executive, discovers that the woman he has fallen in love with is the same one that his parents want him to marry, but, he learns an unexpected truth.",srikanth sneha vivek manivannan devadarshini,karupazhaniappan,
69565,Jayam,2003-03-03,2003,ta,"[28, 35, 18]",0.6794,6.6,10,"Sujatha falls in love with Ravi even though she is betrothed to Raghu. When Raghu learns about the relationship, he tries to harm Ravi and does everything in his capacity to marry Sujatha.",ravimohan sadha gopichand rajeev pragathimahavadi,mohanraja,
69558,Thithikudhe,2003-03-03,2003,ta,"[10749, 35, 28]",0.4398,7.5,1,"Chinnu and Anuradha, two childhood friends who are in love with each other, are seperated at an early age. Years later, fate brings them together in an unexpected way.",jiiva vivek sridevivijayakumar shrutika devan,brindasarathy,
335916,Sena,2003-04-12,2003,ta,"[18, 80]",0.4874,0.0,0,"Sena, a hard working man, works for a criminal named Masthan, to help his brother Arvind in becoming a lawyer. Problems arise when Arvind is killed by Masthan for raising his voice against him.",sathyaraj anandaraj aravindakash charulatha vijayan,sujeeth,
371379,Pop Carn,2003-01-24,2003,ta,"[10402, 10751, 18]",0.4387,5.0,1,"Popular music director Vikramaditya returns from a long sabbatical to work with a young music troupe and falls in love with a fusion dancer Jamuna. The two marry but fall apart due to their clashing artistic egos. Vikraman's daughter Megha attempts to re-unite her father and mother, but fails.",mohanlal simran kunalshah jyothinaval urvashi,nassar,
335959,Aalukkoru Aasai,2003-09-12,2003,ta,[],0.7342,0.0,0,"Arivalagan plans on leading a happy life by marrying an independent educated girl. However, his life turns upside down when his orthodox grandparents force him to marry an illiterate woman",sathyaraj meena vadivelu senthil vadivukarasi,v.sekhar,
78626,Diwan,2003-10-10,2003,ta,"[18, 10749]",0.4642,6.0,1,"Raghavan (Sarathkumar) and Velu (Vadivelu) work as cooks in a non-veg hotel. Raghavan loves Geetha (Kiran) who is the daughter of a rich man (Vijayan), but her father is against this love and insults him as a poor man. Raghavan challenges that he will be rich in a year. There is a subplot in the story, for Meenakshi (Sharmili), a daughter from a rich family; she is the apple of the eye of the family. Meenakshi ran home with her lover Raju, who worked as a driver to her house. He tells that his friend Dinesh will help them. However, Raju escaped because he saw a bad dream where he is killed by her family as if it will happen in reality. Due to that he vanishes. Raghavan understood her plight and helps her.",r.sarathkumar kiranrathod sharmilee vadivelu ponnambalam,suryaprakash,
78953,Thennavan,2003-08-15,2003,ta,"[18, 28]",0.75,2.5,2,"Thennavan, a successful bureaucrat, is appointed as the Chief Election Commissioner of the country by the Prime Minister himself. But his radical plan to fix the electoral system goes wrong.",vijayakanth kiranrathod nassar urvashi ravichandran,nandhakumaranm,
63819,Kurumbu,2003-11-21,2003,ta,"[18, 35, 10749]",0.7121,1.0,1,It is a triangular love story between three young teenagers. The story portrays how the hero finds his true love.,allarinaresh nikitathukral diya nassar pyramidnatarajan,vishnuvaradhan,coming of age remake
879607,Three Roses,2003-09-27,2003,ta,"[28, 12]",0.7744,2.0,1,"When Charulatha, Nandhu and Pooja return from abroad, they find out that their friend has been arrested for travelling on a fake passport. After learning that she is innocent, they decide to help her.",jyothika rambha laila vivek urvashi,sakthiparamesh,
505151,Eera Nilam,2003-08-08,2003,ta,"[10749, 10751, 18]",0.7011,0.0,0,"Doraisamy lives with his mother and his two sisters-in-law, tending their land while his brothers are off fighting with the military in Kashmir. A local girl is smitten with Doraisamy, and he takes a liking to her as well. Everything is wonderful at home when Doraisamy's brothers come back on leave, but all that is temporary, as his brothers are quickly called back to battle in Kashmir. What transpire later forms the crux of the story",manojbharathiraja nandithajennifer suhasinimaniratnam vadivelu ilavarasu,bharathiraja,brother
280990,Kadhaludan,2003-02-13,2003,ta,[],0.3996,0.0,0,"Kadhaludan is a 2003 Tamil film directed by Rajakumaran. The film stars Murali, Devayani, Abbas and Ramesh Khanna in lead roles.",murali devayani abbas rameshkhanna t.s.raghavendra,rajakumaran,
69657,Thirumalai,2003-10-24,2003,ta,"[28, 35, 18, 10749]",0.4813,5.9,15,"Thirumalai, a mechanic, falls in love with Sweta, but her businessman father opposes the union and sends a gangster to break up the romance. Will their love prevail?",vijay jyothika raghuvaran vivek krishnakumarramakumar,ramana,
257075,Julie Ganapathi,2003-02-01,2003,ta,"[27, 53, 10402]",0.4656,7.5,2,"Tenkasi, the creator of a hit television show, finds himself in the house of Julie, a fan, after an accident. However, she reveals herself to be emotionally unstable and potentially dangerous.",saritha jayaram ramyakrishnan delhiganesh juniorbalaiah,balumahendra,based on novel or book musical foreign language adaptation adaptation
63646,Puthiya Geethai,2003-05-08,2003,ta,"[18, 10749]",0.4877,5.0,8,"Sarathy is a brilliant and carefree young man who is unaware that an astrologer has predicted his death at the age of 27. Eventually, he comes to loggerheads with Reddiar over a land deal gone bad.",vijay meerajasmine ameeshapatel kalabhavanmani karunas,k.p.jagannath,astrology accepting death
263881,Dum,2003-04-12,2003,ta,"[10749, 28]",0.491,5.0,2,"Satya (Silambarasan) is the son of a police constable. He gets into fights and ends up in jail where his own father gets him out on bail. While he is returning home from a party drunk, a group of college students beat him up. That is when Suchitra (Rakshitha) comes and takes him to the hospital and gives blood. She is the daughter of a police commissioner. Later, Satya falls in love with Suchitra. That leads to several problems which are faced bravely by Satya in the later part of the film. Finally, all goes well, and Satya also receives the letter confirming his selection for IPS.",silambarasan rakshita ashishvidhyarthi delhiganesh radharavi,a.venkatesh,
63647,Ghilli,2004-04-17,2004,ta,"[28, 35, 10751, 10749]",1.7537,7.2,71,"Muthu Pandi, a village strongman, decides to marry Dhanalakshmi, and begins his quest by eliminating everyone who opposes their union - starting with both her brothers. In desperation, Dhanalakshmi decides to escape from the village, and in the process is unwittingly assisted by a university Kabaddi player Velu.",vijay trishakrishnan prakashraj ashishvidhyarthi janakisabesh,dharani,remake kabaddi
66505,Gajendra,2004-09-22,2004,ta,[28],1.2554,4.0,3,"Gajendra is the remake of  Telugu film Simhadri and was later dubbed in Hindi as Return of Khuda Gawah. Gajendra (Vijayakanth), an orphan, is adopted and grows up under Azhagarsamy's (Sarath Babu) family care. Azhagarsamy considers him like his own son. Kasthuri (Flora), Azhagarsamy's granddaughter, falls in love with Gajendra. Gajendra takes of a mentally ill girl called Indhu (Laya). The rest of the story is about why he took care of her.",vijayakanth laya rameshkhanna radharavi sarathbabu,sureshkrissna,
48760,Vasool Raja MBBS,2004-08-14,2004,ta,[35],1.2768,6.8,30,"A goon, Rajaraman, enrols himself in a medical college to fulfil his father's dream. He defies the college rules and creates problems for Dr Vishwanathan.",kamalhaasan prakashraj prabhu sneha nagesh,saran,
69525,Sullan,2004-07-23,2004,ta,[28],1.1112,4.9,4,A man is forced to fight back when a moneylender goes after his family and friends.,dhanush sindhutolani manivannan pasupathy sanghavi,ramana,
69629,Kovil,2004-01-14,2004,ta,"[18, 28, 10749]",0.9949,5.4,11,"Shaktivel and Angel, who belong to rival villages, fall in love with each other. However, as Angel's father is unhappy with her choice of groom, he forces her to become a nun.",silambarasan soniaagarwal nassar vadivelu charle,hari,
78628,Chatrapathy,2004-02-03,2004,ta,"[18, 28, 10749]",0.8271,5.0,2,"Chatrapathy movie tells the story of Saravanan(Sarathkumar) who works as the bus driver for a ladies college and Nikitha, one of the college students, has fallen for him. When four goondas belonging to a caste-based political party get off easy after causing the death of a young woman, Saravanan takes justice into his own hands and kills them.Eventually we learn of his past as Chatrapathi, a decorated major in the army and the reason behind his enmity with Chakravarthy(Mahadevan), the leader of the same political party.",r.sarathkumar nikitathukral saranyaponvannan pithamaganmahadevan rambha,srimahesh,
66340,Virumaandi,2004-01-14,2004,ta,"[18, 28]",1.3621,7.0,35,"Angela, a civil advocate interviewing inmates at the Madras Central Prison for a documentary on the death penalty meets Virumaandi and Kothaala, who are sentenced to death and life respectively for their roles in perpetrating the massacre of 24 people during a brutal clash between feuding villages. As tensions mount within the prison walls, she listens to their conflicting accounts of the same story.",kamalhaasan pasupathy napoleon abhirami rohini,kamalhaasan,
423348,Adhu,2004-10-15,2004,ta,[27],0.8645,0.0,0,"Meera, a blind woman who plays the violin as part of a blind orchestra at a church, is joyous when she gets back her eyesight as a result of an eye transplant. But her joy is shortlived as she soon starts having visions of the ghostly image of a woman, that seems to follow her around. Her psychiatrist Arvind(Arvind), who is also in love with her, is initially skeptical but strange happenings convince him otherwise and he begins to help her understand whats behind her visions.",sneha abbas saranyaponvannan shanmugarajan aryan,rameshbalakrishnan,
69627,Manmadhan,2004-11-12,2004,ta,"[80, 10749, 53]",0.8276,5.9,19,"When Mythili meets Madhan, she's at once attracted towards and terrified of him since he looks exactly like the serial killer from her nightmares.",silambarasan jyothika sindhutolani goundamani atulkulkarni,muruganaj,serial killer
24448,7G Rainbow Colony,2004-10-15,2004,ta,"[18, 35, 10749]",1.2957,6.7,27,"Kathir is a young underachiever who frequently vents his frustrations through public outbursts. When Anitha, a North Indian girl whose family has fallen on hard times, moves into his housing colony, he soon decides to pursue her with his love, but she keeps rejecting his advances.",ravikrishna soniaagarwal sumanshetty vijayan chandramohan,selvaraghavan,tragic love late coming of age
63816,M. Kumaran S/O Mahalakshmi,2004-09-03,2004,ta,[10749],0.9697,6.7,26,"Kumaran's life is all about his mother Mahalakshmi, who is separated from her husband Eshwar. Kumaran is passionate about kickboxing and he shares a very special relationship with his mother. In between, Kumaran falls in love with Malabar. But his life is destroyed after his mother's death. On the deathbed she tells her son to meet his father, a kick boxing champion, who lives in Malaysia. Kumaran goes to Malaysia to meet him and he comes...",ravimohan asinthottumkal nadhiya prakashraj vivek,mohanraja,
63674,Arul,2004-05-07,2004,ta,[18],1.3491,6.4,7,"Arul, who works in a mill, is the youngest of four brothers in a family of goldsmiths. Once, Arul's brother stole a chain due to financial circumstances. As Arul had taken the blame for it, he was labelled as a ""thief"" and seen as a black sheep by his father. Thus, he vows never to make a gold ornament ever again. Kanmani, who moves into the opposite house, begins by playing tricks on him, but eventually falls for his character. Arul doesn't believe in love, and keeps his distance from her. One day, when Arul's father scolds him in the temple,",vikram jyothika pasupathy kollamthulasi vadivelu,hari,
60589,New,2004-07-16,2004,ta,"[35, 878, 10749]",0.9565,7.1,18,"An 8-year-old boy runs away from home and meets a scientist, who transforms him into a young man of 28, although mentally, he remains a child.",s.j.suryah simran kiranrathod devayani aishwaryabhaskar,s.j.suryah,
333774,Kangalal Kaidhu Sei,2004-02-20,2004,ta,"[10749, 80, 53]",0.7103,7.5,1,John Vaseegaran is a young man who ranks fifth richest millionaire in India and 30th on the international level. The plot opens in a graveyard where Vaseegran's parents' funeral takes place. He is not disturbed by the demise of his parents as he had not been showered with any affection by them instead concentrated only on making money. A lady of his community expresses her condolence to him and leaves. While getting into her car she finds her diamond ring is missing and screams; the lost ring is in Vaseegaran's pocket.  Vasee inherits the huge property of his parents and becomes the chairman of 32 companies in his twenties. Though rich he seeks true motherhood affection. He imagines his dream girl and names her Cinderella. He is a Kleptomaniac. He consults his family doctor for a solution. The doctor instructs him to get into love.,vaseegaran priyamani ilavarasu chitralakshmanan mayilsamy,bharathiraja,
80228,Kudaikul Mazhai,2004-09-03,2004,ta,"[10749, 18]",0.7238,6.2,2,"An autorickshaw driver bumps into a beautiful young woman at a coffee shop, who seems to be smitten by him. He does not take her seriously at first, but finds his whole world turned upside down when he falls for her.",r.parthiban madhumitha sriman deepavenkat,r.parthiban,
69394,Attagasam,2004-11-12,2004,ta,"[28, 18]",0.8821,5.5,14,"Twin brothers Jeeva and Guru are separated in childhood by tragedy and fate. When their paths cross years later—one a humble driving instructor, the other a feared gangster—their identities collide, leading to a tale of revenge, redemption, and the enduring bond of family.",ajithkumar poojaumashankar sujatha nizhalgalravi babuantony,saran,dual role
335946,Jore,2004-11-12,2004,ta,[],0.6005,6.0,1,"Sabapathy (Sathyaraj) is a widower cinema theatre owner and a school owner, he treats his son Sakthi (Sibiraj) like his friend. Sakthi falls in love with Shalini (Gajala) the daughter of, a corrupt politician, Lingam (Kota Srinivasa Rao). Vijay (Ramana) clashes against Sakthi at the college election and Sakthi wins it. Lingam, Vijay's father, enters in the conflict. After some fights, Sakthi kills Lingam and Vijay.",sathyaraj sibiraj gajala bhanupriya vadivelu,selva,
77013,Perazhagan,2004-04-16,2004,ta,"[35, 53]",0.7304,6.1,19,A hunchbacked phone booth operator loves a blind street dancer and wants to help her regain her sight. His lookalike is a constable in love with the commissioner's daughter.,suriya jyothika vivek manorama thalaivasalvijay,sasishankar,remake look-alike hunchback blind girl
63644,Madurey,2004-08-29,2004,ta,"[28, 18]",0.6744,4.8,16,"A vegetable vendor takes care of an elderly woman and her two young daughters, but he has a dark past that wants to catch up with him.",vijay soniaagarwal rakshita vadivelu pasupathy,ramanamadhesh,
69658,Udhaya,2004-03-28,2004,ta,[18],0.5462,5.1,5,"Udhayakumar and Vasanthi are collegemates and they fall in love. But soon he comes to know that she is engaged to be married. After he moves to Chennai and finds a job as a reporter at a magazine. He tries to fight for social change. In the process , he unknowingly gets to know a group of unsavoury characters who promise to help him in his goals. They frame him up. One day Udhaya is arrested for a crime involving a terrorist plot which he is not responsible. The movie is about how Vasanthi fights to prove his innocence and to get him out from behind bars.",vijay simran nassar vivek rajesh,n.azhagamperumal,
69439,Arasatchi,2004-09-22,2004,ta,"[28, 80, 18]",1.1752,6.0,1,Siddharth has suffered at the hands of corrupt lawyers and decides to kill all lawyers who help criminals evade the law. He doesn't even refrain from going against a lawyer who turns out to be family.,arjunsarja laradutta raghuvaran vivek riyasen,n.maharajan,arasatchi arjun
63825,Aayitha Ezhuthu,2004-05-21,2004,ta,"[28, 18, 53]",0.8945,7.1,38,"A goon, who dreams of making it big in life, a student leader, who strives to keep politicians away from college election and a third guy who wants to settle abroad. Their lives change after an incident on a bridge.",suriya r.madhavan siddharth meerajasmine eshadeol,maniratnam,politics idealist love domestic violence wife beater youth leader urban youth hyperlink cinema
79651,Dreams,2004-11-01,2004,ta,[10749],0.6856,0.0,0,"A young man is spoilt to the hilt by his father due to which he leads a wayward life. At one point in time he finds love and reforms, hopefully for the best. But destiny has other plans in store.",dhanush diya pyramidnatarajan parulyadav kuyili,kasthooriraja,
63678,Azhagiya Theeye,2004-07-30,2004,ta,"[18, 10749, 35]",0.7264,8.5,2,Azhagiya Theeye movie revolves around Chandran (Prasanna) is approached by a girl Nandhini (Navya Nair) to break her proposed marriage with a software engineer Aravind (Prakash Raj) from USA. She is forced by her father who is a thug (Pyramid Natarajan) to marry this guy. Later Chandran hatches a plan by which he meets Aravind at a restaurant and tells him that Nandhini is madly in love with him.,prasanna prakashraj navyanair abbas rambha,radhamohan,
78951,Neranja Manasu,2004-11-08,2004,ta,"[18, 28]",0.6344,3.5,2,"The villagers of Suriyakudi believe that young Ayyanar will be their saviour. He soon gets Sivanandi imprisoned for killing his own father, and years later, Sivanandi returns to kill him.",vijayakanth susan manorama vinuchakravarthy nassar,samuthirakani,
254169,Kamaraj,2004-02-13,2004,ta,[18],0.939,5.0,3,The film is a biographical sketch of the former Chief Minister of the then Madras State and the All-India Congress Committee secretary and a respected national figure. The film starts with the young age of Kamaraj and ends with the funeral procession of the leader.,richardmadhuram j.mahendran v.s.raghavan charuhaasan vijayan,a.j.balakrishnan,congress freedom fighter king maker kamaraj chief minister
140299,Autograph,2004-02-20,2004,ta,"[10749, 18]",0.6982,7.5,11,"Senthil, an advertising executive, decides to invite his old friends to his wedding. His past is unraveled as he sets out on a journey to meet his old friends and lovers.",cheran gopika sneha mallika kaniha,cheran,marriage nostalgia semi autobiographical tragic romance kerala
216676,Aethiree,2004-04-23,2004,ta,"[28, 35]",0.5834,4.7,3,"Subramani poses as a criminal to evict bachelor tenants from a Brahmin's house, but ends up helping one of them to kidnap his lover from her marriage. However, he faces trouble when he kidnaps the wrong girl.",r.madhavan sadha rahman kaniha vivek,k.s.ravikumar,
79789,Kaadhal,2004-12-17,2004,ta,"[10749, 18]",0.5901,6.9,6,"Murugan is a diligent scooter mechanic in Madurai, whose life goes on smoothly until a rich schoolgirl named Aishwarya sets her eyes on him. The infatuation reaches dangerous levels when she coaxes Murugan to take her away from the clutches of her family, which has other plans about her future.",bharathsrinivasan sandhya kadhalsukumar kadhalthandapani saranyanag,balajisakthivel,
69628,Kuthu,2004-04-14,2004,ta,"[28, 18, 10751]",1.016,5.0,4,"A man falls in love with a girl only to incur the wrath of her evil father, who tries several ways to keep the young couple apart.",silambarasan divyaspandana livingston kalabhavanmani karunas,a.venkatesh,remake
269718,Bose,2004-08-15,2004,ta,"[80, 28, 18]",0.5257,4.8,6,"Former army commando Bose gets fired after he stops a rapist's attack on a student. The young woman and Bose fall in love, but then his family is kidnapped, and he discovers that the rapist has connections to terrorists.",srikanth sneha nagesh kalabhavanmani thalaivasalvijay,senthilkumar,rape rape victim corrupt politician fight for justice
76967,Chellamae,2004-09-10,2004,ta,"[53, 10749]",0.7815,5.7,12,A young man follows his newlywed neighbour from Chennai to Goa when she moves there with her husband. He ends up kidnapping her when his obsession takes a drastic turn.,bharathsrinivasan reemasen vishalkrishna vivek girishkarnad,gandhikrishna,
335913,Maha Nadigan,2004-12-03,2004,ta,[18],0.5962,0.0,0,"Starting as an extra, Sathya shrewdly paves his way up to stardom as a leading hero. His ever-increasing popularity also leads him to joining an upcoming political party.",sathyaraj manojbharathiraja namitha mumtaj p.vasu,sakthichidambaram,
69414,Jana,2004-01-05,2004,ta,[18],0.6071,4.4,5,"Jana always stands for his villagers, against the atrocities committed by Veerapandi. Manimegalai, Veerapandi's daughter, falls in love with Jana, but is stunned when she learns about his past life.",ajithkumar sneha srividya manojkjayan radharavi,shajikailas,
69438,Giri,2004-01-10,2004,ta,"[28, 18]",0.7872,5.3,3,A man protects his best friend's widow and her children from a lot of criminal outlays who have murdered their father,arjunsarja reemasen vadivelu prakashraj divyaspandana,sundarc,
69528,Pudhukottaiyilirundhu Saravanan,2004-01-14,2004,ta,"[28, 10749]",0.5489,4.8,5,"Saravanan comes to Singapore for a job but lands in trouble, loses his passport and is on the run. Desperate to get back home, he accepts the job of taking a girl to India in return for a hefty sum.",dhanush aparnapillai karunas mayoori peterhein,s.s.stanley,
277881,Jai,2004-01-14,2004,ta,[10749],0.594,5.5,1,Jai is dubbing version of Telugu movie Aadi. The movie is all about a young man and how he struggles to uplift of a particular community. Prashanth and Anshu are college students.,prashanth anshu thyagarajan rajkiran dhamu,s.narayan,
262600,Shock,2004-05-01,2004,ta,"[53, 27, 18]",0.7074,4.0,1,"Shock is an urban supernatural thriller set in urban surroundings.Satya (Prashanth), a married stock analyst is in search of a flat for him and his wife Sumi. He chooses a flat on the 12th floor of a huge building at Chennai. The flat has problem. The previous tenant, a young lady commits suicide in that apartment. On hearing this Sumi starts to lose sleep. She becomes distressed. Each night becomes a nightmare for her. What Satya thinks is a psychological problem begins to unravel into the unexplainable. He becomes helpless in the fight to save Sumi; Satya will have to reach out into the horrifying discovery --- The truth.",prashanth meena thyagarajan abbas suhasinimaniratnam,thyagarajan,
856110,Adi Thadi,2004-03-05,2004,ta,[35],0.5747,5.0,1,"Tirupati (Sathyaraj) is a criminal who commands respect from state heads like the CM. He hates women and remains a bachelor even at the age of 50. A naughty college student Priya (Rathi) grabs Tirupati's attention though a beauty contest, and there he falls in love with her and proposes to her. Then, Priya's life turns to disaster",sathyaraj napoleon abbas rathiarumugam sukanya,t.shivraj,
353757,Vaanam Vasappadum,2004-04-16,2004,ta,[18],0.5268,0.0,0,"Karthik, a young lawyer falls in love with Poongothai, daughter of a businessman Vijayakumar. Vijayakumar and Poongothai's sister run a Multi-level marketing and are imprisoned for false accusations. Karthik brings Poongothai to his parents and seeks the permission from them – Nasser, a speech impaired person and Revathy, his mother. Karthik and Poongothai eventually get married after his parents consent.",karthikkumar poongkothaichandrahasan revathi nassar thalaivasalvijay,p.c.sreeram,
19978,Anniyan,2005-06-17,2005,ta,"[28, 18, 53, 80]",2.0891,7.4,113,"Unable to bear the growing corruption in society and rejection from his love interest,  a meek lawyer becomes diagnosed with multiple personality disorder due to which the personalities of  a vigilante killer and a metrosexual start existing within him.",vikram sadha prakashraj vivek nedumudivenu,shankar,romcom vigilante lawyer split personality multiple personality dissociative identity disorder
35643,Aaru,2005-12-09,2005,ta,"[10749, 28, 80]",1.4277,6.0,24,"A thug, with his partners, is chosen to work for a criminal gang and he becomes the left-hand man of the leader. The leader declares a war against another criminal and the thug has to protect him despite losing his friends.",suriya ashishvidhyarthi trishakrishnan vadivelu kalabhavanmani,hari,goon slum dweller
53122,Chandramukhi,2005-04-14,2005,ta,"[35, 27, 18]",1.439,6.9,67,"Creepy happenings in an abandoned mansion are attributed to the ghost of an ancient courtesan, back for revenge.",jyothika rajinikanth prabhu nassar vadivelu,p.vasu,supernatural remake dissociative identity disorder
63641,Sachein,2005-04-14,2005,ta,"[18, 10749]",1.3165,6.4,31,"A happy-go-lucky college student falls in love with a beautiful young woman at first sight, but decides to use a unique approach to get close to her, as she has many admirers in the college. How will their relationship evolve?",vijay geneliad'souza bipashabasu vadivelu raghuvaran,johnmahendran,young love college love
63666,Arinthum Ariyamalum,2005-05-20,2005,ta,"[28, 18]",1.2054,6.8,10,"A college student files a police complaint against the adopted son of a gangster for shooting his girlfriend. However, the gangster is shocked to learn that the student is his real son.",arya navdeep prakashraj samekshaoswal adithyamenon,vishnuvaradhan,
77082,Oru Kalluriyin Kathai,2005-09-02,2005,ta,[18],1.1889,3.0,3,"After graduating, a young man and a girl, who are in love with each other, promise to meet again after five years in their college campus. When he does show up on the set day, his friends are shocked to see that he has completely changed.",arya soniaagarwal jaivarma santhanam charuhaasan,nandhaperiyasamy,
69636,Ghajini,2005-10-14,2005,ta,"[28, 10749, 53]",1.0345,6.8,98,"After being hit by an iron rod, Sanjay Ramaswamy, a business tycoon, suffers from anterograde amnesia. He is unable to remember anything beyond fifteen minutes. Under such circumstances, he sets out on a quest to find the people who were responsible for his lover Kalpana's murder.",suriya asinthottumkal nayanthara pradeepramsinghrawat riyazkhan,a.r.murugadoss,revenge murder tragic love tragic event nonlinear timeline injustice short-term memory loss
99414,Kanda Naal Mudhal,2005-11-20,2005,ta,"[10749, 35]",1.0379,5.5,4,Two youngsters meet in a marriage hall and fight with each other and thereafter every-time they meet they end up fighting with each other. But there comes a time when this animosity turns to love.,prasanna laila karthikkumar lakshmi revathi,v.priya,
335920,Vanakkam Thalaiva,2005-12-22,2005,ta,[],0.753,0.0,0,"The plot is dramatically woven around the different roles donned by Satyaraj and the reason behind him taking up such roles. The movies begins with Manickam (Sathyaraj) kidnapping Divya (Susan), who is the girl friend of Mano (Abbas). Mano decides to rescue Divya, but fails to do so after repeated attempts. In every attempt he is foiled by Manickam through one of his many disguises.  At this point Mano’s friend Aruchamy (Vivek) comes to help him in his dilemma. Aruchamy is a suspended police office and appoints Manickam to be his lorry cleaner. This way he and Mano trace out where Divya is held. Mano, realizing that it is Manickam who has been foiling his attempts to rescue Divya, goes to the place where she is kept hidden along with the police. This is where the plot twister starts",sathyaraj abbas susan pranathi vivek,sakthiparamesh,
80246,Chanakya,2005-09-26,2005,ta,"[28, 10749]",0.6939,4.8,3,Chanakya in this movie Ganesh (Sarath Kumar) is an auto driver. He is earning money to help the poor and the needy.Ganesh likes to be in publicity for that he will do kidnap and murder. Then he will be maximum publicity in the media as a person crazy only for publicity. Later people begin to call him 'Publicity' Ganesh.,r.sarathkumar namitha vadivelu laya,a.venkatesh,
63638,Sukran,2005-05-07,2005,ta,"[28, 18]",0.8682,1.0,2,"College students Ravi and Sandhya are love birds. When Sandhya's mother and a village panchayat chief come to know of their affair, she puts spokes in their wheel, but the Ravi's father sends the pair to Chennai. Upon reaching Chennai, a corrupt police officer apprehends Ravi on a complaint that he had murdered his father when he put his foot down on their affair.",ravikrishna vijay nassar rambha rajanpdev,s.a.chandrasekhar,
48759,Sivakasi,2005-11-01,2005,ta,"[18, 28]",0.9459,5.4,28,"Muthappa is forced to leave his house at a young age for a crime that his older brother, Udayappa, committed. When he returns home, he learns about his brother's antics and decides to punish him.",vijay asinthottumkal prakashraj nayanthara geetha,perarasu,
1123858,Kettavarellam Padalam,2005-08-15,2005,ta,[],0.5675,0.0,0,Three friends struggle to cope with their personal and professional lives as they deal with jealousy and loss of loved ones.,r.madhavan namratashirodkar sanjaysuri,anandmahadevan,
76965,Sandakozhi,2005-12-16,2005,ta,"[28, 10749]",0.9414,6.9,16,"Balu, on a visit to his friend's hometown, falls for the latter's sister, Hema. When he learns that this area is ruled by a local goon, Kaasi, Balu teaches him a lesson. Now, Kaasi is seeking revenge.",vishalkrishna meerajasmine rajkiran lal sumanshetty,n.linguswamy,goon mass hero
69572,Mumbai Xpress,2005-04-15,2005,ta,"[28, 35]",0.6289,5.8,13,A young man's journey in Mumbai as a kidnapper.,kamalhaasan manishakoirala nassar ompuri santhanabharathi,singeetamsrinivasarao,kidnapping child kidnapping
99193,Kana Kanden,2005-05-13,2005,ta,"[10749, 18]",0.772,6.2,9,"Bhaskar, a research scholar in chemistry, succeeds in coming out with a prototype of a desalination plant which he wants to give to the government and solve a water crisis. Unable to secure proper funding, he meets Madan who promises to finance his project.",srikanth gopika prithvirajsukumaran vivek vanithakrishnachandran,k.v.anand,
60578,Ayya,2005-01-14,2005,ta,"[18, 10749]",1.2061,5.4,7,A honest and peace loving village man turns into a politician but his past haunts him till he seeks redemption by surrendering himself to law.,r.sarathkumar napoleon nayanthara vadivelu prakashraj,hari,
69670,Majaa,2005-11-02,2005,ta,"[28, 35, 18, 10749]",0.8775,5.3,6,"Govindan (Manivannan) is a thief who has two children. Aadhi (Pasupathy) and Mathi ('Chiyaan' Vikram). Years go by and the two, Aadhi and Madhi, decide to stop stealing and mend their ways and lead a hardworking life along with their father. They migrate to neighboring village and meet a retired agricultural officer, Chidambaram (Vijaya Kumar) who is in deep debts and is under pressure from the village's landlord, Kalingarayar (Murali) to clear his debts. In efforts to help Chidambaran, Mathi confronts Seetha Lakshmi (Asin), Kalingarayar's daughter, who comes to collect the money Chidambaram owes her father. Seetha Lakshmi starts to acquire a liking for Mathi but keeps it hidden due to her father's atrocious temper. In an attempt to teach Kalingarayar a lesson, Mathi forcibly ties the mangalsutram around Seetha's neck. Kalingarayar, realizing his daughter's love for Mathi...",vikram asinthottumkal pasupathy vadivelu manivannan,shafi,remake
1123617,Andha Naal Nyabagam,2005-08-19,2005,ta,[18],0.6507,0.0,0,"Gurumoorthy falls in love with Raga at first sight and is ecstatic to find that she is his neighbour. However, Ritha, his mentor's daughter, also loves him and he must choose between the two women.",ramana sridevika tejashree vadivelu y.g.mahendran,s.manibharathy,
69637,Maayavi,2005-05-05,2005,ta,"[35, 10749]",0.9143,6.5,7,"A famous actress, after being kidnapped by a fan of her's, starts liking him.",suriya jyothika himanishivpuri sathyansivakumar aarthi,singampuli,kidnapping
69626,Thotti Jaya,2005-05-09,2005,ta,[18],0.6215,5.5,4,Jaya is an orphan and a born rowdy working in a hotel as a helper. He loves Brinda who also his boss's daughter.,silambarasan gopika pradeepramsinghrawat g.m.sundar ceylonmanohar,v.z.durai,
519852,Chidambarathil Oru Appasamy,2005-08-24,2005,ta,[18],0.5483,0.0,0,"A school teacher in Chidambaram who is a jack of all trades but master of none. He spends time with friends boozing, gambling and trying out new business that always fails. Fearing his wife and relatives he decides to join a mutt but there also he is unable to sustain.",thangarbachan navyanair sundarrajan pyramidnatarajan jagan,thangarbachan,
262601,Thavamai Thavamiruntu,2005-10-31,2005,ta,"[18, 10751]",0.5622,6.7,6,"The film sensitively portrays the struggles of a father whose main priority in life is the well being of his children, and who is determined to see his children grow up to become decent, successful persons.",cheran rajkiran padmapriyajanakiraman saranyaponvannan senthilkumar,cheran,parent child relationship
69436,Chinna,2005-05-05,2005,ta,"[28, 18]",0.8408,2.5,2,Chinna (2005) is a love-drama thriller Tamil language movie directed by the Tamil Director Sundar C. It stars Arjun Sarja and Sneha in the lead roles. It did reasonable business at the box-office.,arjunsarja sneha vikramaditya vijayakumar mansooralikhan,sundarc,
69587,Priyasakhi,2005-04-14,2005,ta,"[18, 28]",0.8948,3.4,5,"Sakhi, a car company manger, falls in love with Priya, a model. They decide to get married, but their different family backgrounds seem to ruin their relationship.",r.madhavan sadha rameshkhanna aishwaryabhaskar prathappothan,k.s.adiyaman,
63642,Thirupaachi,2005-01-14,2005,ta,"[28, 53]",0.6194,5.7,21,"Sivagiri, a blacksmith from a village, visits Chennai to meet his sister and her husband. When he sees the city is not a safe residence for commoners, he takes the matter into his own hands.",vijay trishakrishnan mallika kotasrinivasarao manojkjayan,perarasu,
77081,Ullam Ketkumae,2005-06-03,2005,ta,"[18, 10749]",0.7426,7.2,8,"A friendship between college friends Shyam, Priya and Pooja suffers when Shyam confesses his love for Priya, leaving Pooja, who also loves him, heartbroken.",shaam arya laila asinthottumkal poojaumashankar,jeeva,college love
69435,Aanai,2005-05-05,2005,ta,"[28, 18, 53]",0.6756,4.5,2,"Vijay is an ex-cop who was framed up after he cleaned the city of the scum of the earth including nine encounter killings of dreaded gangsters. Now out of work, he is persuaded by his former boss to be the bodyguard of 8-year-old Priya whose parents are millionaires. He is hired to protect the little girl from kidnappers who are on the prowl. The kidnappers are led by a loony militant called 'Ahmed Khan' who manages to kidnap Priya and humiliate Vijay. The rest of the film is how Vijay assisted by two glam girls mete out vigilante justice in a cat-and-mouse game with the kidnappers.",arjunsarja namitha keerthichawla sanghavi vadivelu,selva,unofficial remake
63823,Daas,2005-12-02,2005,ta,"[28, 18]",0.5855,4.3,3,"Antony falls in love with Rajeswari who belongs to an upper caste family. When her father kills her sister for marrying a man from the lower caste, she decides to elope with Antony.",ravimohan renukamenon vadivelu adithyamenon monica,babuyogeswaran,
69413,Ji,2005-02-21,2005,ta,"[28, 18]",0.9513,5.5,10,"Vasu (Ajith), a final year college student is happy go lucky. But he is forced to contest elections in the college after being persuaded by his friends (Venkat Prabhu and Arun). He, however, incurs the wrath of the local MLA Varadharajan (Charanraj), whose son is studying in the college, contests the elections too. In the course of events, the MLA's gang attacks Vasu and his friends. It's here that Vasu's father (Vijayakumar) advises the students to take a plunge in politics and teach the bad apples like Varadharajan a lesson",ajithkumar trishakrishnan charanraj vijayakumar manivannan,n.linguswamy,
79413,Oru Naal Oru Kanavu,2005-08-26,2005,ta,"[18, 10749]",0.4846,2.0,2,"The story revolves around Maya (Sonia Agarwal), a college student, who always wants to triumphs in all her endeavors. She comes across a middle class youth, Cheenu (Srikanth), a happy-go-lucky-youngster, who strives to work hard to get his sisters married well.",srikanth soniaagarwal nizhalgalravi ilavarasu remyanambeesan,fazil,family brother sister 
63822,Mazhai,2005-08-30,2005,ta,[10749],0.6009,5.0,4,"Arjun, an unemployed youngster and Deva a powerful don both fall in love with Sailaja, a middle-class beauty, at the same time on a rainy day at a railway station. Arjun keeps bumping into Sailaja coincidentally every time it rains. This makes them both feel that it is perhaps the rain that keeps bringing them together, and they start to fall in love. Deva, on the other hand, takes the back-door route to get the girl, with the help of her good-for-nothing father.",ravimohan shriyasaran vadivelu rahuldev kalabhavanmani,sairajkumar,
79804,February 14,2005-07-01,2005,ta,"[35, 10749, 18, 10751]",0.4686,0.0,0,"Shiva (Bharath) enters into St.Peters college, Bangalore and meets Pooja (Renuka Menon), who was born and brought up in the United States and has come to India to stay with her grandparents while completing her college education. Shiva falls in love with her but soon realises that their characters are totally different. Pooja feels alone, like a fish out of water in India and she wants to return to the US. So Shiva thinks about a plan to get her to stay and he expresses his love to her by creating a fictitious character MR X but never reveals about the character till the end. Pooja who got impressed by MR X refuses to see him in the later stage but understand and accepts shiva's true love.",bharathsrinivasan renukamenon ajmalameer santhanam pyramidnatarajan,s.p.hosimin,
269724,Aayudham,2005-01-14,2005,ta,[],0.8472,4.0,1,"Siva(Prashanth) is admitted to a medical college in Chennai and his father(Rajesh), a police constable, gets a tranfer to Chennai too so that he can keep an eye on Siva. He develops a liking towards Mahalakshmi(Sneha), his collegemate. But Naga(Subburaj), Maha's servantmaid's son, is obsessed with making Maha his own.",prashanth sneha subbaraju vadivelu rajesh,m.a.murugesh,
81130,Jithan,2005-05-06,2005,ta,"[18, 10749]",0.5551,7.5,1,"A girl breaks up with her lover after a rich guy proposes marriage to her. The lover gets the power of invisibility due to an accident; he uses this to hurt his rival, play tricks on people and even commit crime.",jithanramesh poojaumashankar r.sarathkumar kalabhavanmani livingston,vincentselva,invisible person
69556,Raam,2005-03-04,2005,ta,"[28, 18, 53]",0.6418,7.7,8,Ram is falsely charged for killing his mother. His neigbours are also called for interrogation. Everyone's effort leads to tracking down the real killer.,jiiva rahman gajala saranyaponvannan prathappothan,ameer,
309888,Englishkaran,2005-01-01,2005,ta,[],0.7,4.0,3,"Thamizh fully supports his wife's ambition of being an athlete. After her death, he is determined to help her sister Sandhya, a gifted singer, realize her dream although her father is dead against it.",sathyaraj namitha vadivelu madhumitha kadhalthandapani,sakthichidambaram,
753853,Vetrivel Sakthivel,2005-12-09,2005,ta,"[35, 10751]",0.3726,0.0,0,"Although he has cleared his IPS, a man's father asks him to work in their clothing store. He loves a woman very much, but her past poses a problem. Also, his father may be connected to a terrorist outfit.",sathyaraj sibiraj khushboo vadivelu nikitathukral,lakshmipriyan,
69523,Devathayai Kanden,2005-01-14,2005,ta,"[18, 10749]",0.3888,5.7,9,"Babu, a tea vendor, loves Uma, a rich girl. She too loves him for his sincerity. When she receives a proposal from a doctor, she accepts for the sake of a secure future. Babu sues her for cheating.",dhanush sridevivijayakumar mayilsamy kunalsingh karunas,boopathypandian,
331226,Mannin Maindhan,2005-03-04,2005,ta,[],0.4737,7.0,7,"Bhairavamurthy (Manoj K. Jayan) and Gajapathy (Ponnambalam) are two landlords in a village who fight with each other. Bhairavamurthy's wife and his car driver get killed by Gajapathy's henchmen.  Kadhir (Sibiraj), the car driver's son, decided to take revenge on Gajapathy one day and grew him up in Bhairavamurthy's house.  Amutha (Suha), Bhairavamurthy's daughter, returns to the village from her college and she falls in love with Kadhir. Bhairavamurthy decides, to join his hands with Gajapathy, to kill his faithful henchman.",sathyaraj sibiraj suhasiniraju manojkjayan ponnambalam,ramanarayanan,
63815,Something Something… Unakkum Enakkum,2006-06-18,2006,ta,"[10749, 18, 28]",1.6754,6.2,26,"The story starts in a jail, where prisoner Muthupandi (Prabhu) is being interrogated by a police officer (Vijayakumar) about his past. Without hesitation, Muthupandi tells. Muthupandi is a son of the soil, a very hard working self-made man who dotes on his only sister Kavitha (Trisha Krishnan). Their mother died very early and it was Muthupandi who brought up Kavitha with a lot of love and affection. Kavitha’s best friend Lalitha (Richa Pallod), who is getting married, takes Kavitha to her house for the nuptial ceremony. As an emotional scene prior to this notes, this is the first time Kavitha has been away from her brother.",ravimohan trishakrishnan prabhu k.bhagyaraj geetha,mohanraja,
339978,Parijatham,2006-06-09,2006,ta,"[35, 18, 10751]",1.3335,0.0,0,A woman arranges a marriage for her son but dies before she can reveal who the bride is. Her son vows to find the identity of the bride.,prithvirajsukumaran saranyabhagyaraj prakashraj seetha rojaselvamani,k.bhagyaraj,
69635,Sillunu Oru Kaadhal,2006-09-08,2006,ta,"[10751, 10749]",1.1475,6.8,44,"Gowtham and Kundhavi married then she finds a diary from his time at college, five years earlier. She thinks he would rather be married to Aishwarya, his college sweetheart, so she makes arrangements for them to meet again.",suriya jyothika bhumikachawla santhanam vadivelu,obelinkrishna,love triangle lost love long lost love
69520,Pudhupettai,2006-05-26,2006,ta,"[28, 18, 80]",1.471,7.5,42,"The story of ‘Kokki’ Kumar, a carefree teenager from a Chennai slum who runs away from home in the wake of his mother’s death, gets recruited into a local gang and quickly evolves into the dreaded, psychotic right-hand man of a dirty politician.",dhanush sneha n.azhagamperumal soniaagarwal nithishveera,selvaraghavan,gangster intense small time criminal entering politics
112309,Thiruvilaiyaadal Aarambam,2006-12-15,2006,ta,"[35, 10749]",1.0909,6.2,14,A reckless boy falls for a girl whose disapproving brother is a rich businessman.,dhanush shriyasaran prakashraj mouli saranyaponvannan,boopathypandian,
63637,Aathi,2006-01-15,2006,ta,"[28, 53]",1.3594,5.0,18,"Against the wishes of his foster parents, Aathi goes to college in Chennai. He is actually looking to avenge the murder of his biological parents. He meets and falls for Anjali, who has an agenda as well.",vijay trishakrishnan saikumar prakashraj vivek,ramana,
79350,Yuga,2006-07-14,2006,ta,[53],0.8584,0.0,0,Yuga movie revolves around Narrain (Nasser) who a scientist and his assistant Banu (Swarnamalya) are conducting a research on comets. By chance they discover the imminent doom that will befall the people of the world due to a comet. To prevent the people from panicking they decide to hide this matter from the public. They organize a World scientists,richardrishi swarnamalya nassar kadhalsukumar manikandan,yaarkannan,
63670,Vettaiyaadu Vilaiyaadu,2006-08-25,2006,ta,"[28, 53]",1.2006,7.1,49,"DCP Raghavan sets off on the trail of the killers of Rani, the daughter of a police officer. Following this, many more murders take place, leading him to New York to capture the maniac killer.",kamalhaasan jyothika kamalineemukherjee levgorn prakashraj,gauthamvasudevmenon,police chase rape and murder
69625,Saravana,2006-02-01,2006,ta,"[28, 18, 10749]",1.0691,4.8,5,"Saravana and Krishna are close buddies in college. Saravana sees a video tape of Krishna's sister Sadhana studying in London and falls in love with her. So to meet her, Saravana goes with Krishna to a village near Tirunelveli where he finds that there is a bloody war going on between two warring caste groups. Krishna's brother Soundarapandi his wife and Krishna are killed by the rival group of Dorai Singam. However Saravana saves Sadhana and takes her to Chennai. Initially Sadhana is not accepted by Saravana's large family but slowly when they come to know about her background they support and love her. The rest of the film is how Saravana tries to help Sadhana to go back to London, and in the process eliminates the entire gang of Dorai Singam single-handedly.",silambarasan jyothika prakashraj vivek meghnanaidu,k.s.ravikumar,remake
69407,Varalaru,2006-10-20,2006,ta,[18],1.0095,6.3,19,"Shiva, the ageing business tycoon, bound to his wheelchair, sharing a strong bonding with his son Vishnu. Indulgent, while Vishnu whiles away his time with his cronies taking life easy. But then suddenly Vishnu starts behaving out of character, his drunken bouts and acts causing the father much shame and embarrassment. And when Vishnu professes to remember nothing of what he had done, the father takes him to a psychiatrist.",ajithkumar asinthottumkal kaniha rajesh vijayan,k.s.ravikumar,twin brother
76968,Thimiru,2006-08-04,2006,ta,"[28, 10749]",0.9003,5.5,15,Ganesh comes to Chennai to pursue his studies. A group of goons are on his pursuit. A kind hearted Ganesh is eventually forced to go back to his old ways to fight them and restore order.,vishalkrishna reemasen sriyareddy vadivelu manojkjayan,tarungopi,
79665,Imsai Arasan 23am Pulikesi,2006-07-08,2006,ta,"[18, 35]",0.7175,7.6,10,"Set in the late 18th century during the early stages of the British Raj, the film tells the story of twin brothers separated at birth. Pulikesi XXIII, the foolish elder brother, becomes a puppet of his uncle, the Chief Minister, while Ukraputhan, the wise younger brother, becomes a patriot intent on saving his land and his brother.",vadivelu tejashree nagesh manorama nassar,chimbudeven,
78632,Thalaimagan,2006-09-01,2006,ta,"[18, 28]",0.9745,4.0,2,"Thaimagan is a story of an investigative journalist Dheeran (Sarathkumar) who is intent on exposing corrupt minister Shanmugavadivelu (Mukesh Tiwari) and his stooge, the state director general of police (DGP) Alangaram (Seema Biswas).The story revolves around a bottled water plant in a village sanctioned by the minister for a quid pro quo. Dheeran is against the project as it would deplete the ground water resources and warns the people and government about its dangers. The minister sends his goons to silence the newspaper owner (Vijayakumar) permanently. But the...",r.sarathkumar nayanthara vadivelu seemabiswas vijayakumar,r.sarathkumar,
924444,Suyetchai MLA,2006-05-05,2006,ta,"[18, 35]",0.9344,0.0,0,"When Nambirajan's sister's would-be father-in-law insults him and challenges him to amass name and wealth, Nambirajan strives hard to become a powerful politician.",sathyaraj goundamani prakashraj nassar rajanpdev,gurudhanapal,
63818,Pattiyal,2006-02-17,2006,ta,[80],0.5908,7.5,8,"Two contract killers, who wish to leave the crime world, are betrayed by their boss.",arya bharathsrinivasan poojaumashankar padmapriyajanakiraman santhanabharathi,vishnuvaradhan,contract killer
69624,Vallavan,2006-10-21,2006,ta,"[28, 10749]",0.7943,5.2,14,"A man loves a woman even though she is three years older than him. Although she reciprocates initially, the age difference and his past with a classmate lead her to break up with him.",silambarasan nayanthara sandhya premjiamaran santhanam,silambarasan,
69583,Rendu,2006-11-24,2006,ta,"[18, 28, 35]",0.6098,3.7,3,"Sakhti moves to Chennai in search of a job but lands himself in trouble when a CBI officer chases him for a series of murder committed by his lookalike, Kannan.",r.madhavan anushkashetty reemasen vadivelu k.bhagyaraj,sundarc,
224609,Kedi,2006-09-24,2006,ta,[10749],0.9647,3.2,4,A happy-go-lucky student at a university gets embroiled in a love triangle with two very different young women.,ravikrishna tamannaahbhatia ileanad'cruz atulkulkarni sumanshetty,jyothikrishna,love triangle unrequited love tragic love doomed love
69412,Paramasivan,2006-01-14,2006,ta,"[28, 18, 53]",0.8521,4.5,11,"Nandakumar, a police officer, appoints Siva, a convict, to find and kill the terrorists responsible for a bomb blast. However, Siva is unaware that Nandakumar intends to kill him after the mission.",ajithkumar laila vivek prakashraj jayaram,p.vasu,
77096,Kalvanin Kadhali,2006-02-14,2006,ta,[10749],0.9742,1.5,2,"Sathya is a Casanova by character and he sets his sights on Haritha and manages to woo her. She loves him whole heartedly and he is not in favor of that. At one moment he falls for Haritha, but at the same time, she comes to know about his real character, and she ends their relationship. The story is about how Sathya changes himself and earns her love back.",s.j.suryah nayanthara vivek sarathbabu shraddhaarya,tamilvannan,casanova playboy
63817,Idhaya Thirudan,2006-02-03,2006,ta,"[35, 28, 10749]",0.7807,2.5,2,"To rebel against her mother, Deepika, a young girl, sends explicit pictures of herself to a fictitious email address. However, the pictures are received by a real person and the two fall in love.",ravimohan kamnajethmalani prakashraj santhanam nassar,saran,
69434,Vathiyar,2006-10-15,2006,ta,"[18, 28]",0.7912,4.8,2,"Dorai (Arjun) is a do-gooder don. But a police force led by ACP Easwara Pandian (Prakash Raj) and his sidekick (Sathyan) are after him. However, the poor need him as he is a Good Samaritan running an orphanage. He has help from his friends (Manivannan and Vadivelu). But Dorai has a problem. His mother (Sujatha) doesn’t approve of his ways. She feels that he is just a loutish goon. There is also Anjali (Mallika Kapoor), a TV journo, who is in love with Dorai because of his dare devil ways. Dorai has a past too. He was just an honest-to-goodness school teacher, who ends up as the deathly Dorai after a fire ravages a school and kills several children. The incident forces him to take on the system of venal officials and politics. Now, Dorai’s biggest task is to nip a dark and dire politician who wants to bomb the city. The rest, as they, is all cinematic clichés.",arjunsarja prakashraj mallikakapoor vadivelu manivannan,a.venkatesh,
69506,Vattaram,2006-10-21,2006,ta,"[28, 53]",0.5969,5.1,4,"Gurupadam, a ganglord, kicks out his driver due to certain accusations against him. The driver's son, Burma, grows up and joins the boss's gang with revenge on his mind.",arya napoleon kiratbhattal vasundharakashyap kadhalthandapani,saran,
76969,Sivappathigaram,2006-11-24,2006,ta,[28],0.8453,4.7,7,A man is working on a project with a smart professor whose daughter starts to like the man. During the legislature elections some mysterious killings take place. It's up to the guy to trace the killer.,vishalkrishna mamtamohandas manivannan raghuvaran upendralimaye,karupazhaniappan,corruption fight politics college murder blast
598098,Nenjirukkum Varai,2006-12-15,2006,ta,"[10749, 18]",0.6641,0.0,0,"Ganesh,who is from poor family tend to fall in love with a rich girl Bhuvana.Bhuvana meet with an accident that could cost her life and Ganesh tries to save her by all means he have.",poonamkaur narain thalaivasalvijay kalairani sanjeev,s.a.chandrasekhar,self sacrifice forbidden love true love
280975,Kovai Brothers,2006-02-23,2006,ta,"[35, 28]",0.5485,4.8,2,"Kovai Brothers is a 2006 Tamil film directed by Sakthi Chidambaram. The film stars Sathyaraj, Sibiraj, Namitha and Vadivelu in lead roles.",sathyaraj sibiraj namitha vadivelu shobha,sakthichidambaram,
69410,Thirupathi,2006-04-14,2006,ta,"[28, 18]",0.698,4.2,4,"Thirupathi learns that his pregnant sister died due to a corrupt doctor's negligence who did not get a bribe. When he decides to take revenge, he finds out that the doctor is his boss's brother.",ajithkumar sadha riyazkhan c.arunpandian livingston,perarasu,
79787,Em Magan,2006-09-08,2006,ta,[18],0.6297,7.5,5,"Emtan runs a provision shop in a village. His son Krishna who is a student of poultry science, helps him in the shop. A strict father Emtan is always at his son's back. His strict ways of dealing his son leaves an uncomfortable scene in the house. Vadivelu (Krishna's uncle) is the only solace for him in the house. Krishna meets his childhood crush Janani, who is the daughter of his uncle. Both their families are at loggerheads. A death in their family brings them together. Unfortunately Krishna and Janani are...",bharathsrinivasan gopika nassar vadivelu saranyaponvannan,thirumurugan,
69584,Thambi,2006-02-22,2006,ta,"[28, 18]",0.5093,6.2,4,"A man cannot tolerate injustice and opposes it in any form; this earns him the wrath of a local goon, who plans to get rid of him at all costs.",r.madhavan poojaumashankar bijumenon vadivelu manivannan,seeman,social injustice corrupt politician communism fight for justice
263902,Uyir,2006-06-01,2006,ta,[18],0.5931,2.7,3,"Sundar lives with his brother's family but is unaware that his sister-in-law Arundathi lusts for him. After his brother's suicide, Sundar is forced to look after Arundathi and her children.",srikanth samvruthasunil sangeethakrish santhanam,samy,
69555,Dishyum,2006-05-12,2006,ta,"[18, 35, 28]",0.787,5.3,7,"Bhaskar, a stuntman, is smitten with Cinthya, a college student. However, his heart is broken when he learns that she doesn't love him back but he still to tries persuade her.",jiiva nassar sandhya ajaykumar kaajalpasupathi,sasi,
264810,Aadum Koothu,2006-12-04,2006,ta,[18],0.7031,0.0,0,"Manimekhala, a village girl, can see what others do not and her predictions always come true. However, she sets out to investigate the illusions, which leads her to disturbing truths.",navyanair cheran prakashraj aariarjuna seeman,t.v.chandran,
63677,Poi,2006-12-22,2006,ta,[18],0.8652,2.0,1,"Valluvanar is an upright political leader in Tamil Nadu much respected for his honesty and uprightness. And he refuses to compromise on this trait even when his only son Kamban finds himself in jail for no fault of his. The opposition party takes advantage of the situation and bails out Kamban, who joins this party much to his father's embarrassment. The media laps it up sensationalizing it further. Then Kamban decides to leave the country until things cool down. Only his mother Vasuki with whom he is close is aware of this plan. Kamban arrives at Sri Lanka where he be-friend's Banerjee, a Bengali and stays with him. One day he finds a Tamil book on the beach which he traces to Shilpa the owner of the book, who is a college student preparing for the civil services examination. The film juggles between reality and fiction, where Theepori, the fictitious father image of Kamban advises him to fall in love. The rest of the story is about the emotional conflict between her career and love.",udaykiran vimalaraman geethumohandas prakashraj avinash,k.balachander,
78950,Perarasu,2006-09-14,2006,ta,"[28, 10749]",0.6197,5.2,2,"CBI officer Kasi gets tasked to investigate the disappearance of a judge. However, when he finds the culprits, who are three corrupt policemen, they get killed one by one and Kasi gets framed for it.",vijayakanth debinabonnerjee prakashraj nassar sarathbabu,s.b.ramadoss,
66235,Chennai Kadhal,2006-12-08,2006,ta,"[18, 10749]",0.3889,2.0,2,Chennai Kadhal movie is a city based love story. Gautham (Bharath) who is a college drop-out and a good-for-nothing guy (like his father always says). Gowtham meets Narmada (Genelia) who is the daughter of a local don Sakthivel (Radha Ravi). He falls in love with Narmada ( Genelia).She lives in a hostel after learning that her dad is a criminal who now wants her to marry his partner Sardar,bharathsrinivasan geneliad'souza radharavi brahmaji,vikraman,
79813,Azhagai Irukkirai Bayamai Irukkirathu,2006-04-14,2006,ta,[10749],0.3585,4.0,1,"Mano loves Jo but when he realises that Jo is in love with Prem, he decides to help her in winning Prem's love.",bharathsrinivasan arunvijay mallikakapoor m.s.bhaskar deepu,s.d.vijaymilton,tragic love
323011,Manathodu Mazhaikalam,2006-09-22,2006,ta,"[10751, 18, 10749]",0.342,0.0,0,"Siva (Shaam) and Sathya (Nithyadas) are collegemates. She is a good friend of Siva. She is always with him, both in his happy and sad moments. When he is in a tight corner, Sathya with the help of her father, helps Siva to come out it unscathed. Their friendship continues even after their college days. The parents of Siva and Sathya mistake their friendship as an affair. In the course of time, Siva marries Sruthy (Samiksha) and Sathya marries Karthik (Jaya Surya). Sruthy soon becomes pregnant but dies of complications in childbirth. Siva is left to raise his son on his own. Many years pass, and Siva's son begins to treat him badly, leaving Siva destitute. At the same time, Karthik informs Siva that Sathya is in her death bed due to heart problems. In due course of time, Sathya dies. The film ends as Karthik and Siva, both widowers, walk together vowing to remain good friends for the remainder of their lives.",shaam nithyadas samekshaoswal jayasurya t.p.gajendran,arputhan,
81131,Madhu,2006-05-12,2006,ta,"[10749, 18]",0.38,0.0,0,"When Madhu proposes to a pious Mercy, she refuses. However, Madhu continues to follow Mercy and reaches her hometown. Things go wrong when Mercy's bold friend Esther comes to the village.",jithanramesh priyamani vivek ashishvidhyarthi nizhalgalravi,k.thennarasu,
1123806,Ilakkanam,2006-12-22,2006,ta,[18],0.3741,0.0,0,Story of Thamizharasan (Vishnu Priyan) who goes into a coma.,vishnupriyan balasingh vinuchakravarthy,chandraseyan,
453433,Sasanam,2006-07-28,2006,ta,"[18, 10751]",0.3784,0.0,0,"Muthiah and his wife Visalakshi are a loving couple, and they come across Saroji who with no one to go for, takes refuge in Muthiah's house. Muthiah and Saroji develop soft corner towards each other. The rest is what transpires between the trio, exploring the nuances of an extra-marital affair.",arvindswamy gautamitadimalla ranjitha thalaivasalvijay sabithaanand,j.mahendran,extramarital affair
535020,Thottal Poo Malarum,2007-08-03,2007,ta,"[28, 10749]",2.549,4.8,2,"A happy-go-lucky youngster falls in love with his wealthy classmate. However, the girl's mother is opposed to their relationship and arranges her wedding with a gangster's son.",sakthivasu gowrimunjal rajkiran sukanya vadivelu,p.vasu,
24049,Sivaji: The Boss,2007-06-08,2007,ta,"[28, 18]",1.8743,7.1,137,"A wealthy engineer arrives in India with the mission of serving the nation and investing in the country's welfare but is met with strong opposition from corrupt officials and politicians. After being faced with insurmountable hardships, he decides to take drastic measures.",rajinikanth vivek sumantalwar shriyasaran manivannan,shankar,black money corrupt politician education system anti-corruption
562691,Thirumagan,2007-03-09,2007,ta,[18],1.3141,0.0,0,"A man has to chose between three women, His lady love, his uncle's daughter and the daughter of his father's friend for marriage.",s.j.suryah meerajasmine malavika lakshana vijayakumar,m.rathnakumar,
667312,Agaram,2007-02-16,2007,ta,[18],1.1396,0.0,0,A young man moves into the city with his mother and grandmother after the death of his father. But the entire family is in peril when he starts an argument with a criminal's brother and is given a death threat.,nandha archana bijumenon vivek ilavarasu,nagarajant,
23767,Billa,2007-12-14,2007,ta,"[28, 53]",1.3294,6.6,62,"The intertwined stories of an international Don in Malaysia, David Billa, chased by the cops, an Indian police officer, a woman who wants to avenge the death of her brother, and a lowly thief, Velu who shares with Billa, an unusual connection.",ajithkumar prabhu nayanthara rahman santhanam,vishnuvaradhan,gangster remake revenge look-alike
59872,Pokkiri,2007-01-11,2007,ta,"[28, 80, 10749, 35]",1.263,6.8,66,"Amidst gang warfare and police crackdowns, mob hitman Tamizh falls for Shruthi, a nice girl unaware of his true identity. But she may not be the only one Tamizh is hiding secrets from...",vijay asinthottumkal prakashraj napoleon nassar,prabhudeva,gun gang war father cop love train killer disguise handkerchief
69516,Polladhavan,2007-11-08,2007,ta,"[28, 18]",1.4905,7.2,27,"Prabhu is dejected when he learns that his bike has been stolen. He decides to find the people who stole the bike, but lands in trouble when he realises that his bike has been used to transport drugs.",dhanush kishore divyaspandana danielbalaji sentrayan,vetrimaaran,bike theft
76839,Chennai 600028,2007-04-27,2007,ta,[35],0.9799,7.2,21,"A group of young men from Chennai find friendship, rivalry, and love through their passion for street cricket. As they face challenges both on and off the field, the game becomes more than just a pastime, shaping their bonds, conflicts, and coming-of-age journey.",shiva jaisampath premjiamaran aravindakash nithinsathya,venkatprabhu,gangster cricket late coming of age
69409,Aalwar,2007-01-12,2007,ta,"[28, 53]",0.8821,3.5,10,"Aalwar is a traditional priest. He is devoted to his mother and sister. But the villainous elements Lal, Vincent Asokan, kill the sister and mother. Aalwar, with revenge ringing in his mind, ends up as Shiva the killer, even while working as a ward boy in a hospital. Shiva is out to make a statement against the venal forces. He sees himself as some kind of avatar — in fact, he bumps off the baddies under the get-up's of Lord Rama and Lord Krishna. In climax, Shiva turns up as Lord Narasimha and bumps off the last villain by placing him on his thighs and ripping apart his bowels and chest with his sharp claws.",ajithkumar asinthottumkal vivek manorama geetha,chellaayyavu,
69598,Paruthiveeran,2007-02-23,2007,ta,"[18, 10749, 28]",1.1714,6.9,30,"A village tough finally succumbs to the unconditional love of his angelic cousin, but his romance faces insurmountable challenges, including family opposition and his own delinquent personality.",karthi priyamani ponvannan saravanan sujathasivakumar,ameer,
111587,Naan Avan Illai,2007-01-01,2007,ta,"[35, 80, 10749, 18]",0.9057,6.8,3,"Naan Avanillai (English: I'm not him) (2007) is a Tamil film directed by Selva. It is a remake of K. Balachander's classic of the same title, starring matinee idol Gemini Ganesan, which was a remake of 1962 Marathi language film To Mee Navhech (English: I Am Not Him), written by Pralhad K. Atre and acted by Prabhakar Panashikar. The thriller movie has Jeevan in the lead role and Sneha, Namitha, Malavika, Jyorthirmayi and Keerti Chawla as his five heroines. This movie created great expectations in the industry, because it was a hit when it was originally made in 1974. Shooting began in December 2006 and it was released in April 2007. The film became a success upon release.",jeevan sneha namitha malavika jyothirmayi,selva,
63636,Azhagiya Tamil Magan,2007-11-08,2007,ta,"[28, 18]",0.6424,5.1,31,"Guru has the ability to predict future events. With his unique ability, he identifies several future events, including the attempted murder of his lover by a look-alike.",vijay shriyasaran namitha santhanam ashishvidhyarthi,bharathan,premonition twins dejavu
1131358,Thullal,2007-07-19,2007,ta,[],0.7297,0.0,0,2007 Tamil Movie,gurleenchopra praveengandhi vivek,praveengandhi,
76974,Thaamirabharani,2007-01-14,2007,ta,"[10751, 18, 28]",1.0718,5.5,11,"Bharani, a hot headed man, tries to peacefully resolve the conflict between the families, from the one which he belongs, and the one from which his lover belongs. But several circumstances force him to use his fist than his heart first.",vishalkrishna mukthageorge prabhu nadhiya nassar,hari,
77097,Viyabari,2007-03-03,2007,ta,"[878, 10751]",1.2103,5.2,4,A businessman who wants to be rich loses out on family and social life. He marries a girl who loves him only because she would prove profitable to his business. He realizes what he lost after the death of his mother.,s.j.suryah tamannaahbhatia prakashraj namitha malavika,sakthichidambaram,
335944,Onbadhu Roobai Nottu,2007-11-30,2007,ta,[],0.7484,0.0,0,"Madhava Padayachi (Sathyaraj) narrates his life to a young man who saves him from shame. He goes to his home village by a bus and feels for Madhava Padayachi who was a rich farmer long time back in his village. Madhavar, as he is fondly called, his wife Velayi (Archana) and their three sons live a happy life in their village. He is an honest and hard working farmer who will do anything for others. And he is well respected by everyone in the village. Velayi is his strength but the others in the family do not approve his nature especially in money matters.",sathyaraj nassar archana rohini niteshkumar,thangarbachan,
69634,Vel,2007-11-08,2007,ta,"[28, 18]",1.4297,6.1,28,Two sons that are separated as children grow up in drastically different environments.,suriya asinthottumkal vadivelu kalabhavanmani nassar,hari,twin brother twins separated at birth
324008,Sivi,2007-09-21,2007,ta,[27],0.6547,0.0,0,A young photographer and his girlfriend accidentally kill a woman while coming back from a party. The ghost of the deceased woman later starts haunting the couple leading to some shocking revelations.,yogi anujaiyer jayashreerao funkyshankar umapadmanabhan,k.r.senthilnathan,
103352,Veerappu,2007-07-27,2007,ta,"[18, 28]",0.7187,0.0,0,"The story revolves around Puli , who is a local rowdy and the son of a math teacher Prakash Raj. Prakash Raj hates his son for being a rowdy and for not being proficient in Mathematics. As part of a flashback it is shown that young Puli was very good in Physics but being a math teacher his father wanted him to excel in Math which he was unable to do so. As a result of repeated physical and mental abuse the young boy takes up the wrong route to grow up. In the mean time, rival gangs and police try to kill Puli but is accidentally saved by his step sibling, a daughter from an affair that Prakash Raj had.  Puli helps his step sister in return for her unexpected help and vouches for her safety. The rival gangs kill Pulis step sister and put the blame on his father. How Puli brings the truth to limelight and unites with his family completes the rest of the movie.",sundarc prakashraj gopika vivek santhanam,badri,remake
63821,Deepavali,2007-02-09,2007,ta,"[28, 18]",0.9334,5.1,9,"Susi, who suffers from post traumatic event disorder, falls in love with Billu. After Susi undergoes the treatment for her cure, she is unable to recognize Billu..",ravimohan bhavana raghuvaran vijayakumar lal,ezhil,short-term memory loss amnesiac
63669,Pachaikili Muthucharam,2007-02-16,2007,ta,"[28, 53]",0.7271,5.8,7,"After starting an affair with a married woman, a married man's life starts changing for the worse in more ways than he could imagine.",r.sarathkumar jyothika andreajeremiah milindsoman vtvganesh,gauthamvasudevmenon,
69402,Kireedam,2007-07-20,2007,ta,[18],0.8411,5.8,19,"A sincere man wishes to fulfill his father's dream that he follows in his footsteps and becomes a police officer. However, when his father is punished for his honesty and transferred to an area that is ruled with an iron fist by a heartless gangster, the young man must take the law into his own hands to protect his father.",ajithkumar rajkiran ajay trishakrishnan vivek,a.l.vijay,police gangster injustice
335926,Kannamoochi Yenada,2007-11-08,2007,ta,"[35, 10749]",0.6715,7.0,1,"Harish Venkatraman is a software architect living in Malaysia and is the incharge of his millionaire uncle's company . He stumbles upon Devasena , a psychiatry student and falls for her instantly. Harish accompanies Devasena to Chennai for her parents' anniversary in a bid to win over her strict father.",prithvirajsukumaran sandhya sathyaraj radikaasarathkumar sripriya,v.priya,
224957,Muni,2007-09-30,2007,ta,"[27, 35, 28]",0.7156,6.4,8,"Ganesh moves into a new house with his mother, father and wife not knowing that it is the residence where Muni met his death and where his spirit now resides. Muni enter Ganesh's body and Ganesh starts behaving in a rude manner, his family couldn't understand why his behaviour is weird so they seek the help of a priest (Nasser).",raghavalawrence rajkiran kovaisarala vinuchakravarthy vedhika,raghavalawrence,
69518,Parattai Engira Azhagu Sundaram,2007-04-27,2007,ta,[28],0.5597,3.2,4,"A man arrives in Chennai with a simple wish of buying gold bangles for his mother. However, an event changes his life completely and he becomes famous as the most dreaded criminal in the city.",dhanush meerajasmine nassar archana santhanam,sureshkrissna,
66507,Marudhamalai,2007-09-07,2007,ta,[28],0.9332,5.0,5,"Marudhamalai, a cop, gets involved in a scuffle with the local gangster and helps the villagers get rid of his atrocities.",arjunsarja vadivelu meerachopra raghuvaran sharanpreethi,suraj,
69549,Rameswaram,2007-09-15,2007,ta,"[28, 18]",0.483,0.0,0,"Vasanthi (Bhavana) is the daughter of the big man (Lal), who does a lot of help for the refugees. Bhavana instantly falls for Jeevan (Jeeva), a Tamil refugee, staying in the camp in Rameswaram. Jeevan, nurturing a dream to go back to his home land, keeps on discouraging the girl, who is stubborn in her love. Jeevan’s heart, influenced by the pure love of the girl, starts melting slowly. Enters Bose Venkat, the cousin of Vasanthi with full of dreams to marry his childhood sweetheart. He joins as an Inspector in the local police station. The whole family is eagerly awaiting their marriage.",bhavana jiiva manivannan karunas lal,s.selvam,
63675,Mozhi,2007-02-23,2007,ta,"[18, 35, 10749]",0.7884,7.6,22,A musician's love towards a stubborn hearing and speech impaired woman makes her eventually realize that there is more to her life than she previously thought.,prithvirajsukumaran prakashraj jyothika swarnamalya brahmanandam,radhamohan,musical hearing and speech impaired girl
69580,Aarya,2007-08-10,2007,ta,[28],0.6356,6.2,3,"Deepika (Bhavana) is an arrogant rich girl. A medical college student, she dictates terms at the college. Sister of local don Kasi (Prakash Raj), she is feared by students, professors and even the Dean of the College. Enter Aarya (Madhavan), a final year student who comes to Chennai Medical College from Coimbatore. A soft-spoken Aarya runs into Deepika. They develop cold shoulders. In a fit of rage, she kidnaps Aarya's sister. But Aarya faces her challenges daringly. However, she soon falls in love with him. But he is not ready to marry the sister of a ruffian. The remaining story tells us how the brother and sister put pressure on Aarya to become a rowdy so that Aarya's status is equal enough as Kasi's status so that Aarya can marry Kasi's sister Deepika. Meanwhile, ""Snake"" Babu (Vadivelu) is elected the area councillor, and has a few encounters with Dr. Aarya, and one with Deepika. He is the main source of comic relief for the film.",r.madhavan bhavana prakashraj vadivelu tejashree,balasekaran,
112235,Satham Podathey,2007-09-14,2007,ta,"[53, 10749]",0.6097,5.0,3,"Bhanumathy tries to rebuild her life after escaping a suffocating marriage. As she finds hope and connection with her brother's friend Ravichandran, her past refuses to stay buried.",padmapriyajanakiraman prithvirajsukumaran nithinsathya nassar suhasinimaniratnam,vasanth,kidnapping impotent husband
335956,Periyar,2007-05-04,2007,ta,"[36, 18]",0.9221,0.0,0,"Periyar joins the Indian struggle for independence after being disgusted by the injustices of the Hindu caste system. Later, he begins fighting for the rights of Tamilians.",sathyaraj vagaichandrasekar jyothirmayi khushboo manorama,gnanarajasekaran,
112322,Unnale Unnale,2007-04-14,2007,ta,"[10749, 18]",0.7246,5.7,9,"Karthik meets Deepika during a flight to Melbourne and they become friends. On reaching Australia, Karthik realises that Deepika works in the same firm as his ex-lover Jhansi.",vinayrai sadha tanishaamukerji lekhawashington rajusundaram,jeeva,
69550,Kattradhu Thamizh,2007-10-06,2007,ta,"[18, 53]",0.8523,7.3,21,"A young Tamil-postgraduate, frustrated with the circumstances and futility of his job, slowly loses his mental balance and becomes a sociopath.",jiiva anjali karunas n.azhagamperumal sreeraam,ram,psychopath social status unemployment graduate
78633,Nam Naadu,2007-09-21,2007,ta,"[28, 18]",0.4938,5.0,1,"Nam Naadu is a Action based movie. It starts with Aalavandhar(Nasser) a corrupt politician who holds the post as Education minister and wants to become the chief minister. He is supported by his son-in-laws, Sathya(Saranraj) IPS Officer who runs a finance company and Ilamaran(Ponvannan) IAS officer, the district collector. With the idea of his in-laws, Aalavandhar tries to disturb peace in state and make situation against the CM.Muthazhagu (Sarath kumar) a honest youth wing leader of the same ruling party learns and opposes the move of his father and he stands by and for the...",r.sarathkumar karthikamathew nassar ponvannan charanraj,ar.suresh,
69505,Oram Po,2007-11-30,2007,ta,"[28, 18]",0.6149,6.1,8,"Chandru (Arya) and Bigilu (Lal) are close friends. Chandru is an expert auto driver & racer while Bigilu is a mechanic expert at customizing autos to run at the dream speed of 130 km/h. Son of Gun (John Vijay) is the chief of a rival group who wants to outsmart the duo. Chandru, the race champ tries to settle the dues for his auto through a race, which is almost a cakewalk for him. He and Bigilu challenge Son of Gun to a race, and a date is fixed.",arya poojaumashankar lal johnvijay jagan,pushkar,rickshaw
517481,Lee,2007-02-16,2007,ta,"[28, 18, 9648]",0.5566,4.0,1,"Leelatharan, Lee to his friends, hangs out with a bunch of merry youths who do practically any work and play football in other times. It is a strong-willed and thick-tied group. Chellama, a worker in a facility for the mentally-challenged, is also kind of a groupie. Life is all merry and mirth till she espies Lee & co, attempting an assassination of sorts on a Minister. The bid fails, but Chellama is shocked and so are we. Why would this bunch want to take a crack at the murky world of politics and cricket.",sibiraj meerachopra prakashraj ahthi pandi,prabhusolomon,
502069,Kuttrapathirikai,2007-03-23,2007,ta,"[80, 36, 53]",0.7946,0.0,0,"Ramakrishnan and Arun both are ACP’s and colleagues, Ramakrishnan fall in love with Divya, and Arun loves Geetha, these two couples get married, but due to some misunderstanding between Arun & Geetha makes them depart, in the flash back. Mean time the Rajiv Gandhi assassination was carried out by Sivarasan & co and they get hide in Bangalore. As a special officer Karthikeyan is taking in charge to find the odd peoples. With the help of two ACP’s Ramakrishnan & Arun, Karthikeyan tracking the network in Tamil Nadu, at last they able to find the Sivarasan gang hiding in Bangalore, in a successful operation Ramakrishnan tries to capture the Sivarasn allies, but unfortunately Ramakrishnan able to capture only the dead bodies of the terrorist organization. What transpires later forms the crux of the story. Based on True Events (Rajiv Gandhi's Assassination).",ramki rahman ramyakrishnan rojaselvamani vijayakumar,rkselvamani,political assassination assassination plan rajiv gandhi assassination
69609,Cheena Thaana 001,2007-09-07,2007,ta,"[35, 28]",0.4131,3.0,1,"Tamizharasu, who aspires to become a police officer, discovers a terrorist's ploy to assassinate the governor. On learning that some policemen are involved, he takes matters into his own hands.",prasanna vadivelu sheelakaur manivannan delhiganesh,t.p.gajendran,
76973,Malaikottai,2007-09-28,2007,ta,[28],0.7411,5.7,7,"A young man is granted conditional bail, which requires him to go to the Trichy police station. On his way there, he falls for a beautiful girl. When the girl lands up in trouble, he finds himself facing the wrath of powerful politicians.",vishalkrishna priyamani devaraj ajay ashishvidhyarthi,boopathypandian,
927663,Adavadi,2007-03-30,2007,ta,[53],0.4658,0.0,0,"An arrogant filmmaker's life shatters when an actress, who is madly in love with him, cajoles him and makes him fall in love with her, but leaves him for another man.",sathyaraj radha y.g.mahendran sathyapriya k.r.vatsala,v.s.bharathhanna,
1131315,Azhaipithazh,2008-04-11,2008,ta,[],0.9829,0.0,0,Tamil Movie,m.s.bhaskar ratheesh sona,p.k.rajmohan,
69515,Yaaradi Nee Mohini,2008-04-04,2008,ta,"[10751, 18, 28]",1.306,7.0,30,"Vasu falls in love with Keerthi, but when he expresses his feelings to her, she turns him down and says that her marriage has already been arranged. He later learns that she is set to marry his close friend Cheenu.",dhanush nayanthara raghuvaran karunas karthikkumar,mithranjawahar,
65095,Raman Thediya Seethai,2008-09-24,2008,ta,"[18, 10749, 35]",0.9365,7.0,4,"The path of true love does not run smooth in this movie about love, expectations, and the range of abilities and access that different people have in this world.",cheran vimalaraman pasupathy manivannan navyanair,k.p.jagannath,
262562,Indiralohathil Na Azhagappan,2008-01-31,2008,ta,[35],1.0032,4.5,2,"Azhagappan (Vadivelu) is a member of a theatre group. One fine day an unlikely visitor from the heavens stumbles upon him and almost falls for him. The beautiful trio of the heaven – Ramba, Thilothama, and Urvashi – comes to the earth to enjoy its “beauty”. While the others get back to where they belong to at the right time, Ramba (plays by Suja) loses her track and gets into trouble. Vadivelu accidentally helps her to go back to the heaven. She gets him to the heaven during the night and sends him back to the earth early in the morning.",vadivelu nassar sujavarunee shriyasaran,thambiramaiah,
53877,Kuruvi,2008-05-03,2008,ta,"[28, 35, 18, 10749]",1.28,4.5,41,"A son sets out to look for the man responsible for his father's disappearance, which is connected to a stolen diamond. Eventually, he steals the villain's diamond and also runs away with his sister.",vijay trishakrishnan sumantalwar manivannan ashishvidhyarthi,dharani,slavery
38637,Vaaranam Aayiram,2008-11-14,2008,ta,"[18, 10749]",0.805,7.2,74,"A son deals with the death of his father and examines how their relationship influences him through growing up, romance, tragedy and adventure.",suriya simran divyaspandana sameerareddy deepanarendra,gauthamvasudevmenon,drug abuse tragic love
66228,Muniyandi Vilangial Moonramandu,2008-07-04,2008,ta,[28],0.8087,6.0,1,"Muniyandi Vilangyial Moonramandu is a 2008 Tamil film. Bharath, Poorna and Ponvannan play the lead roles with Vadivelu. The film is directed by Thirumurugan. The movie was produced by Malaysian-based firm Lotus Five Star in association with Thiru Pictures.",bharathsrinivasan poorna vadivelu ponvannan l.raja,thirumurugan,
69568,Dhaam Dhoom,2008-08-29,2008,ta,"[9648, 28, 53]",0.819,4.5,10,A brilliant medical practitioner finds himself at the centre of a murder plot after taking the daughter of a Russian Police Commissioner back to his hotel room.,ravimohan kanganaranaut jayaram raailaxmi mariyakozhevnikova,jeeva,
111790,பூ,2008-02-02,2008,ta,"[10749, 18]",0.8339,6.6,3,"Maari, a young village girl, is madly in love with Thangarasu, her cousin. She sacrifices her love in the hope that he will lead a happy life being married to a wealthy girl.",srikanth parvathythiruvothu 'poo'ram inigoprabhakaran ashwanththilak,sasi,
17888,Dasavatharam,2008-06-13,2008,ta,"[28, 12]",0.9205,6.5,58,Bio-technologist Govind K Somaiyya sets about on a precarious journey to India to retrieve a vial containing a deadly virus and prevent it from reaching the wrong hands of an ex-CIA agent and deadly assassins.,kamalhaasan asinthottumkal mallikasherawat jayaprada napoleon,k.s.ravikumar,reincarnation tsunami butterfly effect chola emperor
63813,Santosh Subramaniam,2008-04-11,2008,ta,"[35, 10749, 10751]",1.1814,7.1,26,"Remake of Bommarillu (2006) Telugu film.  Santosh's life is dictated by his father, who decides everything for him. However, when Santosh falls in love with a girl, he struggles to convince his father to let him marry his girlfriend.",ravimohan geneliad'souza prakashraj sayajishinde geetha,mohanraja,
12274,Kuselan,2008-08-01,2008,ta,[18],1.1658,5.2,4,"Balakrishnan and Ashok are two childhood friends who lose touch with each other. One of them goes on to become a national figure and the other, a village barber.",rajinikanth nayanthara meena tanikellabharani prabhu,p.vasu,
69608,Kannum Kannum,2008-07-07,2008,ta,"[10749, 18]",1.0698,6.0,1,"Sathyamoorthy, an orphan, vents his feelings in a poem but doesn’t submit it to a magazine. Surprisingly he reads a poem, penned by a girl, in a magazine that is quite similar to what he has written. He is amused and sets off to find the girl. He finds that she is a college student and living in Kutralam. He writes a letter and gets a reply. The friendship develops and it gradually evolves into love.",prasanna vadivelu udhayathara vijayakumar santhanam,g.marimuthu,
619353,Dhanam,2008-09-05,2008,ta,[18],0.7442,0.0,0,"Ananthakrishnan, coming from a conservative and rich Brahmin family, falls in love at first sight with Dhanam, a beautiful prostitute. Soon Ananthu proposes to her and she says that she will marry him if his family accepts her knowing her past. Cunning astrologer of  Ananthu's family is lusting after her & plots his own agenda with Dhanam using this.",sangeethakrish prem sashikumar kotasrinivasarao ashishvidhyarthi,g.siva,prostitute marriage
372400,Chakkara Viyugam,2008-04-14,2008,ta,"[18, 28]",0.8819,0.0,0,"Chakkara Viyugam: The Battle of The Brains (English: Wheel Strategy) is a drama Tamil film starring Nataraj of Naalai fame, Jayasurya one among the leading stars in malayalam cinema, Raaghav, and Daisy Bopanna. It is directed by Udayabanu Maheshwaran. A trailer was released in January 2008 and the film released in April 2008.",natarajansubramaniam jayasurya daisybopanna raaghav,udhayabanumageswaran,
76719,Poi Solla Porom,2008-09-12,2008,ta,"[18, 35]",0.6729,8.0,2,"Sathyanathan is a typical middle class man who has just retired. He wants to buy a plot of land in the city and move in with his wife and children - Uppilinathan(Karthik Kumar), Vishwanathan and Sindhu. But his son Uppilinathan - who is a software engineer - has no interest in the house and is keen to leave India for New York, where he has obtained a job. Sathyanathan buys the plot from ""World Famous Properties"" which is managed by Vijayakumar.",karthikkumar piabajpiee nedumudivenu nassar omarlateef,a.l.vijay,
54389,Saroja,2008-09-05,2008,ta,"[35, 53]",1.2051,6.8,18,"Jaga, Ganesh, Ajay and Vishwas are motoring to a cricket game. An accident leads them to divert on a side road, where they encounter a criminal gang that has kidnapped a young girl and shot a policeman - in front of them....",shiva s.p.b.charan premjiamaran vaibhav prakashraj,venkatprabhu,kidnapping forest road trip ransom demand
511386,Nenjathai Killadhe,2008-02-14,2008,ta,"[10749, 18]",0.5701,0.0,0,"A rich boy (Vasan) indulges in various bizarre experiments to have different experiences. He eats in a five star hotel without money, he wears girls’ outfit in a show room, he prefers to go to jail just for the heck of it, and he hires a sex worker and lets her sleep alone...A girl (Aanandhi), daughter of an NRI, staying alone in the city. She is making a documentary film on persons belonging to the fringe world. She meets the convicts in the prison and the sex workers for her documentary. The emotional game between them leads to an unpredictable climax.",vikranth bharathi manivannan vikramaditya saranyaponvannan,agathiyan,
76850,Subramaniapuram,2008-07-04,2008,ta,"[18, 80, 10749]",0.8427,7.3,26,"In 1980, five friends live a carefree life in Madurai until they commit a near-perfect crime but do not manage to get away with it.",jaisampath m.sasikumar ganjakaruppu maari vichithran,m.sasikumar,
152967,Kanchivaram,2008-03-19,2008,ta,[18],0.7505,7.3,7,"A poor silk weaver promises his wife to dress their newborn daughter in a silk saree for her marriage. Facing systemic oppression and the vicissitudes of his fortune, he struggles to keep his word.",prakashraj sriyareddy shammu vimal geethavijayan,priyadarshan,bus jail police officer silk saree silk weaver
69623,Silambattam,2008-12-18,2008,ta,"[28, 10749]",0.7817,2.9,9,A man unravels the mysteries of his past and his upbringing while settling a village feud.,silambarasan sanakhaan sneha prabhu ponvannan,s.saravanan,
79662,Arai Enn 305-Il Kadavul,2008-04-18,2008,ta,[35],0.5655,6.4,4,"The story revolves around two unemployed youths who are struggling to make ends meet. At one situation they blame the God for all their sufferings. The God appears and decide to stay with them. Realizing the power of God resides in a ""Galaxy Box"" the youths steal it. By stealing it they become God and God ends up becoming a normal man. While the youths misuse the power the God as a man works hard and progresses up the status ladder. Later he makes them understand that everyone's destiny is in their own hands. As God being the main protagonist there are many sequences that reflects the current world affairs.",santhanam ganjakaruppu prakashraj madhumitha jyothirmayi,chimbudeven,
112486,Vaitheeswaran,2008-03-14,2008,ta,[18],0.4191,6.0,1,"Saravanan, a young boy, is killed by an aspiring politician, Dhanasekaran. When the boy's mother tries to commit suicide, she is stopped by a sage who prophesies that her son will be reincarnated.",r.sarathkumar meghnanaidu sayajishinde vijayakumar santhanam,r.k.vidyadharan,
40617,Abhiyum Naanum,2008-12-19,2008,ta,"[18, 35, 10751]",0.7105,7.9,13,"Raghuraman, father of a grown daughter meets Sudhakar, father of a toddler at a playground. Raghuraman recounts the story of his own relationship with his daughter through the years, including his difficulties with accepting her marriage.",trishakrishnan prakashraj ganeshvenkatraman aishwaryabhaskar prithvirajsukumaran,radhamohan,family father daughter relationship
8903,My Magic,2008-05-23,2008,ta,[18],0.5116,5.0,9,A single dad looks to give up drinking and his bartender job in order to impress his son and find work as a magician.,francisbosco jathisweran kengyewseet jasonlim gracekalaiselvi,erickhoo,parent child relationship singapore fire-eater alcoholic
66219,Seval,2008-10-26,2008,ta,"[28, 18, 10749]",0.9241,2.0,1,"Murugesan lives a life with no care in the world. Beats people up, sells his grandfather's land and incurs so much of his father's wrath that he's prophesied to meet a horrible end.",bharathsrinivasan poonambajwa simran vadivelu sampathraj,hari,village love
69389,Aegan,2008-10-25,2008,ta,"[28, 10749]",0.7143,4.3,17,"Shiva, a CBI officer, goes undercover as a student to hunt down a terrorist, John Chinnappa. However, the daughter of a crime witness, Pooja, has become John's next target and Shiva must protect her.",ajithkumar nayanthara navdeep piabajpiee jayaram,rajusundaram,remake
79334,Jayam Kondaan,2008-08-29,2008,ta,"[28, 10749]",0.46,5.3,6,"The film revolves around an Information technology professional, who returns to Chennai from London, to set up his own business. Follows the sibling relationship and the threat from the rowdy.",vinayrai bhavana lekhawashington vivek santhanam,r.kannan,
927670,Kathavarayan,2008-05-30,2008,ta,"[28, 35, 18]",0.6522,0.0,0,"Kathavarayan, an illegal liquor dealer, faces trouble when a student, who vows to expose those who flout the laws, gets him arrested.",karan vidishasrivastava vadivelu radha kadhalthandapani,salangaidurai,
66504,Thiruvannamalai,2008-12-19,2008,ta,"[18, 53]",0.479,5.5,3,"Easwaran (Arjun) is upright and honest youth, who runs a local cable channel in Kumbakonam. He is known to fight for the cause of the society and the common man. He enters into fisticuff with local MLA (Sai Kumar) after he exposes his corrupt and greedy ways through his cable TV channel. Fearing trouble, his mom takes him to a saint in Thiruvannamalai. The Swami resembles Arjun. Sequence of events forces them to swap places. The soft-spoken Swami tries to sort all issues through non-violent means (Gandhian philosophy). Half way thru Karunas dies in the hand of (Vidharth) and (Sai Kumar). In the climax both (Arjun) kills off (Sai Kumar).",arjunsarja poojagandhi perarasu karunas vaiyapuri,perarasu,
102287,Dindigul Sarathy,2008-12-18,2008,ta,[18],0.4302,6.2,2,"The story revolves around an insecure teetotaler Sarathy (Karunas) who feels bad due to his dark skin (his wife Karthika is fairer than him) who is often the brunt of many jokes. Because he feels inferior to his wife, he begins to suspect her of infidelity and to think that she will one day elope with a lover. After a misunderstanding, Sarathy and his mother are estranged which further weakens the bond between Sarathy and Karthika. How Sarathy resolves his issues and gets back together with Karthika forms the rest of the story.",karunas karthikamathew nassar m.s.bhaskar manobala,sivasanmukan,
342864,Thozha,2008-04-11,2008,ta,[],0.3672,0.0,0,"Premji, Vijay Vasanth, and Nithin Sathya are close friends. Ajay Raj, who is out to avenge the killing of his younger sister by her boyfriend, also joins these friends. In this situation, a rowdy's daughter, Jennifer, loves Ajay, but he does not reciprocate. He has to first kill the person who cheated his sister and took her life. When it is known that it is Nitin Sathya who is the culprit, Ajay picks up an 'aruval' and rushes to confront Nitin. In the meantime, Nitin hires a mercenary paying him Rs 5 lakes to kill Ajay. The friends are divided and the outcome of the clashes between them forms the climax.",nithinsathya premjiamaran vijayvasanth ajayraj sagithiya,n.sundaresan,
112241,Satyam,2008-08-14,2008,ta,"[28, 18]",0.8645,6.2,10,"A cop, doesn't believe in finishing criminals in fake encounters but in a judicial way. A powerful politician hires an assassin to get rid of his competitors.",vishalkrishna nayanthara upendra sudhachandran premjiamaran,a.r.rajasekar,
461589,Panchamirtham,2008-12-26,2008,ta,"[10751, 14, 35]",0.5023,3.0,1,"Taking a leaf from Hindu mythology, it revolves around Mareecha, Ravanan's brother and Idumban. Mareecha and Idumban both love Mandakini. But Mandakini loves Mareecha. Hence Mareecha and Idumban often cross swords with each other. Mareecha in the guise of a deer to attract Sita is killed by Lord Rama and according to a curse turns into a rock. Years later, cut to the present day, he is freed from this curse, when Sita, a young woman falls on this rock. Mareecha takes it upon himself to protect Sita at all times. Sita works as a secretary to Rajaram, an estate owner. When she realizes that Rajaram's relatives were milking him of his wealth, she tightens the purse strings, thereby earning their wrath. And in order to kill her, the relatives hire Pandi, who butchers goats for a living.",jayaram prakashraj nassar aravindakash saranyamohan,rajueaswaran,ramayana
63673,Bheema,2008-01-15,2008,ta,[28],0.7011,5.5,10,A constant tug of war between two underworld gangs trying to outsmart each other is offset by the arrival of a man of steel.,vikram trishakrishnan prakashraj raghuvaran sampathraj,n.linguswamy,
63676,Velli Thirai,2008-03-08,2008,ta,[18],0.7268,5.8,2,"Kannaiah, a struggling actor, steals a script written by Saravanan and gains fame. Saravanan decides to make another movie but faces a lot of challenges when he is forced to cast Kannaiah.",prithvirajsukumaran prakashraj gopika sarathbabu m.s.bhaskar,viji,aspiring director
112126,Sakkarakatti,2008-09-26,2008,ta,[18],0.3348,2.5,2,"Chennai-bred Yuvraj has had four close friends from childhood. He meets and falls in love with Deepali. However, Reema is in love with him. After Deepali sees Yuvraj with Reema, she becomes jealous and ignores Yuvraj when he follows her. Then, Yuvraj and Deepali get back together. Later, she sees Yuvraj and Reema together, but it was an accident. Deepali starts ignoring him again. Yuvraj wants to prove that he was not with Reema, so his friends decide to throw a birthday party to mend the trio's fractured relationship. Deepali and Yuvraj finally unite.",shanthanubhagyaraj ishitasharma vedhika nizhalgalravi amit,kalaprabhu,
112128,Sandai,2008-03-21,2008,ta,"[28, 35]",0.6262,5.8,2,"Thangalakshmi, a wealthy woman, arranges for her daughter, Abhi, to get married to an NRI in her native village. However, a twist of events leads to Abhi getting married to her bodyguard, Kathiresan.",sundarc nadhiya namitha ramyaraj vivek,sakthichidambaram,
66502,Durai,2008-09-12,2008,ta,[28],0.4338,5.0,2,"Durai is a 2008 Tamil film directed by A. Venkatesh starring Arjun, Kirat Bhattal.Raja (Arjun) works with a cook Arusuvai Ambi (Vivek). Raja comes across Anjali (Keerat), who catches his interest. She falls for Raja.But Raja cannot remember anything of his past. All he recollects are vague images and memories that disturb him in his sleep. After a sequence of events and chase by rowdies, Raja collects his past.Raja, a year ago was Durai, who was the close associate of honest politician Deivanayagam (K Viswanath). Durai who leads a happy life with his wife (Gajala) and his son, is hesitant to assume the post.",arjunsarja kiratbhattal sumanranganathan gajala amitdhawan,a.venkatesh,
69595,Vaazhthugal,2008-01-14,2008,ta,"[28, 18]",0.4772,4.0,1,"Kadhiravan, a businessman, desires a wife who should respect his parents. After seeing Kayalvizhi on TV, he meets her on the pretext of being a home contractor and slowly makes his way into her heart.",r.madhavan bhavana vijayalakshmi venkatprabhu mallikasukumaran,seeman,
19950,Yavarum Nalam,2009-03-06,2009,ta,"[9648, 27]",2.5543,6.3,79,"Manohar and his family move into a new apartment on the 13th floor. However, their peace is disturbed by a spirit that uses the television set as a medium to communicate with them.",r.madhavan neetuchandra sachinkhedekar ravibabu muralisharma,vikramkumar,paranormal phenomena super power vengeful ghost murder investigation
809437,Kadhal Kadhai,2009-07-17,2009,ta,"[10749, 18]",1.4639,0.0,0,Three women become victims of lust and lose out on morality as they comply with the sexual urges of their lovers and get involved in extra-marital affairs.,veluprabhakaran shirleydas preityrangayani babilona sampathram,veluprabhakaran,b-grade
20049,Ayan,2009-04-03,2009,ta,"[28, 10749, 35]",1.3811,7.0,78,"Deva works for Arumugam, a smuggler, who has taken care of him for many years. However, when his best friend gets killed, Deva decides to help the police to nab a dangerous drug lord.",suriya tamannaahbhatia prabhu akashdeepsaigal jagan,k.v.anand,smuggling (contraband)
111558,Mayandi Kudumbathar,2009-06-05,2009,ta,"[10751, 18, 10749]",1.0923,4.5,2,"Mayandi Kudumbathar (English: Mayandi's family) is a 2009 Indian Tamil film written and directed by Rasu Madhuravan, who directed Poomagal Oorvalam and Paandi previously. Starring 10 Tamil film directors, including Manivannan, Seeman, Tarun Gopi and Ponvannan, in lead and supporting roles. The film, scored by Sabesh-Murali and filmed by Balabharani, was released on 5 June 2009, going on to become successful at the box office.",manivannan k.p.jagannath ponvannan seeman tarungopi,rasumathuravan,family relationships
512946,Madurai Sambavam,2009-09-04,2009,ta,[],0.9784,3.5,2,"Aalamarathaar (Radha Ravi) is dreaded by his enemies in Aattuthotti in Madurai. He involves in ‘katta panchayat’ but strives to do his best for the people in the neighborhood. He is adored and respected by everyone there.  He is assisted by his son Azhagar aka Kutty (Harikumar) and his son-in-law. There is Gomathi (Karthika Adaikalam), Kutty’s niece who loves him madly which Kutty does not reciprocates. There are local MP Cutout Ganesan (Kathal Dhandapani) and DIG (Raj Kapoor), both keen to bump off Aalamaram and Kutty.",harikumar anuyabhagvath karthikaadaikalam kadhalthandapani rajkapoor,youreka,
69513,Padikathavan,2009-01-14,2009,ta,"[28, 18]",1.3777,4.0,15,Rocky is looked down upon by his father and spends all his time in a mechanic shop. Problems arise in his life after he falls in love with Gayathri.,dhanush tamannaahbhatia vivek sumantalwar devadarshini,suraj,
63635,Vettaikaaran,2009-12-18,2009,ta,"[28, 18]",1.0026,4.5,36,"Police-Ravi is a student aspiring to become a police officer,becomes hunted when he helps his friend out of trouble.The hunted becomes the Hunter to secure his future.",vijay anushkashetty salimghouse sathyansivakumar sayajishinde,babusivan,
262568,Pattalam,2009-03-27,2009,ta,[18],0.6806,1.0,1,"In Holy Bells School, two groups of students constantly fight each other and cause chaos. However, a psychologist named Daisy believes that they can be disciplined through love and positivity.",nadhiya yuthanbalaji deepthinambiar irfan rohini,rohankrishna,
55951,Aadhavan,2009-10-17,2009,ta,"[53, 28, 35]",0.9259,5.5,42,"A professional assassin is tasked with the murder of a prominent local judge; however, after a series of failed attempts, he is forced to deal with complications and old relationships arising from his troubled past.",suriya nayanthara vadivelu murali b.sarojadevi,k.s.ravikumar,troubled childhood contract killer
24383,Villu,2009-01-12,2009,ta,"[18, 28, 35]",1.1094,3.7,31,"A son decides to avenge his father, an army officer, who was falsely framed and killed by three corrupt officers. Fatefully, he also ends up falling in love with the daughter of one of the killers.",vijay nayanthara vadivelu prakashraj ranjitha,prabhudeva,
76972,Thoranai,2009-05-29,2009,ta,"[28, 18]",1.3205,4.4,15,"A man comes to Chennai with a mission to find his brother, who had run away from his house about two decades ago. But a series of events make them both a part of unexpected happenings.",vishalkrishna shriyasaran prakashraj nixons pandiarajan,sabhaayyappan,
66226,Kanden Kadhalai,2009-10-30,2009,ta,[10749],1.1201,4.6,7,"After his encounter with a chirpy girl, Anjali, during their train journey, a depressed Sakthivel's attitude towards life changes. Though he is attracted to her, he agrees to help her unite with her lover.",bharathsrinivasan tamannaahbhatia sapansaran santhanam nizhalgalravi,r.kannan,
69566,Peranmai,2009-10-16,2009,ta,"[28, 12]",1.5407,6.5,12,A communist forest ranger from a tribal community is tasked with whipping five spoiled female cadets into shape. Their bonding trip into the woods turns deadly when they come across foreign mercenaries plotting to sabotage a government satellite launch.,ravimohan vasundharakashyap saranyanag liyasree saidhanshika,s.p.jananathan,
66536,Eeram,2009-09-11,2009,ta,"[27, 53]",0.8922,7.0,17,A police officer investigates his former lover's death which is believed to be a suicide by others.,aadhipinisetty nandha sindhumenon saranyamohan srinath,arivazhaganvenkatachalam,attempted murder
25121,Unnaipol Oruvan,2009-09-18,2009,ta,"[80, 18, 53]",0.5477,7.0,41,A common man tries to fight terrorism by making anonymous calls to cops. Will he succeed ?,kamalhaasan mohanlal lakshmi ganeshvenkatraman bharathreddy,chakritoleti,patriotism mysterious man terrorism bomb threat
25120,Kanthaswamy,2009-08-21,2009,ta,"[28, 80, 12]",1.2334,4.9,31,"A CBI officer moonlights as a modern day Robin Hood in the guise of the masked Kanthaswamy, as he helps fight corruption and aid impoverished people.",vikram shriyasaran prabhu vadivelu ashishvidhyarthi,susiganesan,
111578,Modhi Vilayadu,2009-07-24,2009,ta,"[10749, 18]",0.6055,4.8,2,"Modhi Vilayadu is a Tamil language film released on 24 July 2009. It stars Vinay Rai and Kajal Aggarwal in the lead roles. The film opened to mixed reviews with Indiaglitz.com rating it highly while Behindwoods said ""The game lacks excitement"". The film was a flop at the box office.  The Film's plot involving heroine is based on the korean movie 100 Days with Mr. Arrogant.",vinayrai santhanam cochinhaneefa kajalaggarwal,saran,
112118,Renigunta,2009-12-04,2009,ta,"[28, 18]",0.7543,5.5,2,"Renigunta is a 2009 Indian Tamil action film written and directed by newcomer Paneerselvam. Starring Johnny, son of producer, S. S. Chakravarthy of Nic Arts and newcomers, The film was a success at box office.  At Renigunta, few boys get the acquaintance of Sardar (an influential don) through Bunker. After a successful murder in the town, Sardar takes these boys seriously. Meanwhile, Sakthi comes across a dumb girl (Sanusha) in the neighbourhood. After a few encounters, romance blossoms between them. But the girl's brother plans to push her to flesh trade. Taking pity on Sakthi, his friends decide to help him elope with the girl, but only after completing a murder for Sardar.",johnnychakravarthy sanushasanthosh nishanthrusso sandeep theepettiganesan,r.panneerselvam,
63664,Siva Manasula Sakthi,2009-02-14,2009,ta,"[10749, 35]",0.8493,6.6,21,"Siva and Sakthi lie about their respective jobs when they meet. Once the truth comes out, they decide to take revenge but start developing feelings for each other instead.",jiiva anuyabhagvath santhanam urvashi arya,m.rajesh,
224958,Rajadhi Raja,2009-09-30,2009,ta,"[18, 10749]",0.4677,5.7,3,"Raja (Raghava Lawrence), a native of Coutrallam, is a happy-go-lucky-youngster. Tragedy strike his life when his father loses his hand when a doctor in an inebriated condition operates on him. As expected his father is gagged by cops and lawyers. They assault him. In his death bed, his father gets a promise that he would make his three brothers into a cop, lawyer and doctor. Though Raja realises his mission, he falls for his own acts. The trio (who become doctor, policeman and a lawyer) gang up with a baddie Shyla (Mumtaj), a gangster, who rises to become a Minister. It is up to Raja to end their atrocities and teach them a lesson.",raghavalawrence mumtaj kamnajethmalani karunas snigdhaakolkar,sakthichidambaram,
80248,Malai Malai,2009-07-31,2009,ta,"[10751, 28, 35, 10749]",0.9349,3.7,3,Malai Malai is all about two mountains of power clashing with each other. One man is an important and powerful figure in the village while the other man hails form the city. Why they clash is the story of Malai Malai.,arunvijay vedhika prabhu prakashraj santhanam,a.venkatesh,
79352,Vamanan,2009-07-10,2009,ta,[18],0.6018,5.5,2,"Anand, an aspiring actor who watches people for material, takes an interest in a thief, who takes him under his wing. But when a woman is murdered and Anand is blamed, he realizes that he has been framed.",jaisampath priyaanand raailaxmi santhanam sampathraj,i.mueenuddinahmed,
111543,Maasilamani,2009-06-19,2009,ta,"[28, 10749]",0.6002,7.2,3,"Maasilamani falls in love with a woman, Divya, who dislikes him. Trouble ensues when he concocts an elaborate story about his lookalike to win her heart.",nakul sunaina santhanam pawan m.s.bhaskar,r.n.r.manohar,
1131312,Adada Enna Azhagu,2009-03-20,2009,ta,[18],0.4514,0.0,0,Tamil Movie,jaiakash sarathbabu ashishvidhyarthi,t.m.jayamurugan,
116192,Yogi,2009-11-27,2009,ta,"[28, 18]",0.5946,6.8,2,"For Yogi, assaults have become a daily routine, so much so that the sight of his latest victim, a heavily injured woman slumped in her car, leaves him untouched. But then he spots her baby on the back seat. Without a second thought, Yogi takes the completely defenseless creature along in a basket. Not even a machine gun pointed at his forehead could have had a stronger impact on his life; he feels threatened and seduced at the same time.",ameer madhumitha swathi vincentasokan snehan,subramaniamsiva,
25122,Naadodigal,2009-06-26,2009,ta,[18],0.5217,7.7,12,A group of friends fight tooth and nail to unite two lovers but are dejected by a later turn of events.,m.sasikumar bharani ananya abhinaya shantinideva,samuthirakani,
66225,Aarumugam,2009-09-25,2009,ta,"[28, 10749]",0.5322,7.0,1,Aarumugam is owner of a small food joint. He is closely attached to his mother. He is quiet and his simple life gets shattered by one of Bharath's business rivals (Ramya Krishnan) who runs a big restaurant near his place. The petty clashes soon develop into bigger problems. How Aarumugam solves them is told in an action-cum sentiment filled screenplay.,bharathsrinivasan priyamani saranyamohan ramyakrishnan karunas,sureshkrissna,
112876,Vennila Kabadi Kuzhu,2009-01-29,2009,ta,"[18, 35, 10749]",0.5473,7.5,10,"A man and his friends are kabaddi players, but they are ridiculed by their families.",vishnuvishal kishore soori appukutty maayisundar,suseenthiran,sports kabbadi
78989,Mariyadhai,2009-04-24,2009,ta,[10751],0.6533,5.0,1,"Mariyadhai a family drama movie cast three heroines Ambika, Meera Jasmine and Meena with Vijayakanth in dual roles.",vijayakanth meerajasmine meena ambika rameshkhanna,vikraman,
491631,Vedigundu Murugesan,2009-07-17,2009,ta,[35],0.4631,0.0,0,"Murugesan, who has timely run-ins with the law, takes up the responsibility of a mentally unstable girl. His good-hearted nature wins him the affection of a lady constable.",pasupathy jyothirmayi vadivelu thiyagu deepashankar,a.govindamurthy,
269728,Ainthaam Padai,2009-07-23,2009,ta,"[28, 35]",0.6724,4.0,2,"Devasena decides to marry Prabhakaran after she gets a marriage proposal from his family. When she learns that she is chosen to marry his elder brother, she vows to take revenge on him.",sundarc simran mukesh vivek nassar,badri,
323152,Ananda Thandavam,2009-04-10,2009,ta,"[10751, 18, 10749]",0.6552,4.4,6,"Introvert Raghu finds love and support in the innocent Madhu, and he proposes to her, but she gets married to an NRI. Later, when she is betrayed by her husband, she realizes her love for Raghu.",siddharthvenugopal tamannaahbhatia rukminivijayakumar rishi krishnakumarramakumar,gandhikrishna,
114904,Pasanga,2009-05-01,2009,ta,"[18, 10751]",0.5807,7.4,11,Two boys who instantly dislike each other learn to forgive after an accident.,kishoreds sreeraam vimal vegatamotia tamizh,pandiraj,
79936,A Aa E Ee,2009-01-09,2009,ta,[10751],0.4041,2.0,1,"A Aa E Ee is a 2009 Indian Tamil-language film that stars Navdeep, Aravind Akash, Monica and Saranya Mohan in the lead roles, whilst, supporting actors Prabhu, Cochin Haneefa, Livingston, Manorama and Ganja Karuppu play other prominent roles.",prabhu navdeep aravindakash monica saranyamohan,sabakailash,
410346,Laadam,2009-02-09,2009,ta,[],0.3814,8.0,2,"A man gets trapped between two dons, who are enemies. He has 16 days to carry out a murder for one of them or he gets killed. However, the other don will kill him first if he carries out the job.",aravindan charmykaur kotasrinivasarao jayaprakash kunalshah,,
69615,Achchamundu Achchamundu,2009-07-17,2009,ta,"[18, 53]",0.5836,3.3,2,"Senthil Kumar (Prasanna) and Malini (Sneha) are a happily married couple in New Jersey, living life like any other born-in-India, arrived-in-the-US couple do. He submerges himself in the office and eats sambhar rice at home and she never misses a bhajan at the temple and shops at Indian stores. They have a daughter Rithika (Akshaya Dinesh), 5 years old, the apple of their lives (their car's registration number carries the name of their daughter.) They have just settled down in a new, spacious home about which Malini, understandably, has fears. The couple squabble amicably about everything from her perpetual laundry and cooking; while Senthil argues with friends about the significance of viboothi (holy ash, usually applied on forehead) and takes his family on weekend trips and birthday parties. It is a normal, happy life in the US until Robertson (John Shea) arrives, to paint the basement. Now, things are never the same at home again.",prasanna sneha johnshea markstolzenberg andreaharrison,arunvaidyanathan,
269726,Thee,2009-02-27,2009,ta,[],0.6054,3.8,2,"The story begins with Sarathy (Sundar) who is a tough and honest cop and given his straightforward nature, he is the thorn in the flesh for many antisocial elements and also the politicians. Due to this, he keeps getting transferred from time to time, however, Sarathy has no qualms about it since he is happily married with a lovely wife Ganga (Ragini). Sarathy's life however takes a turn when he arrests a corrupt MLA (G M Kumar) and his men which leads the politician to quit the field. He vows revenge and kills Ganga and their two children's and also frames Sarathy in a case. But his wife escapes and Sarathy admit her in a hospital in serious condition. From then on, he begins his corrupt acts and in such a way that the entire society begins to loathe the police force.  Saami then strikes hard at the former MLA who kills Ganga and what happens from there forms the rest of the story.",sundarc manojkjayan sayajishinde ramyaraj,g.kicha,remake
69497,Sarvam,2009-05-15,2009,ta,"[18, 10749, 28]",0.5757,5.8,9,"The film revolves around five individual characters and the events in their life, that, on the one hand, changes everything in their respective lives, which the film's title refers to, and, on the other hand, also brings together these people. It is an anthology film, that contains two parallel moving stories, which are connected by a freak accident in Chennai. A young architect, falls in love with a young beautiful pediatric doctor, runs after her and tries to convince her to marry her, while, simultaneously, a morose ex-football coach troubles a software engineer by vowing to kill his eight-year-old son. How these characters get connected and confronted through the accident forms the crux of the story.",arya trishakrishnan indrajithsukumaran anuhasan prathappothan,vishnuvaradhan,tragic love organ transplant
1276175,A Mango Tree in the Front Yard,2009-02-06,2009,ta,[18],0.3197,0.0,0,A border land to a war zone. Three children on the way back home from the school. They have to face different forms of danger.,shadhigai. priya gautham adhanraj nithyamenen,pradeepanraveendran,
336830,Indira Vizha,2009-07-10,2009,ta,[],0.5005,5.5,1,"The movie revolves around sexual harassment occurring at work. This movie is loosely based on the Hollywood movie ""Disclosure"" starring Michael Douglas and Demi Moore. The film is the story of Kamini (Namitha) getting back at her ex lover Santhosh (Srikanth) by reentering his life as the wife of his boss, played by Nasser. Srikanth plays the creative head of a television channel Teen TV (though it does indulge in political exposes), who is married to debutant Hemamalini.",srikanth namitha ragasiya nassar vivek,k.rajeswar,
833324,Drogam: Nadanthathu Enna?,2010-06-11,2010,ta,"[18, 10749]",2.3496,6.0,1,Drogam Nadanthathu Enna film is based on a real incident which happened in Mumbai. The electric power goes at the time when a young police officer makes love to his wife. So the inspector goes to light a candle. At that time a stranger embraces the inspector's wife who is not able to recognize the person. She thinks that it is her husband. The stranger records this incident in his cell phone. The stranger blackmails the lady showing this clipping and asks her to make love with him. Whether she agrees or not is the rest of the story.,kishore leenachowdary swathivarma saso ramyasen,mohammedsameer,b-grade
148284,Enthiran,2010-10-01,2010,ta,"[28, 878, 12]",1.9738,6.6,242,"Dr. Vaseegaran creates Chitti, a powerful robot in his own image, but it is rejected by the scientific body AIRD due to its lack of human behaviour and emotions. After a lightning strike triggers emotions in Chitti, he begins to develop human-like feelings. However, Chitti falls in love with Dr. Vaseegaran's fiancée, Sana, and turns against his creator, leading to dangerous consequences.",rajinikanth aishwaryaraibachchan dannydenzongpa santhanam karunas,shankar,android artificial intelligence (a.i.) love triangle killer robot robot scientist dual role humanoid robot human android relationship 2030s
62756,Singam,2010-05-28,2010,ta,"[28, 35, 80]",1.6002,6.8,72,"The story, set in the backdrop of Nallore, a small town in Thoothukudi District, revolves around Sub-Inspector Durai Singam, a brave and just policeman who serves in his hometown primarily to fulfill his father’s wish. Durai Singam settles every dispute in his town patiently with his words of wisdom and resorts to force only when the situation demands it. Kavya, a city girl who comes on vacation to Nallore, falls in love with Durai Singam. Erimalai, Durai Singam's bumbling colleague and friend, often accompanies him.",suriya anushkashetty prakashraj nassar vivek,hari,police investigation land theft land mafia
54456,Raavanan,2010-06-18,2010,ta,"[28, 12, 80]",1.0993,7.0,47,"After inspector Dev stirs the reign of Veeraiya, a tribal outlaw, the latter responds by kidnapping his wife, Ragini. While she tries to escape from him, Dev fights many resistances to find her.",vikram aishwaryaraibachchan prithvirajsukumaran karthikmuthuraman prabhu,maniratnam,kidnapping rebel revenge ramayana hindu mythology
69511,Uthama Puthiran,2010-11-05,2010,ta,"[18, 35, 28]",1.1415,6.3,19,"Siva is asked to help a friend in a love marriage. Siva kidnaps Pooja on a mistaken identity from the marriage hall. When Pooja is kidnapped, her uncles and their henchmen follow them.",dhanush geneliad'souza vivek k.bhagyaraj ashishvidhyarthi,mithranjawahar,
34632,Theeradha Vilaiyattu Pillai,2010-02-12,2010,ta,"[35, 10749]",1.2069,5.2,16,"Karthik, a carefree management graduate, abstains from taking up a job. One day, he, along with his close friends, decides to conduct a straw poll by dating three women and then choosing the best one.",vishalkrishna neetuchandra sarah-janedias tanushreedutta santhanam,thiru,playboy
44050,Madrasapattinam,2010-07-09,2010,ta,"[18, 36, 10749]",1.2973,7.0,31,"Amy, the wife of an English governor, falls in love with Parithi, a villager, and they run away. However, they are caught and she is taken back to London. Years later, she comes back in search of him.",arya amyjackson nassar cochinhaneefa caroletrungmar,a.l.vijay,colonial india
39523,Paiyaa,2010-04-02,2010,ta,"[28, 12, 10749]",0.9997,6.3,41,"Shiva, an engineering graduate, is not serious about his job or future even when his friends advise him about life. He falls in love with a girl he saw at a bus stop and finally gets to ride with her in a car.",karthi tamannaahbhatia milindsoman soniadeepti jagan,n.linguswamy,road trip
63812,Thillalangadi,2010-07-23,2010,ta,"[35, 28, 18]",1.173,4.8,12,"Nisha leaves Krishna because of his easy-going attitude towards his life and career. Soon, her parents arrange her marriage with an NRI and she reluctantly agrees, but things do not go as planned.",ravimohan tamannaahbhatia shaam vadivelu prabhu,mohanraja,
1131365,Virunthali,2010-07-16,2010,ta,[],0.8176,0.0,0,2010 Tamil Movie,michaelpradeep appukutty vidhyapradeep premapriya ambanishankar,udayasankaranwhaterman,
39491,Sura,2010-04-30,2010,ta,"[28, 35, 18]",1.0959,2.4,33,"When a corrupt politician tries to seize the land of his villagers, a brave and powerful fisherman sets out to fight against him.",vijay tamannaahbhatia devgill vadivelu sriman,s.p.rajkumar,
50939,Naan Mahaan Alla,2010-08-20,2010,ta,"[28, 18, 53, 80]",0.8783,6.5,42,"A playful young man leads a very happy life, but everything changes when his father witnesses a heinous crime.",karthi kajalaggarwal jayaprakash soori aruldoss,suseenthiran,fight revenge rape and murder foot chase dismemberment chennai troubled youth father son relationship
69597,Aayirathil Oruvan,2010-01-14,2010,ta,"[28, 12]",0.8889,6.6,50,"An expedition sets out to uncover the long-lost traces of the Chola dynasty, venturing into uncharted lands filled with ancient traps, hostile forces, and forgotten secrets. What begins as a search for history soon becomes a perilous struggle for survival, where myths and reality collide and the fate of an entire legacy hangs in the balance.",karthi r.parthiban reemasen andreajeremiah prathappothan,selvaraghavan,cambodia ancient culture ancient civilization chola dynasty raja raja cholan chola emperor pandyas death game
39525,Angadi Theru,2010-03-26,2010,ta,"[18, 10749]",0.7946,6.8,14,"Jyothi Lingam, a bright student, leads a happy life in his small village. One day, tragedy strikes when his father, the only earning member of the family, dies in an accident.",anjali mahesh pandi a.venkatesh pazhakaruppaiah,vasanthabalan,based on true story working class people
37941,Vinnaithaandi Varuvaayaa,2010-02-26,2010,ta,"[18, 10749]",1.0988,7.6,58,"A young, aspiring filmmaker falls in love with a girl who moves into the house above his, but her sophisticated nature does more harm than good to him.",silambarasan trishakrishnan vtvganesh babuantony lakshmiramakrishnan,gauthamvasudevmenon,unrequited love young love unfulfilled love
69512,Kutty,2010-01-14,2010,ta,[10749],0.9526,5.4,16,"Kutty, a kind young man, falls in love with Geeta, but she does not reciprocate his love. He continues to love her even after learning that she is in love with Arjun, her college-mate.",dhanush shriyasaran sammirdattani mayilsamy radharavi,mithranjawahar,
50093,Goa,2010-01-29,2010,ta,"[35, 10749]",1.0545,6.0,21,"Three young men, who always get into trouble in their village, dream of an effortless life. For this, they run away to Goa in the hope of finding and getting married to rich foreign women.",vaibhav premjiamaran jaisampath aravindakash sampathraj,venkatprabhu,beach holiday goa road trip
111592,Nandalala,2010-11-26,2010,ta,[18],0.9169,8.8,3,"Road journey of two people, a mentally challenged adult and an eight-year-old schoolboy, both in search of their respective mothers.",mysskin ashwathram snigdhaakolkar rohini nassar,mysskin,
51867,Boss Engira Baskaran,2010-09-10,2010,ta,"[35, 18, 28]",0.8554,6.6,34,"Bhaskaran is in love with a young and beautiful professor, Chandrika. In order to catch her attention and start a successful career, he along with his friend, Nallathambi, get up to various antics leading to hilarious consequences.",arya nayanthara santhanam chitralakshmanan lakshmiramakrishnan,m.rajesh,
512280,Pournami Nagam,2010-01-01,2010,ta,[],0.4664,0.0,0,"To obtain the ""nagmani,"" a group of girls attacks a cobra pair. Unfortunately, the male cobra dies, and his partner escapes. Infuriated, she decides to take revenge.",mumaithkhan rajivkanakala kovaisarala sarajkumar karunas,yaarkannan,
55552,Mandhira Punnagai,2010-11-19,2010,ta,"[53, 10749, 18]",0.5784,5.5,3,"Karu Pazhaniyappan, who has made reasonably thought-provoking films like ""Parthiban Kanavu"" and ""Pirivom Sandhippom"", turns hero with ""Mandhira Punnagai"". After exploring human relationships in his first two directorial ventures, Palaniyappan attempts to look into human lives psychologically.",karupazhaniappan meenakshi santhanam thambiramaiah,karupazhaniappan,
111581,Moscowin Kavery,2010-08-27,2010,ta,[10749],0.5917,6.8,15,"Moscowin Kavery (English: Moscow's Kaveri ) is a 2010 Tamil romantic drama film written and directed by cinematographer Ravi Varman, making his directorial debut, besides handling the cinematography. The film, which has lyrics written by Vairamuthu and music scored by Thaman, stars Rahul Ravindran and Samantha in the lead roles with Harshvardhan, Santhanam and Seeman essaying supporting roles. Releasing on 27 August 2010, after nearly three years of production, the film was ultimately panned by critics.",samantharuthprabhu rahulravindran rupamanjari santhanam manikandan,ravivarman,
79661,Irumbu Kottai Murattu Singam,2010-05-07,2010,ta,"[28, 10749, 37]",0.681,4.5,6,"Simhachalam, a watchman is sentenced to death for stealing a precious diamond. However, a group of cowboys save Simhachalam and offer him the diamond, only on a condition that he fulfills a promise.",raghavalawrence padmapriyajanakiraman raailaxmi sandhya nassar,chimbudeven,
55796,Mynaa,2010-11-05,2010,ta,"[53, 18, 10749]",0.4448,7.2,20,"To avoid getting into an unwanted marriage, Mynaa escapes with her childhood love, Suruli, and plans to marry him. Along the way, they face many problems and fate has something drastic in store.",vidharth amalapaul thambiramaiah suzanegeorge sethu,prabhusolomon,
78398,Maanja Velu,2010-05-21,2010,ta,[28],0.5622,4.3,3,"ACP Bose (Karthik) is a sincere police officer happily married (Anu Hassan) and living with his parents and younger brother Velu (Arun Vijay). Velu is a college student and he falls in love with his classmate Anjali (Dhansika). Umapathi (Chandrasekar) enters, who is notorious for settlements and land deals. He kills anyone who comes in his way and does not leave any evidence or witness behind. He takes a loan of 100 crores from a private bank with the help of a cunning DGP and a politician. He kills the bank’s chairman in order to avoid repayment and puts the blame on Bose. Bose tries to stop Umapathi. Velu also gets into disputes with Umapathi. What happens next forms the crux of the story.",arunvijay saidhanshika karthikmuthuraman prabhu santhanam,a.venkatesh,
79336,Thenmerku Paruvakatru,2010-12-24,2010,ta,[18],0.5304,7.7,2,"Thenmerku Paruvakatru directed by Seenu Ramasamy, comes like a breath of fresh air, against a backdrop of picturesque nature, in Theni district of Madurai, open to the cool winds of the North-west, the movie takes shape with the story of love, bonding and binding between mother and son. reliving the core cultural values of the Indian system, and rekindling the sentiments and emotions, which have almost been laid to rest, in the name of hi-fi living.",saranyaponvannan vasundharakashyap vijaysethupathi aruldoss kadhalsukumar,seenuramasamy,shepherd mother widow
69432,Vandae Maatharam,2010-09-10,2010,ta,"[80, 28, 53]",0.4262,3.5,2,"Mammootty and Arjun are tough police officers. They analyse farmers struggle and related social violence to put forward an amicable solution to have lasting harmony. They are highly disturbed by the terrorists' infiltrations. Sneha, an Aviator, is Mammootty's wife and they are sad that they don't have a child. The rest of the story deals with how they counter act against the terrorists and save the land.",mammootty arjunsarja sneha nassar jagadish,t.aravind,
112113,Pugaipadam,2010-01-01,2010,ta,[18],0.429,0.0,0,"Guru, Nanda, Bala, Krishna, KK and Gowri are a group of college friends. Shiny becomes a part of their group. Krishna and Shiny are in love with each other but decide to keep their relationship a secret and things begin to unravel when Bala attempts suicide.",priyaanand amzathkhan g.gnanasambandam vinuchakravarthy neelimarani,rajeshlingam,
80249,Vaada,2010-10-15,2010,ta,"[28, 35]",0.6385,5.0,1,Vaada film Sundar C and Sheryl Brindo in lead. Sundar C is essaying the role of a person who avenges the person who has spoilt his life. Sheryl Pinto acts as an ardent fan of MGR and she feels her husband Sundar C should also be like him. Both of them dance for the song Enakku Needhan MGR Unakku Naan Dhan Saroja Devi.,sundarc sherylbrindo jayaram vivek ashishvidhyarthi,a.venkatesh,
521986,Kutti Pisasu,2010-05-07,2010,ta,[14],0.5449,3.5,4,"A 2010 Indian fantasy film featuring spirits, giant snakes and a transforming car. The film was simultaneously made in three languages: ""Kutti Pisasu"" in Tamil, ""Bombat Car"" in Kannada and ""Cara Majaka"" in Telugu. The Tamil version was dubbed in Hindi as ""Magic Robot"" and in Bengali as ""Robot – The Wonder Car"".",babygeethika sangeeta ramyakrishnan nassar livingston,ramanarayanan,possession giant snake spirit robot
79672,Bale Pandiya,2010-09-03,2010,ta,[35],0.7895,5.0,4,"Pandian is a young man, looking for something positive to occur in his life. After failing in every attempt to find a job and make a life for himself, he gets branded as a complete loser and a jinx.Unsuccessful in getting a job, failed in love and heavily in debt",vishnuvishal piabajpiee vivek dr.sharmila amarendranramanan,siddharthchandrasekhar,
78593,Jaggubhai,2010-01-29,2010,ta,"[28, 18]",0.5137,6.5,2,"Jagannathan, (Sarath Kumar) fondly known as ‘Jaggubhai’. is an Indian Police Officer with sharp methods. His way of dealing the criminals strikes terror in the underground world. Tough is just an ordinary word to describe this upright, straight forward police officer. Jaggubhai is sent to Australia on an important mission to deal with anti social elements there. In Australia, Jaggubai meets Meena (Srisha) and they both fall in love with each other. Jaggubai fails in his mission for which he came to Australia and the brief romance with Meena also ends abruptly....",r.sarathkumar shriyasaran goundamani vijayakumar srisha,k.s.ravikumar,
55737,Chikku Bukku,2010-12-03,2010,ta,"[10749, 18]",0.7185,4.0,3,"Arjun and Anu fall in love with each other on a train journey. When Anu's father learns about their relationship, he remembers that he shares an unpleasant history with Arjun's father.",arya shriyasaran preetikarao santhanam vaiyapuri,g.k.manikandan,
52645,Manmadhan Ambu,2010-12-23,2010,ta,"[35, 18]",0.5769,5.4,16,"Madhan is convinced that Ambu is unfaithful and refuses to pay detective Mannar when he reports otherwise. Wanting to make money to help a friend, Mannar cooks up stories about Ambu's infidelity.",kamalhaasan r.madhavan trishakrishnan urvashi sangeethakrish,k.s.ravikumar,
112319,Thittakudi,2010-05-05,2010,ta,"[18, 10749]",0.4194,0.0,0,"Director Suntharan probably wanted to give some sort of social message with his movie but the way he scripted the screenplay, the movie sounds more like a wannabe sensationalist. If loose morals that make people lose their minds and do pretty awful things do not count for sensationalism, what else will?",ravi asvatha munnarramesh senthikumari r.sivakumar,sundharan,
112830,Bayam Ariyan,2010-04-25,2010,ta,[18],0.4027,0.0,0,"The film is about a bad cop Mithran (Kishore), who utilizes the useless and violent youngster to indulge in conniving activities only to get his pockets overwhelmed with profit. Vinoth (Magesh Kumar) is his right pick as he heeds for his orders and he’s one such cruel guy, who beats his mother black and blue for money. Saranya enacts his mother’s role and she completely possesses the qualities of yesteryear mother in Tamil cinema. Meanwhile, he falls in love with Nivedha (Udhayathara) and even she falls for him. When things are going finer, his life turns topsy-turvy when his mother passes away. He starts feeling a lot missing her. Meanwhile Mithran and Vinoth tend to lock horns with each other with a shockingly repellent climax.",kishore mageshkumar udhayathara saranyaponvannan ponnambalam,pratheesh,
112491,Vamsam,2010-08-13,2010,ta,"[10749, 28, 18]",0.5112,6.0,2,"A woman keeps her son away from the ancestral rivalry of two families in the village. However, after an unforeseen incident, he takes it upon himself to punish his enemies.",arulnithi sunaina jayaprakash ganjakaruppu kishore,pandiraj,
111545,Magane En Marumagane,2010-05-21,2010,ta,"[35, 18]",0.4596,0.0,0,"The Jameendar of a village on the foothills of Palani temple lives happily with his wife. The couple is liberal and spends all their money on the villagers. Enters Singapetti Singaram, a con, and his grandmother. What happens after they attempt to con them forms the rest of the story.",vivek yaminisharma nassar saranyaponvannan livingston,t.p.gajendran,
262432,Ayyanar,2010-12-09,2010,ta,"[28, 18]",0.4133,4.0,3,"Ayyanar  revolves around a youngster and his love for his mother. The story begins in a village and soon moves to the city. The film, which is said to be an action-packed entertainer, will also have a comedy track by Santhanam.",aadhipinisetty meeranandan santhanam anupamakumar vishnupriyan,rajmithran,
68380,Asal,2010-02-05,2010,ta,"[28, 18]",0.448,4.4,20,"The film revolves around the feud between the three brothers over property; two brothers, from their father's first wife on one side with their avarice for all the wealth with the righteous third, from his father's second marriage, trying to stop the family from breaking down. The feud that exists as an undercurrent in the presence of their father and turns ugly and personal after he passes away. It grows bigger with the two brothers joining in to elbow out the third but he graciously steps aside, only wanting to keep cordial relations. But, the two brothers are just not able to handle the huge wealth and the responsibility that it brings. Their wealth attracts trouble and it is up to the third to come back and save his brothers, against others who strive for the wealth while the crux of the plot revolves around if wealth does disintegrate the family.",ajithkumar sameerareddy bhavana prabhu yugisethu,saran,
114891,Pathinaaru,2011-01-28,2011,ta,[10749],36.5336,4.5,2,"Shiva and Indu are city-based students,who love each other. However, their love is strongly opposed by the latter’s parents. They're given a handwritten book titled ""Pathinaaru"" (Sixteen) by Indhu's mother to read. The book depicts a real-life story about two village teenagers Gopi and Ilavarasi, and their romance as they step into adolescence. Facing opposition from her affluent family, the gutsy Ilavarasi takes some bold unconventional steps, which backfires on her. The story of unrequited love and betrayal leaves Indu in a dilemma and she prepares to go with her family’s desires. But Siva is not ready to give up Indu and sets out to do his own investigation to get to the bottom of what ultimately happened to Gopi and Ilavarasi.",shiva madhushalini abhishekshankar pandi darbukasiva,sabakailash,
1088602,Shanthi Appuram Nithya,2011-06-10,2011,ta,"[18, 10749]",4.352,1.0,1,An erotic movie that depicts how innocent women fall for bad boys and how those men treat them without any courtesy.,mahaadithya archanasharma,muralivishwa,b-grade
1088615,Anaagarigam,2011-11-26,2011,ta,"[18, 10749]",3.8836,7.0,1,Story of a newly married professor who suffers his whole life for having an affair with his student.,vibhuraman prajwalpoovaiah waheeda babilona rishikesh,krishnadevan,b-grade
81165,Mudhal Idam,2011-08-19,2011,ta,[18],1.2921,0.0,0,"Mahesh is a thug in Thanjavur. His only ambition is emerge as the Number 1 rowdy with his name topping the list of wanted criminals in the local police station. He is called 'Yamakunji' by his friends for he wants to send fear in the spine of his opponents. He indulges in all unlawful activities to achieve his mission. But for his mother, he is the best son on earth. She earns her livelihood running an idly shop. Mahesh meets Mythili , a school student and daughter of a bus conductor. Though Mahesh is hated by all, Mythili falls for him. However, Mythili's father opposes their affair. Things take a turn when Karuppu Balu, the number one rowdy in the area comes out of the jail. Mahesh incurs the wrath of aspiring MLA for no fault of his. Things take a turn, when Mythili elopes from her house and Mahesh is forced to kill Balu. The movie ends with a strong message.",vidharth kavithanair kishore ilavarasu appukutty,kumaranramasamy,
1382627,Thigattadha Kadhal,2011-09-23,2011,ta,[18],1.5053,0.0,0,It is a 2011 Tamil movie.,,manojkjayan,b-grade
75064,Kanchana,2011-07-22,2011,ta,"[27, 35]",1.5162,5.4,29,"Raghava (Lawrence) is a happy go lucky guy who loves to play cricket but is a chicken at heart. The very mention of the word ghost gives him shivers so much that he sleeps with his mom (Kovai Sarala). He is also in love with Priya (Lakshmi Rai). However, an attempt to play a cricket match in an unused ground leads Raghava to get something dark to his home. The dark spirit begins to cause few weird things at home and one day it enters the body of Raghava which goes on killing few specific people. Who is that evil spirit? Why is it killing few people? Can Raghava get rid of the spirit? All this forms the rest of the story.",raghavalawrence r.sarathkumar kovaisarala devadarshini sriman,raghavalawrence,
525692,Appalam,2011-11-15,2011,ta,"[35, 18]",0.9989,0.0,0,"Appalasamy (Gana) and his wife Nalaini (Jaclyn Victor) is blessed with a beautiful girl called Shruthi (Raja Ilya). One fateful day, Nalaini gets into a car accident while on the phone arguing with Appalasamy. He promises to his late wife that he will take good care of their daughter, which leads him to become overprotective of her.",s.gana rajailya jaclynvictor shashitharan sharifahamani,afdlinshauki,
63964,Deiva Thirumagal,2011-06-03,2011,ta,"[18, 10751]",1.6308,7.3,31,"An intellectually disabled man fights for custody of his 7-year-old daughter, and in the process teaches his opponent lawyer the value of love and family.",vikram saraarjun anushkashetty nassar amalapaul,a.l.vijay,
119123,Aaranya Kaandam,2011-06-10,2011,ta,"[35, 28, 80, 18]",1.1237,7.5,41,A drama that unfolds between two rival mafia gangs on a single day when a bag of cocaine gets stolen by two innocent people.,jackieshroff ravikrishna sampathraj yasminponnappa ramborajkumar,thiagarajankumararaja,neo-noir
76788,Mankatha,2011-08-31,2011,ta,"[28, 53]",1.0362,6.8,72,"Vinayak, a suspended cop, helps a group of four men rob cricket betting money amounting to 500 crores INR. When it comes to splitting the amount, betrayal hits the team hard and a chase ensues.",ajithkumar arjunsarja vaibhav ashwinkakumanu premjiamaran,venkatprabhu,gambling money laundering cricket heist bad cop cops and robbers  bookie antihero
1384699,Thappu,2011-03-01,2011,ta,"[18, 10749]",1.0233,0.0,0,A Tamil movie from 2011,vivin ranichadhurvethi ajay jeniffer masanamabina,akilan,b-grade
115430,Maharaja,2011-12-30,2011,ta,[],0.9599,0.0,0,"Mahadevan (Nassar), a middle-aged government employee who leads a very normal family life with his wife, a son and his father who is also living with him. He lives a budget life, rides an old scooter, wears out-of-fashion clothes and bears a sullen expression on his face for all the reasons above. He is unhappy with his present life which is monotonous and feels that he should lives a modernized life which he has missed in his earlier life.",anjali nassar,,
63654,Ko,2011-04-22,2011,ta,"[28, 53]",1.0147,7.2,57,"Ashwin is a photographer, covering the upcoming elections for a newspaper. His life gets entangled with politics when one of his published photographs upsets a corrupt political party.",jiiva karthikanair ajmalameer piabajpiee prakashraj,k.v.anand,political assassination political campaign political corruption
86718,7Aum Arivu,2011-10-26,2011,ta,"[28, 878, 53]",1.1449,6.5,66,A genetic engineering student tries to bring back the skills of a legend of the past and use his skills to save India from a deadly virus attack by China.,suriya shrutihaasan johnnytringuyen ramanathan ashwinkakumanu,a.r.murugadoss,martial arts kung fu biological weapon buddhism hinduism biological warfare virus ancient india bodhidarma tamil dynasty
63810,Engeyum Kadhal,2011-05-06,2011,ta,"[10749, 28, 18]",0.9681,5.6,12,"Kamal, a young billionaire, doesn't believe in love; his philosophy is simple: No love, no commitments = no disappointments. He works hard for 11 months and takes a month's break from all the work related commitments. Cute violinist Kayalvizhi alias Kayal believes in true love and is highly fascinated with Indian culture. Kayal's father Rajasekhar runs a small detective agency in France and Kayal often reads her father's case files for interesting stories. One day, Rajasekhar gets a new client who wants to know about his girlfriend's mystery man. After a brief investigation, Rajasekhar finds that his client's girlfriend is dating Kamal. Sonu gets angry and decides to kill his girlfriend and Kamal.",ravimohan hansikamotwani sumantalwar rajusundaram karle.landler,prabhudeva,
68016,Aadukalam,2011-01-14,2011,ta,"[28, 18, 53]",0.8865,7.7,54,"Pettaikaaran is famous in his town for an impeccable track record of successes in rooster fights. When one of his aides, Karuppu, goes against his word in a fight, it leads to an enmity between them.",dhanush kishore v.i.s.jayapalan aadukalamnaren taapseepannu,vetrimaaran,cockfight
69507,Seedan,2011-02-25,2011,ta,[10751],0.8869,4.5,2,"Seedan (Tamil: சீடன்) (English: Disciple) is a 2011 Indian Tamil-language drama film directed by Subramaniya Shiva. The film stars newcomer Unni Mukundan and Ananya of Naadodigal fame in the lead and features Dhanush in an extended guest appearance, while Suhasini, Sheela and Vivek appear in supporting roles.  The film, a remake of the 2002 Malayalam hit film, Nandanam, released on 25 February 2011 to mixed reviews. The whole film is shot inside a palacial set created by art director Jacki. The whole house including the exterior and interior was built in Prasad Studios. After more than a few decades a full traditional house set is made for a Tamil film.",unnimukundan ananya dhanush suhasinimaniratnam sheelakaur,subramaniamsiva,
76976,Mayakkam Enna,2011-11-25,2011,ta,"[18, 10751]",0.6853,6.6,25,"Karthik is a freelance photographer with big dreams of becoming a famous wildlife photographer, but faces constant struggle in advancing his career.  When Karthik’s close friend Sundar introduces his girlfriend Yamini to their group, they can't stand each other initially, but there lies the twist, when opposites attract.",dhanush richagangopadhyay sunderramu poojadevariya mathivananrajendran,selvaraghavan,friendship husband wife relationship photography mental breakdown betrayal estranged wife pregnant wife female power
63448,Siruthai,2011-01-14,2011,ta,"[28, 35, 18, 53]",0.8772,5.9,29,"A thief comes across a little girl who says that he's her father. When he learns the truth about his lookalike, who's an honest cop, he decides to turn a new leaf and help get rid of the local baddie.",karthi tamannaahbhatia santhanam bhumikachawla manobala,siva,remake
63634,Velayudham,2011-10-26,2011,ta,[28],0.806,5.3,50,An ordinary milkman is forced to become the fictional character Velayudham who takes on the scum of the earth.,vijay geneliad'souza hansikamotwani saranyamohan santhanam,mohanraja,corruption superhero terrorism
58723,Kaavalan,2011-01-15,2011,ta,"[18, 10751, 10749]",0.9021,5.7,43,"Bhoominathan aka Bhoomi is introduced to us as a person who gets into many local fights. Worried about his future, his family sends him to Muthuramalingam (Raj Kiran), a much respected personality in his place Semmanur, to put Bhoomi's life on the right track. But things don't go as planned. Muthuramalingam's adversary threatens to kill his daughter Meera (Asin) as a revenge against his own daughter's fate. So Bhoomi is given the job of Meera's bodyguard at college. Meera goes to college with her friend Madhu but is irritated by Bhoomi's presence everywhere. So she devises a plan.",vijay asinthottumkal vadivelu rajkiran mithrakurian,siddique,remake
111589,Nadunisi Naaygal,2011-02-18,2011,ta,"[9648, 53]",0.9679,5.4,5,"Having suffered sexual abuse as a child, Veera grows into a psycho obsessed with sex and kills for pleasure.",veerabahu sameerareddy ashwinkakumanu samantharuthprabhu avishekkarthik,gauthamvasudevmenon,child abuse kidnapping childhood trauma traumatic childhood
66207,Vaanam,2011-04-29,2011,ta,"[28, 80, 18]",0.9075,6.0,19,"Five people from varied strata of society – a slum dweller who works as a cable operator, a runaway prostitute, a desperate woman drowning in debt, a rising musician, and a grief-stricken Muslim man – end up together in the same hospital, at a time when it is attacked by terrorists.",silambarasan bharathsrinivasan anushkashetty prakashraj soniaagarwal,radhakrishnajagarlamudi,
66204,Azhagarsamiyin Kuthirai,2011-05-12,2011,ta,"[10749, 35, 53]",0.7519,6.3,3,"Azhagarsami loses his only source of livelihood, a horse. At the same time, during the Thiruvizha festival, the horse meant to carry the temple deity also goes missing.",appukutty saranyamohan pirabhakaran advaitha soori,suseenthiran,
69602,Ponnar Shankar,2011-04-09,2011,ta,"[36, 28, 18]",0.4765,4.8,2,"Ponnar Shankar is based on historical novel written by Kalangir M. Karunanidhi. Story is about the two warriors, both are brothers named Ponner and Sankar living in Kongu Nadu (present day Coimbatore, Erode etc..). This is a historical movie and these two warriors are even worshipped today at most of the above mentioned part of Tamil Nadu.",prashanth poojachopra divyaparameshwaran sneha prakashraj,thyagarajan,
282525,Kalla Malla Sulla,2011-09-16,2011,ta,[35],0.5077,0.0,0,Kalla Malla Sulla movie is a remake of  Tamil movie Charlie Chaplin. The story revolves around a newspaper editor Ramesh and his wife Ramya. She always suspects Ramesh,v.ravichandran ramesharavind vijayraghavendra raginidwivedi yagnashetty,udayaprakash,
251918,Rajapattai,2011-12-23,2011,ta,"[28, 35, 10749]",0.6204,2.8,9,"Murugan is a stunt actor in movies and his only aim in life is to become a good villain and get featured prominently in movie posters and cutouts. At a temple festival, he rescues Dakshinamoorthy from goons trying to kidnap him on orders from his son, who wants to take over land on which an orphanage is located. Murugan takes Dakshina to his mansion to keep him safe. Soon, thugs arrive in search of Dakshina as the land was promised to politician Ranganayaki alias Akka in return for an MLA seat to his son. It is now up to Murugan to foil their plan.",vikram deekshaseth pradeepramsinghrawat thambiramaiah reemasen,suseenthiran,stunt master land mafia
78847,Osthe,2011-11-22,2011,ta,"[28, 35, 18, 10749]",0.8049,4.0,11,"A man hates his stepfather and his half-brother. Later as a police officer, he makes an enemy in a local politician, who uses the hostility between the stepbrothers to fulfill his own nefarious plans.",silambarasan richagangopadhyay santhanam jithanramesh sonusood,dharani,cop stepbrother brother against brother
69539,Rowthiram,2011-08-12,2011,ta,"[28, 18]",0.734,5.2,8,An angry young man who takes on the bad elements to clean the society.,jiiva shriyasaran prakashraj ganeshacharya jayaprakash,gokul,right and justice righteous rage fight for justice angry young man
65518,Avan Ivan,2011-06-17,2011,ta,"[28, 53]",0.8978,5.8,22,A landlord takes a liking to two half-brothers who con people and adopts them. But his adopted family's harmony is disrupted when a smuggler enters their lives.,g.m.kumar vishalkrishna arya r.k. jananiiyer,bala,
69509,Venghai,2011-07-08,2011,ta,"[28, 18]",0.9789,5.9,16,"A young man supports his father in opposing a local MLA, who often gives them trouble.",dhanush tamannaahbhatia rajkiran prakashraj srithika,hari,
412521,Nanjupuram,2011-03-01,2011,ta,"[14, 53]",0.8426,5.0,2,"Velu, a forward thinking youngster of Nanjupuram, an isolated, snake infested village located in the interior of South India, must win an internal battle between rationale and paranoia to unite with Malar, the girl he loves.",raaghav mounika aadukalamnaren priya thambiramaiah,charles,snake
70988,Yuddham Sei,2011-02-03,2011,ta,"[80, 28, 53]",0.8942,7.2,15,A CBCID officer investigates an eccentric series of crimes happening in the city. His investigation leads him to unexpected crime perpetrators.,cheran dipashah y.g.mahendran lakshmiramakrishnan jayaprakash,mysskin,suicide kidnapping revenge police investigation sex industry
79333,Poraali,2011-12-01,2011,ta,[18],0.5428,6.2,6,"Kumaran and Nallavan reach Chennai from Thrissur in search of jobs and land at the house of their friend Pulikutty. They land jobs at a fuel station and Nallavan promptly falls for co-worker Tamilarasi. At Pulikutty's house, Kumaran has constant run-ins with neighbour and movie dancer Bharathi. But after coming to know about his helpful nature and honest intentions, she expresses her love for him. Just when things start looking up in life for Kumaran and his friends, the past comes back to haunt them.",m.sasikumar allarinaresh swathireddy nivethathomas ganjakaruppu,samuthirakani,
259608,Ilaingan,2011-01-14,2011,ta,"[28, 18]",1.027,5.2,2,"Karky  works in a shipyard owned by Rajanayagam, a feudalistic industrialist who imprisons his workers in the factory compound and refuses to allow them to have any link with the outside world. How Karky unites the workers and leads them to freedom is what the movie is about.",pa.vijay meerajasmine remyanambeesan sumantalwar namitha,sureshkrissna,slavery slave labor
69508,Mappillai,2011-04-08,2011,ta,"[28, 35]",0.6539,4.4,20,"Rajeshwari agrees to get her daughter Gayathri married to her beau Saravanan, thinking him to be subservient. But her plans are foiled when she realises that he has a violent past.",dhanush manishakoirala hansikamotwani vivek dr.sharmila,suraj,
63661,Singam Puli,2011-03-04,2011,ta,[28],0.7009,5.2,10,"This film involves around two characters both have been played by Jeeva. Siva is fisherman and does good things and on the other hand Ashok is a lawyer, womanizer and does bad things. At one point Ashok kills a girl with whom he made love. By certain amount of doubt, his brother Siva drags Ashok to court, there he uses his professional knowledge to escape out of the case.",jiiva divyaspandana honeyrose santhanam ponvannan,sairamani,
112125,Sagakkal,2011-08-18,2011,ta,[18],0.4099,0.0,0,"What happens when a director is inspired by the movies of the 80s era – the era that had explored themes like love and friendship and killed them with melodramatic overdose. Well, you get Sagakkal. Director Muthukumarasamy’s Sagakkal is a retake of the long forgotten eighties with all the excess melodrama surrounding a wafer thin tale of love and friendship.  The movie has an amateurish look and feel. Cinematography is a letdown and songs are just about okay. Director Muthukumarasamy must tune his direction to suit to the sensibilities of the target audience. Otherwise, his product will be stuck in the middle for want of audience.",sanjeev advaitha,,
79354,Engaeyum Eppothum,2011-09-16,2011,ta,[18],0.6233,7.2,30,"Two buses collide, with tragic results. We see the past of four passengers: Amudha, a village girl visiting Chennai for the first time, falls in love with Gautham, a stranger, who shows her around the city. And then there's Kathiresan, a metal worker, who's infatuated by Manimegalai, a nurse.",jaisampath anjali sharwanand ananya vatsanchakravarthi,m.saravanan,
76897,Vedi,2011-09-30,2011,ta,"[53, 28]",0.7216,5.0,13,"Prabhakaran travels all the way from Tamil Nadu to Kolkata for a purpose. He takes up a job in a college and meets Aishwarya. He also comes across Paro in Kolkata and they end up falling head over heels in love with each other. Meanwhile, there is a group in the look out for Prabhakaran at the behest of Eswara Pandian and his son. The ensuing sequence of events results in Prabhakaran revealing his true face through a flashback and there begin the twists and turns, which also unravels a sibling story with underworld background.",vishalkrishna sameerareddy sayajishinde sriman poonamkaur,prabhudeva,love goon
69537,Nanban,2012-01-13,2012,ta,"[35, 18]",3.4335,7.1,64,"The plot of the film illustrates the embankment of two friends on a quest for a lost buddy, who was once an optimistic and successful student. On their journey, they recount their college life and special moments that the three shared up until their lost friend secretly parted ways after convocation. During their quest, the two encounter a rival classmate who once made a long forgotten bet with them, a funeral that goes impossibly out of control, and a wedding they must crash.",vijay jiiva srikanth ileanad'cruz sathyaraj,shankar,friendship education
146870,Neerparavai,2012-11-30,2012,ta,[18],1.4025,6.2,11,"A skeleton is found at the home of Esther (Nandita Das), whose fisherman husband Arulappasamy (Vishnu) has been missing for the past 25 years. Esther confesses that it was she who murdered her husband but when Agnes (Varsha), the cop assigned to the case, lends a sympathetic ear, she narrates a heart wrenching tale of a loving family ruined by the politics of territorial waters.",vishnuvishal sunaina nanditadas samuthirakani saranyaponvannan,seenuramasamy,
78686,Thaandavam,2012-09-28,2012,ta,[28],1.1054,5.7,26,A blind man with his 'Echolocation' power takes on a revenge mission.,vikram anushkashetty amyjackson santhanam nassar,a.l.vijay,
67635,Saguni,2012-06-22,2012,ta,[18],1.2359,4.9,22,"Saguni is a Tamil political satire film directed by Shankar Dayal. The film features Karthi and Pranitha in the lead roles, while Santhanam, Roja, Prakash Raj, Raadhika Sarathkumar and Nassar appear in supporting roles. The film along with its dubbed Telugu Version Sakuni released on June 22, 2012, It received mixed reviews.",karthi pranithasubhash santhanam prakashraj kotasrinivasarao,shankardayal.n,
114900,Manam Kothi Paravai,2012-06-01,2012,ta,"[10749, 18]",0.9376,5.1,6,"Though Kannan loves Revathy, his neighbour and childhood pal, he lies to his friends that she too is in love with him. So, when Revathy's family, respected - and feared - in the village, arranges her wedding with another, his friends decide to get the lovers together at all costs and send an inebriated and unconscious Kannan and a drugged Revathy off to Kerala in the hope that her family will accept the couple once they are married. How does their plan play out?",sivakarthikeyan athmeeyarajan ilavarasu soori singampuli,ezhil,village carefree
79660,3,2012-03-30,2012,ta,"[18, 10749]",1.0578,6.6,65,"Ram and Janani are high school sweethearts who eventually get married. However, Janani is mystified when Ram commits suicide all of a sudden and she tries to find out the truth behind his death.",dhanush shrutihaasan sivakarthikeyan prabhu sunderramu,aishwaryarajinikanth,suicide tragic love doomed love bipolar disorder
139662,Maattrraan,2012-10-12,2012,ta,"[28, 53]",0.9189,5.8,43,"Akhilan and Vimalan are the conjoined twins of genetic scientist Ramachandran, whose company makes Energion, a dietary supplement that promises to make geniuses out of children. When Russian journalist Volga tells them that there is something fishy about Energion and is mysteriously found dead, their lives are turned topsy-turvy.",suriya kajalaggarwal sachinkhedekar tara irinamaleva,k.v.anand,experiment genetic engineering conjoined twins
116647,Neethaane En Ponvasantham,2012-12-14,2012,ta,"[18, 10749]",0.9481,6.0,25,A boy and a girl who are friends from their childhood fight and break up during their school and college. They meet again at the age of 25 and fall in love.,jiiva samantharuthprabhu santhanam anupamakumar vidyullekharaman,gauthamvasudevmenon,high school love school teenage love
143010,Thuppakki,2012-11-13,2012,ta,"[28, 53]",0.9046,7.3,112,"Captain Jagadish, an intelligence officer in the Indian Army, returns to Mumbai for a vacation but soon finds himself in a deadly mission. After witnessing a bus bombing, he uncovers a network of sleeper cells planning multiple attacks across the city. With no official backing, he embarks on a personal mission with his trusted comrades to eliminate the mastermind, ensuring the sleeper cells remain leaderless and trapped in silence, waiting for orders that will never come. Ready to sacrifice his own life, he sets out on his final mission—but does he succeed, and at what cost?",vijay kajalaggarwal vidyutjammwal sathyansivakumar jayaram,a.r.murugadoss,terrorist plot indian army army intelligence sleeper cell
134016,Sundarapandian,2012-09-14,2012,ta,"[18, 10749, 28]",1.0126,6.3,15,"Sundarapandiyan , who has finished college and goofs around in his village with friend Murugesan , decides to pitch in when Arivazhagan seeks his help in wooing Archana . But she rejects Arivazhagan and also another suitor Bhuvaneshwaran. Complications arise when she says she has been in love with Sundarapandiyan for a long time.",m.sasikumar lakshmimenon vijaysethupathi soori appukutty,s.r.prabhakaran,love triangle
134702,Kalakalappu,2012-05-11,2012,ta,[35],1.0995,6.3,17,"A man struggles to save his family-owned restaurant as it is running in loses. He soon falls for a health inspector keen on shutting down the place. When his brother enters the scene, things get worse.",vimal shiva anjali oviyahelen santhanam,sundarc,
141296,Saattai,2012-09-21,2012,ta,"[18, 10749]",0.6439,6.1,7,"Dayalan is a newly appointed teacher of a government school in a village. He is unhappy with our education system and is also worried about the pitiable condition of education of government schools. After he joined the school, he tries to change the environment of the school. This is not welcome by Singaperumal who is Assistant Head Master (AHM). Dayalan's decision for the change does not go well with other teachers and students as well. But Dayalan's good moves were slowly noticed by Pandian.",samuthirakani mahimanambiar thambiramaiah swasika yuvan,m.anbazhagan,teacher school
69536,Mugamoodi,2012-08-31,2012,ta,"[28, 18]",0.8824,4.5,23,A man can no longer tolerate injustice and corruption and he becomes a vigilante to fight for a better society.,jiiva narain poojahegde girishkarnad nassar,mysskin,kung fu superhero
114623,Muppozhudhum Un Karpanaigal,2012-02-17,2012,ta,"[18, 53, 10749]",0.7077,4.2,5,"A man falls in love with a beautiful girl, who also loves him. But later, after the man gets injured in a car accident, the truth about her identity is revealed.",atharvaamurali amalapaul jayaprakash santhanam nassar,elredkumar,
117072,Dhoni,2012-02-10,2012,ta,"[18, 10751]",0.7186,5.5,8,"A 14 year old boy aspires to become an attacking wicketkeeper-batsman, where his father wants his son to become a MBA graduate.",prakashraj akashpuri radhikaapte brahmanandam gobinathchandran,prakashraj,sports ambition cricket
139357,Pizza,2012-10-19,2012,ta,"[53, 35, 10749, 27]",0.6849,6.9,79,"Michael, a pizza delivery boy, lives with Anu, an aspiring horror fiction writer. One day, on a delivery run, he goes to a bungalow, where mysterious events begin to unfold.",vijaysethupathi remyanambeesan aadukalamnaren karunakaran bobbysimha,karthiksubbaraj,supernatural
116185,Billa II,2012-07-13,2012,ta,"[28, 80]",0.7569,6.0,40,"Small-time diamond smuggler David befriends Goa-based gangster Abbasi. But when David begins to build inroads with an international gangster, Abbasi is not happy, and soon the two turn into bitter rivals.",ajithkumar vidyutjammwal sudhanshupandey yogjappie manojkjayan,chakritoleti,gangster criminal
111563,Marina,2012-02-03,2012,ta,"[35, 18]",0.4821,5.4,7,"Marina is a Tamil film directed by Pandiraj starring Siva Karthikeyan, in his feature film debut and Oviya in the lead roles. Ambikapathy is an orphan runaway who escapes from his cruel uncle to Chennai and eventually ends up at Marina Beach. He earns his livelihood by selling drinking water packets and later poached chickpeas to people visiting the beach. His calm and mature manners win him the admiration and later the friendship of other boys employed at the beach. Ambikapathy dreams of being educated, so he works in the day to save money for schooling whilst trying to study at night on his own. His desire to be enrolled in a proper school slowly begins to rub off on the other children at the beach. An old man and postman are the guardians of sorts for these street-children. The beach also attracts many lovebirds; one such couple is Senthilnathan and Swapnasundari.",sivakarthikeyan oviyahelen sathish jayaprakash tamizh,pandiraj,
115270,Leelai,2012-04-27,2012,ta,"[35, 10749]",0.6944,6.3,3,"Karthik’s flirting ways during his college days leave a bad impression on Malar. A few years later, the two end up working at the same office, though they are on different floors. Karthik falls in love with Malar but considering that she hates even the very mention of his name, he introduces himself to her as Sundar. How long can he carry on this game of deception?",shivpanditt manasiparekh santhanam suhasiniraju lakshmiramakrishnan,andrewlouis,
128912,Maalai Pozhudhin Mayakathilaey,2012-07-27,2012,ta,"[10749, 18]",0.4913,7.0,2,"The budding romance of a wannabe filmmaker, disturbed marital life of a techie, business troubles of the manager of the coffee shop are dealt with in detail.",aariarjuna shubhaphutela subbupanchu r.s.shivaji balajivenugopal,narayannagendrarao,
146591,Kumki,2012-12-14,2012,ta,"[12, 18]",0.6129,6.7,19,The story revolves around a mahout and his trained elephant.,vikramprabhu lakshmimenon thambiramaiah kumkiashwin sreejithravi,prabhusolomon,elephant love at first sight training forest mahout
128930,Ishtam,2012-05-25,2012,ta,"[35, 10749]",0.5295,3.0,2,"Saravanan is modern city guy while Sandhya is village modern girl who came to city to find a job. Sandhya meets Saravanan while going to an interview. At first they had some disagreements and fought. Then, it turn into love and they had a relationship. They decided to marry and their parents did not agree, but they still got married and started to live happily at Saravanan's place. They were happy for few months, but they did start to disagree and fight, so they decided to divorce. Both of them went to their parents house to live separately. Their parents decided to get them a new life partner. At first they agreed with their parents decision. But then the love between Sandhya and Saravanan is rekindled since they miss each other. They decided to cancel their second marriage and live together happily.",vimal nishaagarwal santhanam anoopkumar yuvarani,premnizar,
665131,Ullam,2012-03-16,2012,ta,[],0.3981,0.0,0,"Ullam is a 2012 Tamil-language Indian feature film directed by Arunmoorthy and produced by Vedha, starring Mithun and Priyamani in the lead roles, while Raghuvaran and Karunas amongst others in supporting roles.",mithuntejaswi priyamani raghuvaran karunas vaiyapuri,arunmoorthy,
63668,Podaa Podi,2012-11-13,2012,ta,"[35, 10749]",0.947,4.9,8,"Arjun and Nisha happily marry as they are madly in love with each other. However, trouble brews in their lives when they realize that they have to make a lot of sacrifices to make their marriage work.",silambarasan varalaxmisarathkumar shobana vtvganesh samarthsuraj,vigneshshivan,
117663,Naanga,2012-03-09,2012,ta,[18],0.503,0.0,0,"When Devi regains consciousness after being in a coma for long, her friends from college come together to get her back with her lover Babu, who is in prison. As they go about the task, each one revisits his/her life, which was hugely influenced by their time in college in the 1980s.",nivasadithan sanjaybharathi muneesh kasturishankar shivanibhai,selva,friendship coma
77089,Oru Kal Oru Kannadi,2012-04-12,2012,ta,"[35, 10749]",0.6335,5.4,27,"Saravanan falls for Meera at first sight, but she eventually turns him down. When he learns about her upcoming marriage, he and his friend, Partha, set out to Pondicherry to stop the wedding.",udhayanidhistalin hansikamotwani santhanam saranyaponvannan n.azhagamperumal,m.rajesh,
280995,Yaarukku Theriyum,2012-11-01,2012,ta,"[18, 53]",0.4716,0.0,0,"A group of six people regain consciousness and find themselves locked in a warehouse. While trying to remember their past, the individuals grapple with a host of emotions.",nishank.p.nanaiah achyuthkumar harishraj sanjanasingh dileepraj,ganesankamaraj,
69504,Vettai,2012-01-13,2012,ta,"[28, 53]",0.6076,6.4,23,Guru always helps his timid brother win accolades and promotions in his career as a policeman. But a brutal incident makes Guru realise that he needs to help his brother in another way.,r.madhavan arya sameerareddy amalapaul ashutoshrana,n.linguswamy,
262587,Kaattu Puli,2012-02-16,2012,ta,[53],0.3521,3.5,1,Sanjay's family goes on a picnic into a forest. They lose their way in the jungle and encounter a gang involved in stealing organs. Sanjay fights against the gang to save his family.,arjunsarja sayalibhagat biyankadesai amith rajneeshduggal,tinuvarma,
146582,Naduvula Konjam Pakkatha Kaanom,2012-11-30,2012,ta,"[35, 18]",0.5515,7.4,32,"In an accident two days before his wedding, a young man forgets the last year of his life. His friends are determined to ensure that he gets married despite his condition.",vijaysethupathi vigneshwaranpalanisamy bagavathiperumal rajkumar gayathrieshankar,balajitharaneetharan,memory loss wedding ceremony short-term memory loss
170663,Aduthathu,2012-04-19,2012,ta,"[53, 9648]",0.4065,0.0,0,Aduthathu shows 10 people being taken to an uninhabited island for a TV reality show. The survivor gets to walk away with a huge cash award. The 10 are on the island and events unfold.,sriman nassar darshini,thakkalisrinivasan,based on novel or book based on play or musical best selling author
134696,18 Vayasu,2012-08-24,2012,ta,"[10749, 28]",0.4403,2.0,1,"8 Vayasu is all about a mentally unstable youngster, who falls in love. Be it happiness or anger, he has a unique way of expressing it. Whenever he is depressed, he takes on the behaviour of an animal that he sights first.It released on August 24, 2012 and received negative reviews.",johnnychakravarthy gayathrieshankar rohini yuvarani,r.panneerselvam,
79794,Thiruthani,2012-10-19,2012,ta,"[28, 10749]",0.5623,3.3,3,Thiruthani Movie story is about a youth who is very selfish and self centered.,bharathsrinivasan sunaina rajkiran pandiarajan m.s.bhaskar,perarasu,
128916,Mirattal,2012-08-02,2012,ta,"[10749, 35, 28]",0.4904,5.0,2,"Babloo (Vinay), a con artist, works for Shankar Dada (Prabhu), a local goon, whose rival Soori ( Pradeep Rawat), is planning to kill Deepika, Shankar's sister (Sharmila) to avenge the murder of his son. Meanwhile, Deepika falls in love with Babloo but her doting brother has other plans for her.",vinayrai sharmielamandre prabhu rishi pradeepramsinghrawat,ramanamadhesh,
138952,Thadaiyara Thaakka,2012-06-01,2012,ta,"[28, 53]",0.3747,6.8,8,Selva (Arun Vijay) owns a travel agency in Chennai. He dreams to make it big in life and is all set to marry his lover Priya (Mamta Mohandas). The city is under the grip of dreaded baddies Maha (Maha Gandhi) and his brother Kumar (Krishnavamsi). They are loan sharks who go to any extent to wield their clout in the city. Selva comes across Maha and soon Maha gets killed in mysterious circumstances. The blame falls on Selva. Kumar and his men want to bump off Selva. A perplexed Selva runs for cover. He sets out to find the real killer. But there is a twist in the tale and Selva takes a new avatar as he decides to wage a bloody war with baddies.,arunvijay mamtamohandas rakulpreetsingh vamsikrishna kyradutt,magizhthirumeni,taxi driver gang war
814397,Dharmam,2012-06-28,2012,ta,[18],0.6625,8.0,2,"A small boy dresses up as a beggar for a fancy dress contest. In the meanwhile, there is a man who joins as a traffic police officer and finds his immediate reporting cop to take money from the poor.",,madonneashwin,
114756,Aravaan,2012-03-02,2012,ta,"[18, 36]",0.8755,4.8,9,"Komboodhi is the leader of a tribe that steals from the rich to survive. He befriends Varipuli, unaware of his past, only to learn that his village has been hunting him to offer his life to god.",aadhipinisetty pasupathy saidhanshika archanakavi shrutimarathe,vasanthabalan,tribe period drama
80238,Ambuli,2012-02-17,2012,ta,"[14, 27, 53]",0.5239,5.5,5,People in a village believe that a monster resides and creates havoc in the corn fields. Two students who study at a college near the village decide to investigate the matter. They are successful in capturing the monster.,r.parthiban r.ajay p.s.srijith gokulnath sanamshetty,k.harishankar,monster
129848,Attakathi,2012-08-15,2012,ta,"[35, 10749]",0.4152,6.9,12,"Dinakaran, a college student who becomes the leader of a gang, is unlucky in love. Soon, he tries to find true romance in Poornima, a woman who rejected him once before.",vrdinesh nanditaswetha aishwaryarajesh kabalivishwanth kalaiyarasan,pa.ranjith,love at first sight college
262569,Murattu Kaalai,2012-06-15,2012,ta,[10749],0.3096,4.8,2,"Kaalaiyan is a simple person and the best Jallikattu (Bullfight) player in his village. His world revolves around his four younger brothers. The antagonist is Varadharajan, a Zamindar from the neighbouring village who lives an extravagant lifestyle. His close aide is a transgender Saroja. Varadharajan's sister falls for the macho Kaalaiyan when he wins a Jallikattu. In the meantime, Bhuvana, on the run, after Varadharajan falls for her charm and tries to molest her, takes refuge in Kaalaiyan's house. However, Varadharajan decides to marry his sister to Kaalaiyan with an eye on his land. On the day of marriage, when Kaalaiyan comes to know that the bride wants to split the bond between the brothers, he calls off the marriage.",sundarc sneha sindhutolani sumantalwar vivek,k.selvabharathy,remake
239651,Naveena Saraswathi Sabatham,2013-11-29,2013,ta,"[35, 14]",1.2191,4.2,8,"A comic fantasy about four men. As the name suggests, it is a modern-day spin on more than one mythological Tamil films from the mid 60s.",jaisampath nivethathomas sathyansivakumar vtvganesh subbupanchu,k.chandru,
117319,Vishwaroopam,2013-01-25,2013,ta,"[28, 53]",1.7587,6.3,100,"Vishwanathan, a Kathak dance teacher in New York, is happy in his marriage with Nirupama, a nuclear oncologist who married him to pursue higher studies in the USA. Deciding to cut ties with her husband, Nirupama hires a private detective to monitor his activities. To her utter shock, certain truths about her husband are subsequently revealed, setting off a chain of events that will change both of their lives irreversibly.",kamalhaasan rahulbose andreajeremiah poojakumar shekharkapur,kamalhaasan,new york city bomb india terrorist plot army intelligence
202616,Thalaivaa,2013-08-20,2013,ta,"[28, 18, 53]",1.2506,5.5,55,A mafia don sends his son out of the country because he doesn't want even a shadow of his life falling on him. Destiny wills otherwise. The son makes an innocuous trip to Mumbai to visit his dad. And ends up filling his father's large shoes.,vijay amalapaul sathyaraj ponvannan nassar,a.l.vijay,politics community service mafia vigilantism fight for justice
219818,Varuthapadatha Valibar Sangam,2013-09-06,2013,ta,[35],1.1444,6.3,25,"Set in a village in Tamil Nadu called Silukkuvarpatti, VVS talks about the love between Bose Pandi  and Latha Pandi. While Bose is a carefree but spirited young man who doubles up as the leader of a local ‘Sangam’, Latha is the daughter of the village’s head honcho, Sivanandi. Sivanandi and Bose don’t exactly see eye to eye and added to this, Sivanandi is dead against his three daughters falling in love as he sees it as an insult to his status and standing in the village. A superhit hilarious comedy entertainer.",sivakarthikeyan soori sridivya sathyaraj rajendran,ponram,
161040,David,2013-02-01,2013,ta,"[28, 80, 18, 10749, 35]",1.2317,5.9,20,"The story is about two Davids living in different parts of India whose lives eventually come together in a twist of events., who are about to take a step which is going to change their lives forever.",neilnitinmukesh vikram vinayvirmani jiiva tabu,bejoynambiar,musician gangster love
191735,Singam 2,2013-07-05,2013,ta,"[28, 35, 80]",1.1419,5.8,58,"Picking up the storyline from where Singam ended, Duraisingam has gone undercover after meeting the Home Minister and is working as an NCC officer in a school in Thoothukudi. The only people who know about this operation are the Chief Minister and Home Minister apart from himself.",suriya anushkashetty hansikamotwani vivek santhanam,hari,smuggling (contraband) police drug cartel undercover cop undercover operation
147815,Kadal,2013-02-01,2013,ta,"[28, 18, 10749]",1.0068,5.5,24,A wrongdoer is caught red-handed and he is not going to forgive the man who exposed him.,gauthamramkarthik thulasinair arjunsarja arvindswamy lakshmimanchu,maniratnam,fisherman love revenge priest teenage love young love
188540,Arrambam,2013-10-31,2013,ta,"[28, 53, 18]",1.1184,6.3,46,"A former anti-terrorism officer teams up with a hacker and his girlfriend to execute a string of strategic attacks. As the authorities race to stop them, their true motive slowly unravels—a dangerous mission to uncover a high-level conspiracy involving government corruption and betrayal.",ajithkumar arya nayanthara taapseepannu maheshmanjrekar,vishnuvaradhan,
180855,Settai,2013-04-05,2013,ta,"[80, 35]",1.0405,4.4,13,Three struggling room-mates unknowingly become potential prey of a ruthless gangster,arya anjali hansikamotwani santhanam premjiamaran,r.kannan,journalist smuggling (contraband) friends
191805,Maryan,2013-07-19,2013,ta,"[28, 53]",0.793,6.2,32,"The film is an emotional journey of a common man to an unknown place with the hope to come home and lead a better life. The film revolves around a story of human survival adapted from a newspaper article of a real-life crisis event, when three oil workers from India were kidnapped and taken hostage in Sudan.",dhanush parvathythiruvothu jagan appukutty umariyazkhan,bharatbala,hostage sudan love survival
224648,Naiyaandi,2013-10-11,2013,ta,"[35, 10749]",0.6586,3.1,17,"Chinna Vandu, the youngest of three brothers, falls in love with Vana Roja when she visits her grandmother, coinciding with the village carnival. After a few hiccups, their romance becomes mutual. Chinna Vandu has to then handle his family members, particularly his lovesick elder brothers, and also a dreaded goon who sets his eagle eyes on Roja.",dhanush nazriyanazim saranyaponvannan soori lakshmiramakrishnan,a.sarkunam,
218811,Ponmaalai Pozhudhu,2013-08-30,2013,ta,"[18, 10749]",0.7244,4.5,2,"Classmates Arjun and Divya fall in love out of defiance to her father's handling of their friendship. With fathers who are polar opposites, will this romance end in smiles or tears?",aadhavkannadasan gayathrieshankar kishore anupamakumar,a.c.durai,
198063,Kutti Puli,2013-05-30,2013,ta,"[28, 53]",0.7764,4.5,7,"After losing her husband at a young age, Deivanai protects her son Puli so that he doesn't get embroiled in violence and village politics. Unfortunately, Puli follows his deceased father's footsteps.",m.sasikumar lakshmimenon saranyaponvannan ramaprabha lal,m.muthaiah,village
233015,All in All Azhagu Raja,2013-11-02,2013,ta,"[35, 10749]",0.7673,3.7,22,"The film is centered around Azhaguraja (Karthi), his friend and adviser Kalyanam (Santhanam) who runs a little known TV channel. He falls head over heels for at first sight with Devi Priya (Kajal Aggarwal) daughter of a rich businessman and the rest of the story is how he wins her in the end.",karthi kajalaggarwal santhanam radhikaapte prabhu,m.rajesh,
1384647,Ilakana Pizhai - II,2013-10-25,2013,ta,"[18, 10749]",0.5651,0.0,0,A Tamil movie from 2013,jain sridevi prabakar raju panjalamma,arumugams.r,b-grade
198264,Thillu Mullu,2013-06-14,2013,ta,[35],0.5976,4.3,6,"A situational comedy with some sparkling lines, the film is about Pasupathy who is in dire need of a job, and of the lie he tells to land one. The lie helps him gain the confidence of his eccentric employer, and endear Pasupathy to him. To cover up the lie, Pasupathy has to spin many more yarns with his family and friends supporting his stories. At one point, he conjures up a twin, Kandhan, a karate master, and even a fake mother. But when Kandhan falls in love with the boss’s daughter Janani, matters spiral out of his control.",shiva ishatalwar prakashraj kovaisarala sathyansivakumar,badri,sibling relationship slapstick comedy dual role
224330,Raja Rani,2013-09-27,2013,ta,"[10749, 35, 18]",1.0258,7.2,62,"John and Regina, who dislike each other, are forced to get married and lead troubled lives. However, things take a turn when the couple suffers a sudden tragedy.",arya nayanthara nazriyanazim jaisampath santhanam,atlee,husband wife relationship arranged marriage
243706,Endrendrum Punnagai,2013-12-20,2013,ta,"[35, 10749]",0.8445,6.5,15,"Gowtham has a troubled childhood once his mother goes astray. He develops a dislike towards women in general and would often been seen in a pensive mood. Things change for the better when he bonds with Sri and Baby at school. They make a pact that they would never marry in life. When circumstances force Sri and Baby to deviate from this, the bonding of the trio breaks and Gowtham comes to understanding how his perceived misconceptions about life is so untrue.",jiiva trishakrishnan vinayrai santhanam andreajeremiah,i.mueenuddinahmed,male friendship egoism
189227,Soodhu Kavvum,2013-05-01,2013,ta,"[35, 53, 80]",0.6181,7.1,68,Dass specialises in small time kidnapping and has his own set of rules. The primary and most important among them is not to get involved with influential people. Three jobless youngsters meet Dass and the four take up an assignment for a hefty sum that throws away this primary rule and end up being chased by a dreaded policeman.,vijaysethupathi bobbysimha ashokselvan rameshthilak karunakaran,nalankumarasamy,kidnapping dark comedy
155491,Alex Pandian,2013-01-12,2013,ta,"[28, 35]",0.9436,3.6,18,"Alex Pandian (Tamil: அலெக்ஸ் பாண்டியன்) is a Tamil action-masala film directed by Suraj that features Karthi and Anushka Shetty in the lead roles, while Santhanam plays a pivotal supporting role. Devi Sri Prasad composed the music. The film will also be dubbed and simultaneously released in Telugu as Bad Boy.",karthi anushkashetty santhanam milindsoman sumantalwar,suraj,
181268,Chennaiyil Oru Naal,2013-03-28,2013,ta,"[18, 53]",0.7785,5.7,9,A brain-dead youth's family agrees to donate his heart to a girl who needs an immediate heart transplant. A disparate group of people decide to complete this task by racing against time.,r.sarathkumar cheran prakashraj prasanna radikaasarathkumar,shaheedkader,remake organ donation traffic
225701,Idharkuthane Aasaipattai Balakumara,2013-10-02,2013,ta,"[35, 10749]",0.635,7.0,20,An indolent youth finds himself in trouble when his life gets intertwined with that of a straight-laced banker who is tormented with his demands from his boss.,vijaysethupathi ashwinkakumanu nanditaswetha pasupathy soori,gokul,
209305,Pattathu Yaanai,2013-07-26,2013,ta,"[28, 35, 10749]",0.5974,4.2,9,"A bunch of wedding caterers lead by Santhanam run from trouble and land in Trichy - only to find more trouble. In Trichy, the problems are bigger than before and running away is not an option.",vishalkrishna aishwaryaarjun santhanam jagan johnvijay,boopathypandian,revenge caterer
180682,Kedi Billa Killadi Ranga,2013-03-29,2013,ta,[35],0.4693,5.5,11,"Kesavan and Murugan are content to live out of their fathers pockets, whiling away time with their buddies and wooing their respective lovers. How do they turn responsible adults?",sivakarthikeyan vimal bindumadhavi reginacassandra soori,pandiraj,friends unemployed
151363,Ethir Neechal,2013-05-01,2013,ta,"[10749, 35]",0.6249,6.4,26,Kunchithapatham's unique name becomes the butt of joke and ridicule for others. He relates his failures to his name and wants to change it. He meets an astrologer who is popular in giving fancy names that could bring luck to people. His named his changed to Harish and soon after his luck changes.,sivakarthikeyan priyaanand nanditaswetha jayaprakash raviprakash,r.s.duraisenthilkumar,school teacher astrology name change
187188,Udhayam NH4,2013-04-18,2013,ta,"[10749, 53]",0.6361,5.8,15,"Prabhu, a young college student, kidnaps his lover Rithika when her father disapproves of their relationship. Manoj Menon, an encounter specialist, is appointed to track them down.",siddharth ashritashetty kaykaymenon aadukalamnaren avinash,manimaran,college
236808,Pizza 2: Villa,2013-11-14,2013,ta,"[27, 53]",0.5201,5.8,10,Jebin is a writer who is trying to get his work published. He comes to understand his financial status after his father's death. There is also a villa in Pondycherry that has been bequeathed to him by his dad about which he had no clue till then. His ensuing journey to the villa sets the ball rolling for interesting events that get unfurled slowly.,ashokselvan sanchitashetty nassar anjalirao kaalivenkat,deepanchakravarthy,supernatural writer
69564,Ameerin Aadhi Bhagavan,2013-02-22,2013,ta,[28],0.7469,6.2,10,"Aadhi, a smart and suave smuggler in Bangkok, falls in love with a waitress. However, he finds himself in trouble when she frames him for all the crimes committed by his look-alike, Bhagavan.",ravimohan neetuchandra babuantony sakshishivananda sudhachandran,ameer,mafia look-alike
221529,Moodar Koodam,2013-09-13,2013,ta,[35],0.4984,6.9,11,Four nobodies brought together by a quirk of fate decide to rob the house of a rich man. But things turn crazy when they arrive at his doorstep and find that the man is actually bankrupt.,naveen oviyahelen jayaprakash anupamakumar sentrayan,naveen,robbery dark comedy
76975,Samar,2013-01-13,2013,ta,"[28, 53]",0.5746,5.0,15,"Shakthi, a trekking guide, goes to Bangkok after he receives a patch-up invitation from his lover Roopa, who had broken up with him. En route, he strikes up a friendship Maya. When Roopa doesn’t arrive for the rendezvous, Shakthi decides to return to India but gets embroiled in a mystery where he is taken for a millionaire businessman. Pretty soon, even Shakthi starts doubting his own identity. Can he get out of this conundrum?",vishalkrishna trishakrishnan sunaina jayaprakash sampathraj,thiru,gambling manipulation game show
224339,Onaayum Aattukkuttiyum,2013-09-27,2013,ta,"[80, 9648, 53, 28]",0.701,7.3,20,"Chandru, a medical student, saves a dying man by operating him, but soon, the police are knocking on his doors for helping Wolf, a paid killer. And, worse, they want him to kill Wolf.",sri mysskin adithyamenon bharatraj shajichen,mysskin,guilty conscience
190663,Theeya Velai Seiyyanum Kumaru,2013-06-14,2013,ta,"[35, 18, 10749]",0.6848,5.4,22,"A man falls in love with a woman, a new recruit in his company. He seeks guidance from the `Love Guru' to win her heart, but problems arise when the guru learns that the man is in love with his sister.",siddharth hansikamotwani santhanam ganeshvenkatraman vidyullekharaman,sundarc,love guru
195771,Masani,2013-05-24,2013,ta,"[18, 53]",0.8978,0.0,0,"The brother of a rich landlord falls in love with a lower caste girl but his haughty sister-in-law murders him. The girl, who is pregnant with his child, is made an outcast and dies during childbirth only to return as a ghost and haunt the village.",akhil iniya ramki sarathbabu rojaselvamani,k.padmaraja,supernatural
218197,Thanga Meenkal,2013-08-30,2013,ta,[18],0.5097,7.4,11,"Kalyani, a poor labourer, strives hard to make a living and provide for Chellamma, his innocent eight-year-old daughter.",ram sadhana shellykishore rohini padmapriyajanakiraman,ram,parent child relationship
69510,Irandam Ulagam,2013-11-22,2013,ta,"[28, 10749, 14]",0.6177,4.7,21,"A young man's lover dies in a freak accident, saddened by this he tries to kill himself by driving his car over a hilltop. A portal opens through an alternate universe and, rescued by his look-alike, he finally meets his lover.",arya anushkashetty venkateshharinathan padmaraman ashokkumar,selvaraghavan,parallel world
191741,Biriyani,2013-12-18,2013,ta,"[28, 35, 53]",0.6637,5.0,30,The desire for biryani after drinks lands two friends in an endless frenzy as they get framed for a kidnapping and go on the run.,karthi premjiamaran hansikamotwani nassar ramki,venkatprabhu,framed for a crime murder investigation
241563,Kalyana Samayal Saadham,2013-12-07,2013,ta,"[35, 10749]",0.4644,6.8,3,"Raghu, a software engineer, faces several challenges in his arranged marriage as he suffers from erectile dysfunction and tries to find a solution to his problem.",prasanna lekhawashington umapadmanabhan delhiganesh raaghav,r.s.prasanna,arranged marriage
240074,Vidiyum Munn,2013-11-29,2013,ta,"[53, 18]",0.7471,5.9,5,"Greed, lust and anger collide and threaten to rip apart the lives of two disparate women on the run to seek refuge. Vidiyum Munn explores the darker side of life and the emotional imbalance it can create in the hearts of those who succumb to it.",poojaumashankar lakshmiramakrishnan johnvijay malavikamanikuttan amarendranramanan,balajik.kumar,
146584,Paradesi,2013-03-15,2013,ta,"[18, 36]",0.4796,7.6,8,Before independence during the 1940's depicts the lives of poor carefree villagers who are lured to work in tea plantation farms and how they are forced to live rest of their lives as slaves with no traces of hope and freedom.,atharvaamurali saidhanshika vedhika karthikashokan riythvika,bala,based on novel or book plantation tragedy sold into slavery
169533,Vana Yuddham,2013-02-13,2013,ta,"[80, 18]",0.432,5.5,2,"Vana Yuddham (English: Forest war) is a 2013 Tamil film directed by A. M. R. Ramesh, based on the notorious forest brigand Veerappan. Kishore plays the role of Veerappan in the film, which also features Arjun and Vijayalakshmi in the lead. It is made as a bilingual, being simultaneously shot in Kannada as Attahasa.",kishore arjunsarja raailaxmi vijayalakshmiagathiyan v.i.s.jayapalan,a.m.r.ramesh,biography india veerappan
278258,Anjaan,2014-08-15,2014,ta,"[28, 53, 80]",1.6377,5.6,49,"A man travels to Mumbai in search of his estranged brother, a feared figure in the criminal underworld. As he follows the trail through gang rivalries and shifting alliances, he uncovers a complex web of loyalty, deception, and violence that blurs the line between justice and revenge.",suriya samantharuthprabhu vidyutjammwal manojbajpayee soori,n.linguswamy,gangster betrayal betrayal of trust
280871,Ramanujan,2014-07-11,2014,ta,"[18, 36]",1.194,6.5,6,A prodigious Indian mathematician has to overcome poverty and prejudices and make a mark with the help of his British mentor.,abhinayvaddi suhasinimaniratnam bhama nizhalgalravi kevinmcgowan,gnanarajasekaran,mathematician biography prodigy ramanujam math genius
246087,Jilla,2014-01-10,2014,ta,[28],1.3858,5.6,68,"A cop decides to take on his godfather, who raised him from childhood, and make him realize the error of his ways.",mohanlal vijay sampathraj kajalaggarwal mahatraghavendra,nesan,police gangster godfather district adopted son
270766,Jigarthanda,2014-08-01,2014,ta,"[10402, 80, 35, 53]",1.1422,7.5,70,A budding director endeavors to research a merciless gangster for making a film on gangsterism. But his secret attempts to conduct the research fail when he gets caught for snooping.,siddharth bobbysimha karunakaran lakshmimenon ramachandrandurairaj,karthiksubbaraj,gangster dark comedy filmmaking aspiring actor aspiring artist aspiring director film within a film
288046,Snehavin Kadhalarkal,2014-08-15,2014,ta,[10749],0.815,0.0,0,Snehavin Kadhalarkal tells the story of Sneha (Advaitha) and her journey where she comes across several interesting male personalities and how she finally finds her true love.,advaitha thilak uday athifjey rathnakumar,muthuramalincoln,
242361,RA,2014-12-05,2014,ta,"[27, 53, 14]",0.6917,6.6,5,"Ra which means to Take away in Ancient Tolkappiyam , an apt title for the film which revolves around the lead character Ajay and his quest to find answers to the unsolved mystery in his life. Confused and baffled by the events happening around him, he is unsure if he is awake or still dreaming. With a deep intense meaning to all the occurrences around him, will he be able to break the shackles and come out victorious or succumb to the Devious foul play that is his mind itself is the Plot of the Movie .",ashraf aditichengappa jpjay lawrenceramu geethababu,samanton,
263497,Yaamirukka Bayamey,2014-05-09,2014,ta,"[35, 27]",0.96,6.6,12,"Kiran gets his dad's property and decides to turn it into a hotel. Intriguingly, all the customers who come to stay there, dies inexplicably. What's happening?",krishnakulasekaran rupamanjari karunakaran oviyahelen aadhavkannadasan,deekay,vengeful ghost haunted hotel
262970,Velaiyilla Pattathari,2014-07-18,2014,ta,"[18, 35, 28]",1.0551,7.5,71,"Raghuvaran, who is unemployed for years, gets his dream job but a powerful rival is keen to put him down. Can he take on his adversary?",dhanush saranyaponvannan samuthirakani amalapaul hrishikesh,r.velraj,motherly love unemployment unemployed graduate
273880,Amara Kaaviyam,2014-09-05,2014,ta,"[10749, 18]",0.7705,8.0,2,Class 12 students Jeeva and Karthika are in love but her parents are against their romance. Jeeva's aggressive streak only complicates matters. Will there be a happy ending for these youngsters?,vijaysathya miyageorge thambiramaiah rindhuravi supergoodsubramani,jeevashankar,
263475,Kaththi,2014-10-22,2014,ta,"[28, 18]",0.9674,7.2,105,"Kathiresan aka Kaththi, a criminal, escapes from the Kolkata prison and comes to Chennai, where he comes across his doppelganger Jeevanandham, fighting for his life after being shot at by unknown men. Kathir decides to pass off as Jeeva and make away with a lump sum amount but once he realizes who Jeeva really is, Kathir turns a crusader.",vijay samantharuthprabhu sathish neilnitinmukesh totaroychowdhury,a.r.murugadoss,village farmer corporate power escaped prisoner
1382647,Devathai sonna kavithai,2014-01-01,2014,ta,[],0.8291,0.0,0,It is a 2014 Tamil movie,ayubkhan shilpa nisha,dhesigan,b-grade
247504,Veeram,2014-01-10,2014,ta,"[28, 35]",1.2868,5.3,42,"A straightforward man, who uses violence to settle disputes, decides to mend his ways for the sake of his lover, but when he learns that her family is in danger, he decides to save them at all cost.",ajithkumar tamannaahbhatia vidharth bala santhanam,siva,sibling relationship fight big family family relationships
259837,Maan Karate,2014-04-04,2014,ta,[10749],1.1842,4.9,19,"Five friends meet a mystic in a forest who grants their wish — a newspaper from the future. They decide to get rich by using their knowledge of the future. They focus their efforts on Peter, a carefree youth from Royapuram, who is predicted by the newspaper to win a boxing match and present the prize money of Rs. 2 crores to the five friends. However, they are perplexed when they discover that Peter has absolutely no knowledge of boxing.",sivakarthikeyan hansikamotwani soori vamsikrishna sayajishinde,krishthirukumaran,
280106,Naaigal Jaakirathai,2014-11-21,2014,ta,"[53, 28, 35]",0.8101,6.3,11,"A police officer, dealing with the trauma of a past tragedy, finds solace and purpose when he teams up with a trained military dog. Together, they embark on a mission to rescue his kidnapped wife, unraveling a dangerous criminal plot along the way.",sibiraj arundhathinair manobala rjbalaji mayilsamy,shaktisoundarrajan,
280959,Kaaviya Thalaivan,2014-11-07,2014,ta,"[10749, 36, 18]",1.0996,7.0,10,"Two rival artists at Sivadas Swamigal's drama troupe compete in everything they do. While one of them goes on to become successful, the other fails in life.",prithvirajsukumaran siddharth vedhika anaikasoti nassar,vasanthabalan,jealousy theater play revenge historical ego
300425,Lingaa,2014-12-12,2014,ta,"[28, 35, 18]",1.0639,5.2,62,"After being turned down by the ruling Britons, the rightful heir to a famous dynasty inspires local villagers to build a dam themselves. A small-time thief reforms after learning about the role played by his grandfather in building a dam.",rajinikanth anushkashetty sonakshisinha santhanam karunakaran,k.s.ravikumar,
266309,Yennamo Yedho,2014-04-25,2014,ta,"[10749, 35]",1.0084,4.7,3,"Gautham and Nithya become friends after their respective partners ditch them to get married. Friendship turns to love for Gautham but things turn complicated when Nithya gets engaged to Raja. She calls off the engagement but now, he is in a rebound relationship with Kavya. Will the two express their love for each other?",gauthamramkarthik rakulpreetsingh nikeshapatel prabhu anupamakumar,ravithyagarajan,remake
263476,Saivam,2014-06-27,2014,ta,"[18, 10751]",0.7715,6.4,7,"Tamizhselvi, a little girl, is the darling of the Kathiresan household. She is fond of her pet rooster Paapa, but her grandfather Kathiresan plans to offer Paapa as a sacrifice to their god in the interest of his family. What happens when the rooster goes missing?",nassar saraarjun luthfudeenbaashaa suresh vidhyapradeep,a.l.vijay,vegan vegetarianism
297125,Poojai,2014-10-22,2014,ta,"[28, 18, 10751, 10749]",1.0965,5.5,15,"Anna Thandavam, a big shot who arranges for contract killers, plans to murder Sivakkozhundhu, a cop. His plan goes bust after Vasu, a heroic young man, rescues the ADSP. Meanwhile, Thandavam also gets into problems with Vasu's family...",vishalkrishna shrutihaasan soori mukeshtiwari sathyaraj,hari,moneylender
280948,Madras,2014-09-26,2014,ta,"[18, 28]",0.821,7.9,36,"A portrayal of the lives of the people living in North Madras,  focusing on the politics inside the slums and how their plight remains the same, despite the political class luring them constantly during elections.",karthi catherinetresa kalaiyarasan riythvika v.i.s.jayapalan,pa.ranjith,slum politics chennai madras
259282,Nimirndhu Nil,2014-03-08,2014,ta,"[28, 53]",1.0223,7.0,15,"Aravind, a principled young man, takes on the corrupt officers in the government. They soon launch a counter-attack. Will Aravind emerge victorious or succumb to their wiles?",ravimohan amalapaul raginidwivedi nassar gobinathchandran,samuthirakani,
278259,Athithi,2014-06-27,2014,ta,"[9648, 53]",0.98,4.0,1,A seemingly happy couple's life is turned upside down in a single day when a stranger walks into their life. He orders them to do the strangest of tasks if they want to see their daughter alive. What does he want?,nandha nikeshram ananya varshaashwathi thambiramaiah,bharathan,
251636,Pannaiyarum Padminiyum,2014-02-07,2014,ta,"[35, 10751, 18]",0.8066,7.3,19,"A kind and respected village landlord acquires a vintage Premier Padmini car from his friend and cherishes it more than anything else. Over time, the entire village grows attached to the car, forming an emotional bond with it. His wife, however, refuses to ride in it until he learns to drive, so he decides to surprise her with a ride on their wedding anniversary. But before he can fulfill his promise, the car is taken away due to unforeseen circumstances. Will they ever get it back? A deeply emotional tale of love, nostalgia, and the heartfelt connection between an elderly couple and their cherished car.",jayaprakash tulasi vijaysethupathi balasaravanan aishwaryarajesh,s.u.arunkumar,car enthusiast
281992,Sathuranga Vettai,2014-07-18,2014,ta,"[80, 53, 35]",0.665,8.0,22,"A con artist is caught by the cops and is swindled off the money by his own partners. Meanwhile, a person who he had scammed hires a gangster to finish him off. Can he outwit these people and turn over a new leaf?",natarajansubramaniam isharanair ponvannan ilavarasu piraisoodan,h.vinoth,heist con artist small time crook
1382610,Nila Kaaikirathu,2014-05-23,2014,ta,[18],0.6835,0.0,0,It is a 2014 Tamil movie.,pradhap senthilraj shilpa,prabhu,b-grade
311155,Pisaasu,2014-12-19,2014,ta,"[18, 53, 27]",0.8872,6.7,35,A violinist experiences paranormal experience in his flat after a death of a girl who he tries to save due to accident. Later he realises that actually the spirit is helping him and he tries to find out who killed the girl by accident.,naga prayagamartin radharavi kalyaninatarajan harishuthaman,mysskin,supernatural ghost
263512,Vallavanukku Pullum Aayudham,2014-05-10,2014,ta,[10749],0.8579,4.9,7,"Sakthi goes to Aravangadu to sell his father's property and gets into the Singarayar household as a guest, not realizing that the family wants him dead owing to a family feud. But, they will murder him only when he steps out of the house to uphold their hospitality. Can Sakthi manage to stay alive?",santhanam ashnazaveri senthilkumar nagineeduvellanki vtvganesh,srinath,
256968,Kochadaiiyaan,2014-05-23,2014,ta,"[28, 12, 16]",1.0652,5.4,37,"A noble warrior seeks revenge against the ruler of his kingdom, who killed his father. At the same time, he also ends up upsetting the neighbouring enemy kingdom's ruler.",rajinikanth deepikapadukone r.sarathkumar shobana aadhipinisetty,soundaryarajinikanth,woman director 8th century triple role
307000,Kayal,2014-12-25,2014,ta,[18],0.9156,5.6,5,"The story revolves around two friends who work hard, and spend their money travelling around the country. On one such trip, they accidentally help a pair of lovers elope, without realising it.  The family of the eloped young lady get angry, and suspect them of being friends of the eloped young man. They take the two friends home, and try to beat them to get the truth out them. One of the two friends falls for a girl named Kayal, who is working in the house, and he speaks of his love in front of everyone.  After the eloped young lady is brought home, and it is proven that the two friends were not involved in planning the elopement, they are allowed to go. Kayal travels to Kanyakumari to find the guy who loved her. The rest of the film tells of how they united, after many struggles.",anandhi chandran vincentnakul aarthi immanannachi,prabhusolomon,love at first sight tsunami tough love
259277,Bramman,2014-02-21,2014,ta,"[10749, 18]",0.5349,4.2,5,"Siva is fascinated by cinema and runs a rundown movie theater. With his theater in financial trouble, he goes to Chennai to meet his childhood friend Madankumar, who is now a film director, and seek his help.",m.sasikumar lavanyatripathi naveenchandra santhanam soori,socrates,
263428,Anaamika,2014-05-01,2014,ta,"[53, 9648, 18]",1.0586,4.5,4,"Anamika comes to India in search of her husband Ajay. As a hit man is taking down the people she goes to asking for help, Anamika is told by Khan, an encounter specialist, that her husband is Milan Damji, a terrorist mastermind...",nayanthara pasupathy vaibhav harshvardhanrane vinayvarma,sekharkammula,remake
291210,Poriyaalan,2014-09-05,2014,ta,[53],0.6376,4.0,2,"Saravanan starts a construction company with his friend Prabhu, who has put in money that belongs to his employer Sundar, a loan shark and a goonda. When Sundar realizes this, he demands the money back but Saravanan is cheated by a middleman...",harishkalyan anandhi aadukalamnaren achyuthkumar ajayraj,thanukumar,
79356,Vallinam,2014-02-28,2014,ta,"[28, 18]",0.669,6.6,8,"Krishna, a talented basketball player, moves to a new college after a fatal accident on court. There, he clashes with the college team's egomaniacal cricket team captain, Vamsi, who will not have any other game sharing the limelight with his own sport.",nakul mrudhulabhaskar atulkulkarni chandru jagan,arivazhaganvenkatachalam,
280116,Aranmanai,2014-09-19,2014,ta,"[27, 35]",0.7463,5.2,22,Aranmanai is about a family that wants to sell their ancestral home. The supernatural elements they discover there in the aranmanai (palace) lead to some bone-chilling moments.,hansikamotwani vinayrai andreajeremiah raailaxmi santhanam,sundarc,
264327,Kathai Thiraikathai Vasanam Iyakkam,2014-08-15,2014,ta,"[35, 18]",0.6738,6.5,10,"A scriptwriter calls his friends over for a discussion to create a script for his first film. The group consists of a cinematographer, a director-wannabe with 40 years of experience and three young assistant directors.",santhoshprathap akhilakishore dineshnatarajan lalluprasath thambiramaiah,r.parthiban,
264041,Meaghamann,2014-12-25,2014,ta,"[53, 18, 28, 80]",0.7625,6.7,13,"A cop Arul (Arya) is on an undercover mission to capture the underworld don Jothi (Ashutosh Rana) who runs a smuggling mafia in Goa. When both Arul and his friend Chandra (Ramanna) plans to arrest Jothi, things go haywire and the rest of the story tells us whether Arul completes his mission by playing a mind game.",arya hansikamotwani sudhanshupandey ashutoshrana ashishvidhyarthi,magizhthirumeni,undercover cop drug syndicate mysterious villain
260743,Kalavaram,2014-01-14,2014,ta,"[28, 18]",0.5849,0.0,0,"Four college students who witness communal riots get imprisoned when they try to get justice for the victims. However, when a retired officer heads an inquiry commission, they join him in his efforts.",sathyaraj tanikellabharani rajkapoor mayilsamy ajayreddy,rameshselvands,
267367,Pongadi Neengalum Unga Kaadhalum,2014-04-25,2014,ta,[],0.439,3.0,1,"The daughter of a cop is commits suicide after she is date raped. Meanwhile, Divya, who is from an affluent family, starts wooing a petty thief. Why is she after him and how do these two storylines meet?",ramakrishnan athmeeyarajan karunya jayaprakash immanannachi,ramakrishnan,
251898,Aaha Kalyanam,2014-02-21,2014,ta,"[10749, 35]",0.7729,4.9,9,"Shruthi, an enterprising 20-year-old girl, partners with Sakthi, a happy-go-lucky youngster to set up her dream business — wedding planning. They decide to not mix finance and romance but a night's revelry changes their equation and they part ways. Will they be able to admit their actual feelings?",nani vaanikapoor karthiknagarajan badavagopi m.j.shriram,a.gokulkrishna,
263487,Vadacurry,2014-06-19,2014,ta,"[10749, 35, 53]",0.6135,5.0,14,"Satish, a newly appointed medical representative, who is basically a family man, living with his brother an auto-rickshaw driver. Sathish is always embarrassed about his mobile phone, and much to his delight picks up a phone which is left carelessly by its owner at a tea shop. The mobile phone gets him into trouble and his carefree life with girlfriend Naveena turns upside down.",jaisampath swathireddy rjbalaji aruldoss kasturishankar,saravanarajan,
280165,Thani Oruvan,2015-08-28,2015,ta,"[53, 28]",2.1229,7.4,96,An idealistic cop and an ambitious scientist-businessman indulge in a high-stake battle of wits.,ravimohan arvindswamy nayanthara vamsikrishna ganeshvenkatraman,mohanraja,police hunt archvillain
263471,I,2015-01-04,2015,ta,"[53, 28, 10749]",1.9954,6.7,125,A deformed hunchback kidnaps a bride and holds her hostage while his connection to her and his targets is revealed in a series of flashbacks that unfold as he starts seeking revenge.,vikram amyjackson sureshgopi upenpatel ramkumarganesan,shankar,fight bodybuilder revenge electrocution model hunchback makeup artist burning prosthetic make up i
332083,Urumeen,2015-12-04,2015,ta,"[28, 14, 53]",1.4946,6.8,4,A freedom fighter betrayed by his best friend is reborn along with him in the modern era and is guided by a magical book that also hints this might not be his second birth.,bobbysimha kalaiyarasan reshmimenon sandraamy appukutty,sakthivelperumalsamy,
280942,Romeo Juliet,2015-06-12,2015,ta,"[35, 18, 10749]",1.0929,6.0,19,"Aishwarya, an air hostess, wants to marry a millionaire, but mistakes Karthik, a gym trainer, for a rich guy and woos him. She calls off the romance when she discovers that he isn't well off, but Karthik will not let her leave that easily.",ravimohan hansikamotwani vamsikrishna poonambajwa umapadmanabhan,lakshman,pretended love social status gold digger
340311,Soan Papdi,2015-05-29,2015,ta,"[53, 35, 80]",1.0674,1.0,1,"A young man and his fiancée returning from their shopping are surprised to find in their car a little boy who doesn’t know his way home. Meanwhile, they get a call from a gangster asking them to bring the boy to him. What’s the mystery around the boy?",sri sahil priyaatlee manobala pattimandramraja,sivani,
311166,Maari,2015-07-17,2015,ta,[28],1.4079,6.1,51,"A feared local rowdy, known for his dominance in the streets and pigeon racing, finds himself at odds with a newly appointed police officer. As tensions rise, hidden motives and betrayals unfold, shaking the balance of power in the neighborhood.",dhanush kajalaggarwal vijayyesudas roboshankar kaalivenkat,balajimohan,gangster police corruption
318572,Aambala,2015-01-15,2015,ta,"[28, 35, 10751]",1.3342,5.5,23,"Three brothers return to their native village to mend the relationship between their estranged father and his sisters. However, to unite the family, the brothers are told to marry their cousins.",vishalkrishna hansikamotwani prabhu santhanam vaibhav,sundarc,cop family feud
264038,Kaaka Muttai,2015-06-05,2015,ta,[18],0.9686,7.8,63,Two slum kids yearn to taste a pizza after being enticed by the pizza shop that has opened near their locality. What happens when they manage to find the money to buy one?,jvignesh rameshthilaganathan aishwaryarajesh joemalloori rameshthilak,m.manikandan,children's story children's adventure
280170,Sivappu,2015-10-16,2015,ta,[10749],0.8321,5.0,2,"Konaar, the in-charge at a construction, takes in Sri Lankan refugees who have escaped from their welfare camp. Pandiyan, a worker, falls in love with Parvathy, a refugee. The couple elopes and Konaar seeks the help of a minister to unite them. But, the politician sees this incident as his only chance to win an election",naveenchandra rupamanjari rajkiran thambiramaiah a.venkatesh,sathyashiva,
359122,Strawberry,2015-09-11,2015,ta,[27],1.1965,2.5,2,A taxi driver is befriended by a medium who tells him that a spirit is trying to communicate with him. Who is this spirit and what does it want?,pa.vijay yuvinaparthavi samuthirakani devayani kavithalayakrishnan,pa.vijay,
262973,Anegan,2015-02-13,2015,ta,"[35, 9648, 10749, 53]",1.0431,6.3,36,Madhumitha is convinced that she and her colleague Ashwin were lovers in their past lives and have been brought together by fate. Is there any truth to this or is she merely hallucinating?,dhanush amyradastur karthikmuthuraman ashishvidhyarthi jagan,k.v.anand,reincarnation tragic love
357708,Inji Iduppazhagi,2015-11-27,2015,ta,"[10749, 35, 18]",1.0723,5.3,17,"An overweight, young woman, who finds it hard to land a husband, learns to accept her 'Size Sexy' figure and leads an awareness campaign against a dubious slimness centre.",anushkashetty arya sonalchauhan urvashi masterbharath,prakashkovelamudi,weight loss
300983,Yennai Arindhaal,2015-01-29,2015,ta,"[53, 28]",1.0032,7.0,58,"Sathyadev, who is on a career break, is forced to put on his cop shoes ones again to save Thenmozhi, a young woman who is the target of a criminal organ harvesting group, led by a ghost from his past.",ajithkumar arunvijay anikhasurendran vivek anushkashetty,gauthamvasudevmenon,police revenge
260778,Vaalu,2015-08-14,2015,ta,"[35, 10749]",1.0273,4.8,10,"Sharp (Simbu), a happy-go-lucky guy, loves Priya (Hansika), a college student, but later learns that she is enagaged to Anbu ( Aditya), a businessman-gangster. Priya wants them to remain friends and Sharp agrees, all the while scheming to make her fall in love with him.",silambarasan hansikamotwani santhanam vtvganesh brahmanandam,vijaychandar,teenage love
330420,Puli,2015-10-01,2015,ta,"[14, 28, 12]",1.1016,4.0,46,A virtuous soldier Magadheera aka Puli (Tiger) vows to save his people from the rule of a cruel queen and her treacherous Marshal. Does good triumph over evil?,vijay sridevi sudeepa shrutihaasan hansikamotwani,chimbudeven,
329133,RajiniMurugan,2015-12-04,2015,ta,"[35, 28]",0.9277,5.4,26,Rajini Murugan locks horns with Yezharai Mookkan who tries to get a share of Murugan's ancestral property by defaming his grandfather.,sivakarthikeyan keerthysuresh soori samuthirakani rajkiran,ponram,unemployed
280168,Kaaki Sattai,2015-02-26,2015,ta,"[35, 28]",0.9256,5.6,19,"Mathimaran, a police constable, wants to do something worthy of his job and stumbles upon an organ trafficking ring run by Durai that is exploiting immigrant labourers. But, with Durai's connections inside the force and in politics going deep, can the cop succeed?",sivakarthikeyan sridivya prabhu vidyullekharaman immanannachi,r.s.duraisenthilkumar,police
362150,Vedalam,2015-11-10,2015,ta,[28],0.8889,5.8,54,"Ganesh, a cab driver and a doting brother to his sister Tamizh, is hunting down three notorious criminals in Kolkata. Who is he actually and what's his motive?",ajithkumar shrutihaasan lakshmimenon soori thambiramaiah,siva,supernatural revenge double act former gangster
329588,Bench Talkies,2015-03-06,2015,ta,"[28, 35, 18]",0.6725,6.0,1,"Bench Talkies is a compilation of six films from six filmmakers. The one recognizable name is, of course, Karthik Subbaraj, while the others are all aspiring directors. The films deal with various subjects and are in different genres and are of varying quality.",gurusomasundaram aravind nishakrishnan anukushagarwal sandeepmenon,anilkrishnan,anthology
329591,Nannbenda,2015-04-02,2015,ta,"[10749, 35, 18]",0.7922,4.0,11,Sathya falls in love with Ramya at first sight and starts wooing her. But how will he take the revelations of his girlfriend's past?,udhayanidhistalin nayanthara santhanam karunakaran sherinshringar,jagadish,
352113,Vasuvum Saravananum Onna Padichavanga,2015-08-14,2015,ta,"[10749, 35]",0.7392,4.7,18,"Childhood friends Vasu and Saravanan are thick as thieves but Vasu's newly-wed wife, Seema doesn't approve of Saravanan and wants her husband to break ties with him. So, Vasu tries to set up Saravanan with Aishwarya. But, can these friends really drift apart?",arya santhanam tamannaahbhatia mukthageorge karunakaran,m.rajesh,
327709,Komban,2015-03-27,2015,ta,"[10751, 28, 35, 18]",0.7044,5.1,18,An angry young man tries to give up his violent ways after his marriage runs into trouble. But his nemesis will not rest until he is killed.,karthi lakshmimenon rajkiran supersubbarayan i.m.vijayan,m.muthaiah,
368017,Thangamagan,2015-12-18,2015,ta,"[28, 35, 10749]",0.9941,5.8,36,The happiness of Tamizh and his middle-class family is shattered when his dad commits suicide. The youngster tries to understand why his father took this extreme step and clear his name.,dhanush samantharuthprabhu amyjackson sathish radikaasarathkumar,r.velraj,betrayal relationship family
330418,Indru Netru Naalai,2015-06-26,2015,ta,"[35, 878, 53]",1.1325,7.7,38,"Elango and his astrologer friend Pulivetti Arumugam come in possession of a time machine and start profiting from it. However, their meddling with time prevents the death of a gangster, who begins to wreck havoc in their lives.",vishnuvishal miyageorge karunakaran jayaprakash p.ravishankar,r.ravikumar,time travel time machine car accident boyfriend girlfriend relationship lost and found cold blooded killer astrologer unintended consequences father daughter relationship change the past best friends
273870,Uttama Villain,2015-05-01,2015,ta,"[18, 35]",1.0775,6.7,33,"Superstar Manoranjan learns that he has only a few days to live and approaches his mentor, director Margadarisi to direct his next project — a folklore-ish comedy about a man who keeps cheating death and his role in saving a kingdom. Meanwhile, he has to sort out his personal lives, which involves an estranged son and a daughter from the love of his life.",kamalhaasan k.balachander k.viswanath andreajeremiah jayaram,ramesharavind,dying wish forced marriage illicit love
273866,Vai Raja Vai,2015-05-01,2015,ta,"[10749, 53]",0.8894,5.7,14,"Karthik, who has ESP, helps his friend Panda win a betting game with his power, but this lands him in trouble with Randhai, the gangster who funded the betting operation, who, now, wants him to use his power and make a killing at a casino.",gauthamramkarthik priyaanand vivek taapseepannu danielbalaji,aishwaryarajinikanth,future vision
330421,Papanasam,2015-07-03,2015,ta,"[80, 53, 18, 10751]",0.8714,7.9,47,"A cinephile tries to protect his family by hiding a heat-of-the-moment murder committed by his daughter by taking cues from the films he has watched. With the victim the son of a cop, can he get away with it?",kamalhaasan gautamitadimalla kalabhavanmani ashasarath nivethathomas,jeethujoseph,innocence family relationships remake revenge
361493,Kirumi,2015-09-24,2015,ta,"[53, 28, 18]",0.7129,5.4,8,"Kathir, a carefree young man, becomes a police informer like his neighbour Prabhakar, and begins to get too close with inspector Soundarapandian, despite the warnings of the latter. It is only when he tries to ride on an ego clash between Soundarapandian and Mathiarasu, a rival inspector, that he realizes he's become a pawn in a dangerous game.",kathir reshmimenon charle vanithathennavan yogibabu,anucharan,informant unemployed
330405,Savaale Samaali,2015-09-04,2015,ta,"[10749, 35, 18]",0.576,3.3,3,Two employees try to get their debt-ridden TV channel to the top position by manufacturing a fake reality show that involves uniting lovers who face opposition at home.,ashokselvan bindumadhavi nassar m.s.bhaskar urvashi,sathyasiva,
329135,O Kadhal Kanmani,2015-04-16,2015,ta,"[10749, 18]",0.6689,7.0,69,"Aadi and Tara fall in love but both hate the idea of marriage and plan to separate when their lives take them to different countries. However, as they grow closer, their emotions are not easily managed.",dulquersalmaan nithyamenen prakashraj leelasamson vinodhinivaidyanathan,maniratnam,husband wife relationship alzheimer's disease love open relationship boyfriend girlfriend relationship sexual relationship live in relationship
344334,Inimey Ippadithan,2015-06-12,2015,ta,"[35, 10749]",0.6641,5.6,9,"Seenu is in love with Maha but his parents fix up his marriage with Akhila. However, circumstances force him to stay silent every time he tries to reveal his love affair.",santhanam ashnazaveri akhilakishore vtvganesh thambiramaiah,muruganand,
369684,Vellaiya Irukiravan Poi Solla Maatan,2015-12-24,2015,ta,[35],0.5504,3.5,2,"A young man decides to blackmail his ex for money and use the cash for his father's medical treatment. And thus, he sets in motion a long chain of blackmails that go all the way to a kingmaker in national politics.",shalinivadnikatti balasaravanan sanamshetty aruldoss aadukalamnaren,a.l.abanindran,
280107,Naalu Policeum Nalla Irundha Oorum,2015-07-24,2015,ta,"[35, 18, 10749]",0.6556,4.3,3,"Four cops try to stage a crime in their crime-free, model village so that they are not transferred from the place. But their naive attempts result in far-reaching conclusions.",arulnithi remyanambeesan singampuli bagavathiperumal rajkumar,n.j.srikrishna,
307002,Enakkul Oruvan,2015-03-06,2015,ta,"[9648, 10749, 53]",0.7131,6.8,13,"A man suffering from insomnia is tricked into buying a drug, Lucia, that makes his desires come true in his dreams, blurring the line between fantasy and reality.",siddharth deepasannidhi srushtidange aadukalamnaren johnvijay,prasathramar,lucid dreaming
280877,Bhooloham,2015-12-24,2015,ta,"[28, 10749]",0.7339,5.9,17,A greedy TV channel owner tries to rake in the moolah by pitting a reluctant local boxer against a notorious international champion.,ravimohan trishakrishnan prakashraj narayanlucky nathanjones,n.kalyanakrishnan,sports capitalism competition betrayal
329143,En Vazhi Thani Vazhi,2015-03-06,2015,ta,[],0.6072,2.0,2,An intrepid encounter specialist takes on everyone who tries to rein him in and clashes with an international outcome.,r.k. poonamkaur meenakshidixit rajivkrishna radharavi,shajikailas,
327915,Sakalakala Vallavan,2015-07-31,2015,ta,"[10749, 35, 18]",0.5807,4.5,11,Sakthi is in love with Anjali but marries city girl Divya because his father has given his word to her dad. But Divya is least interested in making the marriage work and wants a divorce...,ravimohan trishakrishnan anjali prabhu soori,suraj,
329134,Massu Engira Maasilamani,2015-05-29,2015,ta,"[35, 53, 27]",0.6857,5.0,44,A conman gains the power to see and communicate with ghosts and decides to use it to make money. His happy-go-lucky lifestyle goes for a toss when a ghost who is his look-alike approaches him with an offer.,suriya nayanthara pranithasubhash premjiamaran r.parthiban,venkatprabhu,
330415,Idhu Enna Maayam,2015-07-31,2015,ta,"[35, 10749, 18]",0.8528,5.4,7,Arun past catches up with his present when he and his friends start a company to bring together those in love by setting them up in pre-planned scenes. What happens when he is forced to set up his true love to fall for another guy?,vikramprabhu keerthysuresh kavyashetty ambika navdeep,a.l.vijay,love triangle
364023,Pasanga 2,2015-12-24,2015,ta,"[35, 18, 10751]",0.6876,7.2,22,"The frustrated parents of two hyperactive kids realise the key to unlock their kids' potential lies in them accepting the kids' exuberant nature, thanks to an understanding doctor and his teacher wife.",nishesh vaishnavi aarush tejaswini munishkanth,pandiraj,boys
370076,Theri,2016-04-14,2016,ta,"[28, 80, 53]",2.2561,6.7,101,"When an honest cop, Vijay Kumar's family is ruthlessly slaughtered by a politician and his aides, he decides to change his identity and commits his life to bring his daughter up in a serene atmosphere. But some freak events end up compromising his identity and what he does to save his daughter and avenge the death of his family unfurls as Theri.",vijay samantharuthprabhu amyjackson prabhu radikaasarathkumar,atlee,police shootout loving inspirational romantic enthusiastic
402696,Appa,2016-07-01,2016,ta,[18],1.7451,7.1,14,"A do-gooder who views everything in a different perspective, inspires others by being a doting father, and tries to bring in a few changes in the society.",samuthirakani thambiramaiah namonarayana vinodhinivaidyanathan jvignesh,samuthirakani,fatherhood
368006,24,2016-05-05,2016,ta,"[28, 878, 53]",1.8779,7.2,129,Scientist turned Entrepreneur Dr. Sethuraman tries to safeguard his newly invented time travel device from falling into the hands of his Evil Twin Brother Aathreya.,suriya samantharuthprabhu nithyamenen saranyaponvannan ajay,vikramkumar,time travel
387252,Kadhalum Kadanthu Pogum,2016-03-10,2016,ta,"[35, 18, 10749]",1.9913,7.1,40,"A small-time rowdy fresh out of prison and a runaway woman seeking a new life in Chennai become unexpected neighbors. Bound by loneliness, they form an unusual bond—one that teeters between friendship and love. As they navigate their struggles together, their lives take a heartwarming turn in this charming romantic comedy-drama.",vijaysethupathi madonnasebastian g.m.sundar samuthirakani d.r.k.kiran,nalankumarasamy,street gang gangster interview unemployment goon
371420,Kaashmora,2016-10-28,2016,ta,"[14, 27, 35]",1.137,4.9,30,"Kaashmora, a present era black magic specialist; Rajnayak, an ancient era warlord and Ratnamahadevi is his queen. How these three are connected? What are the issues that arise?",karthi nayanthara sridivya vivek jangirimadhumitha,gokul,supernatural black magic warlord evil spirit ancient world exorcist
366080,Kabali,2016-07-22,2016,ta,"[28, 80, 18]",1.7278,6.0,90,A gangster in Malaysia goes in search of his family after 25 years of imprisonment.,rajinikanth radhikaapte saidhanshika winstonchao kishore,pa.ranjith,gangster rivalry malaysia oppression
357706,Irudhi Suttru,2016-01-28,2016,ta,[18],1.3719,7.4,62,"A grumpy boxing coach takes on a young, rebellious woman under his wings and starts training her for the world championship. But their biggest battle has to be fought outside the ring.",r.madhavan ritikasingh mumtazsorcar nassar radharavi,sudhakongaraprasad,corruption sports woman director female boxing
373587,Dharmadurai,2016-08-19,2016,ta,"[18, 10749]",1.1502,7.5,28,"A once-promising village doctor, burdened by personal loss and family betrayal, spirals into alcoholism and becomes an outcast. His journey of pain, resilience, and rediscovery takes him from despair to a chance at redemption, as he confronts his past and searches for purpose, love, and reconciliation.",vijaysethupathi tamannaahbhatia srushtidange aishwaryarajesh radikaasarathkumar,seenuramasamy,redemption dowry public service live in relationship
280156,Uyire Uyire,2016-04-01,2016,ta,[10749],0.897,2.5,2,A youngster realises that the girl he loves is the sister of the guy who had tormented his own sister in the past.,siddhu hansikamotwani chayasingh gavinsiva ajay,a.rajasekhar,
411491,Kadalai,2016-10-28,2016,ta,"[10749, 35]",0.9573,0.0,1,A youngster with a lackadaisical attitude realises the importance of embracing agriculture when a selfish businessman tries to acquire land from his village.,makapaanand aishwaryarajesh yogibabu ponvannan johnvijay,psagayasuresh,
410432,Aandavan Kattalai,2016-09-23,2016,ta,"[28, 18, 10749]",1.0316,7.9,36,"A young man, on the advice of an agent, lies that he is married, to go to London. But his visa application is rejected and now, he has to follow-up with a string of lies to hide one lie.",vijaysethupathi ritikasingh poojadevariya yogibabu nassar,m.manikandan,
376446,Thodari,2016-09-22,2016,ta,"[28, 53]",0.7718,4.4,19,"A pantry boy falls in love with the touch-up girl of an actress travelling on his train, but an incident turns the train into an unstoppable force posing a threat to the passengers, and the romance.",dhanush keerthysuresh ganeshvenkatraman karunakaran thambiramaiah,prabhusolomon,train hijacking aspiring singer working class terrorism
367778,Gethu,2016-01-14,2016,ta,"[28, 53]",0.7419,4.0,9,A hitman comes to a hill town to plot the murder of a top scientist. A young man and his righteous father stand in his way.,sathyaraj udhayanidhistalin vikranth amyjackson karunakaran,krishthirukumaran,assassin assassination espionage spy mercenary contract killer nuclear power
368230,Miruthan,2016-02-18,2016,ta,"[28, 10749, 53]",1.0673,5.2,27,"When a zombie outbreak occurs in a hill station, a traffic cop takes on the responsibility of transporting a team of doctors to a city hospital so that they can find an antidote.",ravimohan lakshmimenon anikhasurendran kaalivenkat sriman,shaktisoundarrajan,zombie zombie apocalypse
444861,Kagitha Kappal,2016-10-21,2016,ta,[],0.7881,0.0,0,Sivabalan aka Appu Kutty indulges in job such as ragpicking since his childhood. He believes that one should be sincere and honest in whatever he does.,appukutty m.s.bhaskar powerstarsrinivasan dillija,,
433676,Meow,2016-12-30,2016,ta,"[18, 27]",0.621,7.0,1,"Four friends who live in an apartment get gruesomely murdered one after the other by an unknown power, which leads to an insecurity among the residents there.",saigopi yuvinaparthavi gayathriiyer,chinaaspalanisamy,cat revenge spirit
372226,Visaranai,2016-02-04,2016,ta,"[53, 80, 18]",0.9165,8.0,80,"Pandi and his friends, immigrant workers in Andhra Pradesh, are picked up by cops for a crime they never committed. And thus begins their nightmare, where they become pawns in a vicious game where the voiceless are strangled by those with power.",vrdinesh samuthirakani anandhi aadukalammurugadoss kishore,vetrimaaran,foreign worker police corruption police interrogation innocent person killed discrimination
367842,Aranmanai 2,2016-01-29,2016,ta,"[28, 27, 10749]",0.914,4.2,23,A ghost enters a palatial mansion and starts attacking the men in the family. What is its back story?,hansikamotwani siddharth trishakrishnan poonambajwa soori,sundarc,supernatural exorcism possessed vengeful ghost ghost
402778,Remo,2016-10-07,2016,ta,"[35, 10749]",0.7939,5.6,37,"An aspiring actor dresses up as a female nurse to bag a role in a film, and more importantly, woo the love of his life.",sivakarthikeyan keerthysuresh sathish k.s.ravikumar saranyaponvannan,bhagyarajkannan,stalking cross dressing
396865,A Yellow Bird,2016-05-18,2016,ta,[18],0.7053,5.5,13,"It is an unwelcome homecoming for Siva, a Singaporean-Indian ex-convict, haunted by a tragedy in his past. Released after eight years behind bars and dejected by his mother’s coldness, he leaves home in search of his ex-wife and daughter. His old friend denies any knowledge of their whereabouts and instead leads him back into crime. Finding him sheltering in ‘void decks’ (the open public access corridors found beneath government-built residential housing in Singapore), the police force him to meet with a social worker; a woman also dealing with her own fears.",sivakumarpalakrishnan seemabiswas huanglu marcusmok indrachandran,k.rajagopal,prison
391105,Amma Kanakku,2016-07-15,2016,ta,"[18, 10751]",0.6341,5.9,7,A mother tries to persuade her daughter who has given up on her studies to pursue her education despite the financial burdens.,amalapaul revathi samuthirakani yuvasrilakshmi,ashwinyiyertiwari,motherly love
408475,Devi(L),2016-10-07,2016,ta,"[35, 27]",1.0352,6.0,28,A man who wants a modern girl for a wife unwillingly marries a village girl. What happens when the girl is possessed by the ghost of an aspiring actress?,tamannaahbhatia prabhudeva sonusood muralisharma amyjackson,a.l.vijay,supernatural possession
318579,Idhu Namma Aalu,2016-05-27,2016,ta,"[35, 10749]",0.5428,4.6,8,"An eternal romantic falls in love with the girl his father has decided to get him married to, but will his past love affair prove to be a problem?",silambarasan nayanthara andreajeremiah soori arjunannandakumar,pandiraj,parent child relationship tough love
416703,Pagiri,2016-09-16,2016,ta,[],0.55,2.2,2,"The film deals with the conflict between a young man and his father; while the latter wants him to take up farming, the guy wishes to work in a bar!",prabhuranaveeran shravya ravimariya g.marimuthu a.venkatesh,esakkikarvannan,
429548,Ilami,2016-11-25,2016,ta,[],0.8177,0.0,0,"Two villages which are at loggerheads over a deity decide to sort the issue out by holding a Jallikattu event, and this decision puts a romance hanging in the balance.",kishore anukrishna ravimariya akhil vellaiyandi,,
366148,Jil Jung Juk,2016-02-12,2016,ta,"[28, 35, 10749, 53]",0.6869,6.6,20,Three bumbling underlings who are tasked with smuggling cocaine get into problems during their journey.,siddharth avinashraghudevan sananth radharavi nassar,deerajvaidy,drug smuggling dark comedy slapstick comedy
391276,Manithan,2016-04-29,2016,ta,"[35, 18]",0.6562,6.4,14,A struggling lawyer files a PIL in a hit-and-run case involving a business scion's son hoping that the resulting publicity would be good for his business.,udhayanidhistalin prakashraj hansikamotwani aishwaryarajesh radharavi,i.mueenuddinahmed,social injustice courtroom drama rich vs poor
412224,Meendum Oru Kadhal Kadhai,2016-08-26,2016,ta,"[18, 10749]",0.6223,5.7,3,"A Hindu boy falls in love with a Muslim girl. Naturally, this romance faces problems.",walterphillips ishatalwar arjunannandakumar nassar manojkjayan,mithranjawahar,inter religion relationship
392382,Oyee,2016-04-08,2016,ta,"[10749, 35, 10751]",0.5621,5.0,1,"A girl in her mid-20s, who is out on parole for her sister's wedding, gets entangled in confusion after her visit to a joint family.",geethanbritto eesharebba arjunannandakumar paprighosh sangilimurugan,francismarkus,
430475,Balle Vellaiyathevaa,2016-12-23,2016,ta,"[10751, 35, 18]",0.6225,4.0,2,"A young man who moves into a village gets close to an old childless couple, and takes on the local big shot.",m.sasikumar tanyaravichandran rohini kovaisarala leeshaeclairs,solaiprakash,
391062,Joker,2016-08-12,2016,ta,[18],0.8892,7.5,20,"Mannar Mannan, an ordinary villager, decides to call himself the president of the country and starts fighting against the injustices he comes across in his society. What's his agenda?",gurusomasundaram ramyapandian muramaswamy gayathrikrishna bavachelladurai,rajumurugan,
402537,Muthina Kathirika,2016-06-17,2016,ta,"[10749, 35]",0.5468,5.0,2,"A 40-year-old, small-time politician, who badly wants to shrug off his bachelorhood, falls in love with a 20-something girl.",sundarc vaibhav poonambajwa sathish kiranrathod,venkatraghavan,
376455,Kodi,2016-10-28,2016,ta,"[28, 18, 53]",1.0481,6.1,45,"A young politician finds himself in a position where he has to contest against his girlfriend, who is ambitious. Circumstances force his look-alike twin to also get involved in this political battle.",dhanush trishakrishnan anupamaparameswaran saranyaponvannan g.marimuthu,r.s.duraisenthilkumar,dual role political thriller
404711,Dhilluku Dhuddu,2016-07-07,2016,ta,"[35, 27]",0.8978,5.2,9,A rich man decides to do away with the middle-class guy whom his daughter loves by inviting the guy's family to a palatial house on the pretence of marriage. What he doesn't know is that the place is haunted by a fearsome ghost.,santhanam anchalsingh karunas rajendran saurabhshukla,rambhala,
371429,Maruthu,2016-05-20,2016,ta,"[10749, 28, 35]",0.6623,5.6,15,"Spurred by his grandmother, an angry young man locks horns with a thug who is intending to murder his sweetheart.",vishalkrishna sridivya radharavi r.k.suresh soori,m.muthaiah,
369094,Iraivi,2016-06-03,2016,ta,"[80, 18, 10751, 10749]",0.6125,7.2,36,Three men try to overcome the problems in their lives not realising the impact their efforts are having on the women in their lives.,s.j.suryah vijaysethupathi bobbysimha kamalineemukherjee anjali,karthiksubbaraj,feminism culture chauvinisim idol theft
370711,Maalai Nerathu Mayakkam,2016-01-01,2016,ta,"[18, 10749]",0.8345,4.9,5,"Manoja marries Prabhu for her mother's sake, but dislikes her husband. Gradually, she warms up to his dogged attempts at sparking a romance, but Prabhu, who is frustrated with her indifference, ruins it all on their wedding anniversary. The couple separate but neither can forget the other. Can Manoja find it in herself to forgive Prabhu and get back to him?",balakrishnakola kalyaninatarajan wamiqagabbi parvatiinair n.azhagamperumal,gitanjaliselvaraghavan,feminism marriage relationship tough love marital rape
280152,Vaaliba Raja,2016-03-25,2016,ta,"[10749, 35]",0.77,3.5,4,A man who has difficulty in choosing between two girls for his life partner approaches a psychiatrist for help.,santhanam sethu vishakhasingh nushrrattbharuccha jayaprakash,saigokulramanath,fashion designer psychiatrist
280049,Saahasam,2016-02-05,2016,ta,"[35, 10749, 28]",0.8504,5.7,3,"Ravi becomes the target of Bittu, a criminal, after he helps cops catch the latter committing robbery at a bank. And so begins a game of smarts between the two, and Ravi has to win it so that he and his family can stay alive.",prashanth sonusood nassar tulasi johnvijay,arunrajvarma,
349740,Kanithan,2016-02-25,2016,ta,"[28, 10749]",1.0054,5.8,12,"A reporter who gets arrested realises that he is a victim of a fake degree certificate racket, and decides to track down the person responsible for misusing his identity.",atharvaamurali catherinetresa karunakaran tarunarora k.bhagyaraj,t.n.santhosh,forgery syndicate fake certificate
402780,Kuttram 23,2017-03-03,2017,ta,"[53, 80, 28]",1.7231,7.0,34,A case involving the disappearance of a pregnant woman turns into a personal one for the cop who is tasked with investigating it.​,arunvijay mahimanambiar vamsikrishna thambiramaiah aravindakash,arivazhaganvenkatachalam,medicine medical error
456287,Mersal,2017-10-18,2017,ta,"[53, 28, 80]",1.6992,7.2,120,"A few individuals in the medical profession are murdered or kidnapped, and the cop investigating the case suspects a doctor and arrests him. But is he the one who is behind these crimes? And why are they being committed?",vijay s.j.suryah samantharuthprabhu nithyamenen kajalaggarwal,atlee,medical error medical scandal gst
412096,Maanagaram,2017-03-10,2017,ta,"[53, 28]",1.256,7.5,54,"Upon moving to Chennai, four lives get intertwined as they strive to achieve success in the city. However, when a vicious gangster threatens them, the group must work together to defeat him.",sri sundeepkishan munishkanth reginacassandra charle,lokeshkanagaraj,hyperlink cinema
555633,Roobha,2017-12-09,2017,ta,[18],0.8934,3.6,5,"A beautiful twenty-year old transwoman dancer, Roobha, falls in love with a much older charismatic family man, Anthony, giving him a sense of escape and solace from his mundane life and troubles.",amritsandhu antonythasanjesuthasan thenukakantharajah danbertolini brianscottcarleton,leninm.sivam,
432139,Vikram Vedha,2017-07-21,2017,ta,"[28, 53, 80, 12]",0.9994,7.2,218,A notorious gangster Vedha surrenders himself to encounter specialist Vikram whom he challenges every step of the way by narrating his life events in the form of riddles that needs to be solved in order to capture him.,r.madhavan vijaysethupathi shraddhasrinath kathir varalaxmisarathkumar,pushkar,encounter specialist
456017,Velaiyilla Pattathari 2,2017-08-11,2017,ta,"[28, 35]",1.2621,5.7,44,"A cool-headed crusader for the struggling engineers, Raghuvaran faces the powerful and arrogant owner of a construction company Vasundhara Parameswaran, as they engage in a battle to win the corporate game.",dhanush kajol vivek samuthirakani amalapaul,soundaryarajinikanth,civil engineer
1381973,Oru Iyakkunarin Kadhal Diary,2017-06-02,2017,ta,"[18, 10749]",1.1791,0.0,0,A story of a film director and his experience in film industry.,veluprabhakaran swathishanmugam jega raghunathmanet remya,veluprabhakaran,age-gap relationship soft porn b-grade
438731,Vivegam,2017-08-24,2017,ta,"[28, 53]",1.5433,4.8,56,"A group of counter-terrorism agents are brought in to track down a man who was once the head of their squad, and is believed to have gone rogue.",ajithkumar kajalaggarwal aksharahaasan vivekoberoi aravchowdhary,siva,plutonium gangster interpol cyber terrorism artificial earthquake
455942,Aarambame Attagasam,2017-05-05,2017,ta,"[10749, 35]",0.9054,4.5,1,Aarambame Attagasam (aka) Aarambame Attakaasam is an Tamil comedy - romance movie direction by Ranga. The movie has Jeeva and Sangeetha in the lead role.,lollusabhajeeva sangeethachauhan sriranjini vaiyapuri lollusabhamanohar,ranga,
456218,Theeran Adhigaaram Ondru,2017-11-17,2017,ta,"[28, 53]",1.0724,7.8,78,A hardnosed cop goes after a gang of ruthless dacoits who have been terrorising residents along the highway for a decade.,karthi rakulpreetsingh abhimanyusingh bosevenkat soniabosevenkat,h.vinoth,based on true story bandit true crime dacoits
452447,Spyder,2017-09-27,2017,ta,"[28, 53, 80]",1.2254,5.3,67,A surveillance expert who wants to help people comes across a foe who is the very definition of evil. Can he stop the man before he destroys everything?,maheshbabu rakulpreetsingh s.j.suryah bharathsrinivasan rjbalaji,a.r.murugadoss,disaster human made disaster
411311,Kadamban,2017-04-14,2017,ta,[28],1.1693,7.2,12,"The honey-extracting tribal folks of Kadambavanam, a village in the deep interiors of dense forests, enjoy their peaceful &amp; humble lives with the philosophical company of their forefathers. Presence of limestone underneath earns the village some interest from unethical vultures. With multiple soft evacuation plans failing against the tribal resistance, they resort to uglier ways putting the villagers’ lives into complete disarray. Can they withstand when payback time presents itself?",arya catherinetresa y.g.mahendran supersubbarayan deeprajrana,n.ragavan,attachment to nature forest landgrabbing
370800,Motta Shiva Ketta Shiva,2017-02-24,2017,ta,"[28, 35, 18]",1.0218,3.8,9,A corrupt cop who has a heartbreaking childhood realises his mistakes and turns into a sincere officer to take on a dreaded criminal and his son.,raghavalawrence nikkigalrani sathyaraj kovaisarala devadarshini,sairamani,revenge police corruption corrupt politician
376440,Si 3,2017-01-26,2017,ta,"[80, 28]",0.9178,5.5,45,"A reputed cop from Tamil Nadu takes charge in Andhra Pradesh to solve the mysterious murder of a top police officer, and takes on local thugs and criminals during the course of his mission.",suriya anushkashetty shrutihaasan radharavi yuvarani,hari,police investigation medical waste
408914,Sangili Bungili Kadhava Thorae,2017-05-19,2017,ta,"[27, 35]",0.9663,4.7,10,A young man who wants to own a house buys a mansion and moves into it with his extended family not knowing that there is a ghost in the place.,jiiva sridivya radikaasarathkumar radharavi soori,ikeradha,
456289,Velaikkaran,2017-12-22,2017,ta,"[28, 18, 53]",0.8695,7.0,37,"An enterprising youngster in a slum wants his people to lead a life of dignity, but has to take on an ambitious capitalist, who only wants to dominate his field.",sivakarthikeyan fahadhfaasil nayanthara sneha prakashraj,mohanraja,factory worker capitalism food industry food adulteration
414824,Pa Paandi,2017-04-14,2017,ta,"[10749, 35, 28]",0.9256,7.0,33,"‘Power’ Paandi, once a legendary stunt master who ruled the world of film stunts in his prime years is now content in living a peaceful life with his son and grandchildren. But he soon realizes that his acts that he thinks is normal and righteous, constantly irks his son who seems to taking their relationship for granted. One such overblown tiff with his son drives him to go do some soul searching, the outcome of which has many unexpected experiences.",rajkiran prasanna chayasingh dhanush revathi,dhanush,
413042,Brindavanam,2017-05-26,2017,ta,"[35, 18]",0.9173,7.0,7,"A hearing-and-speech-impaired barber in Ooty, who is a huge fan of actor Vivekh, happens to meet his idol, who has come to the hill station on personal work. A poignant friendship develops between the two...",arulnithi vivek tanyaravichandran cellmurugan thalaivasalvijay,radhamohan,hearing impaired speech impaired
449742,Kavan,2017-03-31,2017,ta,"[53, 18]",0.7682,7.2,40,"A budding journalist passionate about ethical, noble, hard-hitting journalism understands the more flourishing ghetto of sensationalism &amp; news fabrication that the Entertainment TV Channel he belongs to, thrives on. When caught in a dilemma of whether to hold for a while or rise in protest, a situation forces him to make a decision that puts him out of work but… there begins his work.",vijaysethupathi t.rajendar vikranth madonnasebastian pandiarajan,k.v.anand,media journalism
405684,Kaatru Veliyidai,2017-04-07,2017,ta,"[10749, 53]",0.5599,5.7,30,"Romance is in the air as the lives of Fighter Pilot Varun & Medical Doctor Leela collide amidst the scenic beauty of Kashmir. While Leela yearns for Varun’s affection in the delicate of ways, Varun’s idea of love is all give-give, not give-take. Just as the avalanche of built-up emotions sets rolling, Varun becomes a PoW post the Kargil episode. Do their paths cross later?",karthi aditiraohydari rjbalaji rukminivijayakumar kpaclalitha,maniratnam,tough love jet fighter pilot kargil conflict
411717,Bairavaa,2017-01-12,2017,ta,[28],0.6801,5.4,58,A loan recovery agent takes on a corrupt head of an educational institution to save his girlfriend.​,vijay keerthysuresh jagapatibabu sathish aparnavinod,bharathan,loan officer mass hero
423191,Aruvi,2017-12-15,2017,ta,[18],0.6947,7.5,61,A gentle girl born and brought up amidst the ever growing eco-social-consumeristic environment finds it difficult to fit in the society. She decides to take it hard on the people.,aditibalan shwethashekar lakshmigopalaswamy mohammadalibaig kavithabharathi,arunprabupurushothaman,aids social justice
411852,Sometimes,2017-01-07,2017,ta,[18],0.9296,7.2,23,"Seven people from different walks of life give their blood sample for ELISA Test - AIDS Screening. To avoid the tension of waiting, they decide to bribe the technician and know the results earlier. They come to know only one among them has AIDS. Each one hoping it is not him,waits with anxiety. The film takes an unexpected turn from here creating an emotional and shocking end.",prakashraj sriyareddy ashokselvan nassar varunkamal,priyadarshan,aids
452250,Sivalinga,2017-04-14,2017,ta,"[53, 27]",0.7048,5.5,14,A cop investigating the suspicious death of a Muslim finds out that his own wife has become possessed by the young man’s ghost!,raghavalawrence ritikasingh vadivelu radharavi jayaprakash,p.vasu,revenge police investigation supernatural investigation vengeful spirit
470133,Thiruttu Payale 2,2017-11-30,2017,ta,"[53, 28, 10749]",0.8241,6.5,11,The life of a surveillance specialist turns topsy-turvy when a womanizer starts blackmailing his wife. The former tries to nab him using his power and expertise in technology,bobbysimha prasanna amalapaul muthuraman susiganesan,susiganesan,extramarital affair erotic thriller surveillance specialist
483956,Kadaisi Bench Karthi,2017-10-27,2017,ta,"[10749, 35]",0.6181,4.0,1,Kadaisi Bench Karthi is an upcoming Indian Tamil comedy film directed by Ravi Bhargavan.  This Tamil-Telugu bilingual comedy showcases the effect that a smart phone can have on a loving relationship.,bharathsrinivasan ruhanisharma anganaroy ravimariya g.gnanasambandam,ravibhargavan,adult humor
412853,Balloon,2017-12-29,2017,ta,"[53, 27]",0.7498,7.4,8,"A filmmaker goes to check out a haunted house in Ooty to seek inspiration for a horror film, not realising that the place has a connection with his past.",jaisampath anjali jananiiyer nagineeduvellanki yogibabu,sinishsreedharan,
412659,Yaanum Theeyavan,2017-06-30,2017,ta,"[10749, 53, 28]",0.7769,6.0,2,"Mike is a fun-loving youngster who falls for Sowmya. At one point, the elope from their houses only to get married with the help of their friends. Things turn an ugly turn, when Mike runs a the ruthless serial killer Pasupathy on the wrong side.  Pasupathy and his associates who take them as his hostages and start torturing the young couple. Meanwhile the city police led by senior officer Jayaprkash are entrusted with the job of eliminating Pasupathy. What happens in their lives forms the rest.",ashwinjerome varshabollamma rajusundaram ponvannan vtvganesh,prashanthgsekar,kidnapping serial killer
456226,Karuppan,2017-09-29,2017,ta,"[28, 10749, 53]",0.7468,6.0,12,"A man wins the hand of a girl after winning in jallikattu, but her relative, who had hopes of marrying her, tries to cause a permanent rift between the couple.",vijaysethupathi tanyaravichandran bobbysimha pasupathy renuka,r.panneerselvam,jallikattu
270780,Puriyaatha Puthir,2017-08-31,2017,ta,"[80, 53]",0.756,7.2,13,"Kathir, a music director, starts seeing Meera, who teaches music. He starts receiving compromising videos of Meera, and desperately tries to find out the person wrecking their lives, but will it be too late?",vijaysethupathi gayathrieshankar mahimanambiar rameshthilak arjunannandakumar,ranjitjeyakodi,
456245,Yaar Ivan,2017-09-15,2017,ta,"[80, 28, 53]",0.5673,0.0,0,A man is arrested for murdering his wife and sent to a prison in Goa. A cop assigned to the case believes there is more to this than meets the eye. What's the mystery here?,sachiinjoshi eshagupta prabhu kishore sathish,tatinenisatya,wife murder
413019,Muthuramalingam,2017-02-24,2017,ta,"[28, 18, 10751]",0.5827,2.0,2,A rural family known for their bravery and generosity are faced with a unexpected situation that poses a threat to their good reputation.,gauthamramkarthik priyaanand napoleon sumantalwar vivek,c.rajadurai,rural area good reputation
412991,Rangoon,2017-06-09,2017,ta,"[53, 10749, 28]",0.8483,5.9,8,"The life of three youngsters, who go to Rangoon to strike a business deal, witnesses several twists and turns, for which they pay heavy price.",gauthamramkarthik sanamakbul siddique danielanniepope lalluprasath,rajkumarperiasamy,
458928,Sathya,2017-12-08,2017,ta,"[53, 80]",0.5918,6.1,7,"An IT employee, who works in Australia, gets a call from his ex-lover, asking him to help her find her missing daughter. The former has a tough time ahead when he comes to know about some shocking revelations",sibiraj remyanambeesan varalaxmisarathkumar sathish anandaraj,pradeepkrishnamoorthy,murder child kidnapping
484606,Konjam Konjam,2017-09-22,2017,ta,"[80, 10749, 10751, 18]",0.6703,0.0,0,"Gokul Krishnan to keep his family members happy and even to earn money, the guy starts his life at the place of Kerala border with the help of Appu Kutty. There, Gokul falls in love with Divya , but her stepmother against to their love. Parallel, Gokul’s sister Priya Mohan, who gets injured in the ear drum while using mobile when it was charged up. Now, continually Gokul’s family faces a lot trouble. On all these issues, how Gokul comes out and starts to lead a happy life is the balance script.",gokulkrishnan priyamohan mansooralikhan appukutty jangirimadhumitha,udaysankaran,family relationships
412101,Gemini Ganeshanum Suruli Raajanum,2017-07-14,2017,ta,"[10749, 35]",0.5915,5.1,8,"A romantic youngster, who manages to have several relationships with pretty girls, realises his mistakes and finally decides to settle down in life by marrying one among them.",atharvaamurali reginacassandra soori pranithasubhash aaditipohankar,odamilavarasu,
410592,Mupparimanam,2017-03-03,2017,ta,"[53, 18, 10749]",0.6844,5.2,5,A mysterious youngster kidnaps a girl a few minutes before her wedding and takes her to a secluded place in search of answers for his questions.,shanthanubhagyaraj srushtidange kalyaninatarajan thambiramaiah raviprakash,adhiroopan,kidnapping
412197,Maragadha Naanayam,2017-06-16,2017,ta,"[14, 10749, 53]",0.6848,6.7,20,"Senguttuvan and Elango are hired by a jewel smuggler to find a cursed treasure responsible for the death of many. Later, with the help of a priest, they summon three spirits to locate the treasure.",aadhipinisetty danielanniepope anandaraj nikkigalrani munishkanth,arksaravanan,treasure hunt jewelry heist cursed object amused
410481,Thupparivaalan,2017-09-14,2017,ta,"[28, 80, 53]",0.8411,7.2,50,Detective Kaniyan Poonkundran is hungry for a challenging case to investigate and the mystery of a murdered dog leads to a rival who could be the match for him.,vishalkrishna prasanna vinayrai andreajeremiah anuemmanuel,mysskin,serial killer private detective artificial lightning
330419,Indrajith,2017-11-24,2017,ta,"[35, 12, 28]",0.7503,5.4,5,"An adventurous youngster sets out in search of a precious stone, somewhere in the forests of north east, accompanied by an archaeological survey team",gauthamramkarthik sonarikabhadoria ashritashetty sudhanshupandey m.s.bhaskar,kalaprabhu,treasure hunt hidden treasure
373449,2.0,2018-11-29,2018,ta,"[28, 878, 14]",2.2429,5.9,171,"An ornithologist who commits suicide returns as fifth force to wreack vengeance on mankind for harming birds with mobile phone radiation. The only thing that is standing in his way is 2.0, the upgraded version of Chitti, the robot.",rajinikanth akshaykumar amyjackson sudhanshupandey adilhussain,shankar,monster ornithology revenge robot scientist humanoid robot
410331,Vada Chennai,2018-10-17,2018,ta,"[28, 80, 18]",2.3895,7.9,103,"Anbu, a young carrom player in North Chennai becomes inadvertently involved in an ongoing conflict between two local gangsters.",dhanush aishwaryarajesh ameer andreajeremiah danielbalaji,vetrimaaran,gangster gang war historical fiction criminal underworld gang warfare prison fight north chennai factionism
412862,Ratsasan,2018-10-05,2018,ta,"[53, 80, 9648]",1.5077,7.4,183,"A serial killer is murdering school girls, and a newbie cop has to track him down before the victim count increases.",vishnuvishal amalapaul suzanegeorge munishkanth kaalivenkat,ramkumar,serial killer psychological thriller rookie cop police investigation child kidnapping
441717,96,2018-10-04,2018,ta,[10749],1.196,7.7,139,"Ram is a photographer and nature lover who travels all around India capturing moments. On a chance visit to his hometown Tanjavur, he goes into his school and begins to walk down memory lane to 1994 when he was a student harboring feelings for his classmate Janu.",vijaysethupathi trishakrishnan adityabaskar gourigkishan devadarshini,c.premkumar,school girl love school love
512531,Pyaar Prema Kaadhal,2018-08-09,2018,ta,"[10749, 18, 35]",1.2638,5.2,12,"Two lovers, who are different in almost all ways, get into a live-in relationship. They go through tough times as their approach towards life do not match with each other's.",harishkalyan raizawilson anandbabu rekha thangapandiyan,elan,
459008,Kaala,2018-06-07,2018,ta,"[28, 80, 18]",1.2482,6.6,68,"Karikaalan consistently fights to keep the people of Dharavi, a slum in Mumbai, safe from the clutches of mighty politicians and the land mafia don, Hari Dhadha.",rajinikanth nanapatekar samuthirakani easwarirao humaqureshi,pa.ranjith,period drama
521857,Samuga Valaithalam,2018-01-19,2018,ta,[18],0.8375,0.0,0,,badri priya padma balasingh raviraja,eesan,
498366,Mr. Chandramouli,2018-07-06,2018,ta,"[10749, 28, 10751]",1.08,4.2,5,"Raghav, a professional boxer, finds himself in a fix when an unexpected turn of events gets him tangled in a battle between his passion, family and the love of his life.",gauthamramkarthik karthikmuthuraman reginacassandra varalaxmisarathkumar j.mahendran,thiru,boxer father son relationship
533889,Lakshmi,2018-08-24,2018,ta,"[10751, 18, 35]",1.1084,7.8,10,"A school student, who is passionate about dance, sets out to join a national-level competition without her mother’s knowledge.",prabhudeva dityabhande aishwaryarajesh karunakaran kovaisarala,a.l.vijay,dance performance
498821,Kadaikutty Singam,2018-07-13,2018,ta,"[10749, 35, 10751, 28]",0.8445,6.7,24,"Gunasingam, a family-loving farmer who hails from a small town, tries his best to keep his big family united despite him being misunderstood by many.",karthi sayeshasaigal sathyaraj priyabhavanishankar arthanabinu,pandiraj,agriculture family drama
462952,Kattam,2018-12-22,2018,ta,"[53, 80]",0.7826,0.0,0,Kattam is an upcoming Tamil thriller movie directed by Rajan Madhav. The director his self penned the script for this movie and it features Sshivada in the lead role. It is a thriller movie and the story of the film based on a crime.,sshivadanair nandhanram nivasadithan,rajanmadhav,
504231,Sarkar,2018-11-06,2018,ta,"[28, 18]",1.1659,5.7,83,"NRI corporate Sundar Ramasamy comes to India to vote, only to learn that his vote has already been cast. While he reclaims his right legally, it also sets in motion a chain of events that eventually lead to him entering the political fray, trying to change the system.",vijay keerthysuresh varalaxmisarathkumar prem yogibabu,a.r.murugadoss,voting ceo political scandal election fraud illegal voting
495530,Aaraam Thinai,2018-12-31,2018,ta,[],0.7424,0.0,0,"Aaramthinai’ is the upcoming Tamil horror film, which is expected to hit the screens soon in the year of 2018.",ravimariya rajendran lavanya,,
413036,Sei,2018-11-23,2018,ta,"[18, 10749, 53]",0.9806,4.3,3,A wannabe actor lands himself in trouble when he disguises as an ambulance driver to help his bed-ridden father,nakul aanchalmunjal prakashraj nassar chandrikaravi,rajbabu,
460549,Sema,2018-05-25,2018,ta,"[28, 35]",0.8402,1.5,2,"A vegetable vendor marries a girl against her father's wish. The couple, with the help of their respective mothers, manage to hide it from the girl's father till she gives birth to a child",g.v.prakashkumar arthanabinu sujathasivakumar yogibabu mansooralikhan,vallikanth,
410482,Savarakathi,2018-02-09,2018,ta,"[18, 10751]",0.8142,5.4,10,"A barber has a skirmish with a gangster on the road, and this encounter results in him running all over the city to save himself.",ram poorna mysskin shajichen nassar,g.r.adithya,gangster barber
884038,The Boy,2018-07-27,2018,ta,[10751],0.5986,1.0,2,Aswath's thirteenth birthday is the occasion. The celebrating family is confounded by Aswath's lack of enthusiasm towards the various gifts he receives. It turns out that Aswath has been harboring a surprising sentiment.,vinodhinivaidyanathan delhiganesh hiteshs.bharathwaaj umarsharif rajeswari,arunkumarsenthil,coming out birthday party coming of age lgbt gender identity expectations short film traditional values lgbt child
553236,Koothan,2018-10-11,2018,ta,"[18, 10749]",0.8795,0.0,0,"When the future of his community of Junior Artists (Film Nagar) is threatened, Raana takes his team of underdog dancers (The Battery Boys) on a mission to win an International Dance Competition and save their home. Their journey rife with obstacles, they seek the help of classical dancers Sri Lakshmi and Sri Devi to edge out the competition (Krishna Dance Academy). Who will prevail in this story of love, hope and hunger for success?",la.rajkumar srijithaghosh kiranarayanan nagendraprasad k.bhagyaraj,venkyal,
433121,Thaanaa Serndha Koottam,2018-01-12,2018,ta,"[80, 28, 35]",0.9926,5.6,38,"Angered by the corruption that stopped him from becoming a CBI officer, a young man forms a gang who pose as CBI officers and raids the corrupt.",suriya keerthysuresh ramyakrishnan senthil karthikmuthuraman,vigneshshivan,corruption money laundering black money
533238,Kolamavu Kokila,2018-08-17,2018,ta,"[35, 53]",0.678,6.6,35,"A young woman takes up drug peddling to make money for the treatment of her mom, who has cancer.",nayanthara yogibabu saranyaponvannan jacqueline r.s.shivaji,nelsondilipkumar,dark comedy
504184,Chekka Chivantha Vaanam,2018-09-27,2018,ta,"[28, 80, 53]",1.2502,6.5,53,A bloody power struggle erupts between three brothers who are vying to take over the family business following the death of their father.,arvindswamy vijaysethupathi arunvijay silambarasan jyothika,maniratnam,gangster mafia
409015,Panjumittai,2018-06-01,2018,ta,"[10749, 35, 14]",0.6938,1.0,1,A happily married man starts suspecting his friend of having an affair with his wife as he finds both of them sharing similar interests.,makapaanand nikhilavimal sentrayan pandiarajan pandu,s.p.mohan,
415193,Imaikkaa Nodigal,2018-08-30,2018,ta,"[28, 53, 18, 80]",0.8479,7.0,71,A CBI officer goes in search of a ruthless serial killer. Things get worse when the murderer targets the former and her family,nayanthara anuragkashyap atharvaamurali raashiikhanna manasvikottachi,r.ajaygnanamuthu,serial killer cat and mouse police investigation psycho killer
568026,Johnny,2018-12-14,2018,ta,"[28, 18]",0.6427,4.0,1,Small-time criminals plan a big time heist. Will they be successful in their attempt?,prabhu prashanth sanchitashetty anandaraj ashutoshrana,pvetriselvan,remake
461693,Silukkuvarupatti Singam,2018-12-21,2018,ta,"[28, 35]",0.6669,4.8,16,A constable who prefers to mind his own business gets into a situation where he has to hide from a most-wanted gangster.,vishnuvishal reginacassandra oviyahelen karunakaran yogibabu,chellaayyavu,
512534,Nota,2018-10-05,2018,ta,[18],0.8481,5.7,26,"Sitting Chief Minister Vinodhan, who is facing imprisonment in an illegal assets case, makes his son, Varun the temporary CM until his return. The disinterested young man gradually wakes up to the sorry state of affairs and tries to bring in a change.",vijaydeverakonda mehreenpirzada sathyaraj nassar yashikaanand,anandshankar,corrupt politician government corruption political heir
278358,Vishwaroopam II,2018-08-09,2018,ta,"[28, 53]",0.7761,5.5,30,RAW agent Wisam Ahmad Kashmiri prevents an al-Qaida terrorist from executing a massive attack on New York. He must now wade through further traps and conspiracies to thwart a new plot against three democratic nations.,kamalhaasan rahulbose poojakumar andreajeremiah shekharkapur,kamalhaasan,sequel terrorism raw agent
504227,Thimiru Pudichavan,2018-11-16,2018,ta,"[28, 18]",0.6196,5.4,9,A cop tries to bring a lot of positive changes in a city which is polluted by a goon’s actions.,vijayantony nivethapethuraj boxerdheena danielbalaji lakshmiramakrishnan,ganeshaa,
495814,Pakshi,2018-12-07,2018,ta,"[53, 12]",0.6185,0.0,0,Pakshi is a cross-cultural film; it can also be called as a road or a travel film.,lakshmipriyaa omkardasmanikpuri virasathidar,jagadeesansubu,travel writer road thriller
467117,Bhaskar Oru Rascal,2018-05-17,2018,ta,"[35, 28, 10749]",1.1884,5.2,8,"Two children raised by single parents want to enjoy the happiness of a complete family. To achieve this, they try to unite their parents, but end up in trouble.",arvindswamy amalapaul nainika raaghavanmurugan siddique,siddique,remake
463958,Gulaebaghavali,2018-01-12,2018,ta,"[35, 10749]",0.8274,5.6,16,"A don sends three criminals to recover a treasure buried by his grandfather in a village. A fourth criminal joins the trio en route, and they decide to hoodwink the don and share the treasure between themselves.",prabhudeva hansikamotwani revathi munishkanth sathyansivakumar,kalyaan,
505906,Seemaraja,2018-09-13,2018,ta,"[28, 35, 18, 10749]",0.9919,4.6,12,The heir of a royal family tries to save his land and villagers from a greedy man.,sivakarthikeyan samantharuthprabhu simran napoleon soori,ponram,
495503,Iravukku Aayiram Kangal,2018-05-11,2018,ta,"[28, 80, 53]",0.687,6.7,18,"Three strangers, who were cheated by a three-member fraud gang, hatch plan to take revenge on their leader, and go to his home around same time. All of them get the shock of their life when they find someone murdered at the home.",arulnithi ajmalameer mahimanambiar vidhyapradeep chayasingh,mu.maran,crime investigation
66213,Iruttu Araiyil Murattu Kuthu,2018-05-04,2018,ta,"[35, 27]",0.6194,4.3,13,A sexually-starved spirit traps two couples in a bungalow in Bangkok where they have planned to stay for a week. The spirit wants one of the two men to have sex with her. Can they manage to escape?,gauthamramkarthik vaibhavishandilya yashikaanand chandrikaravi shahra,santhoshp.jayakumar,adult humor sexual humor
500971,Adanga Maru,2018-12-21,2018,ta,"[28, 53, 80]",0.8227,7.4,33,"A sincere cop, who's suspended from the department for locking horns with a few influential people in the society, starts taking revenge against those who finished off his dear ones.",ravimohan raashiikhanna sampathraj mimegopi ponvannan,karthikthangavel,tough cop honest cop
536595,Kanaa,2018-12-21,2018,ta,"[18, 10751]",0.6682,7.6,20,A woman who hails from a middle-class family background aims to excel in the competitive world of cricket with the help of her supportive father.,aishwaryarajesh sathyaraj darshan rama ilavarasu,arunrajakamaraj,sports star women's cricket
461311,Tik Tik Tik,2018-06-22,2018,ta,"[878, 53, 12]",0.9826,5.3,27,"An asteroid, which is expected to hit Chennai and its surrounding places, poses a threat to the lives of around four crore people. A five-member team is sent by the Defence Space Division to space to stop the celestial body from hitting the planet.",ravimohan nivethapethuraj aaronaziz rameshthilak vincentasokan,shaktisoundarrajan,space travel space mission
507574,Goli Soda 2,2018-06-14,2018,ta,"[18, 28]",0.5478,6.1,7,"The story revolves around the lives of three young friends, who struggle to establish themselves in the real world. They are working to make it big until they get caught up in a certain situation, only to get rescued by a common friend of 45-year-old.",samuthirakani gauthamvasudevmenon bharathseeni chembanvinodjose esakkibharath,s.d.vijaymilton,
487593,Irumbu Thirai,2018-05-11,2018,ta,"[28, 53]",0.8793,6.8,45,"Kathiravan, a major in the Indian army with anger management issues, is compelled by circumstances to borrow a loan from a bank with false documents. When the entire money in the account vanishes, Kathiravan tries to track down the scamsters, and it leads him to White Devil, a master hacker.",arjunsarja vishalkrishna samantharuthprabhu delhiganesh roboshankar,p.s.mithran,hacker hacking information leak deepweb darknet
564144,Ivanukku Engeyo Macham Irukku,2018-12-07,2018,ta,"[35, 10749]",0.5158,6.5,1,"Two men who work in a pharmacy moonlight as small-time robbers and during one of their break-ins, they walk away with ₹5 lakh each. And soon, the cops, gangsters and a perpetually horny NRI woman are after them…",vimal ashnazaveri anandaraj singampuli mansooralikhan,a.r.mukesh,
591102,Comali,2019-08-14,2019,ta,"[35, 18]",6.9442,6.1,29,A youngster in his mid-30s goes through a series of struggles after coming to terms with the fact that he was in coma for 16 years.,ravimohan kajalaggarwal samyukthahegde k.s.ravikumar yogibabu,pradeepranganathan,waking from coma
563309,Bigil,2019-10-17,2019,ta,"[18, 28, 10751]",1.7659,6.3,76,"A do-gooder don wants his footballer son to uplift the life of his people by becoming a champion, but fate draws the youngster into a life of violence. Will he be able to fulfill his father’s dream when an opportunity comes his way seven years later?",vijay nayanthara jackieshroff kathir vivek,atlee,women's football (soccer) feminism
587030,Kaithi,2019-10-25,2019,ta,"[28, 53, 80]",1.5255,7.6,144,"Dilli, a convicted criminal, is out on parole to meet his daughter. However, a drug bust sets him off on a mission to save the life of police officers.",karthi narain arjundas harishuthaman georgemariyan,lokeshkanagaraj,prisoner police officer one night lokesh cinematic universe (lcu)
576928,Asuran,2019-10-02,2019,ta,"[28, 18]",1.2406,7.6,102,A family from the underprivileged class is on the run after the teenaged son kills a rich man from the upper caste. Can the pacifist father be able to save his hot-blooded son?,dhanush manjuwarrier kenkarunaas teejay pasupathy,vetrimaaran,
582759,Mr. Local,2019-05-17,2019,ta,"[10749, 28, 35]",1.0846,4.6,13,A happy-go-lucky guy lands in trouble after he locks horns with an egoistic lady.,sivakarthikeyan nayanthara yogibabu roboshankar radikaasarathkumar,m.rajesh,
432011,Super Deluxe,2019-03-29,2019,ta,"[35, 53, 18, 80]",1.1905,7.7,131,"An unfaithful newly-wed wife, an estranged parent, a priest and an angry son suddenly find themselves in the most unexpected predicaments, each poised to experience their destiny, all on one fateful day.",vijaysethupathi fahadhfaasil samantharuthprabhu ramyakrishnan mysskin,thiagarajankumararaja,dark comedy hyperlink cinema
534993,Petta,2019-01-10,2019,ta,[28],1.1298,7.2,90,"A hostel warden becomes the target of a dreaded politician and his gangster son, but little do they realise that it is they who should fear him.",rajinikanth nawazuddinsiddiqui vijaysethupathi sananth m.sasikumar,karthiksubbaraj,warden secret past
428378,Enai Noki Paayum Thota,2019-11-29,2019,ta,"[28, 18, 10749]",0.948,5.3,18,"A college student’s life takes an unexpected turn when he falls for an actress caught in a dangerous web of control. As their love story unfolds, he is drawn into a high-stakes world where survival becomes the ultimate challenge.",dhanush meghaakash sunaina m.sasikumar velaramamoorthy,gauthamvasudevmenon,celebrity relationship
505686,Boomerang,2019-03-08,2019,ta,"[28, 53]",0.9942,5.2,6,"A guy who gets a face transplant done, following a fire accident, realises many are after his life. He sets out to find the reason for the same.",atharvaamurali meghaakash indhujaravichandran sathish rjbalaji,r.kannan,face operation
412865,Peranbu,2019-02-01,2019,ta,"[18, 10751]",0.9422,7.3,43,"A single father tries to raise his daughter, who has cerebral palsy, even as she is beginning to wake up to her sexuality.",mammootty sadhana anjali anjaliameer lizzieantony,ram,single father cerebral palsy physical disability
539315,Dev,2019-02-14,2019,ta,"[10749, 28]",0.8954,4.9,18,A youngster who has to fight against all the odds in order to achieve his desires.,karthi rakulpreetsingh prakashraj ramyakrishnan nikkigalrani,rajathravishankar,
565885,Vantha Rajavathaan Varuven,2019-02-01,2019,ta,"[18, 28]",1.0238,5.9,6,The young heir of a rich family embarks on a journey to effect a reconciliation between estranged family members.,silambarasan meghaakash catherinetresa ramyakrishnan prabhu,sundarc,remake
273872,Chithiram Pesuthadi 2,2019-02-15,2019,ta,"[18, 53]",0.7678,4.0,4,"Thiru, a hired killer, attacks a dreaded gangster with a sickle. However, he is forced to go underground after a man named Kathir witnesses his crime.",vidharth radhikaapte ajmalameer gayathrieshankar ashokkumarbalakrishnan,rajanmadhav,
596652,Sivappu Manjal Pachai,2019-09-06,2019,ta,[53],0.6317,6.1,13,A street racer and a traffic cop end up becoming brothers-in-law. Can they accept each other given their previous hostile history?,siddharth g.v.prakashkumar lijomoljose dheeparamanujam madhusudhanrao,sasi,street race traffic cop
616367,Igloo,2019-07-17,2019,ta,"[18, 10749]",0.6625,5.5,3,"Webbed around a couple who believe, preach and practise positivity, where the ‘picture perfect’ lives of a couple are devastated with a hazardous illness and how they handle it positively",amzathkhan anjukurian bagavathiperumal mathewvarghese lizzieantony,bharathmohan,
592875,Uriyadi 2,2019-04-05,2019,ta,"[28, 53]",0.6879,7.0,11,A young man struggles for justice for the victims who are affected by the chemical plant leakage which lead to many deaths in the village.,vijaykumar vismaya sudhakar arumugambala,vijaykumar,fight for justice chemical leak
602276,Jackpot,2019-08-02,2019,ta,"[35, 28]",0.8641,3.4,9,Two con women lock horn with a gangster after knowing that a mystic vessel is hidden in his home.,jyothika revathi anandaraj mansooralikhan rajendran,kalyaan,
503356,Viswasam,2019-01-10,2019,ta,"[28, 18]",1.1579,6.3,47,"A village ruffian, who settles disputes in his native, takes on a big shot when he tries to sort out the rough patch in his marriage after several years.",ajithkumar nayanthara thambiramaiah roboshankar jagapatibabu,siva,
561295,Kadaram Kondan,2019-07-19,2019,ta,"[28, 53]",0.739,5.4,21,"Vasu, a doctor, rescues KK, a criminal, from getting murdered in the hospital. However, when Vasu's wife gets kidnapped, he is asked to get KK out in exchange for his wife's safe return.",vikram abihassan aksharahaasan lenaa cherrymardia,rajeshm.selva,mercenary remake home invasion
606157,Raatchasi,2019-07-05,2019,ta,"[53, 18]",0.9881,6.5,13,The headmaster of a government school brings in several changes at her institution despite facing odds from various quarters.,jyothika hareeshperadi poornimabhagyaraj aruldoss muthuraman,sygowthamraj,
496029,Kolaiyuthir Kaalam,2019-08-08,2019,ta,"[80, 53, 27]",1.1103,3.9,9,"The heiress of a multi-millionaire, a hearing and speech impaired young woman, has to fend off a slasher all alone in her palatial estate.",nayanthara prathappothan bhumikachawla rohinihattangadi leenicholasharris,chakritoleti,deaf-mute murder intruder
584795,Devi 2,2019-05-31,2019,ta,"[27, 35]",0.5823,4.2,11,A doting wife goes through a hard time trying to save her husband who is possessed by two spirits.,prabhudeva tamannaahbhatia nanditaswetha kovaisarala dimplehayathi,a.l.vijay,possession
602287,Market Raja MBBS,2019-11-29,2019,ta,"[35, 28]",0.5655,1.5,2,"An arrogant don is possessed by the ghost of a medical college student and turns meek. Now, his accomplices have hide this fact from the outside world and ensure the return of the actual don.",radikaasarathkumar aaravkizar kavyathapar nikeshapatel nassar,saran,possession ghost
617385,Hero,2019-12-18,2019,ta,"[80, 53, 28]",0.9444,6.4,27,A fraudster gets to fulfill his childhood dream of being a superhero when he takes on a ruthless businessman whose business strategy is to crush the dreams of children.,sivakarthikeyan arjunsarja abhaydeol kalyanipriyadarshan ivana,p.s.mithran,masked vigilante
588302,Aghavan,2019-03-15,2019,ta,"[18, 9648]",0.6874,0.0,0,A group of criminals hatch a plan to loot the wealth of a huge temple for their selfish needs.,kishoreravichandran nityashetty chinnijayanth chirashreeanchan hellokandasamy,apgelumalai,
553456,Game Over,2019-06-14,2019,ta,"[53, 9648, 18]",0.9772,6.2,72,"Swapna, a nyctophobic game designer on a turbulent road to recovery from an incident that scarred her deeply, has to fight her inner demons to stay alive in the game called life.",taapseepannu vinodhinivaidyanathan anishkuruvilla sanchananatarajan ramyasubramanian,ashwinsaravanan,post-traumatic stress disorder (ptsd) fight murder time loop psychological thriller
579417,Dhilluku Dhuddu 2,2019-02-07,2019,ta,"[35, 27]",0.7167,4.7,13,A happy-go-lucky guy has to recover his lady love from the ghostly spirit who accompanies her always.,santhanam shrithasivadas rajendran bipin urvashi,rambhala,
659086,Sillu Karuppatti,2019-12-26,2019,ta,"[18, 10749]",0.8204,7.0,19,An anthology of four romantic stories across four age groups connected by that magical thread called love.,samuthirakani sunaina manikandan nivedhithaasathish kravmagasreeram,halithashameem,anthology
599943,Catamaran,2019-04-23,2019,ta,[18],0.6121,0.0,0,"Conservative middle-aged fisherman Singaram cares for his orphaned niece and nephew who he loves deeply. As Singaram works hard to provide for his family, he also tries to arrange a groom for his niece. But she rejects the many suitors he brings, and he soon learns that his niece is in love with her fellow female teacher. Ostracized by his community, Singaram tries to come to terms with his niece being a lesbian and through the process he learns to empathize with the plight of the village barber Alankaram, who is transgender.",preetikaran anushaprabhu mysskin g.r.adithya semmalarannam,swarnaveleswaran,lesbian relationship lgbt
623364,Action,2019-11-15,2019,ta,[28],1.1097,4.9,17,An Indian army officer goes after the mastermind behind a terror attack that also resulted in personal loss to him.,vishalkrishna tamannaahbhatia aishwaryalekshmi yogibabu ramki,sundarc,
577757,Kuthuoosi,2019-01-25,2019,ta,"[28, 18]",0.6482,0.0,0,"A well-educated youngster drops his plans of settling down in the US to develop agriculture in his village, but faces threat from many people.",dhileban amalarose jayabalan yogibabu,sivashakthi,agriculture
586893,Kolaigaran,2019-06-05,2019,ta,"[28, 53, 80, 18]",0.6854,6.3,16,A man is found to be murdered and the investigating officer believes that he was killed by a young woman and her mother. But their neighbour claims that he is the murderer! Who is lying?,vijayantony arjunsarja ashimanarwal seetha nassar,andrewlouis,based on novel or book psychopath murder murder investigation
647650,Pulanaivu,2019-11-14,2019,ta,"[80, 10749, 53]",0.5247,7.0,1,"Aishwarya, a young and beautiful woman who is just starting college, is trying to move on from her previous relationship. So she is not interested when one of her new friends falls for her and tries hard to earn her love and attention. As their love story develops, a murder suddenly occurs.",irfanzaini shalinibalasundaram desmonddass krithigahnair kabilganesan,sathishnatarajan,
612593,Thozhar Venkatesan,2019-07-12,2019,ta,[18],0.5161,6.0,1,"The life of a youngster, who runs a small-scale soda factory, turns topsy-turvy after he meets with a horrific accident. Little does he realise that more troubles are awaiting him.",harishankar monicachinnakotla supergoodsubramani maayisundar,maghasivan,
533885,Kaappaan,2019-09-19,2019,ta,"[28, 53]",0.7719,5.6,36,"A Special Protection Group officer has to identify the threat to the prime minister, who he is protecting, and also the nation.",suriya mohanlal arya sayeshasaigal samuthirakani,k.v.anand,
534963,100,2019-05-10,2019,ta,[28],0.5323,6.7,20,"A young cop, who works in a police control room, tries to solve the mysterious case of a kidnapped girl.",atharvaamurali hansikamotwani yogibabu radharavi saravanan,samanton,kidnapping control room
598017,Gurkha,2019-07-12,2019,ta,[35],1.2456,4.5,6,"The security guard of a mall, who belongs to the Gurkha community, becomes the saviour of several people who have been kept under siege by some terrorists.",yogibabu anandaraj elyssaerhardt charle livingston,samanton,security guard gurkha
608576,Nenjamundu Nermaiyundu Odu Raja,2019-06-14,2019,ta,"[35, 10749]",0.6185,5.0,4,Two ambitious youngsters who make a living through a YouTube channel agree to perform a few tasks for a businessman when the latter offers them huge money.,rioraj vigneshkanth shirinkanchwala nanjilsampath radharavi,karthikvenugopalan,prankster
618205,Thorati,2019-08-01,2019,ta,[18],0.6981,4.0,1,"A care-free shepherd, who befriends three thieves without knowing their past, lands in trouble post his marriage.",shamanmithru sathyakala azhagu muthuraman chellamjeyaseelan,p.marimuthu,
504437,Sarvam Thaala Mayam,2019-02-01,2019,ta,"[10751, 10402, 18]",0.5842,7.0,19,"Peter who tries to find his place in the world of classical Indian music embarks on a journey that helps him evolve personally, spiritually and musically.",g.v.prakashkumar nedumudivenu aparnabalamurali vineethradhakrishnan elangokumaravel,rajivmenon,
595228,Soorarai Pottru,2020-11-12,2020,ta,"[18, 28]",1.6701,7.8,116,"Nedumaaran Rajangam ""Maara"" sets out to make the common man fly and in the process takes on the world's most capital intensive industry and several enemies who stand in his way.",suriya aparnabalamurali pareshrawal mohanbabu urvashi,sudhakongaraprasad,optimistic biographical fiction
594139,Darbar,2020-01-08,2020,ta,"[28, 18, 53]",1.4575,6.0,55,"Aaditya, the commissioner of Mumbai Police, sets out to catch Ajay, a drug peddler. However, he uncovers a deeper controversy linked to an international drug lord and must mete out justice.",rajinikanth nayanthara sunielshetty nivethathomas yogibabu,a.r.murugadoss,
642889,Psycho,2020-01-24,2020,ta,"[53, 18]",1.0923,5.1,30,"Based on the Buddhist tale of Angulimala, a dreaded serial killer, Psycho tells the story of a blind man who gets involved in a murder mystery. trying to save his lover from a psychopath who has kidnapped her.",rajkumarpitchumani aditiraohydari udhayanidhistalin nithyamenen singampuli,mysskin,psycho killer blind man
1446075,Kadhal Ondru Kanden,2020-01-05,2020,ta,"[10749, 35, 18]",0.6699,0.0,0,A Romantic Comedy Short Movie with lots of mixed emotions.,ashwinkumar nakshathranagesh rioraj balasaravanan charle,punith,
631637,Oh My Kadavule,2020-02-13,2020,ta,"[35, 10749]",0.7282,8.0,42,Arjun is conveniently married to his best friend Anu and their marriage turns out to be a nightmare since he is not really in love with her. When things get tough Arjun gets a second chance in life that could change his path and perspective altogether.,ashokselvan ritikasingh vanibhojan shahra m.s.bhaskar,ashwathmarimuthu,second chance married to best friend
505951,Kannum Kannum Kollaiyadithaal,2020-02-28,2020,ta,"[10749, 35, 18]",0.8761,6.8,78,Two wily online scammers mend their fraudulent ways after meeting the girls of their dreams — until a deceitful discovery throws their world for a loop.,dulquersalmaan rituvarma rakshan niranjaniahathian gauthamvasudevmenon,desinghperiyasamy,con artists
639743,Draupathi,2020-02-28,2020,ta,"[28, 18]",0.6903,5.3,5,A man who is accused of killing his wife and her sister on the basis of casteism goes on a rampage to kill those who cheat upper-caste women in the pretense of having a romantic relationship.,richardrishi sheelarajkumar arumugambala jeevaravi karunas,mohang,
759216,Andhaghaaram,2020-11-24,2020,ta,[53],0.7233,7.2,27,"As a blind librarian, dispirited cricketer and desolate psychiatrist each seek retribution and release, their lives overlap under eerie influences.",arjundas vinothkishan poojaramachandran mishaghoshal jeevaravi,v.vignarajan,
613022,Walter,2020-03-12,2020,ta,"[28, 53, 80, 18]",1.0277,4.0,4,"ASP Walter IPS, who plays the titular role as a cop, gets the mandatory, yet routine hero introduction scene when a protest turns violent in Kumbakonam. Later, he takes up the case of a couple who seeks his help to find their newborn baby. Walter suspects foul play when he comes across similar cases, and sets out to investigate the crimes, accompanied by his subordinate Paneerselvam. Meanwhile, the ego clash between Eshwaramoorthi, a leading politician in the town, and Bala, who is considered to be his successor, intensifies. Their ego clash brings Balu's friend Arjun, who is linked to the kids who have gone missing, into the picture. How Walter faces several odds in his attempt to nab a criminal syndicate forms the rest of the story.",sibiraj shirinkanchwala samuthirakani abhishekvinod bavachelladurai,u.anbu,police investigation
1143649,ini,2020-11-06,2020,ta,"[35, 10749]",0.4965,0.0,0,"""ini..."" is a harmony that takes an ample time to settle in a rhythm of its own whereas we the audience are mere witnesses.",abdoollee sana suryabharathiaa,suryabharathiaa,romcom romance slice of life slow burn romance feel good
607138,Dagaalty,2020-01-29,2020,ta,"[35, 28]",0.7158,3.3,3,A conman tries to save an innocent girl from the clutches of a womanizer after realizing that he had fallen in love with her.,santhanam rittikasen yogibabu radharavi santhanabharathi,vijayanand,
586040,Thatrom Thookrom,2020-01-31,2020,ta,[28],0.5152,4.0,1,The story revolves around three smart boys who determines to outwit the villain and make their dream of becoming rich come alive.,teejay nandusuresh sakthivelkalkona cheenumohan kaalivenkat,arulsuriakannu,
640485,Rajavukku Check,2020-01-24,2020,ta,[53],0.4173,0.0,0,"An emotional thriller directed by Sai Rajkumar, starring Cheran and Srushti Dange in the lead roles.",cheran srushtidange sarayumohan nandanavarma irfan,sairajkumar,police investigation sleeping disorder
587211,God Father,2020-02-21,2020,ta,[],0.4979,6.0,4,"Godfather is a Tamil action movie, directed by Jegan Rajshekar. The cast of Godfather includes Natarajan Subramaniam,Lal.",natarajansubramaniam lal ananya ashwanthashokkumar g.marimuthu,jeganrajshekar,
619188,Pattas,2020-01-14,2020,ta,"[28, 35]",0.7878,6.0,18,A petty thief learns about his father's illustrious legacy and decides to attack the man who murdered him in order to bring the ancient martial art form that his father had practiced to limelight.,dhanush sneha mehreenpirzada naveenchandra nassar,r.s.duraisenthilkumar,martial arts
757545,Mookuthi Amman,2020-11-14,2020,ta,"[35, 14]",0.6341,5.6,21,"A TV reporter, who has been gathering evidence to expose a self-styled godman for years, gets help from Goddess Mookuthi Amman. How does he utilise the situation to bring down the godman before the public?",nayanthara rjbalaji urvashi mouli ajayghosh,njsaravanan,religion
535223,Asuraguru,2020-03-13,2020,ta,"[28, 53, 18]",0.6243,3.3,3,A clever thief who gets away easily is being lured into a bigger trap where the police force sets up an attractive bait to capture him for good.,vikramprabhu mahimanambiar yogibabu subbaraju nagineeduvellanki,rajdeep,
612644,Mafia,2020-02-21,2020,ta,"[28, 18]",0.883,5.7,19,A narcotics officer engages in a cat-and-mouse chase to capture a powerful criminal kingpin.,arunvijay priyabhavanishankar prasanna thalaivasalvijay bharathreddy,karthicknaren,drug crime narcotics cop kingpin
864210,Onbathu Kuzhi Sampath,2020-08-14,2020,ta,"[18, 10749]",0.4582,6.0,1,"An angry extrovert hunk falls in love with a introvert village belle, and their love is tested with family pride and honour.",balajimaharaja nikhilavimal appukutty kadhalthandapani surulimanohar,ja.ragupathi,
615911,Ponmagal Vandhal,2020-05-29,2020,ta,"[53, 18]",1.0778,6.3,30,"A resident in Ooty named ‘Petition’ Pethuraj reopens a case from 2004 that involved a serial killer ‘Psycho Jyoti’ who was convicted for the kidnapping and murder. Venba, his daughter and a passionate lawyer, seeks to unveil the truth.",jyothika r.parthiban k.bhagyaraj prathappothan pandiarajan,jjfredrick,court case courtroom
586885,Danny,2020-08-01,2020,ta,"[53, 80]",0.6213,2.0,1,"After the police inspector Kunthavai picks up a complex murder case for investigation, she takes the help of Danny, a smart police dog, to unearth a gang of dangerous criminals involved in serial killing",varalaxmisarathkumar velaramamoorthy vinothkishan anithasampath saravanasakthi,l.c.santhanamoorthy,
680943,Dharala Prabhu,2020-03-13,2020,ta,[35],0.7407,6.8,14,"An energetic youngster Prabhu who is approached by a fertility clinic to donate his sperm and make some quick money, isn't aware of how this decision might affect his future.",harishkalyan vivek tanyahope anupamakumar sachu,krishnamarimuthu,in vitro fertilisation sperm donor fertility clinic
717217,Yaadhumagi Nindraai,2020-06-19,2020,ta,[18],0.5311,0.0,0,"This is based on several true stories that happen in the daily lives of background dancers. This is the first film in Tamil to give an insight into the lives of the background dancers and the dreams and aspirations they cherish. The film follows the story of a young school going girl, forced to take up dancing to make the ends meet for her family. Her dreams and aspirations are simple, but the realities of life is a lot more harsh than what one can imagine. This is a story that travels over 2 decades of the life of one such dancer Thamarai and the various people she meets and travels with. This is a story of hope, it's a story of a young girl, it's a story that has to be experienced to be cherished. It's a story that stays with you for a long time.",gayathriraguram abhishekvinod nivasadithan lathabalakrishnan sindhukrishnan,gayathriraguram,
749032,Putham Pudhu Kaalai,2020-10-16,2020,ta,"[18, 10751]",0.4333,6.4,17,"Putham Pudhu Kaalai brings together 5 of the most celebrated directors in Tamil cinema - Sudha Kongara, Gautham Menon, Suhasini Mani Ratman, Rajiv Menon, and Karthik Subbaraj to create Amazon Prime Video's first Indian anthology film.",jayaram urvashi kalidasjayaram kalyanipriyadarshan preethinedumaran,gauthamvasudevmenon,anthology relationship covid-19
846330,Indha Nilai Maarum,2020-03-06,2020,ta,"[35, 18]",0.4153,0.0,0,"Indha Nilai Maarum (English: This situation will change) is a 2020 Tamil-language thriller film directed by Arunkanth V in his directorial debut. The film features Ashwin Kumar Lakshmikanthan, Ramkumar and Nivedhithaa Sathish in the lead roles.",nivedhithaasathish ashwinkumar ramkumar javasundaresan y.g.mahendran,arunkanth,
668391,Seeru,2020-02-07,2020,ta,"[28, 18]",0.659,4.8,5,A guy from a small-town takes on a ruthless criminal lawyer for his friend and sister(s).,jiiva riyasuman varunkamal navdeep sathish,rathinashiva,
764215,Irandam Kuththu,2020-11-14,2020,ta,"[27, 35]",0.4965,2.0,6,"Two friends who are taken for gays all their lives marry two girls and go to a resort in Bangkok for their honeymoons, where a horny ghost who won't let them in peace until they satisfy it sexually.",santhoshp.jayakumar danielanniepope meenalsahu karishmakaul akrithisingh,santhoshp.jayakumar,
681645,Ettu Thikkum Para,2020-03-06,2020,ta,[18],0.5358,0.0,0,"Ambedkar, a social activist, gets involved in the dark side of the government. As a result, his son and friends are killed. A lower caste individual desires to marry a girl from a higher caste. A woman leaves for Chennai to marry the man of her choice. A man is in need of Rs 20,000 to save his son's life. How these separate stories interact forms the rest of the story.",samuthirakani nithishveera chandhinitamilarasan munishkanth sampathram,keera,
1169820,Kutty Devathai,2020-02-21,2020,ta,[],0.4034,0.0,0,"Kutti Devathai is a Tamil movie released on 21 Feb, 2020. featured Teja Reddy, Vela Ramamoorthy, M. S. Bhaskar and Baby Chavi as lead characters. Other popular actor who was roped in for Kutti Devathai is Vasu Vikram.",m.s.bhaskar velaramamoorthy,k.alexander,
745275,Ka/Pae. Ranasingam,2020-10-02,2020,ta,[18],0.672,7.0,16,"Ariyanchi is married to Ranasigam, who works in Dubai, and the couple has a little daughter. On the day of their daughter's ear piercing ceremony, a shocking news reaches the family.",aishwaryarajesh vijaysethupathi rangarajpandey munishkanth bhavanisre,p.virumandi,
713496,Penguin,2020-06-19,2020,ta,"[53, 9648, 80]",0.4297,5.0,23,"Rhythm, a pregnant woman, is traumatised by nightmares about the unsolved kidnapping of her first child, Ajay. Soon, she embarks on a harrowing mission to solve the mystery of Ajay's disappearance.",keerthysuresh linga madhampattyrangaraj umashankar nithyakriupa,eashvarkarthic,
680988,College Kumar,2020-03-06,2020,ta,"[35, 18]",0.6163,0.0,0,"A father who works as a peon in an office strives to ensure that his son fulfils his dreams. Later, his son falls in love with a girl and starts to rebel against his father.",priyavadlamani rahulvijay prabhu rajendraprasad madhoo,harisantosh,
723152,Cocktail,2020-07-10,2020,ta,[35],0.6411,4.0,1,A group of idol thieves find themselves in a tricky situation involving a priceless Murugan statue and a Cockatiel bird.,yogibabu rashmigopinath mimegopi mithunmaheshwaran sayajishinde,ravijayamurugan,idol theft
768529,Theeviram,2020-11-26,2020,ta,"[18, 53]",0.4057,0.0,0,,amzathkhan arjunchidambaram gokulanand gauthamvasudevmenon sharathravi,michaelmuthu,
750105,En Sangathu Aala Adichavan Evanda,2020-01-03,2020,ta,[18],0.3287,0.0,0,"A comedy film directed by Naveen Manikandan, starring Vikkas, Madhumitha, Ramar and Rahul Thatha in the lead roles.",delhiganesh madhumitha vikas kpyramar nellaisiva,naveenmanikandan,
770996,Dhowlath,2020-11-27,2020,ta,[28],0.3179,0.0,0,"A drama film directed by Sakthi Sivan, starring Reshmi Gautham and Sakthi Sivan in the lead roles.",rashmigautham yogibabu saktheesivan,saktheesivan,
764135,Biskoth,2020-11-14,2020,ta,"[35, 10749]",0.4533,4.6,5,"The son of a biscuit maker grows up as a worker in the company that his dead father founded. One say, a guardian angel walks into his life, and tells him stories that change his life for the better.",santhanam taraalishaberry anandaraj rajendran swathimuppala,r.kannan,
770995,Yen Peyar Anandhan,2020-11-27,2020,ta,"[18, 53]",0.2257,5.0,1,A short-filmmaker who is about to begin the shoot of his debut feature film gets kidnapped. What do the kidnappers want?,athulyaravi santhoshprathap deepakparamesh aravindrajagopal arun,sridharvenkatesan,
617251,Vaanam Kottatum,2020-02-07,2020,ta,"[18, 10751]",0.4348,6.4,7,"A simple father's life whose one mistake breaks him away from his dear family. Even after many years, when he finally meets his family, the same mistake haunts him back in a different form.",vikramprabhu madonnasebastian aishwaryarajesh shanthanubhagyaraj r.sarathkumar,dhana,
618151,Taana,2020-01-24,2020,ta,"[35, 27, 18]",0.2992,5.7,3,"Revolves around a family, in a village, where cops are regarded as kaaval deivam similar to Aiyanaar and Karuppan and most of the members of which have been in the police force for decades. All, except for One person, who vows to make his son a cop one day, despite troubles from supernatural forces..",vaibhav nanditaswetha yogibabu pandiarajan hareeshperadi,yuvarajsubramani,supernatural
921711,Tamil Rockers,2021-12-31,2021,ta,"[35, 53]",4.107,4.0,2,4 Major characters running for the Money facing more challenges by forgetting the fact that it's not the decision of money to reach human.,premjiamaran meenakshidixit vtvganesh s.p.b.charan devadarshini,baranijayapal,
587186,Teddy,2021-03-12,2021,ta,"[28, 53, 14, 12]",2.3101,6.7,19,"Srividya had a minor accident and was taken to a hospital. But while getting treated, she is instead kidnapped with the help of the hospital staff.  While her kidnappers keep her in a medically induced coma, she has an out-of-body experience, where she gets into the body of a teddy bear.  Shiva, who has a photographic memory, remembers everything in his life. Shiva completed many master's degrees and a PhD in no time with this capability. While Shiva saves a teenager from local goons on a public train, the teddy watches him and decided to get help from him.  Teddy (as Sri's soul) seeks Shiva who helps find her kidnapped body, which they find in Azerbaijan. What happens to Sri and how Shiva defeats the mastermind behind this forms the crux of the story.",arya sayeshasaigal sakshiagarwal sathish karunakaran,shaktisoundarrajan,teddy bear
796011,Sarpatta Parambarai,2021-07-22,2021,ta,"[36, 28, 18]",2.9132,7.6,45,"When Sarpatta Parambarai is challenged to a do-or-die match, Kabilan, a young labourer, must choose whether to put on the gloves himself and lead his clan to victory, or be dissuaded by his disapproving mother and dangerous politics.",arya pasupathy kalaiyarasan johnvijay johnkokken,pa.ranjith,boxing north chennai
912471,Maaligai,2021-10-29,2021,ta,"[28, 18, 53]",1.4518,0.0,0,"ACP Shanti, an honest police officer, is given the responsibility of investigating the mysterious deaths at a palace in Kanchipuram. But when she gets there, the situation turns from bad to worse.",mohammadali andreajeremiah j.karthik meerakrishnan manobala,dilsathya,
626392,Master,2021-01-13,2021,ta,"[28, 53, 80]",1.8478,6.6,115,"An alcoholic professor is sent to a juvenile school, where he clashes with a gangster, who uses the children of the school for criminal activities.",vijay vijaysethupathi arjundas malavikamohanan andreajeremiah,lokeshkanagaraj,alcoholic teacher
773288,Kamali from Nadukkaveri,2021-02-19,2021,ta,"[18, 10749]",1.3141,6.6,7,"Kamali is a happy-go-lucky girl from a small town. She is a weak student who is hardly interested in studies when she falls in love with a studious boy in Chennai who aspires to make it to IIT Madras. She decides to take her studies seriously and convinces her father to go for higher studies. With the help of a retired professor in her village, she starts preparing for exams to join IIT Madras if only to meet her love.",anandhi rohitsaraf n.azhagamperumal prathappothan rekhasuresh,rajasekarduraisamy,
855400,Jai Bhim,2021-11-02,2021,ta,"[80, 18, 9648, 36]",1.8422,7.3,222,"A pregnant woman from a primitive tribal community, searches desperately for her husband, who is missing from police custody. So as to find her husband and seek justice for them, as their voice, a High Court advocate rises in support. Will their battle for justice succeed?",suriya lijomoljose babyjoshikamaya manikandan rajishavijayan,t.j.gnanavel,lawyer tribal ambiguous familiar
752961,Annaatthe,2021-11-04,2021,ta,"[28, 10751, 18]",2.1181,4.9,24,"Kaaliyan is a village president in the Madurai district, who is fondly called Annaatthe. His nieces compete with each other to marry him. But, he falls in love with another woman who visits their village. Kaaliyan has a sister who gets married and shifts to Kolkata where she faces some unknown threats. Soon, her brother comes to her aid.",rajinikanth keerthysuresh jagapatibabu soori nayanthara,siva,
786538,Pulikkuthi Pandi,2021-01-15,2021,ta,"[28, 10749]",1.7102,4.5,2,"A ruthless youngster becomes a kind and humble husband for his wife but as fate turns brutal, his patience is tested.",vikramprabhu lakshmimenon samuthirakani singampuli r.k.suresh,m.muthaiah,
656113,Jagame Thandhiram,2021-06-18,2021,ta,"[80, 18]",1.1843,5.6,54,"When a clever, carefree gangster is recruited to help an overseas crime lord take down a rival, he is caught off guard by the moral dilemmas that follow.",dhanush jamescosmo jojugeorge kalaiyarasan aishwaryalekshmi,karthiksubbaraj,immigrant gangster xenophobia
590399,Thalaivii,2021-09-10,2021,ta,[18],1.2831,4.9,17,"The biopic charts the life of actor-turned-chief minister J. Jayalalitha and the relationship paving her rapid yet complicated path to power, who served five terms as the Chief Minister for the Indian state of Tamil Nadu.",kanganaranaut arvindswamy nassar bharathikannan bhagyashree,a.l.vijay,politician biography
792334,Sulthan,2021-04-02,2021,ta,"[28, 53, 10749]",1.7839,5.5,21,"A man raised by gangsters tries to reform them, and a hired job to protect a village presents him with the perfect opportunity.",karthi rashmikamandanna ramachandraraju nawabshah lal,bhagyarajkannan,
673692,Doctor,2021-10-09,2021,ta,"[53, 35, 28]",1.0377,6.3,52,An army doctor helps his love interest's family to find their kidnapped daughter.,sivakarthikeyan vinayrai priyankaarulmohan yogibabu archanachandhoke,nelsondilipkumar,kidnapping human trafficking nerd dark comedy
833401,Malaysia to Amnesia,2021-05-28,2021,ta,[35],0.8184,2.5,4,"Malaysia To Amnesia revolves around two childhood friends who plan to get married. However, they face complications as they are unable to cope with married life.",vaibhav vanibhojan m.s.bhaskar riyasuman sachu,radhamohan,
884000,Oh Manapenne!,2021-10-22,2021,ta,"[18, 10749, 35]",0.8993,6.1,5,A wannabe businesswoman and a happy-go-lucky guy meet each other during an arranged marriage blind date but eventually team up to start a food truck on their own.,harishkalyan priyabhavanishankar anbuthasan venuarvind abishekkumar,kaarthikksundar,
800613,Sangathalaivan,2021-02-26,2021,ta,[18],0.772,4.0,1,A socialist takes on a ruthless factory owner after the latter murders his former employee.,samuthirakani ramyasubramanian karunas sunulakshmi g.marimuthu,manimaran,
680652,Karnan,2021-04-09,2021,ta,"[18, 28]",0.9509,7.3,65,"Karnan, an angry young man, fights for the rights of his oppressed people. Can he save them from those who wield power and weapons?",dhanush rajishavijayan natarajansubramaniam lal yogibabu,mariselvaraj,based on true story intimidation by police
798803,Enemy,2021-11-04,2021,ta,"[28, 53]",1.247,5.9,12,"Two childhood friends end up on opposite extremes of morality, and face each other in a good vs evil war.",vishalkrishna arya prakashraj mamtamohandas mirnaliniravi,anandshankar,
751858,Maara,2021-01-08,2021,ta,[18],0.8521,6.7,28,"When Paaru sees a fairy tale she heard from from a stranger as a child painted across the walls of a costal town, she goes in search of the man who painted it - Maara.",r.madhavan shraddhasrinath sshivadanair mouli alexanderbabu,dhilipkumar,remake
778660,Pebbles,2021-02-04,2021,ta,[18],1.1324,6.2,16,"A young boy follows his violent and alcoholic father on a quest to find his mother, who has run away from his abuse.",chellapandi karuththadaiyaan,p.s.vinothraj,
1144625,Pallavi Bakery,2021-11-05,2021,ta,"[18, 10749, 35]",0.6149,8.0,1,"Pallavi is an independent woman who had struggling childhood and after so much of struggle she owned a Bakery (Pallavi Bakery) Adithya, a spoiled brat requested to work as her waiter in the bakery since he is not good in cooking. Eventually, both started to fall in love. Things goes well until Parvathi came into their life. Parvathi tries to manipulate Pallavi to get her secret recipe. She also creates a lot of misunderstanding between the people who is very attached with Pallavi. Will Parvathy get the secret recipe from Pallavi? How will Pallavi knows the truth? Will Pallavi and Adithya gets together?",irfanzaini shalinibalasundaram vemannaappannah,sathishnatarajan,bakery
1010608,Thai Nilam,2021-06-21,2021,ta,"[10751, 18, 10752]",0.7482,0.0,0,A father and his daughter came to India as refugees post-war in their country. Few good hands help them to rebuild their lifestyle.,amarramachandran balasingh nehaamar nimishanambiar,abilash.g.devan,daughter life and death refugee village father rebuilding sri lanka love india war injury
636901,Rocky,2021-12-23,2021,ta,"[80, 28, 18]",1.018,6.7,11,A gangster who is released from prison goes in search of his sister only to find his violent past tagging along and threatening to derail his attempt to lead a normal life.,vasanthravi bharathiraja raveenaravi rohini ravivenkatraman,arunmatheswaran,violent death non linear
806067,Mandela,2021-04-05,2021,ta,"[35, 18]",0.7572,7.1,29,An underprivileged hairdresser becomes the game changer in a local body election in a village where caste politics rules the roost. Will he be able to bring some changes to people's lives?,yogibabu g.m.sundar kannaravi sangilimurugan sheelarajkumar,madonneashwin,political satire political humor
873696,Kodiyil Oruvan,2021-09-17,2021,ta,"[28, 18]",0.8466,4.8,4,"An IAS aspirant, who lands in Chennai to fulfill his mother's wish, gets into trouble with a local councillor and his men, leading to a power struggle.",vijayantony aathmika ramachandraraju supersubbarayan sachinkhedekar,anandakrishnan,
855566,Thittam Irandu,2021-07-30,2021,ta,"[53, 9648, 80]",0.6329,5.9,16,"Athira, a 25-year-old cop gets to investigate her best friend's missing case. The case turns out to be very mysterious when she suspects that her accident has been staged and that she has been murdered. After digging deep into the case, she gets to know shocking revelations about her and now she has to make some life-changing decisions.",aishwaryarajesh gokulanand jeevaravi ananyaramaprasad pavelnavageethan,vigneshkarthick,
644468,Bhoomi,2021-01-14,2021,ta,[18],1.1412,4.4,17,"Bhoominathan, a NASA scientist, returns to his drought-affected village in Tamil Nadu and decides to fight against the evil corporates and corrupt politicians responsible for the plight of his people.",ravimohan nidhhiagerwal ronitroy saranyaponvannan radharavi,lakshman,agriculture farmer
808868,Namma Oorukku Ennathan Achu,2021-03-19,2021,ta,"[53, 10749]",0.5831,0.0,0,"A mysterious death happens on the auspicious village festival day and after that, the occult starts to happen in village. Young girls go missing and the suicides become a saga. A native youth takes up the task of  finding the cause of mysteries.",mahendran miyasree sundarrajan sivakumar appukutty,nalsenthilkumar,investigation occult
617364,Vellai Yaanai,2021-07-11,2021,ta,[18],0.9191,6.0,1,"Vellai is a farmer from an economically self-sufficient village. But when he and the villagers take a bank's crop loan, they get caught in debt due to drought and low prices for crops. So few desperate farmers migrate to the city in search of a job. Can they pay off their debt? Or will they give up farming?",samuthirakani athmeeyarajan yogibabu s.s.stanley bavachelladurai,subramaniamsiva,farmers exploitation
864403,Annabelle Sethupathi,2021-09-17,2021,ta,"[27, 35, 14]",0.994,4.3,12,"A scary journey begins when a small-time thief, Rudra, enters a haunted castle and gets pulled into the mystery of its mistress — Annabelle Sethupathi.",vijaysethupathi taapseepannu jagapatibabu rajendraprasad radikaasarathkumar,deepaksundarrajan,
875524,Rudra Thandavam,2021-10-01,2021,ta,"[28, 18]",0.703,3.0,1,"Rudran, a fearless cop who battles against drug mafia, gets trapped in a PCR (Protection of Civil Rights) case, unfortunately. Will he prove himself innocent?",richardrishi dharshagupta gauthamvasudevmenon radharavi thambiramaiah,mohang,
861818,Boomika,2021-08-20,2021,ta,"[9648, 53, 27]",0.9405,5.4,17,"Samyuktha's husband Gautham acquires a contract to build a township villa in an abandoned forest area. Gautham takes the help of his close friend Gayathri, an architect, to plan the construction. Gautham, Samyuktha, Gayathri, Aditi visit the guest house in the forest area to plan the construction. However, they start to experience several paranormal activities in the guest house which leaves them shocked and terrified.",aishwaryarajesh avantika vidhu pavelnavageethan madhurijain,r.rathindranprasad,
536591,Pon Manickavel,2021-11-19,2021,ta,"[28, 53]",0.5314,4.0,1,A cop tasked with investigating the murder of a judge finds out that a businessman might be the key to cracking the case.,prabhudeva nivethapethuraj j.mahendran sureshchandramenon prabhakar,a.c.mugil,cop murder investigation idol theft
1433240,Pazhagiya Naatkal,2021-02-19,2021,ta,[18],0.5211,0.0,0,"The story revolves around a teenage romance between students, which their respective parents dismiss as a crush. Then, in a twist of events, the girl achieves her dream of becoming a doctor. The boy was a loser. They meet again after many years. The boy turned his failure into success without knowing that the same girl helped him succeed in his career.",srinathalnath meeran nellaisiva,ramdev,
858073,Aranmanai 3,2021-10-14,2021,ta,"[35, 27, 18]",0.7908,3.5,14,"The ghost of a wronged mother tries to take revenge on a Zamindar and his daughter, but one man stands in its way!",arya raashiikhanna andreajeremiah sundarc vivek,sundarc,
898558,Murungakkai Chips,2021-12-10,2021,ta,"[10751, 35, 10749]",0.7692,3.5,2,"On their first night, a newly-wedded couple are forced to act with an agenda - while the guy has to remain celibate, the girl has ensure that they consummate the marriage. Who wins in the end?",shanthanubhagyaraj athulyaravi k.bhagyaraj urvashi manobala,srijar,
614621,Jail,2021-12-09,2021,ta,[18],0.6103,3.0,2,Three youngsters in a resettlement colony that houses people displaced from their neighbourhood because of gentrification try to chart out a life for themselves.,g.v.prakashkumar abarnathi radikaasarathkumar nandhanram tamizh,vasanthabalan,
616448,Vaazhl,2021-07-16,2021,ta,[18],0.6822,5.8,8,Follows the journey of one man on the path of his self-discovery that would traverse landscapes outside and layers deep within.,pradeepanthony tjbhanu divadhawan aahrav nithya,arunprabupurushothaman,self-discovery road trip
786572,MGR Magan,2021-11-04,2021,ta,"[10751, 18, 35]",0.6651,2.7,3,The Normal life of a villager turns living hell when he starts to realizes that is family keeps boundaries to it's members and also discovers that his village is in danger by a man who tries to destroy a mountain in the village.,m.sasikumar mirnaliniravi sathyaraj samuthirakani saranyaponvannan,ponram,
535156,Maanaadu,2021-11-24,2021,ta,"[53, 28, 878]",0.834,6.9,46,"A Muslim man, who is stuck in a time loop, has to stop a political rally from taking place in order to save the state's chief minister and prevent religious violence.",silambarasan s.j.suryah kalyanipriyadarshan anjenakirti aravindakash,venkatprabhu,time loop political thriller
800383,Beast,2022-04-12,2022,ta,"[28, 12, 53]",2.375,5.4,80,"A former RAW officer, who is among the hostages in a mall taken over by terrorists, has to foil their plans and prevent the government from releasing a dreaded terrorist, who he had helped put in prison at great personal cost.",vijay poojahegde selvaraghavan shinetomchacko yogibabu,nelsondilipkumar,hijacking heist soldier mall raw agent
743563,Vikram,2022-06-02,2022,ta,"[28, 80, 53]",2.2274,7.6,157,"Amar is assigned to investigate a case of serial killings. When Amar investigates the case, he realizes it is not what it seems to be and following down this path will lead to nothing but war between everyone involved.",kamalhaasan fahadhfaasil vijaysethupathi narain chembanvinodjose,lokeshkanagaraj,entertainer shootout investigator action hero action thriller crime organization amused appreciative enthusiastic lokesh cinematic universe (lcu)
972646,O2,2022-06-17,2022,ta,[53],1.5371,4.4,7,A mother fights to protect her son and his oxygen cylinder as they get stuck in a tunnel with other passengers and the oxygen level depleting,nayanthara rithvik lenaa aadukalammurugadoss r.n.r.manohar,gsviknesh,
660046,Ponniyin Selvan: Part I,2022-09-30,2022,ta,"[28, 12, 36]",1.8198,7.1,90,"The Chola kingdom is under threat from forces both internal and external, and with crown prince Aaditha Karikalan, his younger brother Arunmozhi Varman and the emperor, Sundara Cholar separated by situations, it is up to a messenger to ensure the safety of the kingdom. Can he succeed in his mission, especially with Karikalan's former girlfriend, Nandhini, plotting to bring down the entire Chola empire?",vikram aishwaryaraibachchan ravimohan karthi trishakrishnan,maniratnam,based on novel or book heir to the throne historical fiction journey history of india 10th century indian empire
858080,Sardar,2022-10-21,2022,ta,"[53, 28]",1.3186,7.0,23,An espionage agent who is branded a traitor returns from exile to take down a dubious water project and safeguard the country.,karthi raashiikhanna rajishavijayan laila chunkypanday,p.s.mithran,spy thriller
899712,Connect,2022-12-22,2022,ta,"[27, 53]",1.4846,7.5,4,The announcement of a nation-wide lock-down due to the spread of COVID-19 pandemic disrupts the peace of a family. What follows is a series of bizarre events as one of them tries to invite the spirit of a family member.,nayanthara haniyanafisa sathyaraj anupamkher vinayrai,ashwinsaravanan,
931853,Agent Kannayiram,2022-11-25,2022,ta,"[80, 53, 35]",1.2309,6.5,2,"A struggling private detective is drawn towards a mystery around unidentified dead bodies turning up near railway tracks, and soon the case becomes significant both at the professional and personal levels.",santhanam riyasuman pugazh sruthihariharan munishkanth,manojbeedha,amateur detective remake
858067,Thiruchitrambalam,2022-08-18,2022,ta,"[10749, 18, 35]",1.1159,7.3,54,A guy-next-door tries to find romance in his life while also dealing with his personal problems. How long will it be before he realises what he is looking for is right next to him?,dhanush nithyamenen bharathiraja prakashraj raashiikhanna,mithranjawahar,
888319,Kanam,2022-09-09,2022,ta,"[18, 14, 878]",1.0977,7.2,10,"A struggling young musician, along with his two friends, with the help of a quantum physicist goes back in time to prevent the death of his mother. What happens next?",sharwanand amalaakkineni priyadarshipullikonda vennelakishore rameshthilak,shreekarthick,time travel
804337,Mahaan,2022-02-10,2022,ta,"[80, 28, 18]",0.9634,6.8,44,"A man's family leaves him when he strays from the path of ideological living in his search for personal freedom. However, as he realizes his ambitions, he also misses the presence of his son in his life. Having fulfilled his dream of becoming a billionaire, does life give him a second chance to be a father?",vikram dhruvvikram bobbysimha simran sananth,karthiksubbaraj,
607145,Rocketry: The Nambi Effect,2022-07-01,2022,ta,"[18, 36]",0.9685,7.6,55,"The story of the great Indian rocket scientist, Shri Nambi Narayanan's life, a true patriot, who was turned into a villain in the blink of an eye after being falsely accused of treason.",r.madhavan simran mishaghoshal jagan dineshprabhakar,r.madhavan,based on true story
882397,Naai Sekar Returns,2022-12-09,2022,ta,[35],0.9774,7.1,56,"Naai Sekar, who decides to make money by kidnapping dogs, learns about his pet dog which was taken away from their family during his childhood. Can he rescue his dog, which is considered as a lucky charm?",vadivelu raoramesh anandaraj munishkanth redinkingsley,suraj,
640484,Valimai,2022-02-24,2022,ta,"[28, 80, 53]",1.2544,5.5,34,"A honest cop tries to track down the brain behind a series of robberies and murders, but things turn personal when his family become pawns in the criminal's game.",ajithkumar humaqureshi kartikeyagummakonda gurbanijudge sumithra,h.vinoth,
1032627,Love Today,2022-11-04,2022,ta,"[35, 10749]",1.0345,7.0,48,A young couple is made to exchange their phones for a day. What follows is a hilarious and emotional sequence of events that puts their lives in misery.,pradeepranganathan ivana akshayaudhayakumar raveenaravi radikaasarathkumar,pradeepranganathan,
961223,The Legend,2022-07-28,2022,ta,"[35, 10749, 28]",1.3525,2.6,8,"A scientist is spurred by the death of his friend to find a cure for diabetes, but can he take on the might of the pharma mafia and succeed in his mission?",arulsaravanan urvashirautela geethikatiwary vivek nassar,josephd.sami,
895033,Don,2022-05-12,2022,ta,"[35, 10749]",1.1919,6.0,34,A youngster who is still figuring out what his passion is gets into an engineering college where he clashes with a disciplinarian faculty.,sivakarthikeyan priyankaarulmohan s.j.suryah samuthirakani soori,cibichakaravarthi,
793032,Cobra,2022-08-31,2022,ta,"[28, 53]",1.2488,5.8,25,"A genius mathematician doubles up as a hit man, assassinating people opposing a ruthless corporate behemoth. While he manages to stay ahead of the Interpol and the psychotic head of the corporation, who are after him, can he evade the mysterious hacker who is keen to unmask him?",vikram srinidhishetty irfanpathan k.s.ravikumar roshanmathew,r.ajaygnanamuthu,twins in crime
899746,Visithiran,2022-05-06,2022,ta,"[80, 53]",0.8808,7.5,2,"Following the death of his ex-wife, a retired police officer, who is known for his investigative prowess, unexpectedly gets pulled into a criminal case involving organ harvesting.",r.k.suresh poorna madhushalini bagavathiperumal g.marimuthu,padmakumarm,remake organ trafficking
927602,Veetla Vishesham,2022-06-17,2022,ta,"[18, 35]",0.8941,7.0,6,"While Elango struggles to accept the news of his middle-aged mother's pregnancy, the situation jeopardises his relationship with his girlfriend, Sowmya, and his parents face social ridicule.",urvashi sathyaraj rjbalaji aparnabalamurali kpaclalitha,njsaravanan,remake
806920,DSP,2022-12-02,2022,ta,"[28, 18]",1.1887,6.2,63,"A flower seller's son ends up in a tussle with a ruthless rowdy in Dindigul, forcing him to become a policeman and fight the odds.",vijaysethupathi anukreethyvas prabhakar pugazh ilavarasu,ponram,
533660,Kaatteri,2022-08-05,2022,ta,"[35, 27]",0.8626,3.3,9,"To escape the wrath of the gangster whom they work for, a gang of treasure-seeking, bumbling criminals go to a hillside village, which, they don't realise is a ghost town, literally!",vaibhav varalaxmisarathkumar sonambajwa aathmika manalirathod,deekay,
959163,Gatta Kusthi,2022-12-02,2022,ta,"[35, 18, 10751]",0.8739,5.8,27,"Veera, a misguided man who wants a timid, not-so-learned and subservient wife with long hair, unknowingly ends up getting married to Keerthi, an intrepid wrestler who is also more educated than him and has cropped hair. For how long can Keerthi maintain the charade and what happens when Veera comes to know the truth?",aishwaryalekshmi vishnuvishal karunas munishkanth kaalivenkat,chellaayyavu,
800623,Vendhu Thanindhathu Kaadu,2022-09-15,2022,ta,"[18, 53, 80]",1.0571,6.4,17,A youngster from Tamil Nadu goes to Bombay in search of a better life and gets sucked into the underworld. Will he be able to find a way out of the violence and bloodshed?,silambarasan siddhiidnani neerajmadhav radikaasarathkumar siddique,gauthamvasudevmenon,
870769,Viruman,2022-08-12,2022,ta,"[28, 10751]",1.1135,5.5,13,"An intrepid and good-hearted son fights to make his arrogant father pay the price for his sins, which includes his mother's death, and save his brothers from the man's grip.",karthi aditishankar rajkiran prakashraj soori,m.muthaiah,
922690,Prince,2022-10-21,2022,ta,"[35, 10749]",0.7605,4.1,16,"A happy-go-lucky teacher finds himself falling in love with a British woman who is teaching English at the same school. He tries to woo her, but given that his grandfather was a freedom fighter, can he convince his father of the match?",sivakarthikeyan mariaryaboshapka sathyaraj premjiamaran saathvik,anudeep,prince british girl prince 2022 siva karthikeyan
1006463,Cadaver,2022-08-12,2022,ta,"[80, 53, 9648]",0.828,6.1,9,A pathologist and a police commissioner try to solve a series of murders involving a prisoner. Their journey leads to shocking revelations!,amalapaul riythvika thrigun munishkanth harishuthaman,anoopspanicker,
803736,Hey! Sinamika,2022-03-03,2022,ta,"[18, 10749]",1.1882,5.8,25,A wife who feels suffocated by her husband's incessant attention hires a psychologist to make him fall in love with her so that she can separate from him.,dulquersalmaan aditiraohydari kajalaggarwal nakshathranagesh yogibabu,brindagopal,romance scientist relationship drama
937331,Koorman,2022-02-11,2022,ta,"[53, 18, 80]",0.837,8.0,1,A former cop with mind-reading skills gets involved in a case involving rape and murder. Can he crack it while keeping a lid on the ghosts of his own past?,rajajimanickam jananiiyer balasaravanan aadukalamnaren gauthamvasudevmenon,bryanbijugeorge,
613703,Kadaisi Vivasayi,2022-02-11,2022,ta,[18],0.9868,8.6,22,"Maayandi, the only farmer in a village that has abandoned farming, is charged with a petty case that leads to his imprisonment.",nallandi vijaysethupathi yogibabu muniswaran kaalaipandiyan,m.manikandan,farmers exploitation
916472,Trigger,2022-09-23,2022,ta,"[28, 18]",0.6286,4.8,4,"An undercover cop has to stop the mastermind behind a child kidnapping racket, which will also lead to the redemption of his Azheimer's-affected father, a former policeman.",atharvaamurali tanyaravichandran c.arunpandian seetha krishnakumarramakumar,samanton,
899705,Captain,2022-09-08,2022,ta,"[28, 14, 878, 18]",1.0921,4.8,8,"A team of soldiers, led by a brave army captain, takes up a dangerous mission to go into a restricted forest area and uncover the mystery behind the unexplainable deaths of previous teams that had visited the site.",arya aishwaryalekshmi simran gokulnath kavyashetty,shaktisoundarrajan,
1041580,The Elephant Whisperers,2022-12-07,2022,ta,[99],1.4491,7.3,136,"Bomman and Bellie, a couple in south India, devote their lives to caring for an orphaned baby elephant named Raghu, forging a family like no other.",bomman bellie,kartikigonsalves,
980116,Vaaitha,2022-05-27,2022,ta,"[18, 80]",0.9425,8.0,1,"A poor Laundry worker gets injured in a road accident and finds himself struggling for justice. He and his family suffers, due to conflicts among two different caste groups.",nassar muramaswamy powlenjessica muthuazhagarsamy reginrose,mahivarman.cs,
1001272,Ward-126,2022-07-22,2022,ta,"[53, 80]",0.6225,5.5,2,The investigation over an IT professional's death faces twists and turns as truths about the victim start coming out and he is found to have had multiple marital relationships.,michaelthangadurai jishnumenon selvakumarchellapandiyan shrithasivadas sonugowda,selvakumarchellapandiyan,
1054334,Sembi,2022-12-30,2022,ta,"[18, 53]",0.7323,7.1,6,"Ten-year-old Sembi and her grandmother Veerayi, an apiarist, live peacefully amidst nature in the hilly regions of Kodaikanal. They lead a beautiful life until three influential miscreants shatter all their dreams. After a tragedy the two escape and board a bus, whose Passengers from different walks of life try to help bringing justice to the duo.",kovaisarala ashwinkumar thambiramaiah g.gnanasambandam pazhakaruppaiah,prabhusolomon,
974466,Anel Meley Pani Thuli,2022-11-18,2022,ta,"[18, 53]",0.6714,9.0,1,"After being sexually assaulted, a woman realises that the perpetrators are people in power. Battling mental agony, she is now forced to fight social stigma.",andreajeremiah aadhavkannadasan n.azhagamperumal ilavarasu anupamakumar,rkaiseranand,
926172,Varalaru Mukkiyam,2022-12-09,2022,ta,"[10749, 35]",0.6661,4.5,2,"Karthik is an aspiring YouTuber, who wants to be famous and his friend Adaikalam aspires to be a politician. Karthik falls in love with Yamuna, his new Malayali neighbour but Jamuna, sister of his love interest falls in love with Karthik.",jiiva kashmirapardesi pragyanagra vtvganesh k.s.ravikumar,santhoshrajan,wastrel
922805,Yenni Thuniga,2022-08-04,2022,ta,"[28, 53]",0.6222,7.0,2,"A young man goes after a gang that had shot his fiancée while robbing a jewellery store, where a minister has stashed some valuable diamonds that actually belong to a gangster in the US.",jaisampath athulyaravi sunil vamsikrishna vidhyapradeep,s.k.vettriselvan,
618907,Raangi,2022-12-30,2022,ta,"[28, 53]",0.7359,3.1,8,"Thaiyal Nayagi, a journalist from Chennai, happens to connect with a terrorist in Tunisia through a fake account in the name of her 16-year-old cousin, Sushmitha. Little she knew that this would put herself and her cousin in danger.",trishakrishnan anaswararajan gopikannadasan lizzieantony waqarkhan,m.saravanan,
894074,Poikkal Kuthirai,2022-08-05,2022,ta,"[80, 53]",0.6623,6.0,1,"For Kathiravan, who lost his left leg in an accident,his 8-year-old daughter is his world. She is diagnosed with a congenital heart problem and 7 Million INR is needed to save his daughter. Unable to raise such a huge amount, he plans to kidnap businessman Rudra's daughter.  Instead Kathir becomes embroiled in his own kidnapping plot.",prabhudeva raizawilson varalaxmisarathkumar prakashraj babyaazhiya,santhoshp.jayakumar,
1040160,D3,2023-03-17,2023,ta,"[80, 53]",1.1079,0.0,0,"Vikram, an inspector from Kutralam, stumbles upon a string of bizarre accidents that all seem to follow a strange pattern. But as he digs deeper, he uncovers a medical crime that sends shockwaves through the place.",prajinpadmanabhan vidhyapradeep charle rahulmadhav mathewvarghese,balaaji,
883719,Echo,2023-07-21,2023,ta,"[53, 27]",1.0389,0.0,0,"Prakash's troubled marriage is plagued by a paranormal presence. Seeking help from a black magician, he uncovers a dark family secret. Things get interesting when the spirit's true identity and resolution unravels.",srikanth vidhyapradeep poojajhaveri ashishvidhyarthi kaalivenkat,nawinghanesh,psychological thriller
1032553,Farhana,2023-05-12,2023,ta,"[18, 53]",2.2959,5.4,5,"Farhana, a devout Muslim woman and mother in a middle class family, with her family's consent, takes a call center job . Although the job gives Farhana freedom, it also leads her into a web of danger, when an individual who captivates her with his approach.",aishwaryarajesh jithanramesh selvaraghavan kitty anumol,nelsonvenkatesan,call center
949229,Leo,2023-10-18,2023,ta,"[28, 80, 53]",3.0805,6.9,121,"Parthiban, a cafe owner, lives with his family in Himachal Pradesh. Things take an absurd turn for him when he gets in the way of a drug cartel.",vijay sanjaydutt arjunsarja trishakrishnan gauthamvasudevmenon,lokeshkanagaraj,leo vijay beast suspenseful excited exhilarated lcu thalapathy vijay vijay leo lokesh cinematic universe (lcu)
965979,Dada,2023-02-10,2023,ta,"[18, 35, 10749]",2.4069,7.2,18,"Manikandan and Sindhu, final year college students, become parents accidentally. Situations separate them, forcing Manikandan to raise his child, Adhithya, as a single parent. What follows is a beautiful tale of a father and son and their journey against all odds.",kavinraj aparnadas harishkumar pradeepanthony arvindezhilarasan,ganeshk.babu,
937020,Jailer,2023-08-10,2023,ta,"[28, 80, 53, 35, 12]",1.8643,6.6,107,"Muthuvel Pandian, a retired, stern yet compassionate jailer lives a peaceful life with his family, but trouble knocks his door when his cop son’s tryst with an antique mafia gang goes awry and forces Muthu to step back into a dark world he had voluntarily took a break from.",rajinikanth vinayakan vasanthravi yogibabu ramyakrishnan,nelsondilipkumar,idol theft retired cop
918864,Vaathi,2023-02-16,2023,ta,"[18, 28]",1.475,6.8,28,An assistant maths teacher takes up a tedious task of transforming underprivileged students despite the politics around education in the 90s.,dhanush samyuktha saikumar samuthirakani tanikellabharani,venkyatluri,model student teacher high school student teacher student relationship teachers and students
858082,Ponniyin Selvan: Part II,2023-04-28,2023,ta,"[28, 12, 36, 18]",1.4608,6.2,61,"968 AD. The Pandyan assassins gather once again to destroy the Chola dynasty. Now the mighty Chola princes must fight the Pandyas, the Rashtrakutas and other Chola enemies who have joined forces. Also, at play are the rumours of Ponniyin Selvan’s death at sea, the powerful Pazhuvettarayar’s betrayal, and the tragic destiny of Aditha Karikalan, whose heart was long lost to the vengeful Nandini.",vikram aishwaryaraibachchan ravimohan karthi trishakrishnan,maniratnam,based on novel or book heir to the throne historical fiction 10th century
835017,Varisu,2023-01-11,2023,ta,"[28, 12]",1.7171,5.0,60,"Vijay, The prodigal son of business tycoon Rajendran agrees to take over the reins of the business, much to the chagrin of his brothers. But can Vijay prove himself to be a worthy varisu and also reunite his now-broken family?",vijay r.sarathkumar jayasudha srikanth shaam,vamshipaidipally,
1167842,Rangoli,2023-09-01,2023,ta,"[10751, 18, 10749]",1.1177,7.0,0,A School Boy Frequently Overcomes Uncertain Issues. Later Realize His Family Struggles Because of Him.,hamaresh aadukalammurugadoss prarthanasandeep saishriprabhakaran akshayahariharan,vaalimohandas,
979801,Veeran,2023-06-02,2023,ta,"[14, 53, 18]",1.3351,5.9,12,"Kumaran has had a troubled childhood after getting hit by lightning, comes back to his village to fight evil elements and provide hope through indigenous deities.",hiphoptamizhaadhi sassiselvaraj athiraraj munishkanth kaalivenkat,arksaravanan,indian superhero veeran
1007074,Jigarthanda DoubleX,2023-11-10,2023,ta,"[28, 18, 35]",1.3504,7.6,54,A notorious gangster is incited to transform into a film hero and opts for a filmmaker and their project descends into a scenario they had never anticipated.,raghavalawrence s.j.suryah naveenchandra nimishasajayan ilavarasu,karthiksubbaraj,attachment to nature gangster filmmaking aspiring actor tribal people aspiring artist caste politics baby elephant aspiring director film within a film elephant rescue caste violence nature and people police violence
1208217,Joe,2023-11-24,2023,ta,"[10749, 18]",1.2662,5.9,8,"Joe, who is reeling from a heartbreak by his college sweetheart Suchitra, reluctantly marries Shruthi , who isn't ready to accept him as her husband because of the ghosts from her own past.",rioraj malavikamanoj bhavyatrikha charle anbuthasan,hariharanrams,
786345,Viduthalai: Part I,2023-03-30,2023,ta,"[28, 53, 18]",1.0022,7.9,49,"Kumaresan, a police constable, gets recruited for an operation implanted to capture Perumal Vaathiyar, who leads a separatist group dedicated to fighting against the authorities for committing atrocities against innocent village women in the name of police interrogations.",soori bhavanisre chetan gauthamvasudevmenon rajivmenon,vetrimaaran,
984992,Regina,2023-06-23,2023,ta,"[53, 80]",0.9002,9.0,1,A simple and naive housewife who is traumatized after losing her husband in a bank robbery embarks on a voyage of vengeance. Will she achieve her target alone and uncover the people behind masks?,sunaina ananthnag nivasadithan boxerdheena vivekprasanna,domind'silva,
1115239,Por Thozhil,2023-06-09,2023,ta,"[80, 53, 28]",1.1702,7.1,42,"Loganathan, a senior cop is asked to mentor Prakash, an academically bright but faint-hearted rookie and this unlikely duo team up to investigate a series of murder cases, and realize all of them are interlinked and that a psychopath serial killer is on the run.",ashokselvan r.sarathkumar sarathbabu nikhilavimal p.l.thenappan,vigneshraja,
587471,Tamilarasan,2023-04-21,2023,ta,"[28, 18]",0.9934,3.1,7,"Frustrated with a greedy hospital, an honest cop takes its heart surgeon hostage to save his son. Can he succeed, especially with his corrupt superior Rana Pratap Singh already has a bone to pick with him, trying to put him down?",vijayantony remyanambeesan sureshgopi pranavmohanraja sonusood,babuyogeswaran,
988275,Kidugu,2023-03-03,2023,ta,[],0.6543,0.0,0,"It's the story of dravidam and sanghingal tamilnadu people,who had been idiots for 75 years. Let's see who's going to win this war",kalloorivinoth birlabose kombanenba manimaran vadivelmagesh,veeramurugan,
1201126,Conjuring Kannappan,2023-12-08,2023,ta,"[35, 27]",1.0124,6.2,5,"A man begins to have nightmares where he experiences things in sleep have an effect on him in real life, too. But as his derangement spreads across his family and friends, they decide to go to the root of the cause.",sathish reginacassandra saranyaponvannan vtvganesh redinkingsley,selvinrajxavier,
904557,Thunivu,2023-01-10,2023,ta,"[28, 80, 53, 35]",0.9996,5.8,43,"A gang goes to rob a bank only to find that there's already a criminal mastermind holding it for ransom, but his identities and motives behind the heist remains mysterious. As they plan to collect the bounty and disappear without a trace, their crimes and their past slowly catches up with them.",ajithkumar manjuwarrier samuthirakani johnkokken veerabahu,h.vinoth,
1143279,Thandatti,2023-06-23,2023,ta,"[18, 35]",0.8719,7.0,2,"A constable, takes up a case that requires him to find a pair of gold earrings that belonged to a dead woman.",pasupathy rohini ammuabhirami vivekprasanna deepashankar,ramsangaiah,
1021792,Thugs,2023-02-24,2023,ta,"[28, 53, 80, 10749]",0.8427,3.0,1,"Sethu, along with his prison inmates, plots a plan to escape from the district jail of Nagercoil. Can these remand prisoners carry out their plan despite all the odds they face every day?",hridhuharoon r.k.suresh bobbysimha anaswararajan munishkanth,brindagopal,remake runaway couple
1174777,Parking,2023-12-01,2023,ta,"[18, 53]",0.9483,7.6,20,"An elderly man and a youngster, fight over a much-coveted parking spot, let their egos get the better of them and the clash brings out their ugliest sides.",m.s.bhaskar harishkalyan indhujaravichandran rama prathananathan,ramkumarbalakrishnan,parking lot new neighbor ego parking human interest male egos
1115253,Chithha,2023-09-28,2023,ta,"[18, 53, 9648]",0.9784,7.6,34,"Easwaran, a young government employee gets the shock of his life when his niece Sundari goes missing. After initially wrongly accused of kidnapping her, he eventually comes to know that a child abuser has kidnapped her and he makes it his mission to rescue Sundari.",siddharth sahasrasree s.abiyatasneem nimishasajayan anjalianeeshupasana,s.u.arunkumar,pedophilia child abuse rape sexual abuse sexual murder pedophile missing child child sexual abuse child rape
1111580,Annapoorani,2023-11-30,2023,ta,"[35, 18]",1.0317,5.4,13,A young girl from a conservative family aspires to become the best cook in India.,nayanthara jaisampath sathyaraj karthikkumar poornimaravi,nileshkrishnaa,cooking competition
1090518,Karungaapiyam,2023-05-19,2023,ta,"[27, 9648, 53]",0.9466,4.5,4,"Set during the lockdown,  Umayal Karthika deciding to spend time at a 100-year-old unkempt library in a bid to divert and heal from a heartbreak. From the sea of books, she picks up Karungaapiyam and with her reading different chapters, and her imagination about the stories comes to life.",kajalaggarwal reginacassandra jananiiyer raizawilson aadhavkannadasan,deekay,
987895,Maaveeran,2023-07-14,2023,ta,"[18, 28, 35, 14]",0.7397,6.9,43,"After a head injury, cowardly newspaper cartoonist Sathya hears a voice in his mind, foretells events and puts him in precarious situations and forces him to take on a corrupt politician.",sivakarthikeyan aditishankar saritha mysskin sunilvarma,madonneashwin,corruption slum politician poverty political corruption cartoonist hearing voices guided by voices supernatural ability
657731,Takkar,2023-06-09,2023,ta,"[28, 10749]",0.7097,4.8,9,"Gunz, a youngster has the urge to mint money stumble upon a filthy rich girl Lucky, who believes Money is the cause of all distress in life. How does their life transform together despite all the problems that arise in the form of money, abuse, and power?",siddharth divyanshakaushik abhimanyusingh yogibabu munishkanth,karthikg.krish,
1118801,Adiyae!,2023-08-25,2023,ta,"[878, 10749, 35]",0.5875,5.4,5,"Jeeva, a grieving youngster, who is on the verge of taking his life, finds new hope when he listens to his school-time crush Senthazhini’s song on TV. But Post a fatal accident, things take a turn for the worse when he accidentally enters an alternate reality.",g.v.prakashkumar gourigkishan venkatprabhu madumkesh mirchivijay,vigneshkarthick,parallel universe
922087,Mark Antony,2023-09-15,2023,ta,"[878, 28, 35]",0.7905,6.0,30,"Set in 1995, Mark, a skilled mechanic and the son of a former gangster, stumbles upon a phone that has the ability to connect with the past, tries to save his estranged mother from a grim fate. While facing his own family's legacy, Mark must navigate through dangerous consequences of altering the past, as it causes unforeseen repercussions in the present.",vishalkrishna s.j.suryah sunilvarma selvaraghavan rituvarma,adhikravichandran,time travel cell phone retro cinema
880555,Kasethan Kadavulada,2023-05-27,2023,ta,"[35, 18]",0.8099,3.7,3,Ramu schemes a devious plan when an affluent & dominating stepmother refuses him financial aid. Does he succeed in his plot to loot her high-security vault along with his cousin & friend?,shiva karunakaran priyaanand yogibabu urvashi,r.kannan,
882401,Bagheera,2023-03-03,2023,ta,"[18, 53]",0.8111,5.2,4,"A psychopath, who claims to be a saviour for men, murders women who are involved in more than one relationship. Who is he, and what made him such a monster?",prabhudeva amyradastur remyanambeesan sanchitashetty jananiiyer,adhikravichandran,psycho killer misogynist
1122410,Theerkadarishi,2023-05-05,2023,ta,"[53, 80]",1.0126,6.0,1,A stranger keeps calling the police control room to hint about various crimes and accidents that are about to occur in the near future. Can the police department stop an accident based on his information and also find out who their mysterious informer actually is?,ajmalameer sathyaraj dusshyanthramkumar v.g.jaiwanth sriman,l.r.sundarapandi,
980044,"August 16, 1947",2023-04-07,2023,ta,"[28, 18]",0.7631,5.0,5,"An atrocious British general is in charge of a secluded fictional village in pre-Independence Madras.  Spanning in three days, from 14 August to 16 August 1947 and follows the illiterate and oppressed villagers’ lives as they fail to receive the news of India’s Independence due to isolation. A local lout, Param, leads a revolt to free them all.",gauthamramkarthik revathysharma pugazh tsr richardashton,ns.ponkumar,
906223,Maamannan,2023-06-29,2023,ta,"[18, 53]",1.0042,6.0,28,"An MLA and his son, who are from oppressed community, are forced to stand up against the privileged, arrogant scion of a late politician, who is determined to make them bow down to him.",vadivelu udhayanidhistalin fahadhfaasil keerthysuresh sunil,mariselvaraj,caste discrimination dravidian politics
1084871,Vasantha Mullai,2023-02-10,2023,ta,"[53, 9648]",0.6387,5.7,3,"Rudhra, who works tirelessly for a successful career and money, and suffering from blackout disorders, goes on a romantic journey to a hill station with his girlfriend Nita, trying to spend some quality time . On the way, he stays at the Vasantha Mullai Motel. The events that unfold in a single night drive Rudhra insane and take him on a roller coaster ride.",bobbysimha kashmirapardesi arya sarathbabu ramaprabha,ramananpurushothama,psychological stress psychological thriller suspense
967726,The Road,2023-10-06,2023,ta,"[53, 18]",0.6642,5.0,4,A woman who loses her loved ones in a road accident realises that it was orchestrated and decides to track down the person responsible for the tragedy.,trishakrishnan shabeerkallarakkal miyageorge santhoshprathap vivekprasanna,arunvaseegaran,
987580,Chandramukhi 2,2023-09-28,2023,ta,"[35, 27, 18]",1.1545,3.2,6,"A wealthy family moves into the Vettaiyapuram palace to renovate their ancestral temple and perform a pooja, unaware of that it will reawaken the feud between a classical dancer, Chandramukhi and Vettaiyan Raja from centuries ago.",kanganaranaut raghavalawrence vadivelu lakshmimenon mahimanambiar,p.vasu,
990787,Iraivan,2023-09-28,2023,ta,"[28, 53]",0.629,5.2,14,"Arjun, a tough cop along with his friend Andrew embark on a mission to track down a truly gruesome psychopathic killer called Bhramma a.k.a The Smiley Man. They eventually manage to apprehend Bhramma at the cost of losing Andrew makes Arjun resign from the police force. However, tragedy hits home when Bhramma escapes from prison and resumes his killing spree.",ravimohan nayanthara rahulbose narain ashishvidhyarthi,i.mueenuddinahmed,serial killer brutal violence
1237664,Thalaikkavasamum 4 Nanbargalum,2023-04-07,2023,ta,"[53, 35]",0.4748,0.0,0,"Four friends are orphaned in a dump in Chennai as children. They take shelter, grow up and look for a job. The money they earn funds the children's education and the elderly's medical expenses. Can they do more?",ananthnag swethadorathy renukabathula o.a.k.sundar k.s.g.venkatesh,v.m.rathnavel,
1219158,Lover,2024-02-07,2024,ta,"[10749, 18]",5.4013,7.3,14,"An alcoholic designer struggles to save his six-year relationship while facing personal challenges and misunderstandings. As their bond is tested, he begins to confront his past and question whether love alone is enough to hold them together.",manikandan srigouripriyareddy kannaravi harinisundararajan harishkumar,prabhuramvyas,relationship problems childhood trauma misunderstanding toxic relationship abusive relationship romantic drama controlling
927342,Amaran,2024-10-31,2024,ta,"[28, 18, 12, 10752]",5.0019,7.4,251,"A heroic true story of Major Mukund Varadarajan, an Indian Army officer who displayed extraordinary bravery during a counterterrorism mission in Kashmir’s Shopian district. The film captures his courage in protecting his nation and the devotion of his wife Indhu Rebecaa Varghese.",sivakarthikeyan saipallavi rahulbose bhuvanarora lalluprasath,rajkumarperiasamy,based on novel or book affectation based on true story martyr indian army counterterrorism loving 2010s indian history admiring hopeful based on real person ashoka chakra indian military
1118224,Maharaja,2024-06-14,2024,ta,"[28, 53, 9648]",3.1525,7.632,204,"A barber seeks vengeance after his home is burglarized, cryptically telling police his ""Lakshmi"" has been taken, leaving them uncertain if it's a person or object, jeer at his request until they learn what they're really looking for.",vijaysethupathi anuragkashyap sachananamidass natarajansubramaniam abhirami,nithilansaminathan,non linear cheerful exhilarated powerful
1136423,Meiyazhagan,2024-09-27,2024,ta,"[10751, 18]",2.5603,8.0,43,"Twenty-two years after losing his home, Arulmozhi Varman returns to his native Thanjavur to attend his cousin's wedding. Amidst the celebrations, Arul is reintroduced to an upbeat man whom he cannot recall. With the help of the unknown man, Arul reconnects with his past.",arvindswamy karthi rajkiran jayaprakash sridivya,c.premkumar,family admiring
652784,Joshua Imai Pol Kaakha,2024-03-01,2024,ta,"[28, 80, 53]",1.3096,3.8,5,A contract killer seeking a different profession is assigned to protect a high-profile speaker.,varunkamal raahei krishnakulasekaran dhivyadharshini mansooralikhan,gauthamvasudevmenon,bodyguard
1129608,The Greatest of All Time,2024-09-05,2024,ta,"[28, 18, 53]",1.568,4.7,40,"A once decorated member of the Special Anti-Terrorism Squad (SATS) is called back into action by his former colleagues for an important mission, setting him on a dangerous collision course with his own past.",vijay prashanth prabhudeva mohan ajmalameer,venkatprabhu,covert agency dual role estranged son science fiction
622792,Kanguva,2024-11-14,2024,ta,"[28, 53, 14]",1.4818,3.6,27,"A bounty hunter in present day, learns about his previous life as a legendary warrior, when fate unites him with a mutant kid.",suriya karthi bobbydeol dishapatani yogibabu,siva,vikings (norsemen) tribal disapproving empathetic primal
1136418,Raayan,2024-07-26,2024,ta,"[28, 18, 53]",1.2643,6.1,34,"Raayan, a simpleton patriarch has to protect his family when they inadvertently get muddled in a violent world with whirlpool of murder, debauchery, feud, politics and power, a quagmire that he has repeatedly warned them not to get pulled into.",dhanush dusharavijayan sundeepkishan kalidasjayaram s.j.suryah,dhanush,north chennai
1097000,Lubber Pandhu,2024-09-20,2024,ta,"[10751, 18, 35]",1.2875,7.6,14,Middle aged local cricketer Poomalai finds a new rival in the form of a younger sports person named Anbu. Their rivalry in cricket gets complicated when Anbu falls in love with Poomalai's daughter Durga.,vrdinesh harishkalyan sanjanakrishnamoorthy swasika kaalivenkat,tamizharasanpachamuthu,sports politics
755388,Ayalaan,2024-01-12,2024,ta,"[878, 28, 12]",1.1541,5.8,15,"A lost alien seeks help from four friends to get back to his home planet, while a group of hostile scientists tries to capture it.",sivakarthikeyan siddharth venkateshsenguttuvan sharadkelkar rakulpreetsingh,r.ravikumar,alien
1093966,Vettaiyan,2024-10-10,2024,ta,"[28, 80, 18]",1.3619,6.3,36,A sought-after Supercop gets caught in a series of unexpected events when he encounters a suspect who is accused of being involved in a murder case.,rajinikanth amitabhbachchan fahadhfaasil ranadaggubati manjuwarrier,t.j.gnanavel,encounter specialist
1020354,Viduthalai: Part II,2024-12-20,2024,ta,"[28, 53, 18]",1.107,7.1,19,"Troubles worsen for Kumaresan after the capture of Perumal, and soon he is confronted with having to make a choice between performing his duties as a police constable, or taking a stand for what is right.",vijaysethupathi soori manjuwarrier kishore bhavanisre,vetrimaaran,sequel police manhunt outlaw leader victims of violence
1321821,Pechi,2024-08-02,2024,ta,[27],1.4436,9.0,2,"Five young trekkers and their tour guide embark on a weekend adventure in the Kollimalai hills. Despite warnings, they venture into a restricted area, unknowingly entering the domain of a malevolent spirit, which is hell bent on wreaking havoc in their lives. Did they survive the relentless onslaught and harrowing encounter with the supernatural force in the haunted woods?",gayathrieshankar balasaravanan preethinedumaran devramnath seeniyammal,ramachandranb,
552398,Indian 2: Zero Tolerance,2024-07-12,2024,ta,"[18, 28, 53]",0.9264,3.2,26,"As corruption becomes rampant in the country, a group of idealistic youngsters attract attention of freedom fighter-turned-vigilante Senapathy through social media, who returns to his homeland to finish what he started.",kamalhaasan siddharth priyabhavanishankar jagan rishikanth,shankar,corruption freedom fighter sequel vigilante political corruption
962074,Captain Miller,2024-01-11,2024,ta,"[28, 10752]",1.0133,6.8,78,"In the 1930s, during the British Raj, Analeesan ""Eesa"", a former soldier of the British Indian Army called Captain Miller, is on a mission to protect the people from the British after witnessing an atrocity.",dhanush priyankaarulmohan nivedhithaasathish elangokumaravel shivarajkumar,arunmatheswaran,based on true story 1980s activism period film
1171532,Rathnam,2024-04-26,2024,ta,"[28, 10749]",1.2074,5.3,11,"Rathnam, a henchmen working for MLA Panneer Selvam in Vellore, protects Malliga, a medical student who bears a resemblance to Rathnam's late mother, from the relentless pursuit of land grabbers Rayudu brothers and becomes her guardian angel.",vishalkrishna priyabhavanishankar samuthirakani muralisharma hareeshperadi,hari,vigilante justice
1323267,Sorgavaasal,2024-11-29,2024,ta,"[28, 80, 53, 18]",0.8086,6.8,6,A common man imprisoned in a corrupt system questions whether jails truly rehabilitate or push individuals deeper into crime's abyss.,rjbalaji selvaraghavan natarajansubramaniam karunas saniyaiyyappan,sidharthviswanath,based on true story prison riot prison fight prison life innocent in jail prison gang
1340332,Black,2024-10-11,2024,ta,"[9648, 53, 27]",1.0093,7.0,15,"Vasanth and Aaranya, a couple move into a serene row house, eager for peace and privacy, but a violent storm leaves them trapped inside, unsettling supernatural disturbances threaten to unravel their marriage. Vasanth must uncover the truth behind these supernatural occurrences before everything falls apart.",jiiva priyabhavanishankar vivekprasanna shahra swayamsiddha,balasubramanikg,remake one night
910784,Thangalaan,2024-08-15,2024,ta,"[12, 28, 14, 36]",1.1283,6.9,19,"During the British rule, Thangalaan, a fierce tribal leader, and his tribe assist Lord Clement, a British General, to trace gold in their village. While searching for the gold, the villagers earn the wrath of Aarathi, an apparent sorceress, who Thangalaan sets out to stop with all his might.",vikram parvathythiruvothu malavikamohanan danielcaltagirone pasupathy,pa.ranjith,oppression tribal people british oppression
1202268,Quotation Gang Part 1,2024-09-13,2024,ta,"[80, 9648, 28, 53]",1.0087,0.0,0,"In the forests of Mumbai, Mustafa leads a ruthless contract killing gang with strict principles. His wife Padma is calm and silent, while Shakunthala, a brave gang member, saves a teenager named Iraa from drug peddlers. Shakunthala’s adopted sister Seerat returns from Kashmir with her lover Rubina after avenging a molestation. As Mustafa’s gang members are mysteriously killed, he invites all contract killers for a feast, leading to a bloody attack. The story unfolds with a shocking twist revealing the mastermind behind the gang attack, inspired by true events.",jackieshroff priyamani sunnyleone saraarjun ashrafmallisery,vivekkumarkannan,
1265508,Pon Ondru Kanden,2024-04-14,2024,ta,"[10749, 35]",0.7844,5.0,4,"Rival school friends Siva and Sai reunite after years, bury rivalry but compete for Sandy's affection, an unexpected twist complicates their rekindled friendship and romantic pursuits.",ashokselvan aishwaryalekshmi vasanthravi amruthasrinivasan sachu,v.priya,love triangle
1008633,Brother,2024-10-30,2024,ta,"[18, 10751, 35]",1.0211,6.5,2,"Karthik, an unwavering idealist, goes on a journey to restore harmony in the fractured family and prove himself, when his pursuit of justice inadvertently clashes with family loyalty.",ravimohan priyankaarulmohan bhumikachawla natarajansubramaniam raoramesh,m.rajesh,
1051379,Thookudurai,2024-01-25,2024,ta,"[35, 18]",0.7042,5.5,2,"In the 18th Century, Tributary Monarch Nirpathunga Varman's diadem became the centerpiece of an annual carnival. In 1996, a forbidden love affair leads to tragedy, revenge, and a cursed spirit. Two decades later, a stolen diadem resurfaces, triggering the return of a vengeful spirit.",yogibabu iniya rajendran maheshsubramaniam balasaravanan,dennismanjunath,
1140905,Aranmanai 4,2024-04-11,2024,ta,"[27, 35]",0.9478,4.4,8,"After his sister's suspicious death, a man decides to discover the hidden truth, setting off a chasm for chaos and terror.",sundarc tamannaahbhatia raashiikhanna yogibabu kovaisarala,sundarc,
1051426,Vaazhai,2024-08-23,2024,ta,[18],0.8817,7.4,14,"A twelve-year-old bright schoolboy, Sivanandhan, his mother, sister, and with his friend Sekhar works during his school holidays carrying banana stalks, a task he dreads. As he navigates life's challenges, poverty, friendship, and the challenges of growing up, Sivanandhan’s determination is tested by the harsh realities of life.",ponvel rahulr. dhivyadhuraisamy janakijayaraman kalaiyarasan,mariselvaraj,plantation disgruntled worker
1298116,Hit List,2024-05-31,2024,ta,"[80, 18, 53]",0.7779,5.0,1,"Vijay, a typical middle-class guy, finds his life ruined when a masked man kidnaps his family and forces him to become an unwilling assassin, targeting the masked man’s rivals in a twisted game of karmic retribution.",vijaykanishka r.sarathkumar samuthirakani sithara gauthamvasudevmenon,sooryakathirkaakkallar,
1115680,Vadakkupatti Ramasamy,2024-02-02,2024,ta,"[35, 18, 14, 878]",1.1092,6.2,4,"Ramasamy profits from the superstitions of people in his village by exploiting their beliefs in regards to the village temple. However, his life takes an unexpected turn when the temple, his primary source of income, is temporarily closed.",santhanam meghaakash tamizh rajendran johnvijay,karthikyogi,superstition 1970s con man based on true story 1960s
979250,Demonte Colony 2,2024-08-15,2024,ta,"[27, 53]",0.8919,6.7,21,"Debbie attempts to contact the spirit of her deceased husband Sam, she inadvertently contacts Srinivasan, who had just died. This contact saves his life but leaves him in a coma for years. Later, Debbie unravels mystery about Lord Demonte sacrificing people and enslaves their spirits. Can Debbie break this cycle and help Srinivasan to wake up from his coma?",arulnithi priyabhavanishankar tseringdorjeebawa anttijääskeläinen c.arunpandian,r.ajaygnanamuthu,sequel buddhist amulets astral projection
1098332,The Adamant Girl,2024-08-23,2024,ta,[18],0.8238,7.6,16,"A family decides to visit their clan God to cure their daughter, thought to be possessed because she is in love with a man from a different caste. The journey, accompanied by her betrothed, unveils tensions between tradition and personal freedom, exposing her silent rebellion.",annaben soori jawaharsakthi poobalampragatheeswaran saiabinaya,p.s.vinothraj,superstition hopeless candid casteism rural india experimental cinema live soundtrack
980517,J.Baby,2024-03-08,2024,ta,[18],0.7297,0.0,0,"Volatile mother leaves family without notice. Sons embark on journey to find her, bringing family drama to light.",urvashi vrdinesh lollusabhamaaran kavithabharathi jayamurthy,sureshmari,
1019232,Siren,2024-02-16,2024,ta,"[53, 80, 28]",0.8554,6.2,7,"After being in jail for 14 years, Thilagavarman gets out of prison on parole. A cat-and-mouse chase unfolds as Nandhini, a tainted police officer zeroes in on him as suspect in a spate of murders",ravimohan keerthysuresh samuthirakani anupamaparameswaran yogibabu,anthonybhagyaraj,false imprisonment revenge thriller unjust conviction
1073264,PT Sir,2024-05-24,2024,ta,"[35, 18]",0.8453,8.1,9,"The film follows a Physical Training teacher who inspires his students to realize their potential and pursue their aspirations. As he navigates various challenges within the school environment, his mentorship plays a crucial role in their journey of self-discovery and personal growth.",hiphoptamizhaadhi kashmirapardesi anikhasurendran pandiarajan munishkanth,karthikvenugopalan,sports
1276338,Star,2024-05-10,2024,ta,"[18, 10749]",0.9031,7.3,83,"Follows a youngster Kalai and his aspirations of becoming a 'Star' in the Tamil Film Industry. Born in a lower-middle-class family, will Kalai overcome all his struggles to emerge as a Star?",kavinraj lal aaditipohankar preitymukhundhan geethakailasam,elan,actor hurdles chasing dreams romantic drama
1341521,Virundhu,2024-08-31,2024,ta,[28],0.5701,2.0,1,"Famous businessman John Kalathil dies by suicide. 6 months later, his wife Elizabeth meets a tragic accident. On her deathbed, she tasks auto driver Hemand to pass a secret to Comrade Balettan.",arjunsarja gireeshneyyar nikkigalrani baijusanthosh ajuvarghese,kannanthamarakkulam,
1079147,Curry Mee,2024-02-15,2024,ta,"[35, 18, 10751, 10402, 10749]",0.5269,0.0,0,"Two rival gangs, one lead by Taiko Raja(S.Gana) and another lead  by Ah Meng (Echo Quah),  are always at odds with each other. One day, an incident occurs in the village where Sulaiman (Ropie) is the respected leader of the local community. Sulaiman finds out about it and brings Raja and Ah Meng together. There on, they become good friends until there is a conflict due to developers, land issues, and the tricks of their gang members. Sulaiman proposes a non violent solution to Raja and Ah Meng, this is when hilarity ensues.",s.gana echoquah ropiececupak naziraibrahim evontay,kashvillanz,
1186312,Garudan,2024-05-31,2024,ta,"[28, 80, 53]",0.9979,7.0,17,"Set in Theni, a minister’s greed to seize temple land sets in motion a chain of events that pits two childhood friends, Aadhi and Karuna against each other, Chokkan, who is their trusted confidant whose loyalty is tested in the tale of betrayal and retribution.",soori unnimukundan m.sasikumar revathysharma sshivadanair,r.s.duraisenthilkumar,
1044552,Lal Salaam,2024-02-09,2024,ta,"[18, 28]",0.7108,2.5,2,"When a cricket game between two brothers goes wrong, a group of Indian villages are torn apart in the process. With tensions exacerbated by a scheming politician, the two brothers and their father must reconcile their differences to revitalize the locals’ Hindu and Muslim unity.",vishnuvishal vikranth rajinikanth jeevitha nirosha,aishwaryarajinikanth,
1054770,Boomer Uncle,2024-03-29,2024,ta,"[27, 35]",0.7139,0.0,0,"Nesam and his soon-to-be ex-wife, a foreigner named Amy, head to his neglected ancestral castle to fulfill a divorce agreement. Amy has a hidden agenda involving Nesam’s father’s scientific secrets. Meanwhile, Nesam’s old lackeys, Dawood, Bala and Thangadurai also converge on the mansion with their own plans. When a hologram of Oviya enters the picture, and Amy unleashes a “Franken-Hulk” monster with Robo Shankar’s head, the film abandons all attempts at coherence.",oviyahelen yogibabu roboshankar m.s.bhaskar seshu,m.s.swadees,
942386,The Smile Man,2024-12-27,2024,ta,"[80, 9648, 53, 18]",0.768,0.0,0,A police officer who is diagnosed with Alzheimer's disease must solve one last case before he loses all his memories. He must run against time to catch the notorious serial killer who he believes has a mysterious role in his own personal life.,r.sarathkumar sijarose iniya srikumar georgemariyan,syammuralim,serial killer
1259902,Yaavarum Vallavare,2024-03-15,2024,ta,"[18, 53]",0.7236,0.0,0,"Follows the events that take place in around 12 hours, from 6 pm to 6 am, in the lives of handful of people and propagates the idea that when a predicament arises, we need not await the arrival of a sole savior. Instead, common people who rise to the occasion are heroes by themselves.",samuthirakani arundhathinair riythvika yogibabu rameshthilak,n.a.rajendrachakravarthy,
1561955,Stephen,2025-12-05,2025,ta,"[53, 9648]",5.5907,6.7,18,"A psychiatrist evaluating a self-confessed serial killer unravels a twisted web of trauma, deceit, and psychological manipulation—only to question if the killer is truly guilty or just another victim in a larger, darker game.",gomathishankar smruthivenkat michaelthangadurai vijayashree kuberan,mithun,
1321108,Dude,2025-10-17,2025,ta,"[28, 35, 18, 10749]",3.2915,5.8,33,"Childhood friends Agan and Kural are inseparable. When Kural encounters romantic troubles, Agan must balance his hidden feelings for her with his desire to ensure her happiness.",pradeepranganathan mamithabaiju r.sarathkumar hridhuharoon nehashetty,keerthiswaran,
1291321,Sweetheart!,2025-03-14,2025,ta,"[10749, 35, 18]",2.6304,4.6,9,"Vasu, a gifted animator with a troubled past, is forced to face his commitment issues when his partner Manu reveals her pregnancy.",rioraj gopikaramesh renjipanicker arunachaleshwaran redinkingsley,swineethssukumar,strained relationship premarital sex unexpected pregnancy toxic love sweetheart!
1153399,Coolie,2025-08-13,2025,ta,"[28, 53, 80]",3.2304,6.292,77,"Deva, once living a quiet life, is shaken when his close friend dies under suspicious circumstances. Determined to uncover the truth, he infiltrates a powerful gang operating in the shadows. As he investigates, Deva becomes entangled in a dangerous web of crime, betrayal, and secrets from his own past, forcing him to confront powerful enemies while protecting the ones he loves.",rajinikanth nagarjunaakkineni soubinshahir upendra shrutihaasan,lokeshkanagaraj,criminal underworld hidden past
1062715,Sabdham,2025-02-28,2025,ta,"[53, 27]",2.9472,5.2,6,A paranormal investigator is employed by a university to investigate a series of mysterious deaths some are attributing to supernatural causes.,aadhipinisetty lakshmimenon redinkingsley simran rajivmenon,arivazhaganvenkatachalam,religion and supernatural paranormal investigation supernatural horror mysterious disappearance
1265827,Retro,2025-04-30,2025,ta,"[10749, 28, 18, 80]",2.7408,6.4,35,"Raised by a criminal father, Paarivel Kannan leaves behind his adoptive family to build a quiet life with his love, Rukmini. But his violent past won't let him go.",suriya poojahegde jojugeorge jayaram vidhu,karthiksubbaraj,gangster chosen one revenge angry aggressive 1990s violent lover saviour
1273049,Dragon,2025-02-21,2025,ta,"[10749, 35, 18]",2.0186,7.6,35,"Raghavan transforms from a school topper into a “bad boy” to score girls in college, but ends up a heartbroken dropout. He then cons his way into a successful finance career, but the lies keep building and maintaining the facade proves tricky.",pradeepranganathan anupamaparameswaran kayadulohar mysskin gauthamvasudevmenon,ashwathmarimuthu,madcap comedy college life relationships
1045021,Thug Life,2025-06-04,2025,ta,"[28, 80, 18]",2.5432,5.1,25,"In a world ruled by crime and betrayal, mafia kingpin Sakthivel and his brother Manikkam rescue a young boy, Amaran, during a violent police shootout and raise him as their own. Years later, when an assassination attempt shakes Sakthivel's empire, suspicion turns inward. Consumed by vengeance, Sakthivel sets out to destroy the very family he once built.",kamalhaasan silambarasan trishakrishnan ashokselvan abhirami,maniratnam,gangster father son conflict waiting for revenge backstabbing action modern samurai
1259024,Good Bad Ugly,2025-04-09,2025,ta,"[28, 80, 35]",2.3536,5.8,28,"AK, a powerful gangster, surrenders to the police, in hopes that his wife and son will live a peaceful life. When he is released 17 years later, he learns that his son is falsely accused of serious crimes. To protect him, he is forced to go back to his old ways, facing enemies, both old and new.",ajithkumar trishakrishnan arjundas sunilvarma prabhu,adhikravichandran,gangster pop culture breaking the fourth wall action comedy hidden past
1222049,Nilavuku En Mel Ennadi Kobam,2025-02-21,2025,ta,"[10749, 35, 18]",2.1576,6.4,8,"Prabhu, a young chef, is ready to move forward with an arranged marriage when his past love, Nila, unexpectedly reenters his life, challenging his plans and emotions.",pavishnarayanan anikhasurendran priyaprakashvarrier mathewthomas venkateshmenon,dhanush,ex-lover gen z
949716,Vidaamuyarchi,2025-02-06,2025,ta,"[28, 18, 9648, 53, 80]",2.1299,6.0,31,"While struggling with his broken marriage, Arjun is pulled into a desperate search for his wife, Kayal, when she goes missing during a road trip.",ajithkumar trishakrishnan arjunsarja reginacassandra aaravkizar,magizhthirumeni,remake failing marriage marital discord criminally insane road battle impending divorce search for wife unofficial remake vehicle breakdown
1257957,Bison Kaalamaadan,2025-10-17,2025,ta,"[18, 28]",2.0426,7.3,18,A young man fights to overcome violence plaguing his village and succeed as a professional kabaddi player.,dhruvvikram anupamaparameswaran rajishavijayan pasupathy ameer,mariselvaraj,sports biography kabbadi history indian sports
1403839,Bad Girl,2025-09-05,2025,ta,"[10749, 18]",1.5448,6.9,7,"From her journey through high school and college, then out into the wider world, Ramya’s dream of finding the perfect guy is obstructed by societal mores, strict parents, unrequited love and the untrammeled chaos of her own mind.",anjalisivaraman shantipriya hridhuharoon teejay sashankbommireddipalli,varshabharath,breaking free conservative family female autonomy free soul conservative society
1299039,Kiss,2025-09-19,2025,ta,"[10749, 35, 18, 14]",1.551,8.0,2,"A musician is gifted with the supernatural ability to see a couple's destiny whenever they kiss. But when he sees the grim fate of the woman he loves, he must use his powers to defy destiny itself.",kavinraj preethiasrani raoramesh devayani prabhu,sathishkrishnan,
1398359,Tourist Family,2025-04-30,2025,ta,"[35, 18, 10751]",1.7039,7.9,34,A quirky Sri Lankan family seeking a fresh start in India transforms a disconnected neighborhood into a vibrant community with their infectious love and kindness.,m.sasikumar simran mithunjaisankar kamaleshjegan yogibabu,abishanjeevinth,illegal immigration xenophobia protect humanity
1357713,Kudumbasthan,2025-01-24,2025,ta,"[10751, 18, 35]",1.4514,7.1,9,"Naveen's relationship with his parents becomes strained after he marries a oppressed-caste girl. Though they eventually reconcile, his sudden unemployment puts him in a difficult position. As financial pressures mount, Naveen must navigate societal challenges and personal struggles to regain stability and rebuild harmony within his middle-class family.",manikandan saanvemeghana gurusomasundaram sundarrajan niveditarajappan,rajeshwarkalisamy,loss of job runaway couple lower-middle-class loan due
1211999,Kadhalikka Neramillai,2025-01-14,2025,ta,"[10749, 18, 35]",1.5768,5.5,12,"Does the idea of a perfect life leading to love, marriage and babies exist? Shriya finds it a challenge, especially when she meets men like Siddarth who think marriage is a recipe for disaster, and babies should be banned. When times are changing and relationships are evolving, the idea of love remains timeless- the more you resist it the more you will fall in love.",ravimohan nithyamenen tjbhanu johnkokken lal,kiruthigaudhayanidhi,sperm bank single mother ivf treatment
985379,Diesel,2025-10-17,2025,ta,"[28, 10749, 18]",1.4786,4.0,4,"During the 1980s, Manoharan was a leader in the city's crude oil smuggling business. Manohar opposed Patanis dream of setting up a private port that would become a hub for the black market oil trade. He looted a large quantity of oil from the pipeline to blackmail the government into fulfilling his dream. Finally, the Vasu finds the missing oil.",harishkalyan vinayrai athulyaravi saikumar sachinkhedekar,shanmugammuthusamy,
1297181,Madharaasi,2025-09-04,2025,ta,"[28, 10749, 53]",1.8275,6.8,25,"A man with a psychological disorder overcomes trauma and confronts his nemesis in a fast-paced action film with romance and unique elements, exploring themes of resilience and redemption.",sivakarthikeyan rukminivasanth vidyutjammwal bijumenon vikranth,a.r.murugadoss,terrorist attack psychological disorder
1062033,Kaliyugam,2025-05-09,2025,ta,"[53, 878]",1.4123,6.0,1,"Set in the dystopian future,  2064 AD, the apocalyptic world is stripped of food, water, and humanity. In a ruthless fight for survival, the few remaining must navigate chaos, danger, and the depths of human desperation.",shraddhasrinath kishore iniyansubramani aaryalekshmi masterronith,pramodhsundar,post-apocalyptic future dystopian future
1329271,Oho Enthan Baby,2025-07-11,2025,ta,[10749],1.4097,5.0,5,"Ashwin goes to actor Vishnu Vishal’s office to pitch a script and ends up narrating his love story. What the actor thinks to be an interval is Ashwin’s climax, it actually is a stoic end to his romantic relationship with Meera. With Vishnu Vishal’s pursual, Ashwin must confront his former lover again, to complete his story and begin his debut directorial.",rudra vishnuvishal mithilapalkar anjukurian vaibhavitandle,krishnakumarramakumar,
1318308,Aaryan,2025-10-31,2025,ta,"[28, 53, 80]",1.2911,5.0,10,"A struggling writer announces he'll commit the perfect crime, sparking a tense pursuit as police try to prevent his methodically planned killing spree.",vishnuvishal shraddhasrinath selvaraghavan maanasachaudhary avinash,praveenk.,
1250508,Kaantha,2025-11-13,2025,ta,"[36, 80, 18]",1.2664,6.6,20,"Set in the backdrop of a film set, in the 1950’s in post colonial Madras, the film is centred around the professional rivalry between a film-maker trying to make his seminal film and the top reigning actor who the director once introduced. The rivalry spirals around the leading actress, a debutante and as the relationship between the three.",dulquersalmaan bhagyashriborse samuthirakani ravindravijay ranadaggubati,selvamaniselvaraj,fictionalized history
1309643,Eleven,2025-05-16,2025,ta,[53],1.6636,5.6,29,A series of murders targeting twins leads a detective down a dark path of revenge and childhood trauma.,naveenchandra abhirami shashank reyaahari dhileban,lokkeshajls,
1487142,Sirai,2025-12-25,2025,ta,"[18, 10749]",1.4361,6.5,6,"As he transfers a young convict from prison to court, a police officer learns about the chain of events that led to the young man's conviction for violence.",vikramprabhu lkakshaykumar anishmaanilkumar anandathambirajah remyasuresh,sureshrajakumari,police officer transfer
1031969,Kaadhal Enbadhu Podhu Udamai,2025-02-14,2025,ta,"[18, 10749, 10751]",1.3477,0.0,0,"A young woman's love for another woman shocks her parents, who struggle to accept same-sex relationships. As they move from rejection to denial and conditions to possible acceptance, the couple navigates the emotional fallout.",lijomoljose rohini vineethradhakrishnan kaleshramanand anushaprabhu,jayaprakashradhakrishnan,lesbian relationship lgbt lgbt parenting lesbian couple
1323880,Idli Kadai,2025-10-01,2025,ta,"[28, 18, 35]",1.2801,6.7,20,A simple man's search for success leads him to rediscover his roots.,dhanush rajkiran arunvijay nithyamenen sathyaraj,dhanush,
1433112,Love Marriage,2025-06-27,2025,ta,"[10749, 35, 10751]",1.3239,5.0,3,"Ram, a 33-year-old Bachelor From Madurai, Faces Mounting Pressure to Get Married. Amidst Cultural Expectations and Comic Misadventures, He Embarks on a Journey of Self-discovery, Questioning Tradition and Seeking His Own Path to Happiness",vikramprabhu sushmithabhat meenakshidinesh rameshthilak gajaraj,shanmugapriyan,
1551138,Right,2025-09-26,2025,ta,"[53, 18]",0.881,0.0,0,"A desperate father searching for his missing son finds himself trapped inside a police station when a mysterious entity seals the station building, forcing those within to confront their secrets as a deadly game.",natarajansubramaniam c.arunpandian aksharareddy yuvinaparthavi munnarramesh,subramanianrameshkumar,
1443002,Maadan Kodai Vizha,2025-03-14,2025,ta,[18],1.3001,0.0,0,"Determined to revive a long-forgotten tradition, Murugan embarks on a mission to organize the annual Sudalai Madan ceremony, which has been defunct for years. However, his efforts are met with fierce resistance from various quarters.  Adding to the challenge, Murugan's girlfriend lays down an ultimatum: she will only marry him if he succeeds in pulling off the ceremony. Against all odds, Murugan perseveres, rallying the village community to support his cause. Will he triumph in his quest, and how will he overcome the hurdles to successfully organize the ceremony?",gokulgowtham sharumiishaa dr.surianarayanan supergoodsubramani sripriya,r.thangapandi,
1426671,Bioscope,2025-01-03,2025,ta,"[35, 18]",0.7826,0.0,0,Villagers with no filmmaking experience embark on an extraordinary journey to create a movie.,sankagirirajkumar manickam vellayammal muththayi cheran,sankagirirajkumar,
1489510,Aaromaley,2025-11-07,2025,ta,"[35, 10749, 18]",0.9569,6.7,12,"Ajith, a romantic dreamer faces reality when forced to work at a matchmaking agency under Anjali,a pragmatic, grounded woman, devoid of dreamy illusions. Their conflicting ideologies become the foundation of a relationship that’s as charming as it is unfiltered.",kishendas harshathkhan shivathmika vtvganesh mvnamritha,sarangthiagu,
1132152,Ace,2025-05-23,2025,ta,"[80, 35, 28]",1.2761,5.0,8,"Kannan,  with a past comes to Malaysia to turn over a new leaf. But when he realises that the girl he loves needs money to get out of a difficult situation, he commits a robbery that makes him the target of a fearsome gangster and the girl’s stepfather, an immoral cop.",vijaysethupathi rukminivasanth yogibabu b.s.avinash bablooprithiveeraj,p.arumugakumar,
1112417,Test,2025-04-04,2025,ta,"[18, 53]",1.163,5.6,17,"The worlds of three ordinary people converge during a historic cricket match, ultimately forcing them to make life-altering decisions.",r.madhavan nayanthara siddharth meerajasmine kaalivenkat,s.sashikanth,cricket sports drama
1434580,Thalaivan Thalaivii,2025-07-23,2025,ta,"[10749, 35, 18]",1.2682,6.8,9,"Two headstrong lovers navigate a turbulent relationship where passion and conflict intertwine, creating an intense emotional bond through their shared journey.",vijaysethupathi nithyamenen chembanvinodjose roshiniharipriyan r.k.suresh,pandiraj,marital separation marital discord marital conflict
1421019,Devil's Double Next Level,2025-05-16,2025,ta,"[27, 35]",1.2677,6.6,6,"A well-known movie critic is invited by a strange person to watch a special horror film. But once the movie starts, he finds himself trapped inside it. The world keeps shifting timelines, endless day-to-night cycles, non-linear narration, and scary things from horror movies come to life. To escape, he must either stop reviewing movies forever or find a way to defeat the ghost that trapped him.",santhanam selvaraghavan geethikatiwary gauthamvasudevmenon rajendran,s.premanand,sequel demon film critic hilarious
1404000,Macai,2025-11-13,2025,ta,"[80, 53]",0.6814,0.0,0,"A drug dealer finds himself in hot water when the merchandise he’s carrying for a local kingpin is lost. Fearing his vicious boss’ retribution, he sets off to make amends, in a visceral, kinetic film that knowingly plays with genre conventions.",karnankanapathy kubenmahadevan irfanzaini fabianloo subashini,shanjheykumarperumal,drug dealer kingpin
1416501,DNA,2025-06-20,2025,ta,[18],1.1279,6.2,6,"A young woman with borderline personality disorder, fights a lonely battle when she believes her newborn baby was swapped with someone else’s minutes after her delivery. Her loving husband, who initially doubts, eventually believes and starts investigating with an experienced cop.",atharvaamurali nimishasajayan chetan mohammedzeeshanayyub maanasachaudhary,nelsonvenkatesan,
946040,Theeyavar Kulaigal Nadunga,2025-11-21,2025,ta,"[80, 53]",0.8074,0.0,0,An Investigative Police officer teams up with an autism school teacher to solve the mystery of a cruel murder happened in a school for autistic children.,arjunsarja aishwaryarajesh ramkumarganesan abhiramivenkatachalam pranksterrahul,dineshlakshmanan,
1559092,Will,2025-10-10,2025,ta,"[80, 53, 10751, 18]",1.0053,0.0,0,"Will, Amid a Ghost Employment Scam, a Determined Daughter Races to Prove Her Father’s Innocence, Only to Be Trapped in a Gripping Mystery After a Financier’s Sudden Death.",soniaagarwal vikranth alekhyaramnaidu padamvenukumar mohanraman,s.sivaraman,
